close,datetime,high,low,open,date,time,ema,day,position
26009.4,2025-10-29 09:15:00,26014.5,25968.35,25979.9,2025-10-29,09:15:00,26009.4,2,1
26020.15,2025-10-29 09:16:00,26022.05,26006.4,26011.9,2025-10-29,09:16:00,26010.42380952381,2,2
25994.05,2025-10-29 09:17:00,26019.5,25991.25,26019.05,2025-10-29,09:17:00,26008.86439909297,2,3
25985.3,2025-10-29 09:18:00,26002.15,25983.8,25992.75,2025-10-29,09:18:00,26006.620170607926,2,4
25979.75,2025-10-29 09:19:00,25986.3,25978.1,25983.5,2025-10-29,09:19:00,26004.061106740504,2,5
25986.45,2025-10-29 09:20:00,25987.9,25977.9,25980.55,2025-10-29,09:20:00,26002.383858479505,2,6
25973.15,2025-10-29 09:21:00,25987.8,25971.55,25985.8,2025-10-29,09:21:00,25999.599681481457,2,7
25977.6,2025-10-29 09:22:00,25979.8,25968.4,25972.35,2025-10-29,09:22:00,25997.504473721317,2,8
25976.35,2025-10-29 09:23:00,25979.9,25969.6,25977.8,2025-10-29,09:23:00,25995.489761938337,2,9
25988.55,2025-10-29 09:24:00,25992.5,25976.85,25977.65,2025-10-29,09:24:00,25994.828832229923,2,10
25991.15,2025-10-29 09:25:00,26000.05,25988.15,25990.3,2025-10-29,09:25:00,25994.478467255645,2,11
26002.95,2025-10-29 09:26:00,26003.55,25991.0,25991.7,2025-10-29,09:26:00,25995.285279897966,2,12
26009.7,2025-10-29 09:27:00,26011.05,26001.8,26001.8,2025-10-29,09:27:00,25996.658110383876,2,13
26014.55,2025-10-29 09:28:00,26016.85,26009.75,26009.75,2025-10-29,09:28:00,25998.362099871127,2,14
26010.0,2025-10-29 09:29:00,26014.15,26007.1,26012.35,2025-10-29,09:29:00,25999.47047131197,2,15
26016.55,2025-10-29 09:30:00,26017.35,26009.4,26010.75,2025-10-29,09:30:00,26001.097093091783,2,16
26022.45,2025-10-29 09:31:00,26024.8,26012.8,26017.5,2025-10-29,09:31:00,26003.130703273517,2,17
26010.45,2025-10-29 09:32:00,26022.0,26010.2,26022.0,2025-10-29,09:32:00,26003.82777915223,2,18
26004.25,2025-10-29 09:33:00,26010.5,25999.45,26010.5,2025-10-29,09:33:00,26003.86799066154,2,19
25996.35,2025-10-29 09:34:00,26005.8,25996.3,26004.25,2025-10-29,09:34:00,26003.151991550916,2,20
25980.8,2025-10-29 09:35:00,25996.9,25979.35,25996.9,2025-10-29,09:35:00,26001.023230450828,2,21
25974.15,2025-10-29 09:36:00,25983.0,25970.2,25982.9,2025-10-29,09:36:00,25998.463875169797,2,22
25973.95,2025-10-29 09:37:00,25980.35,25971.15,25974.55,2025-10-29,09:37:00,25996.129220391722,2,23
25970.4,2025-10-29 09:38:00,25977.65,25969.9,25973.9,2025-10-29,09:38:00,25993.678818449655,2,24
25965.2,2025-10-29 09:39:00,25971.25,25963.35,25970.0,2025-10-29,09:39:00,25990.966550025878,2,25
25967.15,2025-10-29 09:40:00,25974.0,25964.0,25965.7,2025-10-29,09:40:00,25988.69830716627,2,26
25963.2,2025-10-29 09:41:00,25969.9,25961.1,25967.2,2025-10-29,09:41:00,25986.26989695996,2,27
25963.35,2025-10-29 09:42:00,25969.85,25960.55,25962.75,2025-10-29,09:42:00,25984.08704963044,2,28
25972.0,2025-10-29 09:43:00,25974.3,25962.75,25964.3,2025-10-29,09:43:00,25982.93590204659,2,29
25972.3,2025-10-29 09:44:00,25975.25,25967.4,25972.3,2025-10-29,09:44:00,25981.92295899453,2,30
25987.25,2025-10-29 09:45:00,25987.5,25969.9,25970.55,2025-10-29,09:45:00,25982.43029623315,2,31
25989.95,2025-10-29 09:46:00,25990.45,25985.6,25986.65,2025-10-29,09:46:00,25983.14645849666,2,32
25985.05,2025-10-29 09:47:00,25995.5,25985.05,25991.55,2025-10-29,09:47:00,25983.327748163643,2,33
25969.8,2025-10-29 09:48:00,25985.7,25966.4,25985.0,2025-10-29,09:48:00,25982.039391195678,2,34
25968.15,2025-10-29 09:49:00,25972.95,25965.0,25969.5,2025-10-29,09:49:00,25980.716592034187,2,35
25972.35,2025-10-29 09:50:00,25972.5,25966.0,25968.15,2025-10-29,09:50:00,25979.919773745216,2,36
25987.15,2025-10-29 09:51:00,25988.75,25972.8,25972.9,2025-10-29,09:51:00,25980.608366721863,2,37
25984.95,2025-10-29 09:52:00,25986.95,25981.4,25986.95,2025-10-29,09:52:00,25981.021855605493,2,38
25981.45,2025-10-29 09:53:00,25984.5,25979.75,25984.15,2025-10-29,09:53:00,25981.062631262113,2,39
25988.2,2025-10-29 09:54:00,25988.2,25979.8,25980.9,2025-10-29,09:54:00,25981.74238066572,2,40
25990.7,2025-10-29 09:55:00,25990.75,25985.1,25988.4,2025-10-29,09:55:00,25982.595487268984,2,41
25993.9,2025-10-29 09:56:00,25995.3,25988.45,25991.1,2025-10-29,09:56:00,25983.672107529084,2,42
25982.55,2025-10-29 09:57:00,25995.6,25982.45,25993.9,2025-10-29,09:57:00,25983.565240145363,2,43
25983.45,2025-10-29 09:58:00,25988.35,25981.1,25982.3,2025-10-29,09:58:00,25983.55426489342,2,44
25983.7,2025-10-29 09:59:00,25985.7,25979.25,25981.85,2025-10-29,09:59:00,25983.56814442738,2,45
25998.65,2025-10-29 10:00:00,26000.4,25983.6,25983.6,2025-10-29,10:00:00,25985.00451162477,2,46
26001.55,2025-10-29 10:01:00,26002.35,25998.05,25998.9,2025-10-29,10:01:00,25986.580272422412,2,47
26002.75,2025-10-29 10:02:00,26002.75,25997.9,26000.0,2025-10-29,10:02:00,25988.12024647742,2,48
26003.55,2025-10-29 10:03:00,26004.95,25996.45,26003.3,2025-10-29,10:03:00,25989.589746812904,2,49
25995.55,2025-10-29 10:04:00,26003.35,25993.95,26003.35,2025-10-29,10:04:00,25990.15738997358,2,50
25992.5,2025-10-29 10:05:00,25996.9,25989.15,25996.0,2025-10-29,10:05:00,25990.380495690384,2,51
25991.3,2025-10-29 10:06:00,25993.75,25986.1,25993.1,2025-10-29,10:06:00,25990.468067529393,2,52
25991.0,2025-10-29 10:07:00,25993.6,25989.9,25991.1,2025-10-29,10:07:00,25990.518727764687,2,53
25994.85,2025-10-29 10:08:00,25995.65,25990.75,25992.15,2025-10-29,10:08:00,25990.93122988234,2,54
25998.65,2025-10-29 10:09:00,25999.2,25990.25,25994.35,2025-10-29,10:09:00,25991.666350845924,2,55
26003.45,2025-10-29 10:10:00,26003.6,25997.8,25997.8,2025-10-29,10:10:00,25992.788603146313,2,56
26015.05,2025-10-29 10:11:00,26016.25,26000.8,26003.25,2025-10-29,10:11:00,25994.908736179998,2,57
26012.0,2025-10-29 10:12:00,26015.25,26011.2,26014.75,2025-10-29,10:12:00,25996.536475591427,2,58
26000.4,2025-10-29 10:13:00,26012.45,26000.3,26012.45,2025-10-29,10:13:00,25996.904430297007,2,59
25997.7,2025-10-29 10:14:00,25999.9,25994.3,25999.4,2025-10-29,10:14:00,25996.98019884015,2,60
26002.8,2025-10-29 10:15:00,26003.95,25998.2,25998.2,2025-10-29,10:15:00,25997.53446561728,2,61
25995.55,2025-10-29 10:16:00,26003.5,25993.55,26003.5,2025-10-29,10:16:00,25997.345468891825,2,62
25994.15,2025-10-29 10:17:00,25998.55,25992.85,25995.2,2025-10-29,10:17:00,25997.041138521177,2,63
25995.2,2025-10-29 10:18:00,25996.3,25992.3,25993.4,2025-10-29,10:18:00,25996.86579199535,2,64
25987.95,2025-10-29 10:19:00,25996.15,25987.65,25994.8,2025-10-29,10:19:00,25996.016668948174,2,65
25999.3,2025-10-29 10:20:00,25999.95,25988.75,25988.75,2025-10-29,10:20:00,25996.32936714359,2,66
25999.0,2025-10-29 10:21:00,25999.6,25993.3,25999.0,2025-10-29,10:21:00,25996.583713129912,2,67
26003.65,2025-10-29 10:22:00,26005.15,25998.65,25999.35,2025-10-29,10:22:00,25997.256692831827,2,68
26015.55,2025-10-29 10:23:00,26018.45,26003.7,26003.7,2025-10-29,10:23:00,25998.99891256213,2,69
26012.0,2025-10-29 10:24:00,26016.2,26009.65,26016.2,2025-10-29,10:24:00,26000.237111365735,2,70
26014.6,2025-10-29 10:25:00,26016.9,26011.45,26012.3,2025-10-29,10:25:00,26001.60500552138,2,71
26016.4,2025-10-29 10:26:00,26017.05,26012.9,26014.7,2025-10-29,10:26:00,26003.01405261458,2,72
26027.95,2025-10-29 10:27:00,26031.9,26017.35,26017.65,2025-10-29,10:27:00,26005.388904746524,2,73
26029.95,2025-10-29 10:28:00,26036.5,26027.65,26028.25,2025-10-29,10:28:00,26007.728056675427,2,74
26040.4,2025-10-29 10:29:00,26042.35,26029.9,26029.9,2025-10-29,10:29:00,26010.839670325386,2,75
26048.2,2025-10-29 10:30:00,26048.2,26038.35,26040.9,2025-10-29,10:30:00,26014.397796961064,2,76
26047.8,2025-10-29 10:31:00,26052.45,26046.75,26047.55,2025-10-29,10:31:00,26017.57895915525,2,77
26057.05,2025-10-29 10:32:00,26057.05,26044.0,26048.15,2025-10-29,10:32:00,26021.338105902367,2,78
26060.8,2025-10-29 10:33:00,26064.0,26057.0,26057.2,2025-10-29,10:33:00,26025.096381530715,2,79
26061.25,2025-10-29 10:34:00,26061.85,26057.25,26061.0,2025-10-29,10:34:00,26028.539583289694,2,80
26051.3,2025-10-29 10:35:00,26062.3,26049.75,26060.75,2025-10-29,10:35:00,26030.707242024007,2,81
26056.2,2025-10-29 10:36:00,26057.25,26051.4,26051.6,2025-10-29,10:36:00,26033.135123736007,2,82
26052.2,2025-10-29 10:37:00,26056.6,26050.25,26055.8,2025-10-29,10:37:00,26034.950826237342,2,83
26053.6,2025-10-29 10:38:00,26053.75,26049.1,26052.1,2025-10-29,10:38:00,26036.72693802426,2,84
26043.75,2025-10-29 10:39:00,26053.9,26043.3,26053.65,2025-10-29,10:39:00,26037.395801069568,2,85
26043.55,2025-10-29 10:40:00,26047.25,26042.05,26043.65,2025-10-29,10:40:00,26037.98191525342,2,86
26044.35,2025-10-29 10:41:00,26046.85,26043.1,26043.3,2025-10-29,10:41:00,26038.588399515,2,87
26041.55,2025-10-29 10:42:00,26046.35,26040.75,26044.2,2025-10-29,10:42:00,26038.870456704048,2,88
26048.75,2025-10-29 10:43:00,26048.9,26040.95,26040.95,2025-10-29,10:43:00,26039.811365589376,2,89
26046.15,2025-10-29 10:44:00,26050.45,26045.6,26049.4,2025-10-29,10:44:00,26040.415045057052,2,90
26048.95,2025-10-29 10:45:00,26050.6,26043.95,26045.8,2025-10-29,10:45:00,26041.22789790876,2,91
26046.9,2025-10-29 10:46:00,26049.9,26045.9,26049.55,2025-10-29,10:46:00,26041.76809810793,2,92
26045.5,2025-10-29 10:47:00,26047.75,26043.45,26046.7,2025-10-29,10:47:00,26042.123517335745,2,93
26043.05,2025-10-29 10:48:00,26048.05,26041.6,26046.15,2025-10-29,10:48:00,26042.21175377996,2,94
26036.3,2025-10-29 10:49:00,26044.8,26034.75,26043.05,2025-10-29,10:49:00,26041.64872961044,2,95
26035.65,2025-10-29 10:50:00,26040.5,26033.9,26035.05,2025-10-29,10:50:00,26041.07742202849,2,96
26032.2,2025-10-29 10:51:00,26036.4,26030.3,26034.3,2025-10-29,10:51:00,26040.231953263872,2,97
26027.8,2025-10-29 10:52:00,26031.65,26025.15,26031.6,2025-10-29,10:52:00,26039.04795771493,2,98
26027.75,2025-10-29 10:53:00,26029.55,26025.4,26027.1,2025-10-29,10:53:00,26037.971961742078,2,99
26024.9,2025-10-29 10:54:00,26030.8,26022.0,26027.6,2025-10-29,10:54:00,26036.727013004736,2,100
26025.05,2025-10-29 10:55:00,26027.65,26022.55,26023.6,2025-10-29,10:55:00,26035.614916528095,2,101
26030.3,2025-10-29 10:56:00,26031.45,26023.45,26024.9,2025-10-29,10:56:00,26035.10873400161,2,102
26039.6,2025-10-29 10:57:00,26039.7,26029.7,26029.7,2025-10-29,10:57:00,26035.536473620505,2,103
26047.45,2025-10-29 10:58:00,26047.6,26038.65,26039.55,2025-10-29,10:58:00,26036.671095180456,2,104
26041.4,2025-10-29 10:59:00,26047.1,26037.95,26047.1,2025-10-29,10:59:00,26037.121467068035,2,105
26045.4,2025-10-29 11:00:00,26046.95,26040.3,26040.3,2025-10-29,11:00:00,26037.90989877584,2,106
26035.65,2025-10-29 11:01:00,26045.65,26033.95,26045.35,2025-10-29,11:01:00,26037.694670320998,2,107
26039.4,2025-10-29 11:02:00,26040.0,26035.2,26036.35,2025-10-29,11:02:00,26037.85708267138,2,108
26033.65,2025-10-29 11:03:00,26041.2,26033.5,26039.55,2025-10-29,11:03:00,26037.45640813125,2,109
26032.9,2025-10-29 11:04:00,26034.2,26031.6,26033.05,2025-10-29,11:04:00,26037.0224644997,2,110
26034.7,2025-10-29 11:05:00,26036.05,26032.1,26032.7,2025-10-29,11:05:00,26036.80127740449,2,111
26036.4,2025-10-29 11:06:00,26036.65,26030.45,26034.2,2025-10-29,11:06:00,26036.763060508827,2,112
26035.95,2025-10-29 11:07:00,26038.1,26034.1,26036.85,2025-10-29,11:07:00,26036.68562617465,2,113
26034.55,2025-10-29 11:08:00,26037.55,26033.25,26035.8,2025-10-29,11:08:00,26036.482233205636,2,114
26035.5,2025-10-29 11:09:00,26037.9,26030.35,26034.7,2025-10-29,11:09:00,26036.38868718605,2,115
26038.0,2025-10-29 11:10:00,26039.15,26031.9,26035.7,2025-10-29,11:10:00,26036.54214554928,2,116
26044.0,2025-10-29 11:11:00,26044.2,26035.75,26037.65,2025-10-29,11:11:00,26037.25241740173,2,117
26028.95,2025-10-29 11:12:00,26045.35,26026.7,26044.1,2025-10-29,11:12:00,26036.46171098252,2,118
26020.25,2025-10-29 11:13:00,26029.3,26019.65,26028.95,2025-10-29,11:13:00,26034.917738507997,2,119
26022.45,2025-10-29 11:14:00,26023.25,26017.7,26020.2,2025-10-29,11:14:00,26033.730334840566,2,120
26021.85,2025-10-29 11:15:00,26023.65,26017.95,26022.3,2025-10-29,11:15:00,26032.59887437956,2,121
26028.35,2025-10-29 11:16:00,26028.8,26020.7,26021.8,2025-10-29,11:16:00,26032.19421967675,2,122
26023.4,2025-10-29 11:17:00,26028.3,26023.1,26028.3,2025-10-29,11:17:00,26031.35667494563,2,123
26011.05,2025-10-29 11:18:00,26022.65,26010.8,26022.55,2025-10-29,11:18:00,26029.422705903187,2,124
26014.95,2025-10-29 11:19:00,26015.2,26007.9,26011.45,2025-10-29,11:19:00,26028.044352960023,2,125
26017.7,2025-10-29 11:20:00,26018.1,26011.1,26014.85,2025-10-29,11:20:00,26027.059176487637,2,126
26028.8,2025-10-29 11:21:00,26030.35,26017.65,26018.4,2025-10-29,11:21:00,26027.2249692031,2,127
26032.45,2025-10-29 11:22:00,26037.8,26027.55,26028.8,2025-10-29,11:22:00,26027.722591183756,2,128
26035.6,2025-10-29 11:23:00,26036.8,26031.25,26033.0,2025-10-29,11:23:00,26028.472820594827,2,129
26035.55,2025-10-29 11:24:00,26039.65,26034.15,26035.2,2025-10-29,11:24:00,26029.146837681034,2,130
26043.5,2025-10-29 11:25:00,26043.95,26034.6,26035.5,2025-10-29,11:25:00,26030.513805520935,2,131
26047.65,2025-10-29 11:26:00,26048.85,26041.45,26043.05,2025-10-29,11:26:00,26032.145824042753,2,132
26044.05,2025-10-29 11:27:00,26049.0,26043.15,26046.7,2025-10-29,11:27:00,26033.2795550863,2,133
26041.6,2025-10-29 11:28:00,26045.7,26040.2,26044.15,2025-10-29,11:28:00,26034.07197841141,2,134
26040.7,2025-10-29 11:29:00,26044.25,26039.3,26042.25,2025-10-29,11:29:00,26034.703218562707,2,135
26042.4,2025-10-29 11:30:00,26042.45,26038.55,26040.35,2025-10-29,11:30:00,26035.436245366258,2,136
26041.55,2025-10-29 11:31:00,26043.85,26037.3,26041.6,2025-10-29,11:31:00,26036.01850771233,2,137
26040.75,2025-10-29 11:32:00,26043.95,26038.2,26041.35,2025-10-29,11:32:00,26036.46912602544,2,138
26038.05,2025-10-29 11:33:00,26041.25,26032.0,26041.25,2025-10-29,11:33:00,26036.619685451587,2,139
26037.2,2025-10-29 11:34:00,26039.6,26035.95,26037.75,2025-10-29,11:34:00,26036.674953503818,2,140
26035.7,2025-10-29 11:35:00,26037.85,26032.4,26036.85,2025-10-29,11:35:00,26036.582100789168,2,141
26031.75,2025-10-29 11:36:00,26036.1,26028.5,26035.8,2025-10-29,11:36:00,26036.12190071401,2,142
26034.7,2025-10-29 11:37:00,26035.85,26029.8,26032.15,2025-10-29,11:37:00,26035.98648159839,2,143
26036.45,2025-10-29 11:38:00,26036.75,26031.1,26035.15,2025-10-29,11:38:00,26036.030626208067,2,144
26041.5,2025-10-29 11:39:00,26042.5,26036.1,26036.6,2025-10-29,11:39:00,26036.551518950153,2,145
26037.15,2025-10-29 11:40:00,26041.8,26035.25,26040.2,2025-10-29,11:40:00,26036.608517145378,2,146
26048.75,2025-10-29 11:41:00,26048.85,26035.3,26037.0,2025-10-29,11:41:00,26037.764848845818,2,147
26050.65,2025-10-29 11:42:00,26053.95,26048.4,26048.85,2025-10-29,11:42:00,26038.992006098597,2,148
26048.05,2025-10-29 11:43:00,26051.5,26046.05,26050.65,2025-10-29,11:43:00,26039.854672184443,2,149
26049.6,2025-10-29 11:44:00,26051.85,26047.4,26048.85,2025-10-29,11:44:00,26040.782798643068,2,150
26051.6,2025-10-29 11:45:00,26052.65,26046.65,26049.55,2025-10-29,11:45:00,26041.813008296107,2,151
26046.55,2025-10-29 11:46:00,26052.25,26045.65,26051.35,2025-10-29,11:46:00,26042.264150363146,2,152
26042.85,2025-10-29 11:47:00,26048.4,26041.45,26046.3,2025-10-29,11:47:00,26042.319945566654,2,153
26038.2,2025-10-29 11:48:00,26044.75,26036.8,26042.55,2025-10-29,11:48:00,26041.9275697984,2,154
26038.85,2025-10-29 11:49:00,26039.65,26036.3,26038.2,2025-10-29,11:49:00,26041.634467912838,2,155
26038.1,2025-10-29 11:50:00,26040.15,26035.45,26038.7,2025-10-29,11:50:00,26041.29785192114,2,156
26038.95,2025-10-29 11:51:00,26039.9,26034.35,26037.95,2025-10-29,11:51:00,26041.07424697627,2,157
26033.75,2025-10-29 11:52:00,26041.1,26033.1,26038.35,2025-10-29,11:52:00,26040.3766996452,2,158
26037.85,2025-10-29 11:53:00,26041.1,26034.0,26034.0,2025-10-29,11:53:00,26040.13606158375,2,159
26034.45,2025-10-29 11:54:00,26037.95,26033.15,26037.0,2025-10-29,11:54:00,26039.594531909108,2,160
26033.2,2025-10-29 11:55:00,26035.3,26028.65,26034.85,2025-10-29,11:55:00,26038.985528870144,2,161
26031.45,2025-10-29 11:56:00,26035.6,26029.5,26034.45,2025-10-29,11:56:00,26038.26785945394,2,162
26028.85,2025-10-29 11:57:00,26032.5,26024.45,26032.0,2025-10-29,11:57:00,26037.37092045833,2,163
26032.25,2025-10-29 11:58:00,26033.7,26028.95,26029.1,2025-10-29,11:58:00,26036.883213748013,2,164
26034.2,2025-10-29 11:59:00,26035.2,26030.15,26032.85,2025-10-29,11:59:00,26036.627669581536,2,165
26035.3,2025-10-29 12:00:00,26040.4,26033.9,26034.8,2025-10-29,12:00:00,26036.501224859483,2,166
26030.8,2025-10-29 12:01:00,26036.15,26029.4,26035.9,2025-10-29,12:01:00,26035.95825106334,2,167
26027.0,2025-10-29 12:02:00,26032.95,26026.35,26030.35,2025-10-29,12:02:00,26035.105084295403,2,168
26033.6,2025-10-29 12:03:00,26033.6,26025.55,26026.9,2025-10-29,12:03:00,26034.961742933934,2,169
26045.6,2025-10-29 12:04:00,26046.1,26033.5,26033.5,2025-10-29,12:04:00,26035.97491027356,2,170
26055.4,2025-10-29 12:05:00,26056.7,26043.35,26046.8,2025-10-29,12:05:00,26037.824918818933,2,171
26051.1,2025-10-29 12:06:00,26058.6,26047.6,26056.4,2025-10-29,12:06:00,26039.08921226475,2,172
26050.55,2025-10-29 12:07:00,26053.1,26048.7,26051.3,2025-10-29,12:07:00,26040.180715858583,2,173
26058.55,2025-10-29 12:08:00,26060.5,26049.85,26051.3,2025-10-29,12:08:00,26041.930171491098,2,174
26057.65,2025-10-29 12:09:00,26061.4,26056.25,26059.65,2025-10-29,12:09:00,26043.427298015755,2,175
26057.15,2025-10-29 12:10:00,26058.95,26054.5,26057.7,2025-10-29,12:10:00,26044.734222014253,2,176
26056.0,2025-10-29 12:11:00,26058.9,26053.1,26058.1,2025-10-29,12:11:00,26045.80715325099,2,177
26060.55,2025-10-29 12:12:00,26063.65,26055.95,26056.9,2025-10-29,12:12:00,26047.21123389375,2,178
26054.7,2025-10-29 12:13:00,26061.95,26052.8,26061.0,2025-10-29,12:13:00,26047.924449713395,2,179
26054.75,2025-10-29 12:14:00,26057.7,26052.75,26055.15,2025-10-29,12:14:00,26048.574502121646,2,180
26057.25,2025-10-29 12:15:00,26059.6,26053.15,26055.2,2025-10-29,12:15:00,26049.400740014826,2,181
26057.25,2025-10-29 12:16:00,26059.95,26055.05,26057.55,2025-10-29,12:16:00,26050.148288584845,2,182
26060.45,2025-10-29 12:17:00,26062.7,26055.95,26057.45,2025-10-29,12:17:00,26051.12940395772,2,183
26058.3,2025-10-29 12:18:00,26062.6,26055.9,26061.4,2025-10-29,12:18:00,26051.81231786651,2,184
26058.8,2025-10-29 12:19:00,26060.7,26053.4,26059.3,2025-10-29,12:19:00,26052.47781140303,2,185
26057.85,2025-10-29 12:20:00,26061.1,26056.7,26059.6,2025-10-29,12:20:00,26052.989448412267,2,186
26052.3,2025-10-29 12:21:00,26058.55,26050.6,26058.55,2025-10-29,12:21:00,26052.923786658717,2,187
26054.55,2025-10-29 12:22:00,26056.2,26052.05,26052.6,2025-10-29,12:22:00,26053.078664119792,2,188
26056.15,2025-10-29 12:23:00,26057.05,26053.6,26055.5,2025-10-29,12:23:00,26053.37117229886,2,189
26049.75,2025-10-29 12:24:00,26056.9,26049.55,26056.1,2025-10-29,12:24:00,26053.026298746587,2,190
26052.15,2025-10-29 12:25:00,26054.3,26048.95,26049.95,2025-10-29,12:25:00,26052.942841723103,2,191
26059.4,2025-10-29 12:26:00,26060.9,26051.75,26051.85,2025-10-29,12:26:00,26053.557809178044,2,192
26058.75,2025-10-29 12:27:00,26060.25,26056.7,26060.25,2025-10-29,12:27:00,26054.05230354204,2,193
26066.95,2025-10-29 12:28:00,26069.35,26059.35,26059.75,2025-10-29,12:28:00,26055.280655585655,2,194
26065.3,2025-10-29 12:29:00,26068.45,26064.25,26068.1,2025-10-29,12:29:00,26056.23487886321,2,195
26068.8,2025-10-29 12:30:00,26070.0,26065.35,26065.95,2025-10-29,12:30:00,26057.431557066717,2,196
26074.45,2025-10-29 12:31:00,26076.2,26067.6,26069.15,2025-10-29,12:31:00,26059.052361155602,2,197
26066.25,2025-10-29 12:32:00,26074.95,26065.2,26074.95,2025-10-29,12:32:00,26059.737850569356,2,198
26061.5,2025-10-29 12:33:00,26066.45,26060.1,26066.25,2025-10-29,12:33:00,26059.905674324655,2,199
26056.95,2025-10-29 12:34:00,26061.95,26056.0,26061.95,2025-10-29,12:34:00,26059.624181531828,2,200
26065.3,2025-10-29 12:35:00,26066.7,26056.85,26056.85,2025-10-29,12:35:00,26060.164735671657,2,201
26064.55,2025-10-29 12:36:00,26067.0,26062.15,26065.45,2025-10-29,12:36:00,26060.582379893403,2,202
26064.6,2025-10-29 12:37:00,26065.8,26060.15,26064.95,2025-10-29,12:37:00,26060.965010379743,2,203
26061.55,2025-10-29 12:38:00,26067.55,26060.3,26064.85,2025-10-29,12:38:00,26061.02072367691,2,204
26064.0,2025-10-29 12:39:00,26064.85,26059.55,26061.2,2025-10-29,12:39:00,26061.304464279106,2,205
26064.55,2025-10-29 12:40:00,26066.1,26061.65,26064.2,2025-10-29,12:40:00,26061.613562919192,2,206
26068.6,2025-10-29 12:41:00,26069.85,26063.6,26065.7,2025-10-29,12:41:00,26062.27893787927,2,207
26075.7,2025-10-29 12:42:00,26075.7,26068.65,26069.55,2025-10-29,12:42:00,26063.557134271723,2,208
26068.6,2025-10-29 12:43:00,26076.55,26068.6,26075.5,2025-10-29,12:43:00,26064.037407198226,2,209
26073.0,2025-10-29 12:44:00,26073.55,26067.6,26068.5,2025-10-29,12:44:00,26064.890987465064,2,210
26073.9,2025-10-29 12:45:00,26075.95,26072.1,26073.05,2025-10-29,12:45:00,26065.748988658866,2,211
26076.45,2025-10-29 12:46:00,26079.75,26072.25,26074.2,2025-10-29,12:46:00,26066.768132596117,2,212
26080.95,2025-10-29 12:47:00,26082.85,26074.8,26076.9,2025-10-29,12:47:00,26068.118786634583,2,213
26082.25,2025-10-29 12:48:00,26083.9,26079.0,26081.35,2025-10-29,12:48:00,26069.46461647891,2,214
26080.4,2025-10-29 12:49:00,26081.9,26077.95,26081.65,2025-10-29,12:49:00,26070.506081576154,2,215
26076.95,2025-10-29 12:50:00,26082.05,26075.55,26082.05,2025-10-29,12:50:00,26071.11978809271,2,216
26072.8,2025-10-29 12:51:00,26077.6,26072.8,26077.6,2025-10-29,12:51:00,26071.279808274354,2,217
26073.1,2025-10-29 12:52:00,26075.15,26071.95,26073.5,2025-10-29,12:52:00,26071.45315986727,2,218
26069.35,2025-10-29 12:53:00,26073.5,26068.8,26073.5,2025-10-29,12:53:00,26071.252858927528,2,219
26071.7,2025-10-29 12:54:00,26072.65,26068.6,26069.35,2025-10-29,12:54:00,26071.295443791572,2,220
26068.45,2025-10-29 12:55:00,26071.95,26068.05,26071.85,2025-10-29,12:55:00,26071.024449144756,2,221
26072.0,2025-10-29 12:56:00,26075.45,26067.95,26069.6,2025-10-29,12:56:00,26071.117358750016,2,222
26071.25,2025-10-29 12:57:00,26074.4,26070.8,26073.1,2025-10-29,12:57:00,26071.129991250014,2,223
26068.5,2025-10-29 12:58:00,26071.95,26068.2,26071.65,2025-10-29,12:58:00,26070.87951589287,2,224
26073.85,2025-10-29 12:59:00,26075.85,26069.05,26069.05,2025-10-29,12:59:00,26071.16241914117,2,225
26073.85,2025-10-29 13:00:00,26075.45,26071.9,26073.9,2025-10-29,13:00:00,26071.418379222963,2,226
26073.25,2025-10-29 13:01:00,26077.45,26072.85,26074.6,2025-10-29,13:01:00,26071.59281929697,2,227
26064.4,2025-10-29 13:02:00,26073.9,26064.25,26073.9,2025-10-29,13:02:00,26070.907788887733,2,228
26060.25,2025-10-29 13:03:00,26064.95,26060.15,26064.45,2025-10-29,13:03:00,26069.892761374616,2,229
26058.7,2025-10-29 13:04:00,26065.15,26058.5,26060.85,2025-10-29,13:04:00,26068.826784100842,2,230
26062.2,2025-10-29 13:05:00,26064.5,26056.95,26059.4,2025-10-29,13:05:00,26068.195661805526,2,231
26066.6,2025-10-29 13:06:00,26067.4,26061.3,26062.35,2025-10-29,13:06:00,26068.043694014523,2,232
26073.45,2025-10-29 13:07:00,26073.45,26064.05,26067.3,2025-10-29,13:07:00,26068.558580298853,2,233
26071.9,2025-10-29 13:08:00,26072.75,26069.15,26072.6,2025-10-29,13:08:00,26068.87681074658,2,234
26077.2,2025-10-29 13:09:00,26079.25,26071.55,26071.55,2025-10-29,13:09:00,26069.66949543738,2,235
26078.15,2025-10-29 13:10:00,26084.3,26076.7,26077.65,2025-10-29,13:10:00,26070.477162538584,2,236
26082.1,2025-10-29 13:11:00,26083.05,26077.25,26079.45,2025-10-29,13:11:00,26071.58409943967,2,237
26081.85,2025-10-29 13:12:00,26083.45,26078.55,26082.15,2025-10-29,13:12:00,26072.56180425494,2,238
26074.25,2025-10-29 13:13:00,26082.1,26073.05,26081.9,2025-10-29,13:13:00,26072.72258480209,2,239
26080.25,2025-10-29 13:14:00,26080.65,26074.1,26075.1,2025-10-29,13:14:00,26073.439481487603,2,240
26080.9,2025-10-29 13:15:00,26083.9,26078.75,26080.0,2025-10-29,13:15:00,26074.150007060212,2,241
26083.8,2025-10-29 13:16:00,26085.0,26080.05,26081.35,2025-10-29,13:16:00,26075.06905400686,2,242
26079.95,2025-10-29 13:17:00,26085.25,26076.6,26083.7,2025-10-29,13:17:00,26075.533906006207,2,243
26079.9,2025-10-29 13:18:00,26080.95,26078.3,26079.85,2025-10-29,13:18:00,26075.949724481805,2,244
26082.65,2025-10-29 13:19:00,26082.9,26079.2,26080.4,2025-10-29,13:19:00,26076.587845959726,2,245
26078.35,2025-10-29 13:20:00,26084.2,26078.05,26082.2,2025-10-29,13:20:00,26076.755670154038,2,246
26073.5,2025-10-29 13:21:00,26079.45,26073.25,26078.9,2025-10-29,13:21:00,26076.445606329846,2,247
26076.9,2025-10-29 13:22:00,26077.55,26072.95,26074.0,2025-10-29,13:22:00,26076.48888191748,2,248
26082.5,2025-10-29 13:23:00,26082.95,26075.25,26077.4,2025-10-29,13:23:00,26077.061369353913,2,249
26079.35,2025-10-29 13:24:00,26085.15,26078.25,26082.45,2025-10-29,13:24:00,26077.27933417735,2,250
26079.25,2025-10-29 13:25:00,26082.25,26076.9,26080.85,2025-10-29,13:25:00,26077.467016636652,2,251
26075.1,2025-10-29 13:26:00,26080.9,26074.65,26079.9,2025-10-29,13:26:00,26077.24158648078,2,252
26072.2,2025-10-29 13:27:00,26076.55,26071.45,26075.0,2025-10-29,13:27:00,26076.761435387372,2,253
26069.4,2025-10-29 13:28:00,26073.9,26069.35,26073.1,2025-10-29,13:28:00,26076.06034630286,2,254
26067.15,2025-10-29 13:29:00,26070.35,26066.15,26070.2,2025-10-29,13:29:00,26075.21174189306,2,255
26074.15,2025-10-29 13:30:00,26075.65,26064.3,26068.0,2025-10-29,13:30:00,26075.110623617533,2,256
26082.25,2025-10-29 13:31:00,26083.4,26074.0,26074.4,2025-10-29,13:31:00,26075.790564225386,2,257
26084.95,2025-10-29 13:32:00,26085.8,26080.8,26083.25,2025-10-29,13:32:00,26076.662891442014,2,258
26089.25,2025-10-29 13:33:00,26091.1,26083.65,26085.7,2025-10-29,13:33:00,26077.86166368563,2,259
26089.7,2025-10-29 13:34:00,26090.7,26085.25,26089.3,2025-10-29,13:34:00,26078.989124287,2,260
26089.8,2025-10-29 13:35:00,26091.95,26087.6,26090.2,2025-10-29,13:35:00,26080.018731497763,2,261
26088.05,2025-10-29 13:36:00,26093.3,26085.6,26090.95,2025-10-29,13:36:00,26080.78361421226,2,262
26086.7,2025-10-29 13:37:00,26088.55,26083.55,26087.35,2025-10-29,13:37:00,26081.34707952538,2,263
26089.15,2025-10-29 13:38:00,26090.35,26085.8,26086.8,2025-10-29,13:38:00,26082.09021480868,2,264
26094.65,2025-10-29 13:39:00,26095.95,26088.2,26089.6,2025-10-29,13:39:00,26083.2863848269,2,265
26091.6,2025-10-29 13:40:00,26097.85,26089.6,26095.4,2025-10-29,13:40:00,26084.07815770053,2,266
26081.65,2025-10-29 13:41:00,26092.55,26080.9,26092.4,2025-10-29,13:41:00,26083.846904586193,2,267
26085.1,2025-10-29 13:42:00,26086.15,26080.75,26081.85,2025-10-29,13:42:00,26083.966247006556,2,268
26078.45,2025-10-29 13:43:00,26086.75,26078.0,26085.05,2025-10-29,13:43:00,26083.44089014879,2,269
26072.0,2025-10-29 13:44:00,26080.05,26070.4,26078.75,2025-10-29,13:44:00,26082.35128156319,2,270
26070.55,2025-10-29 13:45:00,26073.2,26068.35,26072.65,2025-10-29,13:45:00,26081.227349985747,2,271
26078.25,2025-10-29 13:46:00,26078.5,26070.95,26070.95,2025-10-29,13:46:00,26080.94379284425,2,272
26079.0,2025-10-29 13:47:00,26080.25,26077.8,26078.05,2025-10-29,13:47:00,26080.758669716226,2,273
26069.1,2025-10-29 13:48:00,26079.55,26065.5,26079.45,2025-10-29,13:48:00,26079.648320219443,2,274
26069.95,2025-10-29 13:49:00,26071.2,26068.5,26070.0,2025-10-29,13:49:00,26078.724670674732,2,275
26073.75,2025-10-29 13:50:00,26075.4,26069.55,26069.55,2025-10-29,13:50:00,26078.250892515236,2,276
26070.1,2025-10-29 13:51:00,26075.45,26070.1,26074.6,2025-10-29,13:51:00,26077.474617037595,2,277
26070.4,2025-10-29 13:52:00,26074.3,26069.8,26071.85,2025-10-29,13:52:00,26076.800843986395,2,278
26071.15,2025-10-29 13:53:00,26076.1,26070.35,26070.6,2025-10-29,13:53:00,26076.262668368643,2,279
26076.35,2025-10-29 13:54:00,26076.6,26070.4,26071.55,2025-10-29,13:54:00,26076.27098566687,2,280
26073.25,2025-10-29 13:55:00,26079.0,26073.25,26076.75,2025-10-29,13:55:00,26075.983272746216,2,281
26074.45,2025-10-29 13:56:00,26075.9,26072.4,26074.0,2025-10-29,13:56:00,26075.837246770385,2,282
26065.7,2025-10-29 13:57:00,26074.9,26063.0,26074.9,2025-10-29,13:57:00,26074.871794697017,2,283
26063.05,2025-10-29 13:58:00,26068.45,26062.5,26066.5,2025-10-29,13:58:00,26073.745909487778,2,284
26060.4,2025-10-29 13:59:00,26065.65,26058.4,26063.95,2025-10-29,13:59:00,26072.474870488943,2,285
26054.75,2025-10-29 14:00:00,26061.4,26054.75,26061.4,2025-10-29,14:00:00,26070.786787585235,2,286
26057.75,2025-10-29 14:01:00,26058.5,26054.5,26055.75,2025-10-29,14:01:00,26069.545188767595,2,287
26056.75,2025-10-29 14:02:00,26060.85,26056.75,26058.55,2025-10-29,14:02:00,26068.326599361157,2,288
26043.75,2025-10-29 14:03:00,26056.5,26042.7,26056.5,2025-10-29,14:03:00,26065.98597085057,2,289
26046.0,2025-10-29 14:04:00,26047.45,26041.2,26044.2,2025-10-29,14:04:00,26064.082545055277,2,290
26049.3,2025-10-29 14:05:00,26052.45,26045.1,26046.0,2025-10-29,14:05:00,26062.674683621444,2,291
26048.15,2025-10-29 14:06:00,26050.1,26044.05,26050.1,2025-10-29,14:06:00,26061.291380419403,2,292
26041.2,2025-10-29 14:07:00,26048.8,26040.75,26047.95,2025-10-29,14:07:00,26059.37791561756,2,293
26043.2,2025-10-29 14:08:00,26044.3,26038.9,26041.6,2025-10-29,14:08:00,26057.83716174922,2,294
26042.05,2025-10-29 14:09:00,26044.6,26040.55,26044.0,2025-10-29,14:09:00,26056.33362253501,2,295
26046.55,2025-10-29 14:10:00,26050.2,26042.95,26043.05,2025-10-29,14:10:00,26055.401848960246,2,296
26046.8,2025-10-29 14:11:00,26048.85,26045.25,26047.15,2025-10-29,14:11:00,26054.582625249743,2,297
26049.35,2025-10-29 14:12:00,26051.65,26045.5,26046.85,2025-10-29,14:12:00,26054.08427998786,2,298
26053.7,2025-10-29 14:13:00,26055.75,26048.85,26050.05,2025-10-29,14:13:00,26054.047681893775,2,299
26052.85,2025-10-29 14:14:00,26054.3,26050.6,26053.95,2025-10-29,14:14:00,26053.93361695151,2,300
26053.1,2025-10-29 14:15:00,26054.9,26051.85,26053.15,2025-10-29,14:15:00,26053.85422486089,2,301
26069.15,2025-10-29 14:16:00,26069.75,26053.2,26054.25,2025-10-29,14:16:00,26055.31096535033,2,302
26076.9,2025-10-29 14:17:00,26076.9,26069.25,26069.95,2025-10-29,14:17:00,26057.367063888396,2,303
26075.7,2025-10-29 14:18:00,26081.55,26074.4,26077.1,2025-10-29,14:18:00,26059.11305780379,2,304
26081.3,2025-10-29 14:19:00,26082.4,26075.05,26075.75,2025-10-29,14:19:00,26061.226099917716,2,305
26053.6,2025-10-29 14:20:00,26081.9,26053.5,26081.75,2025-10-29,14:20:00,26060.499804687457,2,306
26050.65,2025-10-29 14:21:00,26055.15,26049.35,26054.15,2025-10-29,14:21:00,26059.561728050558,2,307
26050.1,2025-10-29 14:22:00,26051.25,26047.3,26051.25,2025-10-29,14:22:00,26058.66061109336,2,308
26053.6,2025-10-29 14:23:00,26054.6,26050.2,26050.5,2025-10-29,14:23:00,26058.17864813209,2,309
26050.35,2025-10-29 14:24:00,26054.05,26049.95,26054.05,2025-10-29,14:24:00,26057.4330625957,2,310
26049.9,2025-10-29 14:25:00,26052.6,26049.5,26051.2,2025-10-29,14:25:00,26056.71562806278,2,311
26050.9,2025-10-29 14:26:00,26053.15,26049.55,26050.7,2025-10-29,14:26:00,26056.161758723465,2,312
26049.7,2025-10-29 14:27:00,26052.0,26049.55,26051.3,2025-10-29,14:27:00,26055.546353130754,2,313
26052.1,2025-10-29 14:28:00,26053.65,26048.9,26050.65,2025-10-29,14:28:00,26055.218129023066,2,314
26059.85,2025-10-29 14:29:00,26060.95,26051.85,26052.3,2025-10-29,14:29:00,26055.6592595923,2,315
26060.4,2025-10-29 14:30:00,26062.55,26059.1,26060.65,2025-10-29,14:30:00,26056.110758678748,2,316
26064.55,2025-10-29 14:31:00,26065.35,26060.7,26062.25,2025-10-29,14:31:00,26056.914495947436,2,317
26059.55,2025-10-29 14:32:00,26065.8,26058.25,26065.8,2025-10-29,14:32:00,26057.165496333393,2,318
26063.05,2025-10-29 14:33:00,26064.6,26058.8,26061.15,2025-10-29,14:33:00,26057.725925254024,2,319
26055.5,2025-10-29 14:34:00,26064.5,26054.7,26064.5,2025-10-29,14:34:00,26057.51393237269,2,320
26048.35,2025-10-29 14:35:00,26056.45,26047.7,26056.45,2025-10-29,14:35:00,26056.641176908626,2,321
26053.45,2025-10-29 14:36:00,26054.05,26048.15,26049.35,2025-10-29,14:36:00,26056.33725529828,2,322
26055.75,2025-10-29 14:37:00,26057.75,26052.15,26053.85,2025-10-29,14:37:00,26056.281326222255,2,323
26058.85,2025-10-29 14:38:00,26059.7,26053.8,26056.95,2025-10-29,14:38:00,26056.525961820134,2,324
26059.5,2025-10-29 14:39:00,26060.3,26055.45,26059.25,2025-10-29,14:39:00,26056.809203551547,2,325
26058.85,2025-10-29 14:40:00,26060.65,26057.45,26059.95,2025-10-29,14:40:00,26057.003565118066,2,326
26061.25,2025-10-29 14:41:00,26062.3,26057.9,26060.0,2025-10-29,14:41:00,26057.407987487775,2,327
26062.6,2025-10-29 14:42:00,26062.9,26059.2,26061.9,2025-10-29,14:42:00,26057.90246486989,2,328
26052.3,2025-10-29 14:43:00,26063.1,26051.55,26062.95,2025-10-29,14:43:00,26057.368896787044,2,329
26055.75,2025-10-29 14:44:00,26057.45,26048.5,26052.8,2025-10-29,14:44:00,26057.214716140657,2,330
26051.45,2025-10-29 14:45:00,26057.5,26051.05,26056.95,2025-10-29,14:45:00,26056.665695555832,2,331
26040.0,2025-10-29 14:46:00,26053.35,26038.3,26053.0,2025-10-29,14:46:00,26055.078486455277,2,332
26032.55,2025-10-29 14:47:00,26040.6,26029.3,26040.1,2025-10-29,14:47:00,26052.93291631668,2,333
26030.05,2025-10-29 14:48:00,26034.8,26027.7,26031.75,2025-10-29,14:48:00,26050.753590953187,2,334
26022.1,2025-10-29 14:49:00,26030.65,26021.6,26030.65,2025-10-29,14:49:00,26048.024677529073,2,335
26042.4,2025-10-29 14:50:00,26043.5,26015.3,26022.5,2025-10-29,14:50:00,26047.488993954874,2,336
26045.25,2025-10-29 14:51:00,26046.3,26040.35,26043.8,2025-10-29,14:51:00,26047.275756435363,2,337
26045.95,2025-10-29 14:52:00,26048.65,26043.55,26046.25,2025-10-29,14:52:00,26047.14949391771,2,338
26041.6,2025-10-29 14:53:00,26047.65,26040.65,26047.65,2025-10-29,14:53:00,26046.62097068745,2,339
26038.65,2025-10-29 14:54:00,26044.05,26035.85,26042.55,2025-10-29,14:54:00,26045.86183062198,2,340
26039.2,2025-10-29 14:55:00,26040.3,26035.1,26039.8,2025-10-29,14:55:00,26045.227370562745,2,341
26040.8,2025-10-29 14:56:00,26041.85,26037.6,26040.15,2025-10-29,14:56:00,26044.805716223436,2,342
26039.7,2025-10-29 14:57:00,26042.5,26038.9,26041.45,2025-10-29,14:57:00,26044.31945753549,2,343
26042.6,2025-10-29 14:58:00,26044.6,26038.85,26040.45,2025-10-29,14:58:00,26044.155699674968,2,344
26045.9,2025-10-29 14:59:00,26047.9,26041.95,26043.45,2025-10-29,14:59:00,26044.321823515445,2,345
26043.0,2025-10-29 15:00:00,26046.95,26039.5,26046.95,2025-10-29,15:00:00,26044.195935561595,2,346
26045.1,2025-10-29 15:01:00,26045.9,26041.85,26043.4,2025-10-29,15:01:00,26044.282036936682,2,347
26042.85,2025-10-29 15:02:00,26045.95,26042.85,26045.95,2025-10-29,15:02:00,26044.145652466523,2,348
26042.75,2025-10-29 15:03:00,26045.1,26042.35,26043.7,2025-10-29,15:03:00,26044.012733183998,2,349
26040.5,2025-10-29 15:04:00,26043.85,26037.9,26043.75,2025-10-29,15:04:00,26043.678187166475,2,350
26041.7,2025-10-29 15:05:00,26042.7,26039.55,26041.25,2025-10-29,15:05:00,26043.489788388717,2,351
26043.05,2025-10-29 15:06:00,26044.4,26041.3,26042.55,2025-10-29,15:06:00,26043.447903780267,2,352
26045.15,2025-10-29 15:07:00,26046.9,26043.0,26043.85,2025-10-29,15:07:00,26043.610008182146,2,353
26042.6,2025-10-29 15:08:00,26046.3,26042.15,26045.9,2025-10-29,15:08:00,26043.513816926705,2,354
26039.3,2025-10-29 15:09:00,26043.85,26038.8,26043.5,2025-10-29,15:09:00,26043.112501028925,2,355
26041.95,2025-10-29 15:10:00,26041.95,26036.95,26039.05,2025-10-29,15:10:00,26043.001786645218,2,356
26043.75,2025-10-29 15:11:00,26044.65,26041.45,26042.3,2025-10-29,15:11:00,26043.07304505996,2,357
26041.35,2025-10-29 15:12:00,26044.85,26041.35,26044.65,2025-10-29,15:12:00,26042.908945530442,2,358
26040.6,2025-10-29 15:13:00,26042.45,26039.55,26042.1,2025-10-29,15:13:00,26042.689045956115,2,359
26043.55,2025-10-29 15:14:00,26045.5,26039.7,26041.95,2025-10-29,15:14:00,26042.77104157934,2,360
26053.5,2025-10-29 15:15:00,26055.25,26042.8,26044.8,2025-10-29,15:15:00,26043.792847143213,2,361
26051.95,2025-10-29 15:16:00,26055.45,26051.2,26054.3,2025-10-29,15:16:00,26044.569718843857,2,362
26050.85,2025-10-29 15:17:00,26054.55,26050.6,26052.85,2025-10-29,15:17:00,26045.16784085873,2,363
26052.0,2025-10-29 15:18:00,26053.15,26050.6,26052.1,2025-10-29,15:18:00,26045.818522681708,2,364
26054.3,2025-10-29 15:19:00,26055.25,26050.9,26052.15,2025-10-29,15:19:00,26046.626282426307,2,365
26061.75,2025-10-29 15:20:00,26062.4,26050.8,26054.9,2025-10-29,15:20:00,26048.066636480944,2,366
26067.7,2025-10-29 15:21:00,26068.2,26061.25,26063.05,2025-10-29,15:21:00,26049.936480625613,2,367
26068.3,2025-10-29 15:22:00,26070.3,26066.7,26067.95,2025-10-29,15:22:00,26051.685387232697,2,368
26067.7,2025-10-29 15:23:00,26070.7,26067.45,26070.3,2025-10-29,15:23:00,26053.21058844863,2,369
26065.95,2025-10-29 15:24:00,26070.25,26064.7,26070.25,2025-10-29,15:24:00,26054.423865739238,2,370
26068.2,2025-10-29 15:25:00,26069.55,26062.6,26067.65,2025-10-29,15:25:00,26055.73587852598,2,371
26069.25,2025-10-29 15:26:00,26072.55,26066.1,26070.95,2025-10-29,15:26:00,26057.02293771398,2,372
26069.45,2025-10-29 15:27:00,26073.9,26069.1,26071.1,2025-10-29,15:27:00,26058.206467455504,2,373
26066.2,2025-10-29 15:28:00,26072.85,26066.2,26072.15,2025-10-29,15:28:00,26058.967756269267,2,374
26068.3,2025-10-29 15:29:00,26075.5,26065.25,26066.65,2025-10-29,15:29:00,26059.85654138648,2,375
25984.4,2025-10-30 09:09:00,25984.4,25984.4,25984.4,2025-10-30,09:09:00,26052.67020411158,3,1
25984.4,2025-10-30 09:10:00,25984.4,25984.4,25984.4,2025-10-30,09:10:00,26046.16827991048,3,2
25984.4,2025-10-30 09:11:00,25984.4,25984.4,25984.4,2025-10-30,09:11:00,26040.285586585673,3,3
25984.4,2025-10-30 09:12:00,25984.4,25984.4,25984.4,2025-10-30,09:12:00,26034.96314976799,3,4
25984.4,2025-10-30 09:13:00,25984.4,25984.4,25984.4,2025-10-30,09:13:00,26030.14761169485,3,5
25984.4,2025-10-30 09:14:00,25984.4,25984.4,25984.4,2025-10-30,09:14:00,26025.790696295342,3,6
25988.3,2025-10-30 09:15:00,26028.3,25979.0,26006.4,2025-10-30,09:15:00,26022.220153791022,3,7
25972.0,2025-10-30 09:16:00,25984.4,25965.5,25984.4,2025-10-30,09:16:00,26017.4372820014,3,8
25972.8,2025-10-30 09:17:00,25975.15,25967.8,25971.6,2025-10-30,09:17:00,26013.186112286978,3,9
25985.55,2025-10-30 09:18:00,25986.15,25969.5,25974.3,2025-10-30,09:18:00,26010.554101592978,3,10
25985.15,2025-10-30 09:19:00,25997.4,25984.25,25986.5,2025-10-30,09:19:00,26008.134663346027,3,11
25982.4,2025-10-30 09:20:00,25984.8,25972.15,25982.05,2025-10-30,09:20:00,26005.68374302736,3,12
25974.55,2025-10-30 09:21:00,25987.65,25974.55,25984.0,2025-10-30,09:21:00,26002.7186246438,3,13
25981.65,2025-10-30 09:22:00,25981.7,25964.2,25974.1,2025-10-30,09:22:00,26000.71208896344,3,14
25990.55,2025-10-30 09:23:00,25991.05,25978.8,25981.55,2025-10-30,09:23:00,25999.74427096692,3,15
25983.9,2025-10-30 09:24:00,25991.8,25983.45,25990.0,2025-10-30,09:24:00,25998.235292779595,3,16
25978.8,2025-10-30 09:25:00,25983.25,25976.7,25983.25,2025-10-30,09:25:00,25996.384312514874,3,17
25981.15,2025-10-30 09:26:00,25985.75,25976.15,25979.25,2025-10-30,09:26:00,25994.9334256087,3,18
25979.75,2025-10-30 09:27:00,25993.2,25979.75,25980.85,2025-10-30,09:27:00,25993.487385074535,3,19
25979.05,2025-10-30 09:28:00,25980.05,25972.15,25979.2,2025-10-30,09:28:00,25992.11239601982,3,20
25978.7,2025-10-30 09:29:00,25981.55,25973.2,25979.1,2025-10-30,09:29:00,25990.835024970314,3,21
25964.4,2025-10-30 09:30:00,25978.85,25964.25,25978.85,2025-10-30,09:30:00,25988.31740354457,3,22
25958.0,2025-10-30 09:31:00,25965.75,25957.6,25964.3,2025-10-30,09:31:00,25985.430031778422,3,23
25952.25,2025-10-30 09:32:00,25959.9,25949.95,25958.4,2025-10-30,09:32:00,25982.270028751904,3,24
25941.65,2025-10-30 09:33:00,25954.2,25941.65,25951.45,2025-10-30,09:33:00,25978.40145458506,3,25
25933.45,2025-10-30 09:34:00,25944.55,25933.15,25942.5,2025-10-30,09:34:00,25974.120363672195,3,26
25941.2,2025-10-30 09:35:00,25941.6,25932.15,25933.3,2025-10-30,09:35:00,25970.985090941507,3,27
25948.95,2025-10-30 09:36:00,25951.45,25941.3,25941.3,2025-10-30,09:36:00,25968.88651085184,3,28
25938.7,2025-10-30 09:37:00,25947.25,25935.6,25945.15,2025-10-30,09:37:00,25966.011605056425,3,29
25942.9,2025-10-30 09:38:00,25945.0,25934.95,25936.75,2025-10-30,09:38:00,25963.810499812957,3,30
25940.4,2025-10-30 09:39:00,25949.8,25939.6,25943.95,2025-10-30,09:39:00,25961.5809284022,3,31
25935.6,2025-10-30 09:40:00,25941.35,25935.6,25939.6,2025-10-30,09:40:00,25959.106554268656,3,32
25931.65,2025-10-30 09:41:00,25935.8,25928.5,25935.45,2025-10-30,09:41:00,25956.491644338308,3,33
25924.7,2025-10-30 09:42:00,25932.5,25923.85,25931.6,2025-10-30,09:42:00,25953.463868687042,3,34
25919.3,2025-10-30 09:43:00,25925.05,25915.65,25924.75,2025-10-30,09:43:00,25950.210166907324,3,35
25921.55,2025-10-30 09:44:00,25923.4,25918.55,25919.1,2025-10-30,09:44:00,25947.480627201865,3,36
25913.9,2025-10-30 09:45:00,25922.0,25911.05,25921.25,2025-10-30,09:45:00,25944.282472230258,3,37
25920.0,2025-10-30 09:46:00,25920.0,25913.05,25913.65,2025-10-30,09:46:00,25941.969855827374,3,38
25924.55,2025-10-30 09:47:00,25925.8,25917.75,25919.9,2025-10-30,09:47:00,25940.310821939052,3,39
25920.35,2025-10-30 09:48:00,25926.2,25920.35,25924.0,2025-10-30,09:48:00,25938.409791278187,3,40
25930.0,2025-10-30 09:49:00,25930.3,25916.3,25919.55,2025-10-30,09:49:00,25937.608858775504,3,41
25937.55,2025-10-30 09:50:00,25942.35,25930.75,25930.75,2025-10-30,09:50:00,25937.603253177836,3,42
25931.9,2025-10-30 09:51:00,25940.15,25931.9,25937.75,2025-10-30,09:51:00,25937.06008620852,3,43
25916.35,2025-10-30 09:52:00,25932.6,25916.3,25931.9,2025-10-30,09:52:00,25935.087697045805,3,44
25907.15,2025-10-30 09:53:00,25916.6,25904.8,25916.3,2025-10-30,09:53:00,25932.42696399382,3,45
25901.65,2025-10-30 09:54:00,25908.35,25900.25,25908.35,2025-10-30,09:54:00,25929.495824565838,3,46
25895.95,2025-10-30 09:55:00,25901.6,25892.75,25901.4,2025-10-30,09:55:00,25926.300984130998,3,47
25905.45,2025-10-30 09:56:00,25907.15,25893.75,25895.75,2025-10-30,09:56:00,25924.31517611852,3,48
25911.1,2025-10-30 09:57:00,25911.5,25905.85,25906.25,2025-10-30,09:57:00,25923.05658791676,3,49
25911.8,2025-10-30 09:58:00,25912.05,25908.3,25911.1,2025-10-30,09:58:00,25921.984531924685,3,50
25905.85,2025-10-30 09:59:00,25911.3,25903.35,25911.3,2025-10-30,09:59:00,25920.44790983662,3,51
25905.5,2025-10-30 10:00:00,25909.1,25903.8,25906.55,2025-10-30,10:00:00,25919.024299375993,3,52
25906.45,2025-10-30 10:01:00,25911.45,25900.4,25906.65,2025-10-30,10:01:00,25917.82674705447,3,53
25908.1,2025-10-30 10:02:00,25910.9,25905.55,25907.7,2025-10-30,10:02:00,25916.900390192142,3,54
25911.9,2025-10-30 10:03:00,25912.65,25908.25,25908.35,2025-10-30,10:03:00,25916.424162554795,3,55
25914.6,2025-10-30 10:04:00,25916.85,25911.85,25911.9,2025-10-30,10:04:00,25916.25043278767,3,56
25931.2,2025-10-30 10:05:00,25935.25,25914.15,25914.15,2025-10-30,10:05:00,25917.674201093607,3,57
25935.15,2025-10-30 10:06:00,25937.55,25927.15,25931.85,2025-10-30,10:06:00,25919.338562894216,3,58
25945.25,2025-10-30 10:07:00,25945.25,25929.7,25935.7,2025-10-30,10:07:00,25921.806318809053,3,59
25942.35,2025-10-30 10:08:00,25948.5,25939.1,25945.15,2025-10-30,10:08:00,25923.76285987486,3,60
25946.25,2025-10-30 10:09:00,25946.55,25939.35,25942.1,2025-10-30,10:09:00,25925.904492267728,3,61
25946.35,2025-10-30 10:10:00,25948.5,25943.2,25944.9,2025-10-30,10:10:00,25927.851683480323,3,62
25940.75,2025-10-30 10:11:00,25949.7,25936.55,25946.65,2025-10-30,10:11:00,25929.080094577435,3,63
25943.55,2025-10-30 10:12:00,25946.65,25939.9,25941.0,2025-10-30,10:12:00,25930.458180808157,3,64
25949.7,2025-10-30 10:13:00,25952.05,25944.25,25944.25,2025-10-30,10:13:00,25932.290735016904,3,65
25959.45,2025-10-30 10:14:00,25959.85,25946.4,25949.95,2025-10-30,10:14:00,25934.87733168196,3,66
25960.65,2025-10-30 10:15:00,25967.4,25959.5,25959.5,2025-10-30,10:15:00,25937.331871521776,3,67
25959.25,2025-10-30 10:16:00,25961.5,25954.3,25960.65,2025-10-30,10:16:00,25939.419312329224,3,68
25958.9,2025-10-30 10:17:00,25961.45,25955.25,25959.8,2025-10-30,10:17:00,25941.27461591692,3,69
25938.15,2025-10-30 10:18:00,25959.75,25937.2,25958.95,2025-10-30,10:18:00,25940.97703344864,3,70
25929.65,2025-10-30 10:19:00,25938.95,25928.4,25937.45,2025-10-30,10:19:00,25939.89826835829,3,71
25933.15,2025-10-30 10:20:00,25935.95,25928.35,25929.6,2025-10-30,10:20:00,25939.25557613369,3,72
25946.85,2025-10-30 10:21:00,25949.7,25933.35,25933.4,2025-10-30,10:21:00,25939.978854597153,3,73
25952.6,2025-10-30 10:22:00,25955.3,25947.3,25948.5,2025-10-30,10:22:00,25941.180868445044,3,74
25955.6,2025-10-30 10:23:00,25958.4,25946.15,25952.4,2025-10-30,10:23:00,25942.554119069326,3,75
25953.7,2025-10-30 10:24:00,25959.4,25952.55,25956.8,2025-10-30,10:24:00,25943.615631538913,3,76
25952.75,2025-10-30 10:25:00,25955.0,25947.25,25953.6,2025-10-30,10:25:00,25944.48557139235,3,77
25950.65,2025-10-30 10:26:00,25952.95,25947.05,25952.3,2025-10-30,10:26:00,25945.072659831174,3,78
25953.05,2025-10-30 10:27:00,25953.55,25949.55,25951.3,2025-10-30,10:27:00,25945.83240651392,3,79
25947.05,2025-10-30 10:28:00,25953.05,25945.3,25952.9,2025-10-30,10:28:00,25945.948367798308,3,80
25938.05,2025-10-30 10:29:00,25947.8,25938.05,25947.35,2025-10-30,10:29:00,25945.196142293706,3,81
25931.55,2025-10-30 10:30:00,25940.2,25931.55,25938.5,2025-10-30,10:30:00,25943.896509694307,3,82
25935.0,2025-10-30 10:31:00,25936.1,25928.8,25931.6,2025-10-30,10:31:00,25943.049223056754,3,83
25938.3,2025-10-30 10:32:00,25942.0,25934.4,25935.0,2025-10-30,10:32:00,25942.596916098966,3,84
25924.75,2025-10-30 10:33:00,25938.7,25924.1,25938.35,2025-10-30,10:33:00,25940.897209803825,3,85
25920.7,2025-10-30 10:34:00,25925.4,25920.25,25925.05,2025-10-30,10:34:00,25938.973666012986,3,86
25933.15,2025-10-30 10:35:00,25933.85,25920.15,25920.8,2025-10-30,10:35:00,25938.419031154604,3,87
25935.65,2025-10-30 10:36:00,25938.25,25928.95,25933.0,2025-10-30,10:36:00,25938.155313901785,3,88
25934.45,2025-10-30 10:37:00,25936.55,25931.4,25935.9,2025-10-30,10:37:00,25937.80242686352,3,89
25931.3,2025-10-30 10:38:00,25934.85,25928.9,25933.4,2025-10-30,10:38:00,25937.183148114615,3,90
25930.15,2025-10-30 10:39:00,25932.55,25926.7,25931.4,2025-10-30,10:39:00,25936.51332448465,3,91
25928.55,2025-10-30 10:40:00,25931.4,25924.55,25930.75,2025-10-30,10:40:00,25935.754912628967,3,92
25927.6,2025-10-30 10:41:00,25929.9,25924.4,25928.05,2025-10-30,10:41:00,25934.97825428335,3,93
25923.2,2025-10-30 10:42:00,25930.35,25922.85,25927.1,2025-10-30,10:42:00,25933.85651578017,3,94
25915.6,2025-10-30 10:43:00,25923.55,25912.3,25923.5,2025-10-30,10:43:00,25932.11779999158,3,95
25917.8,2025-10-30 10:44:00,25919.9,25915.0,25915.0,2025-10-30,10:44:00,25930.75419999238,3,96
25923.35,2025-10-30 10:45:00,25923.6,25916.35,25918.2,2025-10-30,10:45:00,25930.049038088342,3,97
25920.5,2025-10-30 10:46:00,25926.7,25919.45,25923.55,2025-10-30,10:46:00,25929.139605889453,3,98
25917.85,2025-10-30 10:47:00,25920.75,25916.5,25920.6,2025-10-30,10:47:00,25928.06440532855,3,99
25919.15,2025-10-30 10:48:00,25919.5,25915.8,25917.85,2025-10-30,10:48:00,25927.21541434488,3,100
25919.5,2025-10-30 10:49:00,25919.9,25913.35,25918.95,2025-10-30,10:49:00,25926.4806129787,3,101
25924.55,2025-10-30 10:50:00,25926.7,25917.75,25919.1,2025-10-30,10:50:00,25926.296745075968,3,102
25926.2,2025-10-30 10:51:00,25926.75,25923.8,25924.75,2025-10-30,10:51:00,25926.28753125921,3,103
25928.35,2025-10-30 10:52:00,25931.35,25924.15,25925.8,2025-10-30,10:52:00,25926.48395685357,3,104
25927.75,2025-10-30 10:53:00,25929.8,25925.95,25928.4,2025-10-30,10:53:00,25926.604532391328,3,105
25920.1,2025-10-30 10:54:00,25928.25,25917.65,25928.25,2025-10-30,10:54:00,25925.98505311596,3,106
25923.85,2025-10-30 10:55:00,25924.7,25918.25,25919.75,2025-10-30,10:55:00,25925.781714723966,3,107
25930.8,2025-10-30 10:56:00,25931.7,25922.5,25923.6,2025-10-30,10:56:00,25926.259646655017,3,108
25925.5,2025-10-30 10:57:00,25932.2,25923.7,25930.45,2025-10-30,10:57:00,25926.187299354537,3,109
25925.35,2025-10-30 10:58:00,25927.8,25923.7,25926.05,2025-10-30,10:58:00,25926.107556558865,3,110
25916.35,2025-10-30 10:59:00,25925.0,25914.75,25924.8,2025-10-30,10:59:00,25925.17826545802,3,111
25914.1,2025-10-30 11:00:00,25919.65,25913.1,25916.55,2025-10-30,11:00:00,25924.123192557257,3,112
25916.15,2025-10-30 11:01:00,25916.15,25911.95,25913.95,2025-10-30,11:01:00,25923.36384088514,3,113
25924.55,2025-10-30 11:02:00,25925.3,25915.95,25916.1,2025-10-30,11:02:00,25923.476808419888,3,114
25927.1,2025-10-30 11:03:00,25929.6,25922.2,25924.25,2025-10-30,11:03:00,25923.821874284662,3,115
25930.75,2025-10-30 11:04:00,25931.4,25926.95,25927.05,2025-10-30,11:04:00,25924.48169578136,3,116
25930.9,2025-10-30 11:05:00,25932.0,25928.6,25930.65,2025-10-30,11:05:00,25925.092962849805,3,117
25941.2,2025-10-30 11:06:00,25943.15,25929.65,25930.65,2025-10-30,11:06:00,25926.626966387917,3,118
25942.1,2025-10-30 11:07:00,25946.35,25938.3,25941.5,2025-10-30,11:07:00,25928.100588636687,3,119
25943.35,2025-10-30 11:08:00,25943.75,25939.5,25942.8,2025-10-30,11:08:00,25929.55291352843,3,120
25940.3,2025-10-30 11:09:00,25945.35,25940.3,25942.9,2025-10-30,11:09:00,25930.57644557334,3,121
25945.8,2025-10-30 11:10:00,25945.8,25937.75,25940.35,2025-10-30,11:10:00,25932.02630789969,3,122
25949.3,2025-10-30 11:11:00,25949.65,25943.0,25946.9,2025-10-30,11:11:00,25933.671421433053,3,123
25948.6,2025-10-30 11:12:00,25950.35,25946.65,25949.55,2025-10-30,11:12:00,25935.093190820382,3,124
25955.95,2025-10-30 11:13:00,25956.55,25946.1,25948.5,2025-10-30,11:13:00,25937.079553599393,3,125
25956.1,2025-10-30 11:14:00,25957.4,25952.2,25955.75,2025-10-30,11:14:00,25938.891024685166,3,126
25962.05,2025-10-30 11:15:00,25962.9,25954.5,25956.3,2025-10-30,11:15:00,25941.096641381817,3,127
25955.35,2025-10-30 11:16:00,25962.8,25952.95,25961.9,2025-10-30,11:16:00,25942.45410410736,3,128
25952.5,2025-10-30 11:17:00,25955.5,25948.75,25955.35,2025-10-30,11:17:00,25943.410856097136,3,129
25949.85,2025-10-30 11:18:00,25953.6,25947.25,25952.1,2025-10-30,11:18:00,25944.02410789741,3,130
25955.05,2025-10-30 11:19:00,25956.2,25949.35,25950.05,2025-10-30,11:19:00,25945.074192859563,3,131
25951.3,2025-10-30 11:20:00,25956.05,25950.1,25954.65,2025-10-30,11:20:00,25945.667126872937,3,132
25958.95,2025-10-30 11:21:00,25959.15,25951.05,25951.05,2025-10-30,11:21:00,25946.932162408848,3,133
25961.65,2025-10-30 11:22:00,25963.1,25958.95,25959.25,2025-10-30,11:22:00,25948.333861227053,3,134
25971.9,2025-10-30 11:23:00,25971.9,25961.35,25961.7,2025-10-30,11:23:00,25950.578255395903,3,135
25970.75,2025-10-30 11:24:00,25975.0,25967.35,25971.9,2025-10-30,11:24:00,25952.49937392963,3,136
25968.6,2025-10-30 11:25:00,25973.1,25964.75,25970.9,2025-10-30,11:25:00,25954.032766888715,3,137
25960.65,2025-10-30 11:26:00,25970.05,25960.65,25968.65,2025-10-30,11:26:00,25954.662979565983,3,138
25964.0,2025-10-30 11:27:00,25966.8,25960.35,25961.6,2025-10-30,11:27:00,25955.552219607318,3,139
25962.05,2025-10-30 11:28:00,25967.95,25959.0,25965.35,2025-10-30,11:28:00,25956.17105583519,3,140
25954.65,2025-10-30 11:29:00,25962.05,25954.25,25961.6,2025-10-30,11:29:00,25956.026193374695,3,141
25943.7,2025-10-30 11:30:00,25957.5,25943.7,25954.3,2025-10-30,11:30:00,25954.852270196152,3,142
25945.2,2025-10-30 11:31:00,25945.85,25940.5,25943.0,2025-10-30,11:31:00,25953.933006367948,3,143
25946.35,2025-10-30 11:32:00,25948.1,25942.2,25944.95,2025-10-30,11:32:00,25953.210815285285,3,144
25949.05,2025-10-30 11:33:00,25951.6,25945.05,25945.6,2025-10-30,11:33:00,25952.814547162878,3,145
25942.45,2025-10-30 11:34:00,25948.6,25942.25,25948.45,2025-10-30,11:34:00,25951.82744743308,3,146
25938.35,2025-10-30 11:35:00,25942.5,25937.5,25942.1,2025-10-30,11:35:00,25950.54388101088,3,147
25935.55,2025-10-30 11:36:00,25938.8,25934.4,25938.8,2025-10-30,11:36:00,25949.115892343176,3,148
25940.7,2025-10-30 11:37:00,25942.35,25934.95,25934.95,2025-10-30,11:37:00,25948.314378786683,3,149
25936.7,2025-10-30 11:38:00,25940.8,25935.65,25940.2,2025-10-30,11:38:00,25947.208247473667,3,150
25936.25,2025-10-30 11:39:00,25936.95,25931.45,25936.75,2025-10-30,11:39:00,25946.164604857127,3,151
25936.0,2025-10-30 11:40:00,25937.85,25933.45,25936.8,2025-10-30,11:40:00,25945.196547251686,3,152
25936.3,2025-10-30 11:41:00,25937.3,25932.6,25936.15,2025-10-30,11:41:00,25944.34925703724,3,153
25937.9,2025-10-30 11:42:00,25937.9,25932.05,25935.25,2025-10-30,11:42:00,25943.735042081313,3,154
25936.7,2025-10-30 11:43:00,25938.4,25935.3,25937.85,2025-10-30,11:43:00,25943.06503807357,3,155
25931.8,2025-10-30 11:44:00,25937.6,25930.7,25936.4,2025-10-30,11:44:00,25941.992177304663,3,156
25933.3,2025-10-30 11:45:00,25933.95,25930.2,25931.75,2025-10-30,11:45:00,25941.164350894695,3,157
25933.25,2025-10-30 11:46:00,25934.4,25928.6,25933.05,2025-10-30,11:46:00,25940.410603190438,3,158
25935.75,2025-10-30 11:47:00,25937.7,25933.05,25933.35,2025-10-30,11:47:00,25939.966736219918,3,159
25936.9,2025-10-30 11:48:00,25937.25,25932.9,25936.35,2025-10-30,11:48:00,25939.674666103736,3,160
25935.6,2025-10-30 11:49:00,25937.35,25932.95,25936.4,2025-10-30,11:49:00,25939.286602665285,3,161
25934.45,2025-10-30 11:50:00,25936.85,25933.15,25935.3,2025-10-30,11:50:00,25938.82597384002,3,162
25939.2,2025-10-30 11:51:00,25940.15,25934.8,25935.1,2025-10-30,11:51:00,25938.861595379065,3,163
25926.0,2025-10-30 11:52:00,25940.4,25923.85,25938.95,2025-10-30,11:52:00,25937.63668153344,3,164
25916.45,2025-10-30 11:53:00,25926.1,25915.8,25925.6,2025-10-30,11:53:00,25935.61890233978,3,165
25909.35,2025-10-30 11:54:00,25916.1,25908.35,25915.65,2025-10-30,11:54:00,25933.117102116943,3,166
25908.65,2025-10-30 11:55:00,25912.35,25907.15,25909.7,2025-10-30,11:55:00,25930.78690191533,3,167
25906.25,2025-10-30 11:56:00,25909.0,25904.5,25909.0,2025-10-30,11:56:00,25928.45005411387,3,168
25911.5,2025-10-30 11:57:00,25911.6,25906.15,25906.15,2025-10-30,11:57:00,25926.835763245883,3,169
25903.65,2025-10-30 11:58:00,25912.15,25902.25,25911.4,2025-10-30,11:58:00,25924.627595317703,3,170
25906.9,2025-10-30 11:59:00,25906.9,25902.25,25903.4,2025-10-30,11:59:00,25922.939252906493,3,171
25907.35,2025-10-30 12:00:00,25909.2,25905.3,25907.05,2025-10-30,12:00:00,25921.454562153493,3,172
25906.1,2025-10-30 12:01:00,25916.7,25904.4,25907.7,2025-10-30,12:01:00,25919.99222290078,3,173
25909.55,2025-10-30 12:02:00,25911.7,25904.8,25905.85,2025-10-30,12:02:00,25918.997725481655,3,174
25914.8,2025-10-30 12:03:00,25918.7,25908.1,25909.0,2025-10-30,12:03:00,25918.59794210245,3,175
25914.9,2025-10-30 12:04:00,25916.65,25910.4,25913.8,2025-10-30,12:04:00,25918.24575714031,3,176
25915.1,2025-10-30 12:05:00,25916.55,25911.5,25915.4,2025-10-30,12:05:00,25917.946161222186,3,177
25921.85,2025-10-30 12:06:00,25922.45,25914.7,25915.35,2025-10-30,12:06:00,25918.317955391503,3,178
25919.35,2025-10-30 12:07:00,25923.95,25912.65,25921.85,2025-10-30,12:07:00,25918.416245354216,3,179
25910.3,2025-10-30 12:08:00,25919.2,25906.05,25919.2,2025-10-30,12:08:00,25917.643269606197,3,180
25910.85,2025-10-30 12:09:00,25912.3,25909.25,25910.2,2025-10-30,12:09:00,25916.996291548465,3,181
25913.45,2025-10-30 12:10:00,25914.8,25909.55,25909.85,2025-10-30,12:10:00,25916.65854949623,3,182
25911.6,2025-10-30 12:11:00,25914.2,25909.8,25913.3,2025-10-30,12:11:00,25916.17678287754,3,183
25917.0,2025-10-30 12:12:00,25917.0,25911.2,25911.3,2025-10-30,12:12:00,25916.255184508253,3,184
25913.4,2025-10-30 12:13:00,25917.55,25912.4,25916.3,2025-10-30,12:13:00,25915.983262174133,3,185
25912.25,2025-10-30 12:14:00,25915.05,25910.75,25914.2,2025-10-30,12:14:00,25915.627713395643,3,186
25911.45,2025-10-30 12:15:00,25912.7,25908.3,25911.85,2025-10-30,12:15:00,25915.229835929393,3,187
25911.45,2025-10-30 12:16:00,25911.95,25909.05,25911.15,2025-10-30,12:16:00,25914.869851555166,3,188
25913.5,2025-10-30 12:17:00,25915.3,25911.3,25911.3,2025-10-30,12:17:00,25914.739389502294,3,189
25906.7,2025-10-30 12:18:00,25917.9,25905.85,25913.45,2025-10-30,12:18:00,25913.973733359217,3,190
25899.6,2025-10-30 12:19:00,25908.15,25898.9,25906.0,2025-10-30,12:19:00,25912.604806372627,3,191
25899.55,2025-10-30 12:20:00,25902.9,25897.5,25899.8,2025-10-30,12:20:00,25911.36149148,3,192
25903.55,2025-10-30 12:21:00,25906.3,25896.9,25899.6,2025-10-30,12:21:00,25910.617539910476,3,193
25907.95,2025-10-30 12:22:00,25908.65,25903.35,25903.7,2025-10-30,12:22:00,25910.36348849043,3,194
25913.15,2025-10-30 12:23:00,25914.7,25907.5,25909.1,2025-10-30,12:23:00,25910.628870538963,3,195
25921.0,2025-10-30 12:24:00,25922.0,25912.35,25912.35,2025-10-30,12:24:00,25911.6165971543,3,196
25920.95,2025-10-30 12:25:00,25922.75,25918.25,25921.3,2025-10-30,12:25:00,25912.50549266342,3,197
25923.55,2025-10-30 12:26:00,25924.55,25920.7,25921.15,2025-10-30,12:26:00,25913.557350504998,3,198
25925.05,2025-10-30 12:27:00,25927.3,25918.85,25923.95,2025-10-30,12:27:00,25914.65188855214,3,199
25922.4,2025-10-30 12:28:00,25926.65,25921.3,25924.5,2025-10-30,12:28:00,25915.389803928127,3,200
25919.95,2025-10-30 12:29:00,25924.05,25917.2,25922.15,2025-10-30,12:29:00,25915.824108315923,3,201
25908.0,2025-10-30 12:30:00,25921.25,25907.65,25919.7,2025-10-30,12:30:00,25915.07895514298,3,202
25909.45,2025-10-30 12:31:00,25912.95,25907.05,25907.75,2025-10-30,12:31:00,25914.542864176983,3,203
25904.0,2025-10-30 12:32:00,25910.35,25903.3,25909.15,2025-10-30,12:32:00,25913.538781874413,3,204
25905.15,2025-10-30 12:33:00,25907.7,25902.35,25904.25,2025-10-30,12:33:00,25912.739850267328,3,205
25911.4,2025-10-30 12:34:00,25912.35,25906.25,25907.0,2025-10-30,12:34:00,25912.612245479962,3,206
25911.5,2025-10-30 12:35:00,25913.25,25909.0,25911.45,2025-10-30,12:35:00,25912.506317339015,3,207
25912.85,2025-10-30 12:36:00,25914.25,25909.4,25912.15,2025-10-30,12:36:00,25912.539049021012,3,208
25921.55,2025-10-30 12:37:00,25921.85,25912.8,25912.95,2025-10-30,12:37:00,25913.397234828535,3,209
25923.65,2025-10-30 12:38:00,25926.45,25920.4,25921.3,2025-10-30,12:38:00,25914.373688654392,3,210
25920.2,2025-10-30 12:39:00,25924.15,25916.4,25923.35,2025-10-30,12:39:00,25914.928575449212,3,211
25921.95,2025-10-30 12:40:00,25922.9,25919.05,25921.2,2025-10-30,12:40:00,25915.597282549286,3,212
25920.6,2025-10-30 12:41:00,25921.85,25917.45,25921.15,2025-10-30,12:41:00,25916.073731830307,3,213
25922.45,2025-10-30 12:42:00,25924.8,25920.6,25921.25,2025-10-30,12:42:00,25916.680995465515,3,214
25913.85,2025-10-30 12:43:00,25923.2,25912.3,25922.75,2025-10-30,12:43:00,25916.411376849752,3,215
25920.45,2025-10-30 12:44:00,25920.85,25913.3,25913.3,2025-10-30,12:44:00,25916.79600762597,3,216
25919.3,2025-10-30 12:45:00,25923.0,25918.2,25919.55,2025-10-30,12:45:00,25917.034483090163,3,217
25923.55,2025-10-30 12:46:00,25923.55,25919.4,25920.85,2025-10-30,12:46:00,25917.655008510148,3,218
25919.3,2025-10-30 12:47:00,25927.6,25919.25,25923.95,2025-10-30,12:47:00,25917.811674366323,3,219
25921.75,2025-10-30 12:48:00,25922.5,25918.55,25920.5,2025-10-30,12:48:00,25918.186752998103,3,220
25920.5,2025-10-30 12:49:00,25922.85,25918.8,25922.0,2025-10-30,12:49:00,25918.40706223638,3,221
25920.95,2025-10-30 12:50:00,25922.75,25919.85,25920.7,2025-10-30,12:50:00,25918.6492467853,3,222
25917.55,2025-10-30 12:51:00,25922.15,25917.05,25920.75,2025-10-30,12:51:00,25918.54455661527,3,223
25919.65,2025-10-30 12:52:00,25920.05,25916.7,25917.9,2025-10-30,12:52:00,25918.649836937624,3,224
25919.85,2025-10-30 12:53:00,25922.0,25918.05,25919.7,2025-10-30,12:53:00,25918.764138181657,3,225
25916.65,2025-10-30 12:54:00,25920.4,25915.2,25920.4,2025-10-30,12:54:00,25918.562791688168,3,226
25917.85,2025-10-30 12:55:00,25918.35,25914.6,25916.85,2025-10-30,12:55:00,25918.494906765485,3,227
25910.05,2025-10-30 12:56:00,25918.45,25909.25,25917.45,2025-10-30,12:56:00,25917.69062993068,3,228
25912.15,2025-10-30 12:57:00,25913.85,25910.6,25910.6,2025-10-30,12:57:00,25917.162950889662,3,229
25911.85,2025-10-30 12:58:00,25913.95,25909.95,25912.35,2025-10-30,12:58:00,25916.656955566836,3,230
25906.5,2025-10-30 12:59:00,25911.9,25905.8,25911.65,2025-10-30,12:59:00,25915.68962646523,3,231
25904.4,2025-10-30 13:00:00,25907.5,25903.55,25907.25,2025-10-30,13:00:00,25914.61442394473,3,232
25905.1,2025-10-30 13:01:00,25907.0,25903.35,25905.4,2025-10-30,13:01:00,25913.70828833095,3,233
25903.6,2025-10-30 13:02:00,25905.45,25901.5,25905.3,2025-10-30,13:02:00,25912.745594204192,3,234
25909.1,2025-10-30 13:03:00,25910.1,25903.0,25903.8,2025-10-30,13:03:00,25912.398394756176,3,235
25910.75,2025-10-30 13:04:00,25912.05,25908.85,25909.95,2025-10-30,13:04:00,25912.241404779397,3,236
25917.0,2025-10-30 13:05:00,25918.05,25910.55,25911.05,2025-10-30,13:05:00,25912.694604324217,3,237
25917.55,2025-10-30 13:06:00,25918.35,25913.95,25916.2,2025-10-30,13:06:00,25913.157022960004,3,238
25916.5,2025-10-30 13:07:00,25923.45,25915.25,25919.65,2025-10-30,13:07:00,25913.47540172572,3,239
25905.2,2025-10-30 13:08:00,25918.45,25905.2,25917.85,2025-10-30,13:08:00,25912.687268228034,3,240
25910.0,2025-10-30 13:09:00,25911.95,25903.3,25907.65,2025-10-30,13:09:00,25912.4313379206,3,241
25915.05,2025-10-30 13:10:00,25917.2,25910.15,25911.5,2025-10-30,13:10:00,25912.680734309113,3,242
25913.3,2025-10-30 13:11:00,25917.4,25909.75,25915.7,2025-10-30,13:11:00,25912.73971199396,3,243
25917.65,2025-10-30 13:12:00,25919.9,25913.85,25915.3,2025-10-30,13:12:00,25913.207358470725,3,244
25922.15,2025-10-30 13:13:00,25923.65,25918.35,25918.45,2025-10-30,13:13:00,25914.05903861637,3,245
25923.05,2025-10-30 13:14:00,25925.15,25921.7,25922.8,2025-10-30,13:14:00,25914.915320652904,3,246
25920.95,2025-10-30 13:15:00,25925.05,25917.1,25924.0,2025-10-30,13:15:00,25915.490052019297,3,247
25916.05,2025-10-30 13:16:00,25922.55,25914.65,25921.6,2025-10-30,13:16:00,25915.543380398412,3,248
25924.85,2025-10-30 13:17:00,25926.25,25914.55,25916.0,2025-10-30,13:17:00,25916.429725122372,3,249
25929.05,2025-10-30 13:18:00,25932.15,25924.7,25924.7,2025-10-30,13:18:00,25917.6316560631,3,250
25925.8,2025-10-30 13:19:00,25931.0,25924.7,25929.6,2025-10-30,13:19:00,25918.409593580902,3,251
25923.3,2025-10-30 13:20:00,25927.65,25921.85,25926.0,2025-10-30,13:20:00,25918.875346573193,3,252
25929.7,2025-10-30 13:21:00,25932.35,25921.65,25924.35,2025-10-30,13:21:00,25919.906265947175,3,253
25920.3,2025-10-30 13:22:00,25930.85,25920.2,25929.7,2025-10-30,13:22:00,25919.943764428393,3,254
25908.8,2025-10-30 13:23:00,25921.2,25905.7,25921.2,2025-10-30,13:23:00,25918.882453530452,3,255
25905.35,2025-10-30 13:24:00,25909.4,25902.1,25908.9,2025-10-30,13:24:00,25917.593648432314,3,256
25904.9,2025-10-30 13:25:00,25909.5,25902.5,25906.2,2025-10-30,13:25:00,25916.384729533995,3,257
25908.35,2025-10-30 13:26:00,25911.95,25904.95,25905.3,2025-10-30,13:26:00,25915.619517197425,3,258
25902.65,2025-10-30 13:27:00,25912.15,25902.2,25909.15,2025-10-30,13:27:00,25914.384325083385,3,259
25900.35,2025-10-30 13:28:00,25904.6,25897.5,25903.1,2025-10-30,13:28:00,25913.047722694493,3,260
25896.9,2025-10-30 13:29:00,25902.7,25893.65,25900.6,2025-10-30,13:29:00,25911.50984434264,3,261
25898.7,2025-10-30 13:30:00,25900.9,25895.45,25896.3,2025-10-30,13:30:00,25910.28985916715,3,262
25889.8,2025-10-30 13:31:00,25901.2,25888.45,25899.65,2025-10-30,13:31:00,25908.338444008376,3,263
25877.0,2025-10-30 13:32:00,25890.85,25875.8,25890.45,2025-10-30,13:32:00,25905.353830293294,3,264
25877.25,2025-10-30 13:33:00,25880.6,25872.15,25878.55,2025-10-30,13:33:00,25902.677275027265,3,265
25877.6,2025-10-30 13:34:00,25881.9,25875.0,25878.15,2025-10-30,13:34:00,25900.288963119907,3,266
25869.0,2025-10-30 13:35:00,25878.2,25868.7,25878.2,2025-10-30,13:35:00,25897.309061870394,3,267
25875.55,2025-10-30 13:36:00,25877.2,25867.15,25869.9,2025-10-30,13:36:00,25895.236770263688,3,268
25881.4,2025-10-30 13:37:00,25882.4,25875.65,25876.4,2025-10-30,13:37:00,25893.91898261953,3,269
25885.6,2025-10-30 13:38:00,25887.9,25880.95,25882.95,2025-10-30,13:38:00,25893.126698560525,3,270
25881.15,2025-10-30 13:39:00,25885.85,25880.1,25885.65,2025-10-30,13:39:00,25891.98606060238,3,271
25881.75,2025-10-30 13:40:00,25885.3,25880.0,25881.85,2025-10-30,13:40:00,25891.01119768787,3,272
25875.65,2025-10-30 13:41:00,25883.0,25874.25,25881.55,2025-10-30,13:41:00,25889.5482264795,3,273
25882.65,2025-10-30 13:42:00,25884.85,25876.0,25876.5,2025-10-30,13:42:00,25888.89125252907,3,274
25880.25,2025-10-30 13:43:00,25884.85,25880.1,25883.45,2025-10-30,13:43:00,25888.06827609773,3,275
25880.8,2025-10-30 13:44:00,25883.95,25878.5,25881.5,2025-10-30,13:44:00,25887.376059326514,3,276
25877.6,2025-10-30 13:45:00,25881.3,25875.5,25881.25,2025-10-30,13:45:00,25886.44500605732,3,277
25880.85,2025-10-30 13:46:00,25881.4,25876.7,25877.8,2025-10-30,13:46:00,25885.912148337575,3,278
25873.8,2025-10-30 13:47:00,25883.2,25870.9,25880.95,2025-10-30,13:47:00,25884.758610400666,3,279
25867.45,2025-10-30 13:48:00,25875.0,25867.05,25874.4,2025-10-30,13:48:00,25883.11017131489,3,280
25866.35,2025-10-30 13:49:00,25869.75,25864.45,25869.05,2025-10-30,13:49:00,25881.513964522997,3,281
25875.2,2025-10-30 13:50:00,25875.25,25865.65,25866.45,2025-10-30,13:50:00,25880.912634568427,3,282
25882.4,2025-10-30 13:51:00,25884.5,25875.25,25875.25,2025-10-30,13:51:00,25881.054288419055,3,283
25881.1,2025-10-30 13:52:00,25885.55,25878.2,25883.5,2025-10-30,13:52:00,25881.058641902953,3,284
25878.55,2025-10-30 13:53:00,25883.65,25877.4,25880.65,2025-10-30,13:53:00,25880.819723626482,3,285
25882.45,2025-10-30 13:54:00,25883.7,25877.25,25879.35,2025-10-30,13:54:00,25880.974988043006,3,286
25879.15,2025-10-30 13:55:00,25885.9,25878.85,25882.7,2025-10-30,13:55:00,25880.80117965796,3,287
25869.8,2025-10-30 13:56:00,25880.05,25868.3,25879.3,2025-10-30,13:56:00,25879.753448261963,3,288
25867.6,2025-10-30 13:57:00,25873.05,25865.15,25869.8,2025-10-30,13:57:00,25878.595976998917,3,289
25887.0,2025-10-30 13:58:00,25887.7,25867.9,25868.15,2025-10-30,13:58:00,25879.39636014188,3,290
25889.0,2025-10-30 13:59:00,25893.65,25887.15,25887.45,2025-10-30,13:59:00,25880.310992509323,3,291
25880.9,2025-10-30 14:00:00,25891.7,25880.9,25889.7,2025-10-30,14:00:00,25880.367088460815,3,292
25886.65,2025-10-30 14:01:00,25892.4,25881.45,25881.9,2025-10-30,14:01:00,25880.96546098836,3,293
25884.2,2025-10-30 14:02:00,25887.5,25883.15,25887.25,2025-10-30,14:02:00,25881.2735123228,3,294
25873.85,2025-10-30 14:03:00,25884.8,25870.8,25884.4,2025-10-30,14:03:00,25880.5665111492,3,295
25878.35,2025-10-30 14:04:00,25881.45,25872.35,25874.15,2025-10-30,14:04:00,25880.355414849277,3,296
25877.5,2025-10-30 14:05:00,25879.35,25875.1,25878.7,2025-10-30,14:05:00,25880.083470577916,3,297
25879.45,2025-10-30 14:06:00,25882.25,25877.8,25878.55,2025-10-30,14:06:00,25880.023140046687,3,298
25878.5,2025-10-30 14:07:00,25882.25,25878.15,25880.05,2025-10-30,14:07:00,25879.87807908986,3,299
25875.55,2025-10-30 14:08:00,25880.15,25874.8,25878.55,2025-10-30,14:08:00,25879.4658810813,3,300
25874.75,2025-10-30 14:09:00,25877.2,25872.6,25875.5,2025-10-30,14:09:00,25879.016749549748,3,301
25877.05,2025-10-30 14:10:00,25880.6,25875.25,25875.5,2025-10-30,14:10:00,25878.82944006882,3,302
25876.35,2025-10-30 14:11:00,25879.7,25874.7,25876.95,2025-10-30,14:11:00,25878.59330291941,3,303
25875.85,2025-10-30 14:12:00,25882.45,25874.5,25876.85,2025-10-30,14:12:00,25878.3320359747,3,304
25883.8,2025-10-30 14:13:00,25884.45,25874.9,25876.35,2025-10-30,14:13:00,25878.852794453298,3,305
25889.35,2025-10-30 14:14:00,25889.8,25885.1,25885.45,2025-10-30,14:14:00,25879.852528314892,3,306
25886.5,2025-10-30 14:15:00,25890.3,25884.95,25887.75,2025-10-30,14:15:00,25880.48562085633,3,307
25880.35,2025-10-30 14:16:00,25887.75,25876.15,25887.25,2025-10-30,14:16:00,25880.472704584296,3,308
25875.25,2025-10-30 14:17:00,25881.0,25875.25,25880.35,2025-10-30,14:17:00,25879.975304147694,3,309
25874.95,2025-10-30 14:18:00,25878.0,25872.65,25875.7,2025-10-30,14:18:00,25879.496703752677,3,310
25882.95,2025-10-30 14:19:00,25887.1,25874.0,25875.45,2025-10-30,14:19:00,25879.825589109565,3,311
25889.35,2025-10-30 14:20:00,25889.9,25882.45,25884.0,2025-10-30,14:20:00,25880.732675861036,3,312
25906.55,2025-10-30 14:21:00,25908.15,25890.25,25890.25,2025-10-30,14:21:00,25883.191468636174,3,313
25913.9,2025-10-30 14:22:00,25917.8,25907.15,25907.15,2025-10-30,14:22:00,25886.116090670825,3,314
25899.4,2025-10-30 14:23:00,25914.65,25892.35,25914.65,2025-10-30,14:23:00,25887.381224892648,3,315
25901.3,2025-10-30 14:24:00,25905.85,25897.8,25900.15,2025-10-30,14:24:00,25888.70682252192,3,316
25900.7,2025-10-30 14:25:00,25904.35,25897.55,25902.0,2025-10-30,14:25:00,25889.849029900783,3,317
25900.35,2025-10-30 14:26:00,25904.75,25897.5,25900.85,2025-10-30,14:26:00,25890.849122291183,3,318
25893.4,2025-10-30 14:27:00,25900.1,25893.4,25899.4,2025-10-30,14:27:00,25891.092063025357,3,319
25898.8,2025-10-30 14:28:00,25899.2,25893.3,25894.4,2025-10-30,14:28:00,25891.826152261037,3,320
25895.85,2025-10-30 14:29:00,25898.9,25893.1,25898.3,2025-10-30,14:29:00,25892.209375855226,3,321
25909.2,2025-10-30 14:30:00,25909.8,25896.85,25896.85,2025-10-30,14:30:00,25893.82753053568,3,322
25900.5,2025-10-30 14:31:00,25909.9,25900.35,25909.5,2025-10-30,14:31:00,25894.463003817997,3,323
25899.05,2025-10-30 14:32:00,25902.35,25896.15,25901.6,2025-10-30,14:32:00,25894.899860597234,3,324
25882.0,2025-10-30 14:33:00,25898.15,25879.95,25898.15,2025-10-30,14:33:00,25893.671302445116,3,325
25877.15,2025-10-30 14:34:00,25881.6,25872.05,25881.4,2025-10-30,14:34:00,25892.09784506939,3,326
25895.6,2025-10-30 14:35:00,25896.35,25875.8,25876.55,2025-10-30,14:35:00,25892.43138363421,3,327
25898.05,2025-10-30 14:36:00,25899.3,25893.95,25896.05,2025-10-30,14:36:00,25892.966489954764,3,328
25894.3,2025-10-30 14:37:00,25900.35,25890.85,25898.85,2025-10-30,14:37:00,25893.09349091145,3,329
25889.4,2025-10-30 14:38:00,25894.6,25887.8,25893.95,2025-10-30,14:38:00,25892.74172987227,3,330
25886.2,2025-10-30 14:39:00,25891.35,25883.75,25889.95,2025-10-30,14:39:00,25892.11870797967,3,331
25896.5,2025-10-30 14:40:00,25896.5,25884.65,25885.55,2025-10-30,14:40:00,25892.535973886366,3,332
25890.3,2025-10-30 14:41:00,25898.1,25888.65,25896.15,2025-10-30,14:41:00,25892.323023992427,3,333
25888.45,2025-10-30 14:42:00,25891.0,25886.3,25890.75,2025-10-30,14:42:00,25891.954164564577,3,334
25894.9,2025-10-30 14:43:00,25896.15,25886.65,25888.75,2025-10-30,14:43:00,25892.23472032033,3,335
25904.6,2025-10-30 14:44:00,25909.7,25895.35,25895.35,2025-10-30,14:44:00,25893.412366004108,3,336
25903.35,2025-10-30 14:45:00,25911.75,25902.7,25904.8,2025-10-30,14:45:00,25894.358807337052,3,337
25887.8,2025-10-30 14:46:00,25905.35,25887.25,25904.8,2025-10-30,14:46:00,25893.734159019237,3,338
25879.8,2025-10-30 14:47:00,25888.5,25879.55,25887.95,2025-10-30,14:47:00,25892.4070962555,3,339
25884.75,2025-10-30 14:48:00,25886.95,25879.55,25880.2,2025-10-30,14:48:00,25891.677848993073,3,340
25881.15,2025-10-30 14:49:00,25885.5,25875.9,25885.5,2025-10-30,14:49:00,25890.67519670802,3,341
25875.6,2025-10-30 14:50:00,25881.9,25875.45,25881.45,2025-10-30,14:50:00,25889.23946368821,3,342
25869.75,2025-10-30 14:51:00,25876.55,25867.55,25875.85,2025-10-30,14:51:00,25887.38332428933,3,343
25868.95,2025-10-30 14:52:00,25872.95,25865.65,25870.05,2025-10-30,14:52:00,25885.62776959511,3,344
25875.75,2025-10-30 14:53:00,25875.75,25869.45,25870.25,2025-10-30,14:53:00,25884.68702963367,3,345
25861.0,2025-10-30 14:54:00,25875.0,25860.95,25873.65,2025-10-30,14:54:00,25882.43112204951,3,346
25851.35,2025-10-30 14:55:00,25862.05,25850.0,25862.05,2025-10-30,14:55:00,25879.471015187653,3,347
25849.7,2025-10-30 14:56:00,25852.45,25845.55,25851.4,2025-10-30,14:56:00,25876.635680407875,3,348
25861.7,2025-10-30 14:57:00,25864.1,25849.25,25849.35,2025-10-30,14:57:00,25875.213234654744,3,349
25863.55,2025-10-30 14:58:00,25865.75,25860.6,25861.5,2025-10-30,14:58:00,25874.10245040191,3,350
25862.3,2025-10-30 14:59:00,25868.95,25861.9,25863.95,2025-10-30,14:59:00,25872.97840750649,3,351
25883.4,2025-10-30 15:00:00,25885.4,25862.55,25863.1,2025-10-30,15:00:00,25873.970940124917,3,352
25887.9,2025-10-30 15:01:00,25888.85,25877.6,25882.35,2025-10-30,15:01:00,25875.297517255876,3,353
25866.65,2025-10-30 15:02:00,25887.95,25866.65,25886.85,2025-10-30,15:02:00,25874.47394418389,3,354
25873.85,2025-10-30 15:03:00,25874.1,25865.05,25867.4,2025-10-30,15:03:00,25874.414520928283,3,355
25863.55,2025-10-30 15:04:00,25875.2,25862.95,25873.45,2025-10-30,15:04:00,25873.3798046494,3,356
25867.4,2025-10-30 15:05:00,25868.75,25862.4,25865.1,2025-10-30,15:05:00,25872.810299444696,3,357
25872.2,2025-10-30 15:06:00,25874.05,25867.3,25868.3,2025-10-30,15:06:00,25872.75217568806,3,358
25872.2,2025-10-30 15:07:00,25877.2,25871.8,25872.7,2025-10-30,15:07:00,25872.69958752729,3,359
25865.8,2025-10-30 15:08:00,25873.85,25865.8,25872.4,2025-10-30,15:08:00,25872.042483953264,3,360
25866.05,2025-10-30 15:09:00,25867.5,25865.4,25867.05,2025-10-30,15:09:00,25871.47177119581,3,361
25864.65,2025-10-30 15:10:00,25868.15,25861.9,25867.2,2025-10-30,15:10:00,25870.82207870097,3,362
25873.9,2025-10-30 15:11:00,25875.65,25865.25,25865.25,2025-10-30,15:11:00,25871.115214062786,3,363
25872.55,2025-10-30 15:12:00,25874.85,25868.9,25873.45,2025-10-30,15:12:00,25871.25186034252,3,364
25878.1,2025-10-30 15:13:00,25878.65,25872.55,25873.2,2025-10-30,15:13:00,25871.904064119422,3,365
25873.75,2025-10-30 15:14:00,25881.5,25872.35,25878.3,2025-10-30,15:14:00,25872.07986753662,3,366
25877.75,2025-10-30 15:15:00,25881.35,25874.6,25874.6,2025-10-30,15:15:00,25872.61988015218,3,367
25878.7,2025-10-30 15:16:00,25880.6,25874.95,25878.0,2025-10-30,15:16:00,25873.198939185306,3,368
25876.4,2025-10-30 15:17:00,25880.25,25876.4,25879.45,2025-10-30,15:17:00,25873.50380212004,3,369
25876.45,2025-10-30 15:18:00,25880.0,25873.8,25877.7,2025-10-30,15:18:00,25873.784392394326,3,370
25885.35,2025-10-30 15:19:00,25888.1,25876.95,25877.6,2025-10-30,15:19:00,25874.88587883296,3,371
25887.35,2025-10-30 15:20:00,25888.8,25881.2,25887.7,2025-10-30,15:20:00,25876.072937991725,3,372
25882.6,2025-10-30 15:21:00,25889.65,25882.55,25888.2,2025-10-30,15:21:00,25876.694562944893,3,373
25882.3,2025-10-30 15:22:00,25884.05,25881.35,25883.0,2025-10-30,15:22:00,25877.228414093,3,374
25883.15,2025-10-30 15:23:00,25884.7,25880.95,25883.6,2025-10-30,15:23:00,25877.792374655568,3,375
25883.6,2025-10-30 15:24:00,25883.7,25879.95,25883.2,2025-10-30,15:24:00,25878.345481831228,3,376
25887.65,2025-10-30 15:25:00,25888.95,25882.4,25882.4,2025-10-30,15:25:00,25879.23162641873,3,377
25892.4,2025-10-30 15:26:00,25892.95,25887.35,25888.95,2025-10-30,15:26:00,25880.485757235994,3,378
25892.5,2025-10-30 15:27:00,25893.95,25889.25,25891.5,2025-10-30,15:27:00,25881.629970832568,3,379
25888.35,2025-10-30 15:28:00,25893.3,25885.95,25893.3,2025-10-30,15:28:00,25882.26997361042,3,380
25891.2,2025-10-30 15:29:00,25891.35,25882.0,25887.15,2025-10-30,15:29:00,25883.120452314186,3,381
25863.8,2025-10-31 09:09:00,25863.8,25863.8,25863.8,2025-10-31,09:09:00,25881.280409236646,4,1
25863.8,2025-10-31 09:10:00,25863.8,25863.8,25863.8,2025-10-31,09:10:00,25879.615608356966,4,2
25863.8,2025-10-31 09:11:00,25863.8,25863.8,25863.8,2025-10-31,09:11:00,25878.109359942016,4,3
25863.8,2025-10-31 09:12:00,25863.8,25863.8,25863.8,2025-10-31,09:12:00,25876.746563757064,4,4
25863.8,2025-10-31 09:13:00,25863.8,25863.8,25863.8,2025-10-31,09:13:00,25875.513557684964,4,5
25863.8,2025-10-31 09:14:00,25863.8,25863.8,25863.8,2025-10-31,09:14:00,25874.397980762587,4,6
25833.6,2025-10-31 09:15:00,25875.9,25827.55,25869.4,2025-10-31,09:15:00,25870.512458785197,4,7
25844.0,2025-10-31 09:16:00,25844.0,25822.2,25834.35,2025-10-31,09:16:00,25867.987462710415,4,8
25848.05,2025-10-31 09:17:00,25855.05,25844.0,25846.95,2025-10-31,09:17:00,25866.088656737993,4,9
25853.15,2025-10-31 09:18:00,25855.0,25842.35,25848.05,2025-10-31,09:18:00,25864.856403715326,4,10
25862.85,2025-10-31 09:19:00,25862.85,25848.7,25853.2,2025-10-31,09:19:00,25864.665317647203,4,11
25846.7,2025-10-31 09:20:00,25864.75,25846.7,25863.65,2025-10-31,09:20:00,25862.954335014136,4,12
25869.05,2025-10-31 09:21:00,25869.05,25840.5,25846.4,2025-10-31,09:21:00,25863.5348745366,4,13
25873.2,2025-10-31 09:22:00,25877.65,25868.4,25869.0,2025-10-31,09:22:00,25864.455362675973,4,14
25878.9,2025-10-31 09:23:00,25879.6,25867.2,25872.35,2025-10-31,09:23:00,25865.83104242112,4,15
25894.05,2025-10-31 09:24:00,25895.05,25878.35,25879.85,2025-10-31,09:24:00,25868.518562190537,4,16
25914.1,2025-10-31 09:25:00,25914.1,25891.75,25895.8,2025-10-31,09:25:00,25872.859651505725,4,17
25905.9,2025-10-31 09:26:00,25913.9,25905.55,25913.9,2025-10-31,09:26:00,25876.006351362324,4,18
25911.35,2025-10-31 09:27:00,25911.35,25904.0,25907.2,2025-10-31,09:27:00,25879.372413137342,4,19
25925.75,2025-10-31 09:28:00,25926.8,25907.2,25910.75,2025-10-31,09:28:00,25883.78932617188,4,20
25914.9,2025-10-31 09:29:00,25927.15,25914.25,25926.1,2025-10-31,09:29:00,25886.752247488843,4,21
25917.7,2025-10-31 09:30:00,25925.5,25914.05,25914.9,2025-10-31,09:30:00,25889.699652489904,4,22
25917.85,2025-10-31 09:31:00,25920.1,25913.8,25916.85,2025-10-31,09:31:00,25892.380637967053,4,23
25932.1,2025-10-31 09:32:00,25932.1,25914.8,25917.25,2025-10-31,09:32:00,25896.163434351143,4,24
25937.45,2025-10-31 09:33:00,25938.1,25925.5,25931.25,2025-10-31,09:33:00,25900.095488222465,4,25
25947.3,2025-10-31 09:34:00,25948.4,25935.35,25936.95,2025-10-31,09:34:00,25904.591156010803,4,26
25948.55,2025-10-31 09:35:00,25950.2,25943.25,25946.35,2025-10-31,09:35:00,25908.777712581203,4,27
25946.9,2025-10-31 09:36:00,25953.7,25946.5,25947.95,2025-10-31,09:36:00,25912.408406621085,4,28
25941.3,2025-10-31 09:37:00,25948.85,25941.1,25946.8,2025-10-31,09:37:00,25915.159986942886,4,29
25947.05,2025-10-31 09:38:00,25948.35,25940.85,25941.85,2025-10-31,09:38:00,25918.197131043562,4,30
25941.1,2025-10-31 09:39:00,25947.8,25940.15,25947.75,2025-10-31,09:39:00,25920.37835665846,4,31
25935.5,2025-10-31 09:40:00,25942.15,25932.6,25942.15,2025-10-31,09:40:00,25921.818513167178,4,32
25934.1,2025-10-31 09:41:00,25936.8,25926.5,25935.3,2025-10-31,09:41:00,25922.988178579828,4,33
25936.7,2025-10-31 09:42:00,25950.15,25934.05,25934.05,2025-10-31,09:42:00,25924.294066334132,4,34
25928.7,2025-10-31 09:43:00,25936.0,25921.45,25935.7,2025-10-31,09:43:00,25924.713679064218,4,35
25926.65,2025-10-31 09:44:00,25928.8,25922.65,25928.5,2025-10-31,09:44:00,25924.89809058191,4,36
25921.2,2025-10-31 09:45:00,25927.3,25916.3,25926.55,2025-10-31,09:45:00,25924.545891478872,4,37
25918.6,2025-10-31 09:46:00,25930.1,25916.75,25921.6,2025-10-31,09:46:00,25923.979616099932,4,38
25931.7,2025-10-31 09:47:00,25932.35,25918.25,25918.6,2025-10-31,09:47:00,25924.71489075708,4,39
25934.45,2025-10-31 09:48:00,25937.6,25929.95,25931.15,2025-10-31,09:48:00,25925.642044018314,4,40
25926.65,2025-10-31 09:49:00,25932.5,25924.15,25931.8,2025-10-31,09:49:00,25925.738039826094,4,41
25922.25,2025-10-31 09:50:00,25926.65,25917.95,25926.6,2025-10-31,09:50:00,25925.405845556943,4,42
25924.6,2025-10-31 09:51:00,25929.3,25922.15,25922.75,2025-10-31,09:51:00,25925.329098361042,4,43
25916.7,2025-10-31 09:52:00,25925.15,25916.7,25924.2,2025-10-31,09:52:00,25924.507279469515,4,44
25913.45,2025-10-31 09:53:00,25917.45,25910.2,25916.8,2025-10-31,09:53:00,25923.454205234324,4,45
25923.4,2025-10-31 09:54:00,25924.45,25910.85,25913.4,2025-10-31,09:54:00,25923.449042831056,4,46
25924.3,2025-10-31 09:55:00,25930.05,25921.85,25924.55,2025-10-31,09:55:00,25923.530086370956,4,47
25921.1,2025-10-31 09:56:00,25926.15,25921.1,25923.8,2025-10-31,09:56:00,25923.298649573724,4,48
25920.95,2025-10-31 09:57:00,25925.35,25918.95,25920.3,2025-10-31,09:57:00,25923.074968661942,4,49
25932.8,2025-10-31 09:58:00,25933.0,25919.75,25921.0,2025-10-31,09:58:00,25924.00116212271,4,50
25924.55,2025-10-31 09:59:00,25935.05,25924.45,25933.35,2025-10-31,09:59:00,25924.053432396737,4,51
25919.05,2025-10-31 10:00:00,25929.55,25917.9,25926.15,2025-10-31,10:00:00,25923.57691502562,4,52
25910.55,2025-10-31 10:01:00,25919.6,25906.85,25919.4,2025-10-31,10:01:00,25922.336256451752,4,53
25905.55,2025-10-31 10:02:00,25910.75,25904.15,25910.55,2025-10-31,10:02:00,25920.73756536111,4,54
25903.25,2025-10-31 10:03:00,25908.9,25902.6,25906.25,2025-10-31,10:03:00,25919.072082945764,4,55
25889.5,2025-10-31 10:04:00,25903.55,25887.75,25903.3,2025-10-31,10:04:00,25916.255694093787,4,56
25882.85,2025-10-31 10:05:00,25891.15,25882.85,25889.55,2025-10-31,10:05:00,25913.074199418188,4,57
25888.05,2025-10-31 10:06:00,25892.15,25882.15,25882.6,2025-10-31,10:06:00,25910.69094233074,4,58
25882.65,2025-10-31 10:07:00,25886.85,25882.6,25886.85,2025-10-31,10:07:00,25908.02037639448,4,59
25869.5,2025-10-31 10:08:00,25882.9,25869.3,25882.3,2025-10-31,10:08:00,25904.351769118817,4,60
25873.95,2025-10-31 10:09:00,25874.75,25866.4,25869.0,2025-10-31,10:09:00,25901.456362536075,4,61
25876.7,2025-10-31 10:10:00,25877.1,25869.55,25873.35,2025-10-31,10:10:00,25899.098613723116,4,62
25874.2,2025-10-31 10:11:00,25878.9,25872.6,25878.05,2025-10-31,10:11:00,25896.727317178058,4,63
25870.75,2025-10-31 10:12:00,25874.75,25870.1,25873.7,2025-10-31,10:12:00,25894.253286970627,4,64
25872.05,2025-10-31 10:13:00,25873.35,25865.1,25870.65,2025-10-31,10:13:00,25892.13868821152,4,65
25879.0,2025-10-31 10:14:00,25880.95,25871.85,25871.85,2025-10-31,10:14:00,25890.88738457233,4,66
25856.65,2025-10-31 10:15:00,25876.8,25856.65,25876.8,2025-10-31,10:15:00,25887.626681279726,4,67
25852.35,2025-10-31 10:16:00,25857.15,25849.5,25856.25,2025-10-31,10:16:00,25884.26699734832,4,68
25855.2,2025-10-31 10:17:00,25855.6,25850.7,25851.8,2025-10-31,10:17:00,25881.49871188658,4,69
25851.8,2025-10-31 10:18:00,25855.8,25847.9,25854.95,2025-10-31,10:18:00,25878.670263135475,4,70
25859.75,2025-10-31 10:19:00,25862.5,25851.4,25851.7,2025-10-31,10:19:00,25876.868333313047,4,71
25854.75,2025-10-31 10:20:00,25859.15,25853.5,25859.15,2025-10-31,10:20:00,25874.761825378468,4,72
25838.4,2025-10-31 10:21:00,25855.05,25838.4,25855.05,2025-10-31,10:21:00,25871.29879439004,4,73
25831.95,2025-10-31 10:22:00,25838.9,25831.95,25838.1,2025-10-31,10:22:00,25867.55129016242,4,74
25832.35,2025-10-31 10:23:00,25835.55,25830.85,25832.3,2025-10-31,10:23:00,25864.198786337427,4,75
25831.2,2025-10-31 10:24:00,25831.55,25827.0,25831.55,2025-10-31,10:24:00,25861.05604478148,4,76
25832.3,2025-10-31 10:25:00,25834.6,25828.7,25830.95,2025-10-31,10:25:00,25858.31737384991,4,77
25826.3,2025-10-31 10:26:00,25831.7,25823.15,25831.6,2025-10-31,10:26:00,25855.268100149915,4,78
25835.05,2025-10-31 10:27:00,25835.7,25825.1,25825.1,2025-10-31,10:27:00,25853.342566802305,4,79
25838.65,2025-10-31 10:28:00,25839.85,25833.4,25834.65,2025-10-31,10:28:00,25851.943274725894,4,80
25836.55,2025-10-31 10:29:00,25839.45,25834.35,25839.25,2025-10-31,10:29:00,25850.477248561525,4,81
25828.2,2025-10-31 10:30:00,25837.05,25827.9,25836.6,2025-10-31,10:30:00,25848.355605841378,4,82
25811.05,2025-10-31 10:31:00,25828.75,25811.05,25828.1,2025-10-31,10:31:00,25844.802690999342,4,83
25805.6,2025-10-31 10:32:00,25810.5,25801.3,25810.5,2025-10-31,10:32:00,25841.06910138036,4,84
25809.95,2025-10-31 10:33:00,25809.95,25803.6,25804.55,2025-10-31,10:33:00,25838.10537743937,4,85
25810.6,2025-10-31 10:34:00,25813.75,25808.05,25809.75,2025-10-31,10:34:00,25835.485817683242,4,86
25805.1,2025-10-31 10:35:00,25810.25,25803.95,25810.05,2025-10-31,10:35:00,25832.59193028484,4,87
25801.95,2025-10-31 10:36:00,25807.7,25801.95,25806.05,2025-10-31,10:36:00,25829.673651210094,4,88
25791.55,2025-10-31 10:37:00,25802.05,25788.85,25802.05,2025-10-31,10:37:00,25826.04282728532,4,89
25797.3,2025-10-31 10:38:00,25798.05,25788.85,25790.75,2025-10-31,10:38:00,25823.30541516291,4,90
25797.4,2025-10-31 10:39:00,25798.85,25793.4,25796.15,2025-10-31,10:39:00,25820.838232766444,4,91
25793.55,2025-10-31 10:40:00,25798.35,25792.3,25797.3,2025-10-31,10:40:00,25818.239353455352,4,92
25803.55,2025-10-31 10:41:00,25804.05,25791.85,25793.5,2025-10-31,10:41:00,25816.840367411987,4,93
25806.35,2025-10-31 10:42:00,25807.6,25801.75,25803.2,2025-10-31,10:42:00,25815.84128480132,4,94
25815.35,2025-10-31 10:43:00,25815.9,25805.45,25806.25,2025-10-31,10:43:00,25815.79449577262,4,95
25818.75,2025-10-31 10:44:00,25819.6,25813.55,25814.5,2025-10-31,10:44:00,25816.075972365707,4,96
25823.65,2025-10-31 10:45:00,25826.75,25817.2,25818.2,2025-10-31,10:45:00,25816.79730833088,4,97
25825.45,2025-10-31 10:46:00,25828.15,25822.3,25823.25,2025-10-31,10:46:00,25817.62137420413,4,98
25822.4,2025-10-31 10:47:00,25826.2,25820.4,25826.2,2025-10-31,10:47:00,25818.076481422784,4,99
25825.75,2025-10-31 10:48:00,25830.7,25822.15,25822.95,2025-10-31,10:48:00,25818.80729271585,4,100
25825.6,2025-10-31 10:49:00,25826.55,25823.95,25826.3,2025-10-31,10:49:00,25819.454217219103,4,101
25821.3,2025-10-31 10:50:00,25825.25,25818.45,25825.25,2025-10-31,10:50:00,25819.63000605538,4,102
25815.4,2025-10-31 10:51:00,25821.7,25813.1,25820.9,2025-10-31,10:51:00,25819.22714833582,4,103
25813.25,2025-10-31 10:52:00,25819.2,25811.9,25815.35,2025-10-31,10:52:00,25818.657896113364,4,104
25811.05,2025-10-31 10:53:00,25814.6,25808.85,25813.6,2025-10-31,10:53:00,25817.93333457876,4,105
25805.4,2025-10-31 10:54:00,25811.6,25805.4,25810.45,2025-10-31,10:54:00,25816.7396836665,4,106
25801.85,2025-10-31 10:55:00,25806.1,25798.4,25806.1,2025-10-31,10:55:00,25815.321618555405,4,107
25806.95,2025-10-31 10:56:00,25807.85,25800.35,25801.2,2025-10-31,10:56:00,25814.52432155013,4,108
25802.65,2025-10-31 10:57:00,25808.8,25802.35,25807.9,2025-10-31,10:57:00,25813.39343378345,4,109
25799.4,2025-10-31 10:58:00,25802.5,25797.85,25802.5,2025-10-31,10:58:00,25812.060725804073,4,110
25801.15,2025-10-31 10:59:00,25801.65,25798.6,25799.0,2025-10-31,10:59:00,25811.021609060826,4,111
25786.85,2025-10-31 11:00:00,25802.25,25785.5,25801.05,2025-10-31,11:00:00,25808.71955105503,4,112
25777.9,2025-10-31 11:01:00,25786.15,25777.85,25786.15,2025-10-31,11:01:00,25805.784355716456,4,113
25775.0,2025-10-31 11:02:00,25778.5,25773.45,25777.95,2025-10-31,11:02:00,25802.85251231489,4,114
25775.4,2025-10-31 11:03:00,25778.35,25768.5,25774.5,2025-10-31,11:03:00,25800.23798733252,4,115
25777.75,2025-10-31 11:04:00,25778.8,25771.15,25775.35,2025-10-31,11:04:00,25798.096274253232,4,116
25781.4,2025-10-31 11:05:00,25786.15,25776.7,25776.9,2025-10-31,11:05:00,25796.50615289578,4,117
25782.75,2025-10-31 11:06:00,25784.55,25779.9,25782.45,2025-10-31,11:06:00,25795.196043096184,4,118
25780.85,2025-10-31 11:07:00,25783.8,25779.75,25782.3,2025-10-31,11:07:00,25793.8297532775,4,119
25776.15,2025-10-31 11:08:00,25781.25,25775.4,25780.5,2025-10-31,11:08:00,25792.14596725107,4,120
25781.55,2025-10-31 11:09:00,25782.3,25775.65,25777.15,2025-10-31,11:09:00,25791.13682751287,4,121
25783.2,2025-10-31 11:10:00,25783.4,25778.6,25781.55,2025-10-31,11:10:00,25790.38093917831,4,122
25778.85,2025-10-31 11:11:00,25786.0,25778.4,25783.05,2025-10-31,11:11:00,25789.282754494663,4,123
25772.9,2025-10-31 11:12:00,25779.1,25763.35,25779.1,2025-10-31,11:12:00,25787.722492161836,4,124
25779.3,2025-10-31 11:13:00,25780.45,25772.2,25772.65,2025-10-31,11:13:00,25786.920350051187,4,125
25777.2,2025-10-31 11:14:00,25780.25,25771.8,25779.75,2025-10-31,11:14:00,25785.994602427265,4,126
25770.45,2025-10-31 11:15:00,25776.7,25769.55,25776.4,2025-10-31,11:15:00,25784.51416410086,4,127
25776.4,2025-10-31 11:16:00,25777.55,25771.05,25771.35,2025-10-31,11:16:00,25783.741386567446,4,128
25780.65,2025-10-31 11:17:00,25780.85,25774.0,25775.1,2025-10-31,11:17:00,25783.44696879912,4,129
25781.0,2025-10-31 11:18:00,25781.1,25776.45,25779.85,2025-10-31,11:18:00,25783.213924151583,4,130
25787.45,2025-10-31 11:19:00,25788.15,25779.3,25780.15,2025-10-31,11:19:00,25783.61735994667,4,131
25785.6,2025-10-31 11:20:00,25789.2,25784.3,25787.65,2025-10-31,11:20:00,25783.806182808894,4,132
25786.95,2025-10-31 11:21:00,25787.75,25779.75,25786.45,2025-10-31,11:21:00,25784.105593969954,4,133
25783.8,2025-10-31 11:22:00,25786.8,25780.65,25786.8,2025-10-31,11:22:00,25784.07648978234,4,134
25786.4,2025-10-31 11:23:00,25787.4,25782.95,25783.2,2025-10-31,11:23:00,25784.297776469735,4,135
25791.9,2025-10-31 11:24:00,25794.05,25785.3,25785.3,2025-10-31,11:24:00,25785.02179775833,4,136
25790.65,2025-10-31 11:25:00,25792.45,25788.35,25791.6,2025-10-31,11:25:00,25785.557817019442,4,137
25792.0,2025-10-31 11:26:00,25793.25,25788.8,25790.1,2025-10-31,11:26:00,25786.171358255684,4,138
25781.9,2025-10-31 11:27:00,25791.8,25778.4,25791.6,2025-10-31,11:27:00,25785.764562231336,4,139
25780.7,2025-10-31 11:28:00,25784.1,25780.4,25782.0,2025-10-31,11:28:00,25785.282222971207,4,140
25777.7,2025-10-31 11:29:00,25781.15,25774.55,25780.2,2025-10-31,11:29:00,25784.56010649776,4,141
25775.05,2025-10-31 11:30:00,25779.35,25773.7,25778.1,2025-10-31,11:30:00,25783.654382069402,4,142
25779.7,2025-10-31 11:31:00,25779.7,25774.2,25774.7,2025-10-31,11:31:00,25783.27777425327,4,143
25783.35,2025-10-31 11:32:00,25784.35,25779.55,25779.8,2025-10-31,11:32:00,25783.284652895814,4,144
25790.85,2025-10-31 11:33:00,25790.9,25782.95,25783.7,2025-10-31,11:33:00,25784.005162143832,4,145
25795.75,2025-10-31 11:34:00,25797.45,25787.5,25788.7,2025-10-31,11:34:00,25785.123718130133,4,146
25796.7,2025-10-31 11:35:00,25799.55,25794.65,25795.65,2025-10-31,11:35:00,25786.226221165358,4,147
25800.75,2025-10-31 11:36:00,25801.25,25795.8,25795.85,2025-10-31,11:36:00,25787.60943819723,4,148
25798.65,2025-10-31 11:37:00,25800.9,25797.1,25800.7,2025-10-31,11:37:00,25788.660920273684,4,149
25797.35,2025-10-31 11:38:00,25798.95,25794.25,25797.6,2025-10-31,11:38:00,25789.48845167619,4,150
25793.5,2025-10-31 11:39:00,25797.85,25792.2,25797.85,2025-10-31,11:39:00,25789.870503897502,4,151
25792.25,2025-10-31 11:40:00,25793.0,25787.2,25791.8,2025-10-31,11:40:00,25790.09712257393,4,152
25798.05,2025-10-31 11:41:00,25800.35,25789.65,25791.55,2025-10-31,11:41:00,25790.854539471653,4,153
25797.65,2025-10-31 11:42:00,25799.1,25793.5,25797.95,2025-10-31,11:42:00,25791.50172618864,4,154
25803.75,2025-10-31 11:43:00,25804.8,25795.6,25796.85,2025-10-31,11:43:00,25792.668228456387,4,155
25806.25,2025-10-31 11:44:00,25809.55,25802.95,25803.55,2025-10-31,11:44:00,25793.96173050816,4,156
25804.1,2025-10-31 11:45:00,25808.2,25802.2,25805.25,2025-10-31,11:45:00,25794.92727998357,4,157
25799.45,2025-10-31 11:46:00,25805.45,25799.15,25803.3,2025-10-31,11:46:00,25795.358015223228,4,158
25796.95,2025-10-31 11:47:00,25801.55,25795.25,25799.65,2025-10-31,11:47:00,25795.509632821013,4,159
25796.2,2025-10-31 11:48:00,25798.65,25794.5,25795.4,2025-10-31,11:48:00,25795.575382076153,4,160
25794.95,2025-10-31 11:49:00,25799.1,25794.1,25795.55,2025-10-31,11:49:00,25795.515821878427,4,161
25795.85,2025-10-31 11:50:00,25796.05,25791.35,25794.85,2025-10-31,11:50:00,25795.547648366195,4,162
25801.55,2025-10-31 11:51:00,25801.55,25794.05,25795.0,2025-10-31,11:51:00,25796.11930090275,4,163
25808.5,2025-10-31 11:52:00,25808.5,25801.0,25801.0,2025-10-31,11:52:00,25797.298415102487,4,164
25814.45,2025-10-31 11:53:00,25815.7,25807.3,25808.45,2025-10-31,11:53:00,25798.93189937844,4,165
25817.9,2025-10-31 11:54:00,25818.2,25813.25,25814.85,2025-10-31,11:54:00,25800.73838515192,4,166
25817.15,2025-10-31 11:55:00,25818.95,25815.15,25817.8,2025-10-31,11:55:00,25802.30139608983,4,167
25812.9,2025-10-31 11:56:00,25817.25,25810.9,25816.55,2025-10-31,11:56:00,25803.31078693842,4,168
25815.05,2025-10-31 11:57:00,25815.4,25809.9,25812.55,2025-10-31,11:57:00,25804.428807229997,4,169
25812.6,2025-10-31 11:58:00,25815.65,25809.5,25814.45,2025-10-31,11:58:00,25805.207016065233,4,170
25819.8,2025-10-31 11:59:00,25819.8,25810.3,25812.5,2025-10-31,11:59:00,25806.59682405902,4,171
25820.75,2025-10-31 12:00:00,25823.1,25817.5,25818.3,2025-10-31,12:00:00,25807.94474557721,4,172
25821.75,2025-10-31 12:01:00,25821.75,25817.35,25819.85,2025-10-31,12:01:00,25809.259531712712,4,173
25824.2,2025-10-31 12:02:00,25824.2,25819.7,25820.7,2025-10-31,12:02:00,25810.68243345436,4,174
25823.7,2025-10-31 12:03:00,25825.2,25818.75,25823.9,2025-10-31,12:03:00,25811.922201696805,4,175
25825.85,2025-10-31 12:04:00,25828.35,25821.35,25823.2,2025-10-31,12:04:00,25813.24865867806,4,176
25818.75,2025-10-31 12:05:00,25826.35,25816.95,25825.45,2025-10-31,12:05:00,25813.77259594682,4,177
25821.3,2025-10-31 12:06:00,25821.3,25815.55,25817.55,2025-10-31,12:06:00,25814.489491570934,4,178
25819.75,2025-10-31 12:07:00,25820.6,25817.45,25820.15,2025-10-31,12:07:00,25814.9904923737,4,179
25817.8,2025-10-31 12:08:00,25821.8,25815.4,25820.1,2025-10-31,12:08:00,25815.258064528585,4,180
25822.25,2025-10-31 12:09:00,25822.25,25814.8,25816.9,2025-10-31,12:09:00,25815.92396314491,4,181
25824.0,2025-10-31 12:10:00,25825.95,25821.15,25822.25,2025-10-31,12:10:00,25816.693109512064,4,182
25829.3,2025-10-31 12:11:00,25829.3,25822.3,25823.4,2025-10-31,12:11:00,25817.89376574901,4,183
25823.5,2025-10-31 12:12:00,25834.75,25821.85,25829.25,2025-10-31,12:12:00,25818.42769282053,4,184
25800.9,2025-10-31 12:13:00,25823.2,25800.9,25823.2,2025-10-31,12:13:00,25816.758388742383,4,185
25798.15,2025-10-31 12:14:00,25804.05,25796.6,25801.55,2025-10-31,12:14:00,25814.98616124311,4,186
25807.05,2025-10-31 12:15:00,25807.05,25796.85,25797.6,2025-10-31,12:15:00,25814.230336362813,4,187
25804.45,2025-10-31 12:16:00,25810.45,25803.55,25806.15,2025-10-31,12:16:00,25813.29887575683,4,188
25802.8,2025-10-31 12:17:00,25804.75,25801.3,25804.1,2025-10-31,12:17:00,25812.29898282761,4,189
25806.0,2025-10-31 12:18:00,25806.0,25800.4,25802.5,2025-10-31,12:18:00,25811.69907970117,4,190
25810.6,2025-10-31 12:19:00,25811.7,25804.2,25805.2,2025-10-31,12:19:00,25811.594405443917,4,191
25805.45,2025-10-31 12:20:00,25811.4,25804.45,25810.0,2025-10-31,12:20:00,25811.00922397307,4,192
25804.05,2025-10-31 12:21:00,25805.45,25800.3,25805.05,2025-10-31,12:21:00,25810.34644073754,4,193
25798.75,2025-10-31 12:22:00,25804.05,25797.85,25803.4,2025-10-31,12:22:00,25809.242017810153,4,194
25793.05,2025-10-31 12:23:00,25799.7,25790.95,25799.35,2025-10-31,12:23:00,25807.699920875853,4,195
25790.85,2025-10-31 12:24:00,25792.2,25788.7,25791.95,2025-10-31,12:24:00,25806.095166506726,4,196
25788.85,2025-10-31 12:25:00,25791.35,25785.9,25789.9,2025-10-31,12:25:00,25804.45276969656,4,197
25791.35,2025-10-31 12:26:00,25792.6,25787.6,25789.0,2025-10-31,12:26:00,25803.204886868316,4,198
25789.0,2025-10-31 12:27:00,25791.65,25787.15,25790.95,2025-10-31,12:27:00,25801.852040499904,4,199
25785.45,2025-10-31 12:28:00,25789.6,25784.25,25788.0,2025-10-31,12:28:00,25800.289941404673,4,200
25787.15,2025-10-31 12:29:00,25787.15,25781.75,25785.05,2025-10-31,12:29:00,25799.038518413752,4,201
25787.9,2025-10-31 12:30:00,25788.45,25784.75,25786.9,2025-10-31,12:30:00,25797.97770713625,4,202
25789.3,2025-10-31 12:31:00,25789.65,25783.85,25786.75,2025-10-31,12:31:00,25797.151258837563,4,203
25789.65,2025-10-31 12:32:00,25791.95,25786.85,25790.0,2025-10-31,12:32:00,25796.436853233987,4,204
25791.85,2025-10-31 12:33:00,25791.85,25779.9,25789.5,2025-10-31,12:33:00,25796.000010068845,4,205
25792.2,2025-10-31 12:34:00,25792.2,25787.1,25791.75,2025-10-31,12:34:00,25795.638104348003,4,206
25792.3,2025-10-31 12:35:00,25794.05,25789.75,25791.9,2025-10-31,12:35:00,25795.320189648195,4,207
25786.25,2025-10-31 12:36:00,25793.45,25785.7,25791.85,2025-10-31,12:36:00,25794.45636206265,4,208
25790.45,2025-10-31 12:37:00,25790.45,25784.75,25786.25,2025-10-31,12:37:00,25794.07480377097,4,209
25797.7,2025-10-31 12:38:00,25797.7,25787.55,25789.55,2025-10-31,12:38:00,25794.42006055469,4,210
25799.0,2025-10-31 12:39:00,25799.0,25794.3,25797.65,2025-10-31,12:39:00,25794.856245263767,4,211
25796.85,2025-10-31 12:40:00,25800.0,25791.05,25798.25,2025-10-31,12:40:00,25795.046126667217,4,212
25802.6,2025-10-31 12:41:00,25802.9,25796.15,25796.75,2025-10-31,12:41:00,25795.765543175105,4,213
25804.35,2025-10-31 12:42:00,25807.95,25801.05,25802.2,2025-10-31,12:42:00,25796.58311049176,4,214
25794.65,2025-10-31 12:43:00,25803.65,25791.8,25803.65,2025-10-31,12:43:00,25796.399004730643,4,215
25791.45,2025-10-31 12:44:00,25794.1,25788.0,25791.95,2025-10-31,12:44:00,25795.92767094677,4,216
25794.8,2025-10-31 12:45:00,25795.3,25788.9,25790.4,2025-10-31,12:45:00,25795.820273713747,4,217
25786.65,2025-10-31 12:46:00,25794.5,25784.85,25794.25,2025-10-31,12:46:00,25794.946914312437,4,218
25789.0,2025-10-31 12:47:00,25793.65,25784.55,25787.3,2025-10-31,12:47:00,25794.380541520775,4,219
25789.9,2025-10-31 12:48:00,25791.15,25786.4,25788.35,2025-10-31,12:48:00,25793.953823280703,4,220
25791.05,2025-10-31 12:49:00,25793.8,25788.3,25788.3,2025-10-31,12:49:00,25793.67726868254,4,221
25798.5,2025-10-31 12:50:00,25798.75,25789.5,25790.4,2025-10-31,12:50:00,25794.13657642706,4,222
25794.4,2025-10-31 12:51:00,25798.0,25792.8,25797.7,2025-10-31,12:51:00,25794.16166438639,4,223
25789.85,2025-10-31 12:52:00,25794.35,25786.4,25794.05,2025-10-31,12:52:00,25793.751029682924,4,224
25789.25,2025-10-31 12:53:00,25790.55,25787.0,25789.5,2025-10-31,12:53:00,25793.32236018931,4,225
25791.55,2025-10-31 12:54:00,25793.2,25785.6,25788.95,2025-10-31,12:54:00,25793.153563980806,4,226
25797.6,2025-10-31 12:55:00,25797.6,25790.65,25791.6,2025-10-31,12:55:00,25793.577034077873,4,227
25798.35,2025-10-31 12:56:00,25799.55,25793.35,25796.45,2025-10-31,12:56:00,25794.031602260933,4,228
25801.25,2025-10-31 12:57:00,25803.2,25796.55,25797.8,2025-10-31,12:57:00,25794.71906871227,4,229
25805.7,2025-10-31 12:58:00,25805.7,25799.1,25800.2,2025-10-31,12:58:00,25795.764871692056,4,230
25794.85,2025-10-31 12:59:00,25806.1,25790.7,25804.75,2025-10-31,12:59:00,25795.677741054715,4,231
25796.0,2025-10-31 13:00:00,25801.15,25793.15,25793.4,2025-10-31,13:00:00,25795.70843238284,4,232
25796.45,2025-10-31 13:01:00,25796.45,25790.25,25795.45,2025-10-31,13:01:00,25795.779057870186,4,233
25804.6,2025-10-31 13:02:00,25805.55,25794.7,25796.0,2025-10-31,13:02:00,25796.619147596833,4,234
25806.6,2025-10-31 13:03:00,25808.15,25802.15,25804.55,2025-10-31,13:03:00,25797.569704968562,4,235
25811.65,2025-10-31 13:04:00,25811.65,25799.2,25805.2,2025-10-31,13:04:00,25798.910685447747,4,236
25812.25,2025-10-31 13:05:00,25812.45,25809.05,25811.85,2025-10-31,13:05:00,25800.181096357486,4,237
25810.0,2025-10-31 13:06:00,25812.7,25806.0,25811.35,2025-10-31,13:06:00,25801.116230037725,4,238
25815.85,2025-10-31 13:07:00,25815.85,25808.7,25809.3,2025-10-31,13:07:00,25802.519446224607,4,239
25809.65,2025-10-31 13:08:00,25816.4,25808.0,25814.7,2025-10-31,13:08:00,25803.198546584168,4,240
25813.05,2025-10-31 13:09:00,25813.1,25807.5,25808.65,2025-10-31,13:09:00,25804.13678024282,4,241
25809.75,2025-10-31 13:10:00,25812.0,25807.2,25812.0,2025-10-31,13:10:00,25804.671372600646,4,242
25811.55,2025-10-31 13:11:00,25811.55,25807.8,25809.15,2025-10-31,13:11:00,25805.326479972013,4,243
25806.65,2025-10-31 13:12:00,25810.8,25803.65,25810.8,2025-10-31,13:12:00,25805.45252949849,4,244
25804.25,2025-10-31 13:13:00,25806.2,25800.3,25806.2,2025-10-31,13:13:00,25805.338002879584,4,245
25800.65,2025-10-31 13:14:00,25804.6,25798.85,25803.2,2025-10-31,13:14:00,25804.891526414864,4,246
25802.25,2025-10-31 13:15:00,25804.3,25798.8,25799.85,2025-10-31,13:15:00,25804.63995247059,4,247
25803.4,2025-10-31 13:16:00,25803.4,25796.85,25801.2,2025-10-31,13:16:00,25804.521861759105,4,248
25802.7,2025-10-31 13:17:00,25803.45,25800.1,25802.55,2025-10-31,13:17:00,25804.348351115383,4,249
25807.7,2025-10-31 13:18:00,25807.7,25800.95,25801.8,2025-10-31,13:18:00,25804.667555771062,4,250
25808.35,2025-10-31 13:19:00,25809.85,25805.85,25807.2,2025-10-31,13:19:00,25805.01826474525,4,251
25806.5,2025-10-31 13:20:00,25809.6,25804.35,25807.7,2025-10-31,13:20:00,25805.15938238856,4,252
25801.85,2025-10-31 13:21:00,25806.1,25799.8,25806.0,2025-10-31,13:21:00,25804.84420311346,4,253
25796.4,2025-10-31 13:22:00,25800.9,25793.15,25800.9,2025-10-31,13:22:00,25804.03999329313,4,254
25795.3,2025-10-31 13:23:00,25796.25,25792.2,25795.15,2025-10-31,13:23:00,25803.2076129795,4,255
25792.15,2025-10-31 13:24:00,25795.9,25791.0,25793.35,2025-10-31,13:24:00,25802.154506981453,4,256
25786.85,2025-10-31 13:25:00,25792.35,25783.65,25791.65,2025-10-31,13:25:00,25800.69693488798,4,257
25781.9,2025-10-31 13:26:00,25786.0,25779.4,25785.9,2025-10-31,13:26:00,25798.906750612936,4,258
25778.5,2025-10-31 13:27:00,25782.3,25776.35,25781.2,2025-10-31,13:27:00,25796.96325055456,4,259
25780.3,2025-10-31 13:28:00,25781.2,25773.6,25776.85,2025-10-31,13:28:00,25795.376274311267,4,260
25777.7,2025-10-31 13:29:00,25780.85,25776.3,25780.35,2025-10-31,13:29:00,25793.692819614957,4,261
25777.85,2025-10-31 13:30:00,25777.95,25771.0,25776.6,2025-10-31,13:30:00,25792.18397965163,4,262
25784.05,2025-10-31 13:31:00,25784.2,25777.5,25778.0,2025-10-31,13:31:00,25791.4093149229,4,263
25782.0,2025-10-31 13:32:00,25783.45,25778.75,25782.85,2025-10-31,13:32:00,25790.51318969215,4,264
25782.55,2025-10-31 13:33:00,25782.55,25776.5,25780.4,2025-10-31,13:33:00,25789.754790673847,4,265
25781.75,2025-10-31 13:34:00,25783.3,25778.1,25781.05,2025-10-31,13:34:00,25788.992429657294,4,266
25780.55,2025-10-31 13:35:00,25782.95,25776.5,25780.85,2025-10-31,13:35:00,25788.18838873755,4,267
25773.7,2025-10-31 13:36:00,25782.7,25770.85,25779.65,2025-10-31,13:36:00,25786.808542191116,4,268
25764.65,2025-10-31 13:37:00,25773.5,25760.3,25773.3,2025-10-31,13:37:00,25784.69820483958,4,269
25762.1,2025-10-31 13:38:00,25771.05,25760.0,25763.35,2025-10-31,13:38:00,25782.54599485486,4,270
25762.6,2025-10-31 13:39:00,25763.0,25759.15,25761.4,2025-10-31,13:39:00,25780.646376297253,4,271
25762.15,2025-10-31 13:40:00,25765.95,25760.25,25762.25,2025-10-31,13:40:00,25778.884816649894,4,272
25765.7,2025-10-31 13:41:00,25766.2,25759.8,25761.25,2025-10-31,13:41:00,25777.629119826095,4,273
25768.9,2025-10-31 13:42:00,25768.9,25762.6,25763.45,2025-10-31,13:42:00,25776.797775080755,4,274
25769.8,2025-10-31 13:43:00,25771.75,25766.85,25767.9,2025-10-31,13:43:00,25776.13132031116,4,275
25765.35,2025-10-31 13:44:00,25771.05,25763.05,25768.6,2025-10-31,13:44:00,25775.104527900574,4,276
25768.8,2025-10-31 13:45:00,25768.8,25762.6,25764.1,2025-10-31,13:45:00,25774.50409667195,4,277
25768.35,2025-10-31 13:46:00,25770.15,25766.05,25768.25,2025-10-31,13:46:00,25773.917992227005,4,278
25758.75,2025-10-31 13:47:00,25769.95,25756.7,25767.1,2025-10-31,13:47:00,25772.473421538718,4,279
25756.05,2025-10-31 13:48:00,25758.85,25754.15,25757.65,2025-10-31,13:48:00,25770.909286154078,4,280
25761.35,2025-10-31 13:49:00,25761.35,25754.8,25755.5,2025-10-31,13:49:00,25769.99887794893,4,281
25761.55,2025-10-31 13:50:00,25766.15,25760.15,25760.15,2025-10-31,13:50:00,25769.194222906175,4,282
25764.55,2025-10-31 13:51:00,25764.6,25758.8,25759.75,2025-10-31,13:51:00,25768.75191596273,4,283
25763.8,2025-10-31 13:52:00,25765.85,25760.55,25763.55,2025-10-31,13:52:00,25768.280304918662,4,284
25765.2,2025-10-31 13:53:00,25765.2,25761.35,25761.85,2025-10-31,13:53:00,25767.986942545456,4,285
25769.25,2025-10-31 13:54:00,25769.9,25764.15,25764.4,2025-10-31,13:54:00,25768.107233731604,4,286
25775.0,2025-10-31 13:55:00,25777.65,25766.85,25768.1,2025-10-31,13:55:00,25768.763687661925,4,287
25776.9,2025-10-31 13:56:00,25781.85,25772.85,25774.75,2025-10-31,13:56:00,25769.53857455127,4,288
25778.65,2025-10-31 13:57:00,25782.15,25774.2,25776.75,2025-10-31,13:57:00,25770.40632935591,4,289
25776.5,2025-10-31 13:58:00,25779.9,25774.2,25777.95,2025-10-31,13:58:00,25770.986678941063,4,290
25775.35,2025-10-31 13:59:00,25781.25,25773.1,25776.55,2025-10-31,13:59:00,25771.402233327626,4,291
25777.5,2025-10-31 14:00:00,25777.5,25763.65,25774.05,2025-10-31,14:00:00,25771.98297301071,4,292
25773.6,2025-10-31 14:01:00,25779.0,25769.0,25775.65,2025-10-31,14:01:00,25772.136975581117,4,293
25778.55,2025-10-31 14:02:00,25778.55,25768.8,25771.8,2025-10-31,14:02:00,25772.747739811486,4,294
25789.85,2025-10-31 14:03:00,25789.95,25777.4,25777.8,2025-10-31,14:03:00,25774.376526496108,4,295
25782.45,2025-10-31 14:04:00,25790.1,25779.3,25789.2,2025-10-31,14:04:00,25775.145428734573,4,296
25774.3,2025-10-31 14:05:00,25782.5,25771.55,25780.55,2025-10-31,14:05:00,25775.064911712234,4,297
25769.7,2025-10-31 14:06:00,25776.35,25766.5,25774.0,2025-10-31,14:06:00,25774.55396773964,4,298
25768.05,2025-10-31 14:07:00,25769.8,25763.65,25769.2,2025-10-31,14:07:00,25773.934542240626,4,299
25770.7,2025-10-31 14:08:00,25770.7,25765.8,25766.65,2025-10-31,14:08:00,25773.62649059866,4,300
25774.8,2025-10-31 14:09:00,25776.3,25768.95,25768.95,2025-10-31,14:09:00,25773.738253398787,4,301
25770.6,2025-10-31 14:10:00,25774.85,25768.05,25774.7,2025-10-31,14:10:00,25773.43937212271,4,302
25772.35,2025-10-31 14:11:00,25772.5,25768.75,25770.25,2025-10-31,14:11:00,25773.33562239674,4,303
25770.75,2025-10-31 14:12:00,25774.3,25767.45,25772.0,2025-10-31,14:12:00,25773.089372644667,4,304
25777.05,2025-10-31 14:13:00,25778.2,25769.9,25769.9,2025-10-31,14:13:00,25773.46657524994,4,305
25777.4,2025-10-31 14:14:00,25779.5,25775.15,25775.95,2025-10-31,14:14:00,25773.841187130896,4,306
25772.5,2025-10-31 14:15:00,25777.25,25769.45,25777.25,2025-10-31,14:15:00,25773.713455023193,4,307
25769.55,2025-10-31 14:16:00,25773.15,25765.65,25772.1,2025-10-31,14:16:00,25773.316935497176,4,308
25750.95,2025-10-31 14:17:00,25768.35,25747.9,25768.2,2025-10-31,14:17:00,25771.186751164114,4,309
25752.15,2025-10-31 14:18:00,25752.8,25743.0,25749.35,2025-10-31,14:18:00,25769.37372724372,4,310
25764.45,2025-10-31 14:19:00,25764.75,25749.45,25750.75,2025-10-31,14:19:00,25768.90480083956,4,311
25760.2,2025-10-31 14:20:00,25764.8,25755.6,25763.75,2025-10-31,14:20:00,25768.07577218817,4,312
25760.65,2025-10-31 14:21:00,25762.75,25757.45,25759.5,2025-10-31,14:21:00,25767.3685557893,4,313
25755.3,2025-10-31 14:22:00,25760.35,25752.65,25759.55,2025-10-31,14:22:00,25766.219169523654,4,314
25756.45,2025-10-31 14:23:00,25759.95,25752.8,25754.9,2025-10-31,14:23:00,25765.288772426164,4,315
25760.55,2025-10-31 14:24:00,25760.55,25752.8,25755.1,2025-10-31,14:24:00,25764.837460766532,4,316
25763.9,2025-10-31 14:25:00,25763.9,25757.9,25760.0,2025-10-31,14:25:00,25764.748178788766,4,317
25769.75,2025-10-31 14:26:00,25769.75,25761.7,25762.45,2025-10-31,14:26:00,25765.224542713644,4,318
25777.55,2025-10-31 14:27:00,25777.75,25767.9,25770.4,2025-10-31,14:27:00,25766.398395788536,4,319
25778.35,2025-10-31 14:28:00,25780.0,25775.3,25776.75,2025-10-31,14:28:00,25767.536643808675,4,320
25782.1,2025-10-31 14:29:00,25785.0,25772.4,25778.15,2025-10-31,14:29:00,25768.92363011261,4,321
25777.15,2025-10-31 14:30:00,25783.65,25774.55,25781.75,2025-10-31,14:30:00,25769.70709391141,4,322
25780.4,2025-10-31 14:31:00,25781.1,25774.2,25776.65,2025-10-31,14:31:00,25770.725465919848,4,323
25782.95,2025-10-31 14:32:00,25782.95,25777.65,25779.55,2025-10-31,14:32:00,25771.889707260816,4,324
25782.95,2025-10-31 14:33:00,25786.4,25781.3,25782.35,2025-10-31,14:33:00,25772.943068474073,4,325
25781.8,2025-10-31 14:34:00,25783.35,25778.2,25782.2,2025-10-31,14:34:00,25773.786585762256,4,326
25778.3,2025-10-31 14:35:00,25781.45,25772.3,25781.1,2025-10-31,14:35:00,25774.216434737278,4,327
25766.85,2025-10-31 14:36:00,25778.1,25764.7,25778.1,2025-10-31,14:36:00,25773.514869524206,4,328
25762.8,2025-10-31 14:37:00,25766.6,25759.35,25766.6,2025-10-31,14:37:00,25772.494405759993,4,329
25770.55,2025-10-31 14:38:00,25770.55,25761.8,25761.8,2025-10-31,14:38:00,25772.30922425904,4,330
25774.0,2025-10-31 14:39:00,25774.6,25769.1,25770.1,2025-10-31,14:39:00,25772.470250520084,4,331
25776.35,2025-10-31 14:40:00,25776.85,25768.95,25772.85,2025-10-31,14:40:00,25772.83975047055,4,332
25774.1,2025-10-31 14:41:00,25774.6,25770.9,25774.15,2025-10-31,14:41:00,25772.95977423526,4,333
25780.7,2025-10-31 14:42:00,25780.7,25773.1,25773.45,2025-10-31,14:42:00,25773.696938593806,4,334
25775.75,2025-10-31 14:43:00,25780.75,25773.95,25779.8,2025-10-31,14:43:00,25773.89246825154,4,335
25774.25,2025-10-31 14:44:00,25776.3,25772.15,25775.65,2025-10-31,14:44:00,25773.92651889425,4,336
25771.4,2025-10-31 14:45:00,25772.9,25768.2,25772.75,2025-10-31,14:45:00,25773.68589804718,4,337
25769.7,2025-10-31 14:46:00,25771.35,25765.4,25771.35,2025-10-31,14:46:00,25773.306288709355,4,338
25767.8,2025-10-31 14:47:00,25770.3,25765.35,25768.85,2025-10-31,14:47:00,25772.781880260845,4,339
25770.65,2025-10-31 14:48:00,25770.65,25763.55,25767.0,2025-10-31,14:48:00,25772.578844045525,4,340
25768.35,2025-10-31 14:49:00,25772.95,25766.35,25770.25,2025-10-31,14:49:00,25772.17609699357,4,341
25765.4,2025-10-31 14:50:00,25770.9,25761.9,25770.9,2025-10-31,14:50:00,25771.530754422754,4,342
25754.0,2025-10-31 14:51:00,25765.95,25752.8,25764.9,2025-10-31,14:51:00,25769.861158763444,4,343
25745.85,2025-10-31 14:52:00,25754.5,25743.25,25754.5,2025-10-31,14:52:00,25767.574381738355,4,344
25744.25,2025-10-31 14:53:00,25750.0,25743.2,25745.45,2025-10-31,14:53:00,25765.35301204899,4,345
25742.4,2025-10-31 14:54:00,25746.7,25740.8,25744.05,2025-10-31,14:54:00,25763.167010901467,4,346
25757.3,2025-10-31 14:55:00,25759.15,25742.4,25742.4,2025-10-31,14:55:00,25762.60824795847,4,347
25752.1,2025-10-31 14:56:00,25756.6,25750.3,25756.6,2025-10-31,14:56:00,25761.607462438613,4,348
25751.65,2025-10-31 14:57:00,25753.85,25749.4,25750.35,2025-10-31,14:57:00,25760.659132682555,4,349
25754.7,2025-10-31 14:58:00,25754.7,25747.85,25751.1,2025-10-31,14:58:00,25760.091596236594,4,350
25754.8,2025-10-31 14:59:00,25755.65,25752.0,25753.75,2025-10-31,14:59:00,25759.58763469025,4,351
25734.4,2025-10-31 15:00:00,25751.55,25730.55,25750.45,2025-10-31,15:00:00,25757.1888123388,4,352
25726.3,2025-10-31 15:01:00,25733.35,25722.8,25733.35,2025-10-31,15:01:00,25754.247020687486,4,353
25726.75,2025-10-31 15:02:00,25728.85,25722.85,25725.2,2025-10-31,15:02:00,25751.628256812488,4,354
25725.9,2025-10-31 15:03:00,25726.9,25722.7,25725.8,2025-10-31,15:03:00,25749.17794663987,4,355
25724.45,2025-10-31 15:04:00,25726.65,25722.05,25724.9,2025-10-31,15:04:00,25746.82290410274,4,356
25722.75,2025-10-31 15:05:00,25724.75,25721.6,25723.8,2025-10-31,15:05:00,25744.530246569146,4,357
25724.65,2025-10-31 15:06:00,25727.5,25721.9,25721.9,2025-10-31,15:06:00,25742.636889753037,4,358
25720.55,2025-10-31 15:07:00,25724.85,25719.9,25723.45,2025-10-31,15:07:00,25740.53337644322,4,359
25724.0,2025-10-31 15:08:00,25725.5,25720.25,25720.55,2025-10-31,15:08:00,25738.958769162917,4,360
25718.55,2025-10-31 15:09:00,25723.45,25716.8,25723.25,2025-10-31,15:09:00,25737.015076861688,4,361
25720.7,2025-10-31 15:10:00,25722.25,25717.05,25718.75,2025-10-31,15:10:00,25735.461260017717,4,362
25720.45,2025-10-31 15:11:00,25723.1,25719.55,25720.5,2025-10-31,15:11:00,25734.031616206506,4,363
25718.75,2025-10-31 15:12:00,25720.65,25717.0,25719.85,2025-10-31,15:12:00,25732.57622418684,4,364
25713.6,2025-10-31 15:13:00,25719.25,25713.25,25718.0,2025-10-31,15:13:00,25730.768964740477,4,365
25715.75,2025-10-31 15:14:00,25718.25,25713.0,25714.25,2025-10-31,15:14:00,25729.338587146143,4,366
25723.95,2025-10-31 15:15:00,25724.2,25714.1,25715.65,2025-10-31,15:15:00,25728.825388370322,4,367
25725.35,2025-10-31 15:16:00,25726.5,25722.8,25723.45,2025-10-31,15:16:00,25728.49439900172,4,368
25723.7,2025-10-31 15:17:00,25728.4,25723.6,25725.75,2025-10-31,15:17:00,25728.037789572983,4,369
25712.4,2025-10-31 15:18:00,25724.15,25711.4,25723.6,2025-10-31,15:18:00,25726.548476280317,4,370
25713.35,2025-10-31 15:19:00,25715.9,25712.6,25713.05,2025-10-31,15:19:00,25725.291478539337,4,371
25715.05,2025-10-31 15:20:00,25716.3,25712.4,25714.75,2025-10-31,15:20:00,25724.31609963083,4,372
25717.0,2025-10-31 15:21:00,25718.55,25714.55,25716.25,2025-10-31,15:21:00,25723.619328237415,4,373
25715.45,2025-10-31 15:22:00,25717.75,25714.0,25717.4,2025-10-31,15:22:00,25722.84129697671,4,374
25723.65,2025-10-31 15:23:00,25727.7,25715.65,25717.4,2025-10-31,15:23:00,25722.918316312258,4,375
25728.35,2025-10-31 15:24:00,25730.75,25723.7,25725.45,2025-10-31,15:24:00,25723.435619520613,4,376
25724.0,2025-10-31 15:25:00,25729.7,25722.8,25728.05,2025-10-31,15:25:00,25723.48937004246,4,377
25726.6,2025-10-31 15:26:00,25729.55,25722.25,25724.1,2025-10-31,15:26:00,25723.78562051461,4,378
25726.25,2025-10-31 15:27:00,25728.6,25723.5,25726.9,2025-10-31,15:27:00,25724.020323322744,4,379
25729.35,2025-10-31 15:28:00,25731.2,25722.55,25726.55,2025-10-31,15:28:00,25724.527911577723,4,380
25732.55,2025-10-31 15:29:00,25736.25,25722.75,25725.35,2025-10-31,15:29:00,25725.291919998894,4,381
25696.85,2025-11-03 09:09:00,25696.85,25696.85,25696.85,2025-11-03,09:09:00,25722.583165713284,0,1
25696.85,2025-11-03 09:10:00,25696.85,25696.85,25696.85,2025-11-03,09:10:00,25720.132388026304,0,2
25696.85,2025-11-03 09:11:00,25696.85,25696.85,25696.85,2025-11-03,09:11:00,25717.915017738083,0,3
25696.85,2025-11-03 09:12:00,25696.85,25696.85,25696.85,2025-11-03,09:12:00,25715.90882557255,0,4
25696.85,2025-11-03 09:13:00,25696.85,25696.85,25696.85,2025-11-03,09:13:00,25714.093699327546,0,5
25696.85,2025-11-03 09:14:00,25696.85,25696.85,25696.85,2025-11-03,09:14:00,25712.45144224873,0,6
25710.8,2025-11-03 09:15:00,25737.45,25694.1,25694.1,2025-11-03,09:15:00,25712.294162034566,0,7
25673.9,2025-11-03 09:16:00,25712.1,25665.9,25712.1,2025-11-03,09:16:00,25708.63757517413,0,8
25663.95,2025-11-03 09:17:00,25671.15,25659.2,25671.15,2025-11-03,09:17:00,25704.381615633738,0,9
25677.85,2025-11-03 09:18:00,25677.85,25664.9,25666.1,2025-11-03,09:18:00,25701.85479509719,0,10
25687.85,2025-11-03 09:19:00,25692.45,25676.05,25678.7,2025-11-03,09:19:00,25700.521005087936,0,11
25700.1,2025-11-03 09:20:00,25700.95,25686.7,25687.45,2025-11-03,09:20:00,25700.480909365273,0,12
25681.7,2025-11-03 09:21:00,25706.5,25678.7,25700.0,2025-11-03,09:21:00,25698.69225133048,0,13
25683.85,2025-11-03 09:22:00,25698.9,25681.3,25681.3,2025-11-03,09:22:00,25697.27870358472,0,14
25680.6,2025-11-03 09:23:00,25687.5,25679.9,25682.8,2025-11-03,09:23:00,25695.69025562427,0,15
25675.05,2025-11-03 09:24:00,25683.35,25664.6,25680.95,2025-11-03,09:24:00,25693.72451699339,0,16
25675.8,2025-11-03 09:25:00,25685.75,25674.65,25675.3,2025-11-03,09:25:00,25692.017420136875,0,17
25670.0,2025-11-03 09:26:00,25678.1,25665.45,25675.45,2025-11-03,09:26:00,25689.92052298098,0,18
25673.2,2025-11-03 09:27:00,25677.2,25666.65,25667.85,2025-11-03,09:27:00,25688.328092220887,0,19
25678.65,2025-11-03 09:28:00,25686.1,25672.3,25672.3,2025-11-03,09:28:00,25687.40636915223,0,20
25678.6,2025-11-03 09:29:00,25682.95,25674.1,25679.0,2025-11-03,09:29:00,25686.567667328207,0,21
25657.85,2025-11-03 09:30:00,25677.7,25651.65,25677.7,2025-11-03,09:30:00,25683.832651392186,0,22
25657.2,2025-11-03 09:31:00,25662.05,25654.1,25657.4,2025-11-03,09:31:00,25681.296208402455,0,23
25646.45,2025-11-03 09:32:00,25657.7,25646.25,25656.65,2025-11-03,09:32:00,25677.977521887937,0,24
25659.05,2025-11-03 09:33:00,25660.65,25645.95,25647.9,2025-11-03,09:33:00,25676.174900755752,0,25
25666.95,2025-11-03 09:34:00,25668.55,25655.3,25658.6,2025-11-03,09:34:00,25675.296338779015,0,26
25675.9,2025-11-03 09:35:00,25676.1,25662.15,25667.7,2025-11-03,09:35:00,25675.35383032387,0,27
25696.5,2025-11-03 09:36:00,25696.8,25673.1,25675.95,2025-11-03,09:36:00,25677.367751245405,0,28
25690.05,2025-11-03 09:37:00,25696.95,25686.9,25696.95,2025-11-03,09:37:00,25678.57558446013,0,29
25699.95,2025-11-03 09:38:00,25702.95,25687.05,25690.45,2025-11-03,09:38:00,25680.611243082974,0,30
25709.7,2025-11-03 09:39:00,25709.7,25694.15,25699.75,2025-11-03,09:39:00,25683.381600884597,0,31
25717.0,2025-11-03 09:40:00,25722.45,25709.3,25709.3,2025-11-03,09:40:00,25686.583353181304,0,32
25727.4,2025-11-03 09:41:00,25729.3,25716.4,25718.25,2025-11-03,09:41:00,25690.470652878324,0,33
25725.8,2025-11-03 09:42:00,25729.15,25722.55,25728.65,2025-11-03,09:42:00,25693.835352604197,0,34
25736.45,2025-11-03 09:43:00,25737.1,25726.75,25727.1,2025-11-03,09:43:00,25697.893890451414,0,35
25723.25,2025-11-03 09:44:00,25739.0,25721.9,25735.65,2025-11-03,09:44:00,25700.30875802747,0,36
25732.5,2025-11-03 09:45:00,25735.7,25721.9,25722.5,2025-11-03,09:45:00,25703.374590596282,0,37
25727.2,2025-11-03 09:46:00,25732.5,25723.8,25732.5,2025-11-03,09:46:00,25705.64367720616,0,38
25748.7,2025-11-03 09:47:00,25751.4,25726.45,25726.45,2025-11-03,09:47:00,25709.744279377002,0,39
25750.35,2025-11-03 09:48:00,25751.8,25746.65,25749.0,2025-11-03,09:48:00,25713.611490864907,0,40
25751.45,2025-11-03 09:49:00,25753.1,25747.65,25750.3,2025-11-03,09:49:00,25717.21515840158,0,41
25750.05,2025-11-03 09:50:00,25754.35,25747.8,25751.45,2025-11-03,09:50:00,25720.34228617286,0,42
25741.45,2025-11-03 09:51:00,25752.05,25741.1,25749.55,2025-11-03,09:51:00,25722.352544632588,0,43
25755.85,2025-11-03 09:52:00,25756.2,25739.6,25741.3,2025-11-03,09:52:00,25725.542778477105,0,44
25744.75,2025-11-03 09:53:00,25756.05,25743.45,25756.0,2025-11-03,09:53:00,25727.37203766976,0,45
25743.6,2025-11-03 09:54:00,25747.25,25738.9,25744.75,2025-11-03,09:54:00,25728.917557891687,0,46
25747.35,2025-11-03 09:55:00,25748.85,25741.9,25741.9,2025-11-03,09:55:00,25730.67302856867,0,47
25746.95,2025-11-03 09:56:00,25750.35,25745.8,25747.4,2025-11-03,09:56:00,25732.223216324037,0,48
25744.9,2025-11-03 09:57:00,25746.35,25741.9,25746.15,2025-11-03,09:57:00,25733.430529055084,0,49
25744.15,2025-11-03 09:58:00,25748.85,25740.6,25745.15,2025-11-03,09:58:00,25734.451431049838,0,50
25759.9,2025-11-03 09:59:00,25761.5,25743.6,25743.6,2025-11-03,09:59:00,25736.875104283186,0,51
25746.05,2025-11-03 10:00:00,25761.3,25743.8,25759.45,2025-11-03,10:00:00,25737.748903875265,0,52
25742.6,2025-11-03 10:01:00,25747.25,25742.1,25746.3,2025-11-03,10:01:00,25738.21091303,0,53
25732.95,2025-11-03 10:02:00,25742.65,25730.55,25742.65,2025-11-03,10:02:00,25737.70987369381,0,54
25719.8,2025-11-03 10:03:00,25733.55,25719.3,25733.1,2025-11-03,10:03:00,25736.004171437256,0,55
25724.2,2025-11-03 10:04:00,25725.8,25719.35,25720.55,2025-11-03,10:04:00,25734.87996463371,0,56
25725.2,2025-11-03 10:05:00,25728.25,25722.35,25724.0,2025-11-03,10:05:00,25733.958063240025,0,57
25714.2,2025-11-03 10:06:00,25730.05,25713.7,25725.2,2025-11-03,10:06:00,25732.07634293145,0,58
25719.1,2025-11-03 10:07:00,25721.25,25713.8,25713.8,2025-11-03,10:07:00,25730.840500747505,0,59
25709.6,2025-11-03 10:08:00,25720.4,25708.25,25719.25,2025-11-03,10:08:00,25728.81759591441,0,60
25712.8,2025-11-03 10:09:00,25716.9,25708.65,25709.55,2025-11-03,10:09:00,25727.292110589227,0,61
25711.9,2025-11-03 10:10:00,25719.7,25710.65,25713.2,2025-11-03,10:10:00,25725.826195295016,0,62
25724.4,2025-11-03 10:11:00,25724.4,25710.7,25712.4,2025-11-03,10:11:00,25725.690367171683,0,63
25716.3,2025-11-03 10:12:00,25724.6,25714.95,25724.35,2025-11-03,10:12:00,25724.796046488667,0,64
25720.8,2025-11-03 10:13:00,25721.15,25712.85,25716.5,2025-11-03,10:13:00,25724.4154706326,0,65
25712.35,2025-11-03 10:14:00,25722.2,25711.55,25720.85,2025-11-03,10:14:00,25723.2663781914,0,66
25700.3,2025-11-03 10:15:00,25712.05,25695.95,25711.85,2025-11-03,10:15:00,25721.079104077937,0,67
25704.55,2025-11-03 10:16:00,25705.65,25695.35,25700.25,2025-11-03,10:16:00,25719.50490368956,0,68
25716.25,2025-11-03 10:17:00,25717.0,25704.6,25704.65,2025-11-03,10:17:00,25719.194912861985,0,69
25722.4,2025-11-03 10:18:00,25729.1,25717.55,25717.65,2025-11-03,10:18:00,25719.500159256084,0,70
25714.05,2025-11-03 10:19:00,25722.55,25711.45,25722.15,2025-11-03,10:19:00,25718.98109646979,0,71
25711.05,2025-11-03 10:20:00,25718.55,25710.05,25715.2,2025-11-03,10:20:00,25718.22575394886,0,72
25712.75,2025-11-03 10:21:00,25714.35,25707.9,25711.5,2025-11-03,10:21:00,25717.704253572778,0,73
25722.7,2025-11-03 10:22:00,25724.35,25711.65,25713.2,2025-11-03,10:22:00,25718.180038946797,0,74
25726.1,2025-11-03 10:23:00,25727.4,25722.0,25723.8,2025-11-03,10:23:00,25718.934320951863,0,75
25723.6,2025-11-03 10:24:00,25726.2,25721.8,25725.9,2025-11-03,10:24:00,25719.3786713374,0,76
25719.8,2025-11-03 10:25:00,25726.9,25715.05,25724.05,2025-11-03,10:25:00,25719.418797876693,0,77
25722.0,2025-11-03 10:26:00,25722.7,25717.95,25719.6,2025-11-03,10:26:00,25719.66462665034,0,78
25715.6,2025-11-03 10:27:00,25722.75,25712.15,25722.35,2025-11-03,10:27:00,25719.277519350308,0,79
25720.6,2025-11-03 10:28:00,25721.7,25713.9,25715.5,2025-11-03,10:28:00,25719.403469888373,0,80
25729.3,2025-11-03 10:29:00,25730.35,25718.5,25719.15,2025-11-03,10:29:00,25720.345996565673,0,81
25724.7,2025-11-03 10:30:00,25730.05,25718.4,25727.5,2025-11-03,10:30:00,25720.76066355942,0,82
25731.95,2025-11-03 10:31:00,25732.55,25721.35,25724.6,2025-11-03,10:31:00,25721.826314649,0,83
25730.35,2025-11-03 10:32:00,25735.05,25729.55,25732.25,2025-11-03,10:32:00,25722.63809420624,0,84
25731.0,2025-11-03 10:33:00,25731.85,25728.9,25730.35,2025-11-03,10:33:00,25723.434466186594,0,85
25730.55,2025-11-03 10:34:00,25731.5,25725.8,25730.75,2025-11-03,10:34:00,25724.112136073585,0,86
25732.25,2025-11-03 10:35:00,25733.95,25729.0,25730.0,2025-11-03,10:35:00,25724.887170733244,0,87
25736.5,2025-11-03 10:36:00,25736.6,25729.7,25732.45,2025-11-03,10:36:00,25725.993154472933,0,88
25749.55,2025-11-03 10:37:00,25751.1,25737.35,25737.35,2025-11-03,10:37:00,25728.236663570748,0,89
25758.5,2025-11-03 10:38:00,25759.65,25748.75,25751.8,2025-11-03,10:38:00,25731.11888608782,0,90
25758.85,2025-11-03 10:39:00,25762.2,25755.45,25758.5,2025-11-03,10:39:00,25733.759944555648,0,91
25759.7,2025-11-03 10:40:00,25760.45,25756.6,25758.85,2025-11-03,10:40:00,25736.230426026537,0,92
25753.6,2025-11-03 10:41:00,25760.05,25751.65,25759.65,2025-11-03,10:41:00,25737.884671166867,0,93
25756.15,2025-11-03 10:42:00,25757.25,25751.35,25753.5,2025-11-03,10:42:00,25739.624226293832,0,94
25770.45,2025-11-03 10:43:00,25770.45,25753.7,25755.75,2025-11-03,10:43:00,25742.560014265848,0,95
25771.05,2025-11-03 10:44:00,25771.55,25766.45,25770.1,2025-11-03,10:44:00,25745.27334624053,0,96
25770.6,2025-11-03 10:45:00,25773.3,25768.25,25772.15,2025-11-03,10:45:00,25747.685408503337,0,97
25766.75,2025-11-03 10:46:00,25770.0,25763.75,25770.0,2025-11-03,10:46:00,25749.501083883973,0,98
25765.4,2025-11-03 10:47:00,25767.4,25763.3,25766.85,2025-11-03,10:47:00,25751.015266371214,0,99
25757.6,2025-11-03 10:48:00,25766.7,25757.2,25765.9,2025-11-03,10:48:00,25751.642383859667,0,100
25752.4,2025-11-03 10:49:00,25758.65,25751.45,25757.7,2025-11-03,10:49:00,25751.714537777792,0,101
25749.05,2025-11-03 10:50:00,25753.55,25747.95,25753.55,2025-11-03,10:50:00,25751.460772275146,0,102
25748.4,2025-11-03 10:51:00,25749.6,25745.75,25749.05,2025-11-03,10:51:00,25751.169270153703,0,103
25746.05,2025-11-03 10:52:00,25749.45,25744.4,25748.05,2025-11-03,10:52:00,25750.681720615255,0,104
25743.8,2025-11-03 10:53:00,25746.9,25740.15,25745.6,2025-11-03,10:53:00,25750.026318651897,0,105
25744.35,2025-11-03 10:54:00,25746.55,25742.25,25744.1,2025-11-03,10:54:00,25749.485716875526,0,106
25748.75,2025-11-03 10:55:00,25748.9,25742.65,25744.1,2025-11-03,10:55:00,25749.415648601665,0,107
25741.0,2025-11-03 10:56:00,25749.7,25740.1,25749.0,2025-11-03,10:56:00,25748.61415825865,0,108
25746.65,2025-11-03 10:57:00,25746.95,25736.7,25740.55,2025-11-03,10:57:00,25748.42709556735,0,109
25747.65,2025-11-03 10:58:00,25748.25,25743.1,25745.95,2025-11-03,10:58:00,25748.353086465697,0,110
25749.25,2025-11-03 10:59:00,25750.1,25745.5,25747.2,2025-11-03,10:59:00,25748.438506802297,0,111
25755.3,2025-11-03 11:00:00,25756.25,25748.1,25749.35,2025-11-03,11:00:00,25749.091982344937,0,112
25756.15,2025-11-03 11:01:00,25758.5,25754.6,25755.35,2025-11-03,11:01:00,25749.76417450256,0,113
25748.9,2025-11-03 11:02:00,25755.9,25748.5,25755.9,2025-11-03,11:02:00,25749.681872168985,0,114
25751.2,2025-11-03 11:03:00,25753.15,25746.5,25747.7,2025-11-03,11:03:00,25749.826455771938,0,115
25751.8,2025-11-03 11:04:00,25754.3,25750.55,25752.0,2025-11-03,11:04:00,25750.014412365086,0,116
25753.55,2025-11-03 11:05:00,25753.75,25750.45,25752.2,2025-11-03,11:05:00,25750.351134996985,0,117
25752.3,2025-11-03 11:06:00,25758.4,25751.85,25753.9,2025-11-03,11:06:00,25750.53674118775,0,118
25755.7,2025-11-03 11:07:00,25758.85,25750.4,25752.35,2025-11-03,11:07:00,25751.02848012225,0,119
25756.95,2025-11-03 11:08:00,25759.45,25754.55,25756.1,2025-11-03,11:08:00,25751.592434396323,0,120
25758.3,2025-11-03 11:09:00,25759.7,25753.95,25756.55,2025-11-03,11:09:00,25752.231250168104,0,121
25757.9,2025-11-03 11:10:00,25759.75,25756.5,25758.35,2025-11-03,11:10:00,25752.771131104477,0,122
25756.1,2025-11-03 11:11:00,25759.2,25753.25,25757.7,2025-11-03,11:11:00,25753.088166237383,0,123
25761.1,2025-11-03 11:12:00,25761.75,25753.8,25756.8,2025-11-03,11:12:00,25753.8511980243,0,124
25759.25,2025-11-03 11:13:00,25760.7,25757.8,25760.3,2025-11-03,11:13:00,25754.365369641033,0,125
25753.9,2025-11-03 11:14:00,25759.5,25753.55,25759.5,2025-11-03,11:14:00,25754.32104872284,0,126
25749.95,2025-11-03 11:15:00,25754.5,25749.0,25753.95,2025-11-03,11:15:00,25753.904758368284,0,127
25750.35,2025-11-03 11:16:00,25752.1,25749.05,25750.2,2025-11-03,11:16:00,25753.56620995226,0,128
25749.75,2025-11-03 11:17:00,25750.6,25748.25,25750.2,2025-11-03,11:17:00,25753.202761385375,0,129
25755.4,2025-11-03 11:18:00,25757.4,25748.25,25749.55,2025-11-03,11:18:00,25753.41202220582,0,130
25757.45,2025-11-03 11:19:00,25758.35,25753.75,25755.3,2025-11-03,11:19:00,25753.79659151955,0,131
25751.1,2025-11-03 11:20:00,25757.1,25750.35,25757.1,2025-11-03,11:20:00,25753.539773279594,0,132
25755.05,2025-11-03 11:21:00,25758.45,25749.7,25750.6,2025-11-03,11:21:00,25753.68360439582,0,133
25756.6,2025-11-03 11:22:00,25758.7,25753.25,25755.05,2025-11-03,11:22:00,25753.961356358122,0,134
25755.6,2025-11-03 11:23:00,25756.25,25750.45,25756.25,2025-11-03,11:23:00,25754.11741765735,0,135
25758.3,2025-11-03 11:24:00,25760.9,25752.8,25755.65,2025-11-03,11:24:00,25754.515758832844,0,136
25753.9,2025-11-03 11:25:00,25758.9,25751.65,25758.8,2025-11-03,11:25:00,25754.45711513448,0,137
25744.65,2025-11-03 11:26:00,25753.45,25743.1,25753.45,2025-11-03,11:26:00,25753.52310416929,0,138
25747.4,2025-11-03 11:27:00,25749.3,25743.8,25744.25,2025-11-03,11:27:00,25752.939951391265,0,139
25746.85,2025-11-03 11:28:00,25749.7,25745.2,25747.55,2025-11-03,11:28:00,25752.359956020668,0,140
25753.8,2025-11-03 11:29:00,25753.8,25745.35,25746.25,2025-11-03,11:29:00,25752.49710306632,0,141
25752.15,2025-11-03 11:30:00,25754.3,25750.0,25753.3,2025-11-03,11:30:00,25752.46404563143,0,142
25754.1,2025-11-03 11:31:00,25754.25,25750.15,25752.5,2025-11-03,11:31:00,25752.619850809388,0,143
25757.4,2025-11-03 11:32:00,25758.0,25752.45,25753.85,2025-11-03,11:32:00,25753.075103113253,0,144
25754.2,2025-11-03 11:33:00,25757.4,25752.45,25757.4,2025-11-03,11:33:00,25753.182236150085,0,145
25752.45,2025-11-03 11:34:00,25754.5,25751.25,25753.7,2025-11-03,11:34:00,25753.112499373885,0,146
25747.45,2025-11-03 11:35:00,25752.35,25746.3,25752.35,2025-11-03,11:35:00,25752.57321371923,0,147
25742.75,2025-11-03 11:36:00,25747.05,25739.7,25747.05,2025-11-03,11:36:00,25751.637669555497,0,148
25744.25,2025-11-03 11:37:00,25744.9,25740.6,25742.7,2025-11-03,11:37:00,25750.934081978783,0,149
25741.0,2025-11-03 11:38:00,25744.35,25739.7,25744.35,2025-11-03,11:38:00,25749.987978933186,0,150
25736.2,2025-11-03 11:39:00,25740.85,25734.8,25740.85,2025-11-03,11:39:00,25748.674838082406,0,151
25733.2,2025-11-03 11:40:00,25736.75,25731.7,25736.5,2025-11-03,11:40:00,25747.20104397932,0,152
25733.3,2025-11-03 11:41:00,25734.4,25730.9,25733.2,2025-11-03,11:41:00,25745.877135028906,0,153
25729.35,2025-11-03 11:42:00,25733.85,25728.45,25733.75,2025-11-03,11:42:00,25744.30312216901,0,154
25730.5,2025-11-03 11:43:00,25731.3,25724.9,25729.1,2025-11-03,11:43:00,25742.988539105296,0,155
25726.1,2025-11-03 11:44:00,25729.95,25723.85,25729.75,2025-11-03,11:44:00,25741.380106809553,0,156
25721.8,2025-11-03 11:45:00,25725.7,25720.95,25725.7,2025-11-03,11:45:00,25739.515334732452,0,157
25722.65,2025-11-03 11:46:00,25725.25,25720.05,25723.25,2025-11-03,11:46:00,25737.90911237698,0,158
25715.85,2025-11-03 11:47:00,25725.35,25714.5,25722.6,2025-11-03,11:47:00,25735.808244531552,0,159
25724.8,2025-11-03 11:48:00,25724.8,25714.2,25716.0,2025-11-03,11:48:00,25734.75984029045,0,160
25727.05,2025-11-03 11:49:00,25729.85,25724.2,25725.05,2025-11-03,11:49:00,25734.0255697866,0,161
25727.9,2025-11-03 11:50:00,25734.5,25724.55,25727.45,2025-11-03,11:50:00,25733.44218218788,0,162
25717.15,2025-11-03 11:51:00,25728.75,25715.9,25728.75,2025-11-03,11:51:00,25731.890545789032,0,163
25711.95,2025-11-03 11:52:00,25716.2,25707.85,25716.2,2025-11-03,11:52:00,25729.991446190077,0,164
25716.1,2025-11-03 11:53:00,25720.75,25711.4,25712.05,2025-11-03,11:53:00,25728.66845131483,0,165
25722.65,2025-11-03 11:54:00,25723.2,25714.8,25716.5,2025-11-03,11:54:00,25728.09526547532,0,166
25730.8,2025-11-03 11:55:00,25731.05,25722.6,25722.6,2025-11-03,11:55:00,25728.352859239574,0,167
25731.25,2025-11-03 11:56:00,25735.7,25729.15,25730.4,2025-11-03,11:56:00,25728.628777407233,0,168
25735.5,2025-11-03 11:57:00,25736.25,25730.9,25730.9,2025-11-03,11:57:00,25729.283179558926,0,169
25726.9,2025-11-03 11:58:00,25737.4,25726.85,25736.1,2025-11-03,11:58:00,25729.056210077124,0,170
25724.9,2025-11-03 11:59:00,25726.4,25722.0,25726.2,2025-11-03,11:59:00,25728.66038054597,0,171
25723.3,2025-11-03 12:00:00,25726.4,25721.4,25724.65,2025-11-03,12:00:00,25728.14986811302,0,172
25722.5,2025-11-03 12:01:00,25725.35,25720.95,25722.8,2025-11-03,12:01:00,25727.61178543559,0,173
25719.3,2025-11-03 12:02:00,25723.05,25718.3,25722.95,2025-11-03,12:02:00,25726.82018682268,0,174
25719.45,2025-11-03 12:03:00,25720.1,25715.75,25719.4,2025-11-03,12:03:00,25726.118264268138,0,175
25721.75,2025-11-03 12:04:00,25723.4,25717.55,25719.1,2025-11-03,12:04:00,25725.702239099744,0,176
25724.8,2025-11-03 12:05:00,25726.0,25720.3,25721.8,2025-11-03,12:05:00,25725.616311566435,0,177
25720.5,2025-11-03 12:06:00,25725.2,25719.2,25724.4,2025-11-03,12:06:00,25725.129043798202,0,178
25715.2,2025-11-03 12:07:00,25721.45,25714.25,25720.45,2025-11-03,12:07:00,25724.183420579324,0,179
25712.75,2025-11-03 12:08:00,25715.7,25708.4,25715.7,2025-11-03,12:08:00,25723.094523381293,0,180
25711.8,2025-11-03 12:09:00,25716.6,25711.15,25712.95,2025-11-03,12:09:00,25722.018854487837,0,181
25707.85,2025-11-03 12:10:00,25711.35,25706.15,25711.1,2025-11-03,12:10:00,25720.66943977471,0,182
25711.35,2025-11-03 12:11:00,25711.9,25707.15,25709.0,2025-11-03,12:11:00,25719.78187408188,0,183
25714.0,2025-11-03 12:12:00,25714.0,25709.6,25711.0,2025-11-03,12:12:00,25719.231219407415,0,184
25706.1,2025-11-03 12:13:00,25713.9,25706.1,25713.9,2025-11-03,12:13:00,25717.9806270829,0,185
25702.7,2025-11-03 12:14:00,25705.95,25700.6,25705.95,2025-11-03,12:14:00,25716.52532926548,0,186
25701.55,2025-11-03 12:15:00,25704.35,25701.2,25703.1,2025-11-03,12:15:00,25715.099107430673,0,187
25703.25,2025-11-03 12:16:00,25705.05,25699.8,25702.1,2025-11-03,12:16:00,25713.970621008706,0,188
25709.2,2025-11-03 12:17:00,25709.9,25703.2,25703.2,2025-11-03,12:17:00,25713.516276150734,0,189
25714.95,2025-11-03 12:18:00,25715.1,25707.6,25708.1,2025-11-03,12:18:00,25713.652821279236,0,190
25718.4,2025-11-03 12:19:00,25718.9,25713.6,25715.0,2025-11-03,12:19:00,25714.104933538358,0,191
25718.7,2025-11-03 12:20:00,25721.45,25716.4,25718.55,2025-11-03,12:20:00,25714.54255891566,0,192
25725.8,2025-11-03 12:21:00,25726.85,25717.15,25718.85,2025-11-03,12:21:00,25715.614696161785,0,193
25727.15,2025-11-03 12:22:00,25728.55,25722.75,25724.9,2025-11-03,12:22:00,25716.71329652733,0,194
25731.4,2025-11-03 12:23:00,25733.8,25726.4,25726.4,2025-11-03,12:23:00,25718.112030191398,0,195
25719.6,2025-11-03 12:24:00,25732.6,25719.2,25732.55,2025-11-03,12:24:00,25718.25374160174,0,196
25711.0,2025-11-03 12:25:00,25720.55,25709.3,25719.4,2025-11-03,12:25:00,25717.56290906824,0,197
25719.05,2025-11-03 12:26:00,25721.0,25709.15,25711.65,2025-11-03,12:26:00,25717.70453677603,0,198
25716.65,2025-11-03 12:27:00,25721.7,25714.75,25717.85,2025-11-03,12:27:00,25717.60410470212,0,199
25716.0,2025-11-03 12:28:00,25718.6,25714.4,25715.45,2025-11-03,12:28:00,25717.45133282573,0,200
25713.35,2025-11-03 12:29:00,25714.6,25709.8,25714.6,2025-11-03,12:29:00,25717.06072969947,0,201
25709.15,2025-11-03 12:30:00,25713.9,25707.8,25713.9,2025-11-03,12:30:00,25716.307326870952,0,202
25703.35,2025-11-03 12:31:00,25709.7,25703.25,25708.55,2025-11-03,12:31:00,25715.073295740385,0,203
25700.65,2025-11-03 12:32:00,25705.7,25698.2,25703.65,2025-11-03,12:32:00,25713.699648527017,0,204
25710.85,2025-11-03 12:33:00,25711.3,25697.0,25699.05,2025-11-03,12:33:00,25713.428253429207,0,205
25713.1,2025-11-03 12:34:00,25714.35,25709.1,25710.45,2025-11-03,12:34:00,25713.396991197853,0,206
25708.6,2025-11-03 12:35:00,25713.95,25707.85,25713.0,2025-11-03,12:35:00,25712.940134893295,0,207
25708.95,2025-11-03 12:36:00,25710.0,25707.3,25707.85,2025-11-03,12:36:00,25712.560122046314,0,208
25709.7,2025-11-03 12:37:00,25709.7,25703.8,25709.05,2025-11-03,12:37:00,25712.287729470474,0,209
25713.0,2025-11-03 12:38:00,25713.25,25708.45,25708.45,2025-11-03,12:38:00,25712.355564759,0,210
25717.95,2025-11-03 12:39:00,25720.15,25710.95,25712.55,2025-11-03,12:39:00,25712.888368115284,0,211
25725.3,2025-11-03 12:40:00,25728.1,25718.35,25718.35,2025-11-03,12:40:00,25714.07042829478,0,212
25724.95,2025-11-03 12:41:00,25729.3,25721.55,25725.65,2025-11-03,12:41:00,25715.106577980994,0,213
25730.15,2025-11-03 12:42:00,25732.0,25724.1,25724.1,2025-11-03,12:42:00,25716.539284839946,0,214
25734.2,2025-11-03 12:43:00,25737.1,25729.8,25730.15,2025-11-03,12:43:00,25718.221257712336,0,215
25733.2,2025-11-03 12:44:00,25736.95,25732.0,25733.7,2025-11-03,12:44:00,25719.647804596876,0,216
25732.05,2025-11-03 12:45:00,25733.6,25727.9,25732.5,2025-11-03,12:45:00,25720.82896606384,0,217
25734.95,2025-11-03 12:46:00,25736.25,25730.4,25731.45,2025-11-03,12:46:00,25722.173826438713,0,218
25742.45,2025-11-03 12:47:00,25743.25,25734.25,25735.15,2025-11-03,12:47:00,25724.10489058741,0,219
25740.65,2025-11-03 12:48:00,25743.0,25739.2,25742.15,2025-11-03,12:48:00,25725.68061529337,0,220
25742.25,2025-11-03 12:49:00,25744.15,25739.2,25740.75,2025-11-03,12:49:00,25727.258651932098,0,221
25740.95,2025-11-03 12:50:00,25744.25,25739.9,25741.8,2025-11-03,12:50:00,25728.562589843325,0,222
25732.0,2025-11-03 12:51:00,25740.35,25731.75,25739.9,2025-11-03,12:51:00,25728.8899622392,0,223
25734.55,2025-11-03 12:52:00,25737.6,25729.9,25731.65,2025-11-03,12:52:00,25729.429013454515,0,224
25736.5,2025-11-03 12:53:00,25737.7,25732.75,25734.35,2025-11-03,12:53:00,25730.102440744562,0,225
25737.5,2025-11-03 12:54:00,25738.05,25734.3,25736.05,2025-11-03,12:54:00,25730.806970197464,0,226
25740.4,2025-11-03 12:55:00,25741.6,25734.8,25737.25,2025-11-03,12:55:00,25731.72059208342,0,227
25745.6,2025-11-03 12:56:00,25745.65,25739.4,25740.35,2025-11-03,12:56:00,25733.04244045643,0,228
25752.65,2025-11-03 12:57:00,25752.85,25744.75,25745.8,2025-11-03,12:57:00,25734.909827079624,0,229
25749.75,2025-11-03 12:58:00,25754.25,25749.2,25752.65,2025-11-03,12:58:00,25736.323176881564,0,230
25755.05,2025-11-03 12:59:00,25755.95,25747.6,25749.35,2025-11-03,12:59:00,25738.106683845224,0,231
25755.7,2025-11-03 13:00:00,25759.8,25753.25,25754.35,2025-11-03,13:00:00,25739.782237764728,0,232
25755.5,2025-11-03 13:01:00,25756.7,25751.35,25755.2,2025-11-03,13:01:00,25741.279167501423,0,233
25747.35,2025-11-03 13:02:00,25755.35,25746.6,25754.95,2025-11-03,13:02:00,25741.857342025098,0,234
25745.9,2025-11-03 13:03:00,25747.5,25743.6,25745.9,2025-11-03,13:03:00,25742.24235707033,0,235
25743.75,2025-11-03 13:04:00,25746.85,25743.5,25745.05,2025-11-03,13:04:00,25742.38594211125,0,236
25739.85,2025-11-03 13:05:00,25743.4,25738.4,25743.4,2025-11-03,13:05:00,25742.14442381494,0,237
25741.75,2025-11-03 13:06:00,25743.45,25737.55,25739.35,2025-11-03,13:06:00,25742.10685964209,0,238
25748.1,2025-11-03 13:07:00,25749.4,25740.05,25740.85,2025-11-03,13:07:00,25742.67763491427,0,239
25756.45,2025-11-03 13:08:00,25756.55,25744.65,25746.85,2025-11-03,13:08:00,25743.98928873196,0,240
25756.55,2025-11-03 13:09:00,25757.05,25754.6,25756.65,2025-11-03,13:09:00,25745.185546947963,0,241
25753.1,2025-11-03 13:10:00,25758.15,25753.0,25756.7,2025-11-03,13:10:00,25745.939304381493,0,242
25752.8,2025-11-03 13:11:00,25755.7,25751.3,25752.4,2025-11-03,13:11:00,25746.592703964205,0,243
25753.6,2025-11-03 13:12:00,25757.6,25750.45,25753.25,2025-11-03,13:12:00,25747.260065491424,0,244
25751.15,2025-11-03 13:13:00,25753.5,25749.2,25752.8,2025-11-03,13:13:00,25747.630535444623,0,245
25752.1,2025-11-03 13:14:00,25752.45,25748.7,25751.2,2025-11-03,13:14:00,25748.05619873561,0,246
25755.8,2025-11-03 13:15:00,25756.35,25749.65,25752.0,2025-11-03,13:15:00,25748.793703617932,0,247
25764.6,2025-11-03 13:16:00,25764.6,25754.55,25756.05,2025-11-03,13:16:00,25750.29906517813,0,248
25756.65,2025-11-03 13:17:00,25764.7,25755.9,25764.7,2025-11-03,13:17:00,25750.903916113544,0,249
25762.7,2025-11-03 13:18:00,25763.1,25753.8,25755.75,2025-11-03,13:18:00,25752.02735267416,0,250
25759.6,2025-11-03 13:19:00,25763.25,25758.4,25762.25,2025-11-03,13:19:00,25752.74855718138,0,251
25756.5,2025-11-03 13:20:00,25760.3,25753.15,25759.7,2025-11-03,13:20:00,25753.10583744982,0,252
25761.2,2025-11-03 13:21:00,25763.6,25754.95,25756.45,2025-11-03,13:21:00,25753.876710073648,0,253
25756.2,2025-11-03 13:22:00,25762.45,25754.9,25761.0,2025-11-03,13:22:00,25754.09797578092,0,254
25759.35,2025-11-03 13:23:00,25763.1,25754.65,25756.65,2025-11-03,13:23:00,25754.598168563687,0,255
25753.45,2025-11-03 13:24:00,25759.25,25751.35,25759.2,2025-11-03,13:24:00,25754.48881917667,0,256
25747.05,2025-11-03 13:25:00,25753.55,25745.7,25753.45,2025-11-03,13:25:00,25753.78036020746,0,257
25743.85,2025-11-03 13:26:00,25746.9,25741.3,25745.15,2025-11-03,13:26:00,25752.834611616272,0,258
25740.9,2025-11-03 13:27:00,25743.85,25738.85,25743.05,2025-11-03,13:27:00,25751.69798193853,0,259
25743.65,2025-11-03 13:28:00,25744.65,25738.2,25740.3,2025-11-03,13:28:00,25750.931507468194,0,260
25754.3,2025-11-03 13:29:00,25754.45,25742.75,25743.8,2025-11-03,13:29:00,25751.25231628075,0,261
25754.05,2025-11-03 13:30:00,25755.5,25749.25,25754.05,2025-11-03,13:30:00,25751.51876234925,0,262
25755.65,2025-11-03 13:31:00,25756.7,25752.85,25753.1,2025-11-03,13:31:00,25751.912213554086,0,263
25753.7,2025-11-03 13:32:00,25758.3,25752.25,25755.6,2025-11-03,13:32:00,25752.082478929886,0,264
25758.8,2025-11-03 13:33:00,25761.85,25752.25,25753.45,2025-11-03,13:33:00,25752.722242841326,0,265
25758.6,2025-11-03 13:34:00,25763.1,25755.3,25758.05,2025-11-03,13:34:00,25753.28202923739,0,266
25760.75,2025-11-03 13:35:00,25762.65,25756.95,25758.65,2025-11-03,13:35:00,25753.993264548117,0,267
25760.45,2025-11-03 13:36:00,25762.75,25757.65,25760.45,2025-11-03,13:36:00,25754.608191734013,0,268
25761.6,2025-11-03 13:37:00,25761.9,25757.9,25759.95,2025-11-03,13:37:00,25755.274078235536,0,269
25761.35,2025-11-03 13:38:00,25763.05,25758.7,25761.6,2025-11-03,13:38:00,25755.8527374512,0,270
25753.1,2025-11-03 13:39:00,25761.75,25751.05,25760.8,2025-11-03,13:39:00,25755.59057197966,0,271
25768.15,2025-11-03 13:40:00,25768.15,25751.65,25752.3,2025-11-03,13:40:00,25756.7867079816,0,272
25768.55,2025-11-03 13:41:00,25768.75,25765.1,25767.75,2025-11-03,13:41:00,25757.907021507162,0,273
25758.3,2025-11-03 13:42:00,25770.8,25755.95,25767.8,2025-11-03,13:42:00,25757.944448030292,0,274
25759.75,2025-11-03 13:43:00,25762.25,25753.8,25755.6,2025-11-03,13:43:00,25758.11640536074,0,275
25755.55,2025-11-03 13:44:00,25760.45,25753.9,25758.1,2025-11-03,13:44:00,25757.871985802576,0,276
25751.75,2025-11-03 13:45:00,25755.7,25748.1,25755.2,2025-11-03,13:45:00,25757.288939535665,0,277
25757.85,2025-11-03 13:46:00,25757.85,25748.65,25752.05,2025-11-03,13:46:00,25757.3423738656,0,278
25745.95,2025-11-03 13:47:00,25757.7,25745.15,25757.25,2025-11-03,13:47:00,25756.257385878398,0,279
25738.7,2025-11-03 13:48:00,25747.45,25737.4,25746.8,2025-11-03,13:48:00,25754.585253889978,0,280
25735.7,2025-11-03 13:49:00,25739.8,25732.15,25737.95,2025-11-03,13:49:00,25752.78665828141,0,281
25729.2,2025-11-03 13:50:00,25736.65,25729.2,25736.4,2025-11-03,13:50:00,25750.540309873657,0,282
25735.25,2025-11-03 13:51:00,25735.75,25726.95,25731.25,2025-11-03,13:51:00,25749.08408988569,0,283
25743.25,2025-11-03 13:52:00,25744.95,25733.4,25734.9,2025-11-03,13:52:00,25748.52846227753,0,284
25737.15,2025-11-03 13:53:00,25743.3,25735.05,25743.3,2025-11-03,13:53:00,25747.44479920348,0,285
25741.0,2025-11-03 13:54:00,25741.95,25735.6,25737.35,2025-11-03,13:54:00,25746.83100880315,0,286
25746.35,2025-11-03 13:55:00,25748.9,25741.6,25741.6,2025-11-03,13:55:00,25746.785198440946,0,287
25752.05,2025-11-03 13:56:00,25752.65,25744.05,25745.9,2025-11-03,13:56:00,25747.286608113238,0,288
25758.55,2025-11-03 13:57:00,25760.2,25750.55,25751.05,2025-11-03,13:57:00,25748.359312102453,0,289
25761.15,2025-11-03 13:58:00,25762.1,25756.5,25758.55,2025-11-03,13:58:00,25749.577472854602,0,290
25765.25,2025-11-03 13:59:00,25765.6,25759.6,25760.85,2025-11-03,13:59:00,25751.070094487495,0,291
25770.75,2025-11-03 14:00:00,25773.9,25764.45,25765.15,2025-11-03,14:00:00,25752.94437120297,0,292
25774.65,2025-11-03 14:01:00,25775.05,25769.5,25770.8,2025-11-03,14:01:00,25755.011573945547,0,293
25775.5,2025-11-03 14:02:00,25780.35,25773.0,25775.05,2025-11-03,14:02:00,25756.9628526174,0,294
25771.7,2025-11-03 14:03:00,25776.5,25770.55,25774.95,2025-11-03,14:03:00,25758.36639046336,0,295
25767.8,2025-11-03 14:04:00,25771.6,25765.8,25771.45,2025-11-03,14:04:00,25759.26482946685,0,296
25764.6,2025-11-03 14:05:00,25769.35,25762.8,25767.6,2025-11-03,14:05:00,25759.772940946197,0,297
25765.4,2025-11-03 14:06:00,25766.05,25761.1,25765.15,2025-11-03,14:06:00,25760.308851332273,0,298
25758.8,2025-11-03 14:07:00,25763.05,25755.65,25763.05,2025-11-03,14:07:00,25760.16515120539,0,299
25755.9,2025-11-03 14:08:00,25761.95,25753.8,25759.2,2025-11-03,14:08:00,25759.758946328686,0,300
25756.15,2025-11-03 14:09:00,25756.9,25751.0,25754.2,2025-11-03,14:09:00,25759.415237154524,0,301
25763.3,2025-11-03 14:10:00,25768.05,25755.6,25755.6,2025-11-03,14:10:00,25759.78521456838,0,302
25756.4,2025-11-03 14:11:00,25761.5,25755.35,25761.5,2025-11-03,14:11:00,25759.462813180915,0,303
25761.4,2025-11-03 14:12:00,25762.75,25754.55,25755.65,2025-11-03,14:12:00,25759.647307163686,0,304
25764.7,2025-11-03 14:13:00,25765.2,25759.65,25761.25,2025-11-03,14:13:00,25760.12851600524,0,305
25770.8,2025-11-03 14:14:00,25772.35,25763.9,25765.8,2025-11-03,14:14:00,25761.144847814263,0,306
25781.25,2025-11-03 14:15:00,25783.0,25770.25,25771.1,2025-11-03,14:15:00,25763.059624212903,0,307
25788.0,2025-11-03 14:16:00,25788.0,25777.2,25781.6,2025-11-03,14:16:00,25765.43489809739,0,308
25795.85,2025-11-03 14:17:00,25796.35,25786.95,25786.95,2025-11-03,14:17:00,25768.331574469066,0,309
25796.05,2025-11-03 14:18:00,25797.0,25792.7,25795.15,2025-11-03,14:18:00,25770.97142451963,0,310
25786.7,2025-11-03 14:19:00,25797.85,25786.6,25796.0,2025-11-03,14:19:00,25772.469384089192,0,311
25791.05,2025-11-03 14:20:00,25792.75,25785.0,25786.35,2025-11-03,14:20:00,25774.238966556888,0,312
25789.3,2025-11-03 14:21:00,25792.1,25786.4,25789.3,2025-11-03,14:21:00,25775.673350694327,0,313
25800.65,2025-11-03 14:22:00,25802.5,25788.2,25788.95,2025-11-03,14:22:00,25778.05207919963,0,314
25795.85,2025-11-03 14:23:00,25801.55,25795.1,25800.7,2025-11-03,14:23:00,25779.747119275857,0,315
25796.95,2025-11-03 14:24:00,25800.2,25794.75,25795.65,2025-11-03,14:24:00,25781.38548886863,0,316
25792.55,2025-11-03 14:25:00,25797.4,25791.8,25796.35,2025-11-03,14:25:00,25782.448775643046,0,317
25789.2,2025-11-03 14:26:00,25792.7,25787.75,25792.05,2025-11-03,14:26:00,25783.09174939133,0,318
25789.1,2025-11-03 14:27:00,25789.8,25786.5,25788.9,2025-11-03,14:27:00,25783.663963735013,0,319
25788.05,2025-11-03 14:28:00,25789.55,25786.6,25788.45,2025-11-03,14:28:00,25784.081681474534,0,320
25783.65,2025-11-03 14:29:00,25789.95,25782.35,25788.7,2025-11-03,14:29:00,25784.040568953147,0,321
25786.55,2025-11-03 14:30:00,25788.8,25782.7,25783.2,2025-11-03,14:30:00,25784.27956238618,0,322
25784.95,2025-11-03 14:31:00,25788.4,25782.0,25786.95,2025-11-03,14:31:00,25784.343413587496,0,323
25782.45,2025-11-03 14:32:00,25784.75,25780.9,25784.75,2025-11-03,14:32:00,25784.163088483925,0,324
25777.25,2025-11-03 14:33:00,25782.65,25777.05,25782.25,2025-11-03,14:33:00,25783.504699104506,0,325
25774.5,2025-11-03 14:34:00,25778.0,25773.75,25778.0,2025-11-03,14:34:00,25782.6471087136,0,326
25777.3,2025-11-03 14:35:00,25778.75,25772.85,25774.65,2025-11-03,14:35:00,25782.137860264687,0,327
25773.6,2025-11-03 14:36:00,25777.95,25771.25,25776.9,2025-11-03,14:36:00,25781.32473071567,0,328
25776.15,2025-11-03 14:37:00,25776.15,25772.05,25772.5,2025-11-03,14:37:00,25780.831899218938,0,329
25776.8,2025-11-03 14:38:00,25779.3,25774.95,25776.25,2025-11-03,14:38:00,25780.447908817136,0,330
25778.15,2025-11-03 14:39:00,25778.7,25774.65,25776.7,2025-11-03,14:39:00,25780.22906035836,0,331
25771.75,2025-11-03 14:40:00,25778.4,25771.75,25777.45,2025-11-03,14:40:00,25779.421530800424,0,332
25772.95,2025-11-03 14:41:00,25774.9,25770.25,25772.25,2025-11-03,14:41:00,25778.805194533717,0,333
25772.35,2025-11-03 14:42:00,25774.0,25771.25,25773.35,2025-11-03,14:42:00,25778.190414101933,0,334
25775.85,2025-11-03 14:43:00,25781.1,25771.45,25771.9,2025-11-03,14:43:00,25777.967517520796,0,335
25775.35,2025-11-03 14:44:00,25776.95,25774.2,25775.35,2025-11-03,14:44:00,25777.718230137863,0,336
25775.7,2025-11-03 14:45:00,25777.15,25770.55,25777.15,2025-11-03,14:45:00,25777.52601774378,0,337
25761.85,2025-11-03 14:46:00,25776.05,25761.5,25775.3,2025-11-03,14:46:00,25776.033063672945,0,338
25751.0,2025-11-03 14:47:00,25762.4,25749.15,25762.4,2025-11-03,14:47:00,25773.64896237076,0,339
25747.5,2025-11-03 14:48:00,25753.15,25746.65,25750.95,2025-11-03,14:48:00,25771.158585002115,0,340
25746.25,2025-11-03 14:49:00,25749.95,25744.65,25747.4,2025-11-03,14:49:00,25768.78633881144,0,341
25738.35,2025-11-03 14:50:00,25745.85,25737.75,25745.25,2025-11-03,14:50:00,25765.887639877015,0,342
25753.6,2025-11-03 14:51:00,25754.25,25736.55,25738.4,2025-11-03,14:51:00,25764.717388460158,0,343
25754.45,2025-11-03 14:52:00,25756.0,25751.95,25752.65,2025-11-03,14:52:00,25763.739541940144,0,344
25758.05,2025-11-03 14:53:00,25760.15,25754.15,25754.15,2025-11-03,14:53:00,25763.197680802987,0,345
25758.35,2025-11-03 14:54:00,25762.1,25757.6,25758.45,2025-11-03,14:54:00,25762.73599691699,0,346
25753.45,2025-11-03 14:55:00,25759.75,25751.55,25757.75,2025-11-03,14:55:00,25761.851616258227,0,347
25760.8,2025-11-03 14:56:00,25761.5,25752.5,25753.7,2025-11-03,14:56:00,25761.751462328873,0,348
25761.4,2025-11-03 14:57:00,25762.05,25759.15,25760.25,2025-11-03,14:57:00,25761.717989726123,0,349
25762.7,2025-11-03 14:58:00,25765.0,25759.6,25762.05,2025-11-03,14:58:00,25761.81151451411,0,350
25759.0,2025-11-03 14:59:00,25763.15,25757.05,25762.4,2025-11-03,14:59:00,25761.54375122705,0,351
25753.75,2025-11-03 15:00:00,25758.85,25747.2,25758.85,2025-11-03,15:00:00,25760.801489205427,0,352
25754.2,2025-11-03 15:01:00,25757.85,25752.85,25753.1,2025-11-03,15:01:00,25760.172775947765,0,353
25757.4,2025-11-03 15:02:00,25757.6,25753.25,25754.8,2025-11-03,15:02:00,25759.90870204798,0,354
25754.2,2025-11-03 15:03:00,25757.15,25752.7,25757.15,2025-11-03,15:03:00,25759.365016138647,0,355
25752.65,2025-11-03 15:04:00,25755.3,25751.55,25753.55,2025-11-03,15:04:00,25758.72549079211,0,356
25752.8,2025-11-03 15:05:00,25754.4,25751.7,25752.6,2025-11-03,15:05:00,25758.161158335715,0,357
25754.2,2025-11-03 15:06:00,25754.2,25750.0,25751.95,2025-11-03,15:06:00,25757.783905160886,0,358
25760.0,2025-11-03 15:07:00,25761.5,25752.9,25753.6,2025-11-03,15:07:00,25757.99496181223,0,359
25763.7,2025-11-03 15:08:00,25764.8,25758.85,25759.7,2025-11-03,15:08:00,25758.538298782496,0,360
25764.9,2025-11-03 15:09:00,25767.0,25762.9,25763.95,2025-11-03,15:09:00,25759.144175088924,0,361
25762.95,2025-11-03 15:10:00,25767.4,25761.95,25764.85,2025-11-03,15:10:00,25759.506634604266,0,362
25761.05,2025-11-03 15:11:00,25764.1,25760.2,25762.7,2025-11-03,15:11:00,25759.65362178481,0,363
25762.45,2025-11-03 15:12:00,25766.15,25760.0,25760.65,2025-11-03,15:12:00,25759.91994351959,0,364
25770.15,2025-11-03 15:13:00,25773.0,25761.95,25762.15,2025-11-03,15:13:00,25760.894234612962,0,365
25765.95,2025-11-03 15:14:00,25770.0,25764.25,25769.05,2025-11-03,15:14:00,25761.375736078397,0,366
25769.3,2025-11-03 15:15:00,25770.35,25765.35,25765.6,2025-11-03,15:15:00,25762.130427880456,0,367
25769.95,2025-11-03 15:16:00,25771.1,25766.15,25769.3,2025-11-03,15:16:00,25762.8751490347,0,368
25772.85,2025-11-03 15:17:00,25774.25,25768.3,25769.2,2025-11-03,15:17:00,25763.825134840918,0,369
25772.85,2025-11-03 15:18:00,25773.7,25769.45,25771.95,2025-11-03,15:18:00,25764.684645808447,0,370
25769.9,2025-11-03 15:19:00,25772.75,25768.4,25771.45,2025-11-03,15:19:00,25765.181346207642,0,371
25769.8,2025-11-03 15:20:00,25770.55,25766.95,25769.4,2025-11-03,15:20:00,25765.62121799739,0,372
25766.7,2025-11-03 15:21:00,25770.2,25764.05,25769.35,2025-11-03,15:21:00,25765.723959140498,0,373
25763.45,2025-11-03 15:22:00,25767.25,25762.75,25766.05,2025-11-03,15:22:00,25765.50739160331,0,374
25763.5,2025-11-03 15:23:00,25764.5,25761.95,25763.8,2025-11-03,15:23:00,25765.316211450616,0,375
25767.25,2025-11-03 15:24:00,25768.0,25761.75,25763.2,2025-11-03,15:24:00,25765.500381788654,0,376
25767.7,2025-11-03 15:25:00,25769.7,25764.8,25767.0,2025-11-03,15:25:00,25765.70986923735,0,377
25769.6,2025-11-03 15:26:00,25770.3,25764.45,25766.5,2025-11-03,15:26:00,25766.080357881412,0,378
25771.2,2025-11-03 15:27:00,25772.8,25768.4,25769.15,2025-11-03,15:27:00,25766.56794284509,0,379
25770.35,2025-11-03 15:28:00,25773.2,25766.25,25770.55,2025-11-03,15:28:00,25766.928138764604,0,380
25774.3,2025-11-03 15:29:00,25785.9,25766.55,25766.55,2025-11-03,15:29:00,25767.630220787025,0,381
