bd,sn,uw,lw,sz,id
36,-1.0,0,27,63,1
13,1.0,10,10,33,2
7,1.0,4,2,13,3
6,1.0,3,17,26,4
37,1.0,12,0,49,5
3,1.0,2,11,16,6
5,-1.0,1,2,8,7
9,1.0,16,0,25,8
44,-1.0,0,1,45,9
31,-1.0,0,26,57,10
20,-1.0,3,10,33,11
57,-1.0,0,24,81,12
9,1.0,3,16,28,13
12,1.0,9,1,22,14
6,-1.0,18,3,27,15
15,-1.0,6,15,36,16
45,-1.0,3,5,53,17
10,1.0,0,20,30,18
13,-1.0,2,8,23,19
24,1.0,1,2,27,20
17,-1.0,4,2,23,21
18,-1.0,0,14,32,22
37,-1.0,9,0,46,23
23,-1.0,16,1,40,24
23,-1.0,1,13,37,25
10,-1.0,9,18,37,26
16,1.0,7,6,29,27
7,-1.0,5,7,19,28
4,-1.0,9,0,13,29
16,-1.0,2,8,26,30
49,-1.0,2,8,59,31
12,1.0,10,3,25,32
9,1.0,2,3,14,33
8,1.0,2,13,23,34
16,1.0,8,0,24,35
29,1.0,0,3,32,36
28,-1.0,0,3,31,37
18,1.0,16,0,34,38
18,-1.0,5,0,23,39
0,1.0,2,14,16,40
5,-1.0,9,0,14,41
5,-1.0,1,10,16,42
2,-1.0,14,3,19,43
8,-1.0,6,0,14,44
8,1.0,4,0,12,45
18,-1.0,6,0,24,46
24,-1.0,1,1,26,47
0,-1.0,6,6,12,48
2,-1.0,12,10,24,49
12,-1.0,2,3,17,50
13,1.0,1,1,15,51
7,-1.0,9,1,17,52
35,-1.0,2,2,39,53
15,1.0,4,3,22,54
36,-1.0,4,3,43,55
13,1.0,4,5,22,56
22,-1.0,3,3,28,57
12,1.0,2,11,25,58
13,1.0,1,12,26,59
3,1.0,7,0,10,60
25,1.0,2,5,32,61
20,-1.0,2,2,24,62
18,1.0,5,1,24,63
27,-1.0,5,2,34,64
22,-1.0,5,9,36,65
3,-1.0,6,4,13,66
9,-1.0,15,0,24,67
38,1.0,6,9,53,68
31,1.0,2,2,35,69
29,-1.0,13,3,45,70
10,-1.0,3,8,21,71
38,-1.0,0,3,41,72
3,1.0,9,11,23,73
20,1.0,3,6,29,74
9,-1.0,9,3,21,75
3,-1.0,20,22,45,76
27,-1.0,21,4,52,77
22,-1.0,1,4,27,78
7,1.0,6,21,34,79
26,-1.0,2,10,38,80
7,-1.0,8,11,26,81
4,-1.0,1,10,15,82
45,-1.0,0,2,47,83
54,1.0,0,0,54,84
3,-1.0,6,16,25,85
14,1.0,2,1,17,86
13,1.0,3,4,20,87
9,1.0,9,8,26,88
12,1.0,6,11,29,89
6,-1.0,6,3,15,90
21,-1.0,3,2,26,91
18,-1.0,3,3,24,92
2,-1.0,5,3,10,93
31,-1.0,0,0,31,94
18,-1.0,0,2,20,95
8,-1.0,7,5,20,96
38,-1.0,9,3,50,97
18,1.0,7,0,25,98
9,-1.0,2,18,29,99
15,-1.0,0,3,18,100
34,1.0,0,2,36,101
15,-1.0,1,7,23,102
2,-1.0,8,4,14,103
15,-1.0,9,0,24,104
19,-1.0,0,6,25,105
22,1.0,0,5,27,106
12,1.0,1,6,19,107
21,1.0,0,0,21,108
0,-1.0,15,3,18,109
16,1.0,4,9,29,110
19,1.0,5,6,30,111
9,-1.0,8,6,23,112
14,-1.0,1,3,18,113
35,1.0,0,1,36,114
5,-1.0,0,7,12,115
3,-1.0,1,15,19,116
21,1.0,1,13,35,117
12,1.0,6,3,21,118
3,1.0,1,14,18,119
1,-1.0,13,9,23,120
2,-1.0,10,11,23,121
22,1.0,3,3,28,122
11,-1.0,0,9,20,123
11,-1.0,3,3,17,124
5,-1.0,11,1,17,125
1,-1.0,0,24,25,126
14,1.0,0,2,16,127
4,1.0,12,3,19,128
22,-1.0,2,14,38,129
9,-1.0,0,9,18,130
13,-1.0,3,6,22,131
11,1.0,0,14,25,132
4,-1.0,3,10,17,133
13,1.0,5,0,18,134
16,1.0,13,10,39,135
2,-1.0,4,7,13,136
1,-1.0,8,1,10,137
8,-1.0,0,8,16,138
12,-1.0,6,0,18,139
6,-1.0,5,1,12,140
32,-1.0,2,3,37,141
13,1.0,11,1,25,142
4,-1.0,0,17,21,143
0,-1.0,8,7,15,144
8,-1.0,4,16,28,145
26,1.0,1,2,29,146
19,-1.0,1,4,24,147
1,1.0,5,7,13,148
8,-1.0,3,3,14,149
12,-1.0,2,7,21,150
16,-1.0,9,55,80,151
45,-1.0,1,21,67,152
9,1.0,12,9,30,153
3,-1.0,23,1,27,154
15,1.0,5,9,29,155
17,-1.0,5,6,28,156
3,1.0,3,8,14,157
2,1.0,17,1,20,158
7,-1.0,0,10,17,159
8,1.0,12,1,21,160
3,1.0,6,2,11,161
4,1.0,6,11,21,162
28,1.0,0,1,29,163
2,-1.0,8,11,21,164
23,1.0,24,0,47,165
6,-1.0,15,2,23,166
6,-1.0,6,8,20,167
10,1.0,6,0,16,168
5,1.0,3,12,20,169
7,-1.0,8,7,22,170
21,1.0,5,0,26,171
14,-1.0,1,8,23,172
3,1.0,5,3,11,173
9,1.0,5,2,16,174
33,-1.0,3,1,37,175
12,-1.0,6,4,22,176
23,1.0,3,0,26,177
6,-1.0,0,11,17,178
9,1.0,0,12,21,179
13,-1.0,0,2,15,180
9,1.0,1,13,23,181
4,1.0,3,18,25,182
7,1.0,12,1,20,183
10,1.0,0,3,13,184
7,-1.0,2,8,17,185
5,-1.0,8,4,17,186
6,-1.0,10,9,25,187
4,-1.0,6,1,11,188
2,1.0,3,3,8,189
4,-1.0,4,7,15,190
4,-1.0,4,9,17,191
6,-1.0,1,4,11,192
15,-1.0,3,5,23,193
12,1.0,0,4,16,194
7,1.0,6,12,25,195
8,-1.0,7,3,18,196
37,1.0,0,4,41,197
3,1.0,5,13,21,198
15,1.0,13,3,31,199
7,-1.0,6,0,13,200
9,-1.0,2,4,15,201
12,-1.0,0,5,17,202
12,-1.0,1,9,22,203
2,1.0,9,8,19,204
10,-1.0,1,13,24,205
114,-1.0,0,1,115,206
28,-1.0,20,4,52,207
31,-1.0,9,0,40,208
17,-1.0,12,0,29,209
40,1.0,11,7,58,210
27,1.0,3,26,56,211
11,-1.0,14,3,28,212
2,1.0,20,9,31,213
18,1.0,0,17,35,214
9,-1.0,4,3,16,215
3,1.0,5,8,16,216
15,1.0,4,2,21,217
10,1.0,13,0,23,218
6,-1.0,1,16,23,219
34,-1.0,1,2,37,220
9,-1.0,12,3,24,221
8,1.0,1,13,22,222
10,-1.0,7,0,17,223
14,-1.0,2,5,21,224
60,-1.0,0,35,95,225
10,-1.0,0,34,44,226
15,1.0,2,8,25,227
43,-1.0,3,0,46,228
15,-1.0,1,29,45,229
20,-1.0,6,11,37,230
20,1.0,12,9,41,231
11,1.0,12,4,27,232
17,-1.0,2,10,29,233
12,1.0,6,0,18,234
3,-1.0,10,8,21,235
19,-1.0,1,7,27,236
2,-1.0,7,11,20,237
22,-1.0,2,11,35,238
20,-1.0,1,7,28,239
6,-1.0,7,3,16,240
34,1.0,4,2,40,241
13,1.0,0,5,18,242
10,1.0,14,0,24,243
10,1.0,1,7,18,244
0,1.0,1,16,17,245
8,-1.0,11,8,27,246
31,-1.0,0,2,33,247
0,0.0,3,17,20,248
11,-1.0,6,11,28,249
11,-1.0,6,2,19,250
18,1.0,0,3,21,251
15,-1.0,2,7,24,252
30,-1.0,8,31,69,253
15,-1.0,8,0,23,254
3,1.0,5,12,20,255
13,-1.0,16,1,30,256
7,-1.0,0,15,22,257
3,1.0,18,1,22,258
30,-1.0,3,0,33,259
4,1.0,0,21,25,260
15,1.0,4,4,23,261
38,1.0,8,1,47,262
30,-1.0,6,4,40,263
5,-1.0,4,10,19,264
5,1.0,5,4,14,265
15,-1.0,2,3,20,266
0,1.0,11,4,15,267
9,1.0,12,1,22,268
15,1.0,3,2,20,269
11,1.0,18,7,36,270
9,-1.0,10,0,19,271
21,-1.0,6,0,27,272
2,-1.0,5,11,18,273
10,1.0,4,2,16,274
3,-1.0,6,6,15,275
8,1.0,14,14,36,276
26,-1.0,6,1,33,277
36,1.0,9,0,45,278
9,-1.0,7,11,27,279
16,1.0,1,5,22,280
3,-1.0,8,11,22,281
32,-1.0,2,0,34,282
10,-1.0,5,13,28,283
13,1.0,2,5,20,284
27,1.0,20,0,47,285
37,-1.0,3,5,45,286
24,-1.0,7,3,34,287
14,1.0,5,2,21,288
24,-1.0,7,15,46,289
3,1.0,1,34,38,290
22,-1.0,1,9,32,291
3,1.0,0,15,18,292
24,1.0,14,4,42,293
9,1.0,1,3,13,294
30,-1.0,1,9,40,295
37,-1.0,1,9,47,296
17,1.0,1,9,27,297
16,1.0,6,5,27,298
51,1.0,31,0,82,299
5,-1.0,28,0,33,300
26,-1.0,0,14,40,301
6,-1.0,13,2,21,302
42,-1.0,9,2,53,303
6,1.0,0,22,28,304
24,1.0,1,6,31,305
37,-1.0,1,0,38,306
15,1.0,4,9,28,307
49,-1.0,0,12,61,308
11,1.0,13,11,35,309
10,1.0,0,28,38,310
17,1.0,11,2,30,311
18,-1.0,2,7,27,312
1,-1.0,7,15,23,313
13,1.0,5,2,20,314
24,-1.0,9,8,41,315
10,-1.0,5,11,26,316
15,1.0,6,3,24,317
0,0.0,6,4,10,318
13,-1.0,4,2,19,319
7,-1.0,4,1,12,320
12,-1.0,0,4,16,321
0,0.0,5,14,19,322
42,1.0,1,0,43,323
20,-1.0,13,3,36,324
1,1.0,5,9,15,325
3,1.0,10,14,27,326
4,1.0,3,15,22,327
9,-1.0,5,0,14,328
16,-1.0,4,0,20,329
6,1.0,5,1,12,330
13,1.0,0,4,17,331
1,-1.0,5,1,7,332
9,-1.0,0,17,26,333
7,1.0,1,8,16,334
6,1.0,2,5,13,335
4,1.0,4,5,13,336
12,1.0,3,4,19,337
22,1.0,10,0,32,338
1,-1.0,7,9,17,339
30,1.0,4,2,36,340
9,1.0,2,13,24,341
15,-1.0,4,6,25,342
7,1.0,0,23,30,343
5,1.0,10,8,23,344
6,1.0,5,7,18,345
10,1.0,12,1,23,346
11,-1.0,1,6,18,347
1,1.0,5,3,9,348
12,-1.0,9,9,30,349
27,-1.0,1,0,28,350
8,-1.0,13,9,30,351
28,1.0,1,0,29,352
18,1.0,2,3,23,353
12,1.0,5,11,28,354
2,1.0,17,8,27,355
7,-1.0,1,9,17,356
25,1.0,0,4,29,357
7,-1.0,3,3,13,358
15,1.0,6,8,29,359
16,-1.0,0,1,17,360
33,-1.0,1,12,46,361
13,-1.0,2,10,25,362
11,-1.0,0,4,15,363
17,1.0,2,2,21,364
12,-1.0,3,0,15,365
31,-1.0,5,0,36,366
14,-1.0,3,6,23,367
32,1.0,6,2,40,368
22,-1.0,1,0,23,369
12,1.0,8,5,25,370
4,-1.0,5,3,12,371
18,1.0,3,5,26,372
49,-1.0,11,36,96,373
19,1.0,6,17,42,374
3,-1.0,22,10,35,375
14,-1.0,0,5,19,376
17,-1.0,2,18,37,377
1,-1.0,2,21,24,378
11,1.0,14,0,25,379
22,1.0,2,12,36,380
17,1.0,0,6,23,381
32,1.0,0,2,34,382
8,-1.0,14,7,29,383
10,1.0,8,5,23,384
1,-1.0,10,5,16,385
13,-1.0,6,3,22,386
8,1.0,1,11,20,387
0,1.0,13,12,25,388
28,1.0,2,1,31,389
15,1.0,4,17,36,390
14,-1.0,10,4,28,391
15,1.0,8,3,26,392
6,-1.0,7,18,31,393
34,1.0,11,0,45,394
2,1.0,27,2,31,395
13,-1.0,6,1,20,396
9,1.0,17,0,26,397
21,1.0,1,10,32,398
31,-1.0,4,2,37,399
2,-1.0,3,18,23,400
22,1.0,4,8,34,401
21,1.0,9,10,40,402
8,1.0,2,10,20,403
13,1.0,15,0,28,404
1,1.0,15,7,23,405
16,-1.0,4,3,23,406
43,-1.0,0,3,46,407
28,-1.0,7,7,42,408
18,-1.0,12,7,37,409
16,1.0,11,3,30,410
9,-1.0,0,16,25,411
7,1.0,3,2,12,412
1,1.0,16,10,27,413
1,1.0,1,14,16,414
0,1.0,1,11,12,415
13,1.0,6,0,19,416
13,-1.0,5,5,23,417
7,1.0,3,3,13,418
12,1.0,6,1,19,419
19,1.0,9,3,31,420
5,1.0,1,5,11,421
26,1.0,12,0,38,422
4,-1.0,11,3,18,423
5,-1.0,10,0,15,424
45,1.0,10,5,60,425
14,-1.0,1,9,24,426
61,1.0,17,4,82,427
24,1.0,15,21,60,428
19,-1.0,23,2,44,429
11,1.0,17,11,39,430
36,1.0,12,0,48,431
1,-1.0,24,11,36,432
45,-1.0,9,0,54,433
16,1.0,4,21,41,434
5,-1.0,9,5,19,435
14,-1.0,2,7,23,436
3,-1.0,15,8,26,437
11,1.0,8,13,32,438
62,-1.0,0,2,64,439
2,-1.0,14,12,28,440
24,-1.0,10,2,36,441
15,1.0,1,10,26,442
1,1.0,8,14,23,443
34,1.0,0,13,47,444
27,-1.0,9,29,65,445
8,-1.0,13,14,35,446
5,-1.0,4,30,39,447
33,-1.0,6,4,43,448
14,1.0,5,22,41,449
11,-1.0,12,7,30,450
17,-1.0,12,2,31,451
10,-1.0,18,7,35,452
8,1.0,4,10,22,453
17,1.0,4,2,23,454
29,-1.0,0,9,38,455
8,1.0,0,14,22,456
16,-1.0,11,10,37,457
34,-1.0,0,5,39,458
1,1.0,14,12,27,459
15,-1.0,0,29,44,460
59,-1.0,0,4,63,461
2,1.0,22,6,30,462
14,1.0,0,25,39,463
20,-1.0,5,3,28,464
21,-1.0,5,9,35,465
56,1.0,1,8,65,466
2,-1.0,17,0,19,467
6,1.0,1,8,15,468
17,1.0,4,0,21,469
18,-1.0,9,0,27,470
2,-1.0,16,5,23,471
3,-1.0,3,8,14,472
11,-1.0,3,1,15,473
7,-1.0,1,12,20,474
6,-1.0,0,12,18,475
17,-1.0,2,4,23,476
12,-1.0,0,10,22,477
1,1.0,5,4,10,478
36,-1.0,3,3,42,479
8,1.0,0,18,26,480
6,-1.0,12,11,29,481
25,1.0,0,0,25,482
8,1.0,4,4,16,483
9,1.0,17,1,27,484
16,-1.0,0,7,23,485
6,1.0,6,5,17,486
10,-1.0,11,0,21,487
1,-1.0,23,2,26,488
21,-1.0,1,8,30,489
22,-1.0,4,17,43,490
8,-1.0,11,20,39,491
18,1.0,6,0,24,492
13,1.0,11,4,28,493
26,-1.0,3,0,29,494
7,1.0,3,28,38,495
7,-1.0,4,7,18,496
21,1.0,0,11,32,497
14,-1.0,0,13,27,498
26,1.0,10,0,36,499
29,1.0,8,1,38,500
23,-1.0,6,0,29,501
15,-1.0,31,2,48,502
4,1.0,7,14,25,503
17,-1.0,1,9,27,504
25,1.0,20,1,46,505
12,-1.0,2,11,25,506
12,-1.0,4,6,22,507
30,1.0,8,0,38,508
27,-1.0,0,14,41,509
5,1.0,9,4,18,510
3,-1.0,14,12,29,511
35,1.0,3,10,48,512
8,-1.0,24,3,35,513
7,1.0,11,1,19,514
14,-1.0,3,5,22,515
19,1.0,1,8,28,516
5,1.0,4,3,12,517
9,-1.0,4,0,13,518
23,1.0,21,2,46,519
1,1.0,2,43,46,520
18,-1.0,18,0,36,521
59,1.0,16,0,75,522
25,-1.0,7,1,33,523
28,1.0,6,0,34,524
30,1.0,0,5,35,525
16,-1.0,6,0,22,526
6,1.0,4,3,13,527
17,-1.0,1,2,20,528
2,1.0,11,3,16,529
7,1.0,6,2,15,530
9,1.0,1,12,22,531
2,-1.0,8,3,13,532
5,1.0,6,6,17,533
26,-1.0,3,1,30,534
15,-1.0,3,16,34,535
25,-1.0,1,0,26,536
73,-1.0,5,26,104,537
82,-1.0,7,0,89,538
110,-1.0,0,71,181,539
35,1.0,18,0,53,540
39,1.0,8,0,47,541
68,-1.0,7,7,82,542
7,-1.0,34,16,57,543
55,-1.0,19,8,82,544
24,1.0,9,40,73,545
22,1.0,29,8,59,546
27,1.0,0,2,29,547
20,-1.0,7,3,30,548
8,-1.0,4,17,29,549
2,1.0,2,36,40,550
9,-1.0,10,14,33,551
26,-1.0,12,1,39,552
3,-1.0,12,6,21,553
47,-1.0,10,1,58,554
6,-1.0,9,3,18,555
1,1.0,17,27,45,556
8,-1.0,13,0,21,557
63,-1.0,0,3,66,558
6,1.0,17,11,34,559
24,-1.0,3,11,38,560
23,1.0,34,4,61,561
41,1.0,0,5,46,562
15,1.0,3,25,43,563
39,1.0,16,0,55,564
10,1.0,1,13,24,565
27,1.0,22,20,69,566
53,1.0,0,5,58,567
81,1.0,3,2,86,568
32,1.0,41,3,76,569
26,1.0,0,41,67,570
53,-1.0,6,6,65,571
37,-1.0,25,0,62,572
36,1.0,16,0,52,573
56,1.0,11,0,67,574
20,-1.0,14,23,57,575
37,1.0,15,12,64,576
57,1.0,12,1,70,577
5,1.0,26,6,37,578
23,1.0,8,32,63,579
30,1.0,35,5,70,580
11,-1.0,43,3,57,581
1,1.0,16,27,44,582
12,-1.0,1,27,40,583
35,-1.0,15,6,56,584
23,1.0,0,3,26,585
3,1.0,16,1,20,586
22,-1.0,2,5,29,587
23,-1.0,7,1,31,588
3,1.0,6,22,31,589
27,-1.0,47,16,90,590
10,1.0,19,42,71,591
65,1.0,31,34,130,592
40,1.0,7,12,59,593
34,-1.0,0,25,59,594
23,1.0,20,0,43,595
36,-1.0,2,6,44,596
16,-1.0,15,11,42,597
14,-1.0,25,0,39,598
21,-1.0,1,11,33,599
3,-1.0,4,22,29,600
75,1.0,0,0,75,601
5,1.0,4,26,35,602
20,-1.0,4,5,29,603
6,-1.0,24,0,30,604
39,1.0,5,4,48,605
33,1.0,11,21,65,606
1,-1.0,27,11,39,607
2,1.0,15,22,39,608
25,1.0,3,3,31,609
15,1.0,3,13,31,610
13,1.0,6,9,28,611
22,1.0,15,2,39,612
41,1.0,2,3,46,613
15,1.0,9,5,29,614
45,-1.0,2,0,47,615
36,1.0,4,0,40,616
11,1.0,17,0,28,617
0,1.0,6,14,20,618
8,-1.0,13,1,22,619
16,-1.0,2,11,29,620
14,1.0,1,1,16,621
52,1.0,2,0,54,622
21,-1.0,7,0,28,623
18,1.0,10,0,28,624
29,1.0,5,1,35,625
9,-1.0,2,14,25,626
7,-1.0,4,5,16,627
2,-1.0,11,6,19,628
1,-1.0,10,3,14,629
16,-1.0,4,7,27,630
72,1.0,2,2,76,631
5,1.0,19,9,33,632
35,1.0,18,1,54,633
6,1.0,4,5,15,634
6,1.0,15,6,27,635
14,-1.0,4,13,31,636
21,1.0,3,11,35,637
69,1.0,10,0,79,638
67,-1.0,7,0,74,639
20,-1.0,15,19,54,640
25,1.0,23,0,48,641
120,-1.0,1,12,133,642
36,1.0,13,13,62,643
14,1.0,30,18,62,644
13,-1.0,24,0,37,645
6,-1.0,22,17,45,646
15,-1.0,14,11,40,647
23,-1.0,0,18,41,648
47,-1.0,8,7,62,649
43,1.0,5,17,65,650
76,-1.0,4,9,89,651
3,-1.0,37,16,56,652
34,1.0,23,0,57,653
9,1.0,7,16,32,654
31,1.0,1,14,46,655
24,-1.0,2,15,41,656
16,-1.0,1,17,34,657
12,1.0,4,9,25,658
13,1.0,25,7,45,659
0,1.0,9,10,19,660
15,-1.0,1,15,31,661
17,1.0,10,3,30,662
33,-1.0,0,65,98,663
32,1.0,0,34,66,664
42,-1.0,8,0,50,665
26,-1.0,20,0,46,666
22,1.0,18,6,46,667
51,-1.0,0,0,51,668
19,1.0,9,16,44,669
3,-1.0,19,8,30,670
0,-1.0,21,14,35,671
23,-1.0,8,16,47,672
12,-1.0,0,24,36,673
28,1.0,1,11,40,674
1,1.0,12,11,24,675
10,-1.0,1,15,26,676
13,-1.0,0,14,27,677
22,1.0,4,6,32,678
30,-1.0,9,1,40,679
22,-1.0,7,18,47,680
13,-1.0,8,18,39,681
2,-1.0,23,6,31,682
26,-1.0,5,9,40,683
18,1.0,4,0,22,684
36,1.0,6,13,55,685
18,-1.0,0,10,28,686
20,1.0,7,7,34,687
14,-1.0,2,3,19,688
0,1.0,5,15,20,689
21,1.0,2,3,26,690
26,1.0,10,1,37,691
21,-1.0,1,7,29,692
3,1.0,11,1,15,693
0,-1.0,9,22,31,694
15,-1.0,5,0,20,695
18,-1.0,0,1,19,696
16,-1.0,6,3,25,697
13,-1.0,0,4,17,698
17,1.0,1,8,26,699
30,-1.0,2,4,36,700
14,1.0,0,0,14,701
10,1.0,1,14,25,702
7,-1.0,1,10,18,703
6,1.0,3,2,11,704
24,1.0,3,2,29,705
10,-1.0,2,7,19,706
33,1.0,0,4,37,707
5,1.0,2,7,14,708
4,1.0,2,7,13,709
11,-1.0,8,16,35,710
7,-1.0,5,9,21,711
15,-1.0,0,13,28,712
47,1.0,4,6,57,713
14,-1.0,21,1,36,714
29,-1.0,0,15,44,715
45,-1.0,0,6,51,716
5,1.0,7,19,31,717
15,1.0,4,14,33,718
26,1.0,2,13,41,719
3,-1.0,9,14,26,720
8,-1.0,3,2,13,721
6,1.0,20,1,27,722
25,-1.0,5,10,40,723
88,-1.0,0,8,96,724
35,-1.0,14,19,68,725
37,-1.0,0,0,37,726
54,-1.0,0,3,57,727
10,1.0,25,18,53,728
24,1.0,6,16,46,729
36,-1.0,8,4,48,730
70,-1.0,0,11,81,731
50,1.0,7,3,60,732
6,-1.0,8,15,29,733
26,-1.0,4,1,31,734
3,-1.0,4,3,10,735
3,-1.0,22,11,36,736
53,1.0,99,0,152,737
81,-1.0,0,14,95,738
102,1.0,0,8,110,739
59,-1.0,6,13,78,740
2,-1.0,31,16,49,741
17,1.0,23,4,44,742
36,-1.0,0,9,45,743
16,-1.0,0,8,24,744
39,-1.0,13,18,70,745
25,-1.0,4,32,61,746
3,1.0,25,8,36,747
57,1.0,18,11,86,748
16,-1.0,6,17,39,749
56,1.0,0,11,67,750
6,-1.0,13,11,30,751
2,-1.0,8,29,39,752
33,1.0,4,10,47,753
24,1.0,9,22,55,754
0,-1.0,6,32,38,755
19,-1.0,15,10,44,756
8,1.0,11,17,36,757
1,1.0,7,17,25,758
12,1.0,10,20,42,759
15,-1.0,9,7,31,760
34,-1.0,23,1,58,761
0,1.0,16,18,34,762
6,-1.0,26,7,39,763
7,1.0,15,9,31,764
0,-1.0,17,9,26,765
15,-1.0,9,6,30,766
52,-1.0,1,12,65,767
6,1.0,17,5,28,768
4,-1.0,9,37,50,769
17,-1.0,4,6,27,770
4,1.0,39,5,48,771
13,1.0,10,7,30,772
16,1.0,10,4,30,773
30,-1.0,4,1,35,774
15,1.0,17,4,36,775
13,1.0,9,6,28,776
15,1.0,1,5,21,777
10,1.0,10,15,35,778
16,-1.0,3,6,25,779
7,-1.0,10,20,37,780
1,1.0,9,17,27,781
28,-1.0,2,11,41,782
3,-1.0,5,9,17,783
28,-1.0,1,23,52,784
11,-1.0,16,7,34,785
21,-1.0,2,17,40,786
66,1.0,0,2,68,787
22,1.0,8,14,44,788
5,1.0,8,15,28,789
53,1.0,10,7,70,790
51,-1.0,4,1,56,791
27,1.0,4,0,31,792
30,-1.0,9,9,48,793
20,1.0,15,0,35,794
39,-1.0,5,0,44,795
6,1.0,17,19,42,796
4,-1.0,11,17,32,797
40,-1.0,4,1,45,798
17,-1.0,19,11,47,799
12,-1.0,12,10,34,800
0,-1.0,23,13,36,801
24,-1.0,0,25,49,802
27,-1.0,7,11,45,803
50,-1.0,9,1,60,804
28,-1.0,8,1,37,805
29,-1.0,0,11,40,806
39,1.0,6,0,45,807
7,1.0,9,2,18,808
5,-1.0,10,12,27,809
10,-1.0,11,40,61,810
23,-1.0,7,45,75,811
31,-1.0,4,23,58,812
7,1.0,14,13,34,813
7,1.0,29,16,52,814
5,1.0,18,1,24,815
45,1.0,14,1,60,816
46,1.0,4,12,62,817
14,1.0,5,9,28,818
32,-1.0,0,11,43,819
18,1.0,5,19,42,820
14,-1.0,10,19,43,821
1,1.0,22,2,25,822
59,-1.0,3,1,63,823
9,1.0,0,8,17,824
40,1.0,2,1,43,825
24,1.0,0,5,29,826
11,1.0,2,30,43,827
13,1.0,7,4,24,828
2,-1.0,4,13,19,829
17,1.0,7,9,33,830
20,-1.0,13,1,34,831
5,-1.0,6,5,16,832
7,-1.0,0,8,15,833
13,-1.0,6,0,19,834
35,1.0,5,6,46,835
23,1.0,8,7,38,836
8,1.0,7,5,20,837
3,1.0,23,3,29,838
11,-1.0,6,1,18,839
4,-1.0,7,6,17,840
24,-1.0,15,2,41,841
37,1.0,4,2,43,842
2,-1.0,4,10,16,843
34,1.0,4,5,43,844
15,1.0,7,13,35,845
24,-1.0,2,7,33,846
3,-1.0,11,3,17,847
9,1.0,12,8,29,848
44,1.0,6,2,52,849
3,1.0,5,14,22,850
6,-1.0,13,7,26,851
20,-1.0,16,2,38,852
76,1.0,18,2,96,853
2,-1.0,16,6,24,854
17,-1.0,6,5,28,855
4,-1.0,9,13,26,856
17,-1.0,26,5,48,857
21,1.0,1,3,25,858
17,1.0,3,18,38,859
2,-1.0,8,24,34,860
8,-1.0,12,11,31,861
8,1.0,3,13,24,862
35,1.0,7,8,50,863
38,-1.0,6,0,44,864
36,-1.0,3,16,55,865
33,-1.0,0,4,37,866
48,1.0,2,5,55,867
30,-1.0,5,8,43,868
2,1.0,0,18,20,869
17,1.0,2,12,31,870
67,-1.0,7,3,77,871
0,-1.0,13,32,45,872
3,1.0,26,6,35,873
7,1.0,6,24,37,874
29,1.0,7,6,42,875
7,1.0,16,1,24,876
12,1.0,18,7,37,877
5,1.0,13,2,20,878
12,-1.0,5,11,28,879
6,1.0,8,1,15,880
7,-1.0,6,3,16,881
27,1.0,1,3,31,882
105,-1.0,51,10,166,883
40,-1.0,28,0,68,884
55,1.0,1,16,72,885
30,-1.0,21,6,57,886
22,-1.0,2,32,56,887
18,-1.0,3,15,36,888
5,1.0,3,38,46,889
27,1.0,19,0,46,890
23,1.0,0,5,28,891
11,-1.0,11,5,27,892
15,1.0,2,3,20,893
27,-1.0,3,23,53,894
10,1.0,0,19,29,895
4,1.0,2,8,14,896
19,-1.0,6,1,26,897
15,-1.0,8,4,27,898
3,1.0,0,19,22,899
11,1.0,0,16,27,900
3,1.0,9,15,27,901
20,1.0,1,1,22,902
4,-1.0,6,7,17,903
27,-1.0,6,2,35,904
0,-1.0,14,5,19,905
3,-1.0,2,24,29,906
11,1.0,3,1,15,907
12,-1.0,8,1,21,908
11,-1.0,9,2,22,909
20,-1.0,3,3,26,910
22,-1.0,0,6,28,911
3,1.0,10,12,25,912
15,-1.0,2,9,26,913
11,-1.0,1,21,33,914
11,1.0,4,4,19,915
21,1.0,15,1,37,916
1,1.0,5,13,19,917
14,-1.0,6,12,32,918
3,1.0,2,10,15,919
15,-1.0,2,4,21,920
8,-1.0,6,15,29,921
2,-1.0,11,10,23,922
3,-1.0,12,5,20,923
26,1.0,0,4,30,924
12,1.0,1,3,16,925
34,-1.0,1,0,35,926
14,1.0,2,16,32,927
2,-1.0,6,8,16,928
10,-1.0,6,7,23,929
14,1.0,8,6,28,930
35,-1.0,12,1,48,931
17,1.0,2,26,45,932
8,-1.0,10,19,37,933
0,-1.0,20,5,25,934
8,1.0,7,3,18,935
28,-1.0,0,2,30,936
25,-1.0,1,12,38,937
52,-1.0,18,9,79,938
5,-1.0,21,12,38,939
33,1.0,4,2,39,940
41,-1.0,0,0,41,941
0,-1.0,20,7,27,942
5,1.0,3,23,31,943
4,1.0,0,25,29,944
59,-1.0,0,2,61,945
10,1.0,7,15,32,946
21,1.0,9,12,42,947
46,1.0,0,4,50,948
83,1.0,0,1,84,949
39,1.0,4,14,57,950
16,-1.0,17,13,46,951
46,1.0,6,6,58,952
3,-1.0,9,30,42,953
5,-1.0,4,9,18,954
15,1.0,5,1,21,955
24,-1.0,18,10,52,956
39,1.0,38,8,85,957
5,-1.0,25,11,41,958
40,-1.0,0,38,78,959
40,-1.0,14,3,57,960
31,-1.0,8,33,72,961
71,-1.0,1,16,88,962
45,1.0,17,2,64,963
3,-1.0,6,47,56,964
2,1.0,8,16,26,965
43,-1.0,4,3,50,966
10,-1.0,24,9,43,967
19,-1.0,6,12,37,968
19,1.0,13,8,40,969
4,1.0,16,6,26,970
25,-1.0,22,1,48,971
27,-1.0,1,35,63,972
51,-1.0,2,9,62,973
49,1.0,1,14,64,974
15,1.0,5,31,51,975
5,-1.0,17,9,31,976
3,-1.0,18,17,38,977
9,-1.0,4,6,19,978
42,1.0,9,2,53,979
54,-1.0,4,0,58,980
43,-1.0,14,3,60,981
19,-1.0,26,14,59,982
11,1.0,16,16,43,983
41,-1.0,2,0,43,984
9,-1.0,17,5,31,985
6,-1.0,0,33,39,986
17,1.0,3,4,24,987
17,1.0,1,3,21,988
16,-1.0,16,4,36,989
31,-1.0,0,1,32,990
9,1.0,14,12,35,991
17,1.0,5,2,24,992
2,-1.0,17,5,24,993
21,-1.0,4,4,29,994
11,-1.0,7,14,32,995
20,1.0,2,19,41,996
13,-1.0,7,0,20,997
27,-1.0,0,5,32,998
9,-1.0,5,16,30,999
0,0.0,15,3,18,1000
30,-1.0,0,4,34,1001
21,1.0,0,12,33,1002
53,1.0,4,5,62,1003
7,-1.0,30,36,73,1004
95,1.0,0,0,95,1005
4,-1.0,24,19,47,1006
39,1.0,15,10,64,1007
53,1.0,4,44,101,1008
23,-1.0,11,27,61,1009
48,-1.0,1,36,85,1010
10,1.0,19,13,42,1011
24,1.0,20,26,70,1012
20,-1.0,2,11,33,1013
86,-1.0,2,1,89,1014
21,1.0,22,3,46,1015
18,-1.0,24,9,51,1016
12,-1.0,25,2,39,1017
10,1.0,3,29,42,1018
26,1.0,3,10,39,1019
24,-1.0,38,0,62,1020
4,1.0,6,15,25,1021
20,1.0,10,3,33,1022
18,-1.0,1,8,27,1023
53,-1.0,6,3,62,1024
16,-1.0,14,0,30,1025
10,1.0,4,5,19,1026
20,1.0,12,1,33,1027
16,1.0,10,1,27,1028
40,-1.0,2,49,91,1029
2,1.0,35,17,54,1030
7,-1.0,5,26,38,1031
24,1.0,1,8,33,1032
39,1.0,0,6,45,1033
35,-1.0,7,0,42,1034
21,-1.0,22,1,44,1035
40,1.0,5,1,46,1036
39,1.0,5,0,44,1037
12,1.0,18,1,31,1038
12,1.0,7,16,35,1039
3,-1.0,15,9,27,1040
30,1.0,0,12,42,1041
24,-1.0,0,15,39,1042
17,-1.0,7,1,25,1043
49,1.0,3,1,53,1044
1,1.0,7,8,16,1045
9,1.0,9,1,19,1046
4,-1.0,12,17,33,1047
16,1.0,9,4,29,1048
14,1.0,9,1,24,1049
40,1.0,11,1,52,1050
7,-1.0,2,15,24,1051
16,-1.0,9,7,32,1052
8,-1.0,0,19,27,1053
27,1.0,0,3,30,1054
10,1.0,6,13,29,1055
7,-1.0,18,0,25,1056
2,1.0,16,9,27,1057
13,-1.0,10,4,27,1058
30,-1.0,5,5,40,1059
11,1.0,1,5,17,1060
23,1.0,0,1,24,1061
13,1.0,9,2,24,1062
2,-1.0,2,11,15,1063
14,1.0,6,2,22,1064
13,-1.0,1,3,17,1065
5,-1.0,0,12,17,1066
18,1.0,1,9,28,1067
11,-1.0,7,1,19,1068
6,-1.0,5,4,15,1069
22,-1.0,2,2,26,1070
6,1.0,3,6,15,1071
20,1.0,1,0,21,1072
9,-1.0,0,12,21,1073
5,1.0,13,7,25,1074
34,-1.0,5,4,43,1075
14,1.0,8,4,26,1076
2,1.0,3,13,18,1077
16,1.0,1,14,31,1078
28,1.0,24,0,52,1079
10,-1.0,16,2,28,1080
20,-1.0,12,12,44,1081
31,-1.0,7,4,42,1082
27,1.0,1,9,37,1083
7,1.0,4,16,27,1084
22,-1.0,7,5,34,1085
8,-1.0,9,27,44,1086
41,1.0,11,8,60,1087
11,-1.0,8,5,24,1088
11,-1.0,3,11,25,1089
31,1.0,2,8,41,1090
5,-1.0,13,10,28,1091
11,-1.0,7,4,22,1092
18,1.0,3,3,24,1093
1,1.0,4,8,13,1094
8,-1.0,1,8,17,1095
19,-1.0,0,17,36,1096
11,1.0,26,6,43,1097
14,-1.0,16,1,31,1098
8,1.0,0,7,15,1099
0,-1.0,16,3,19,1100
6,1.0,6,68,80,1101
8,-1.0,14,15,37,1102
16,1.0,13,0,29,1103
18,1.0,5,11,34,1104
0,-1.0,11,7,18,1105
41,-1.0,6,4,51,1106
2,-1.0,5,12,19,1107
0,0.0,3,11,14,1108
31,1.0,1,1,33,1109
6,-1.0,4,4,14,1110
13,-1.0,3,14,30,1111
1,1.0,9,1,11,1112
17,-1.0,1,4,22,1113
7,-1.0,7,4,18,1114
22,1.0,1,2,25,1115
2,1.0,7,7,16,1116
1,1.0,2,6,9,1117
3,-1.0,4,1,8,1118
3,1.0,2,6,11,1119
6,-1.0,8,12,26,1120
29,-1.0,4,23,56,1121
21,-1.0,0,13,34,1122
16,-1.0,4,19,39,1123
2,1.0,10,0,12,1124
18,1.0,0,2,20,1125
5,-1.0,7,5,17,1126
1,1.0,4,4,9,1127
9,1.0,0,6,15,1128
16,-1.0,1,6,23,1129
8,-1.0,1,1,10,1130
7,1.0,0,7,14,1131
20,1.0,0,0,20,1132
7,-1.0,3,4,14,1133
6,1.0,4,2,12,1134
5,-1.0,0,2,7,1135
2,-1.0,2,8,12,1136
6,1.0,7,1,14,1137
3,-1.0,2,4,9,1138
2,1.0,5,4,11,1139
17,-1.0,3,0,20,1140
23,-1.0,1,1,25,1141
17,1.0,1,7,25,1142
13,1.0,2,6,21,1143
10,-1.0,2,0,12,1144
3,1.0,9,3,15,1145
23,1.0,1,3,27,1146
8,-1.0,0,2,10,1147
4,-1.0,0,16,20,1148
25,-1.0,2,9,36,1149
42,-1.0,1,7,50,1150
29,-1.0,3,13,45,1151
25,-1.0,18,0,43,1152
38,1.0,4,1,43,1153
5,1.0,12,12,29,1154
2,1.0,8,12,22,1155
22,-1.0,4,8,34,1156
34,1.0,0,0,34,1157
28,1.0,13,0,41,1158
41,-1.0,14,6,61,1159
9,1.0,3,15,27,1160
11,1.0,18,0,29,1161
8,-1.0,5,12,25,1162
19,-1.0,0,15,34,1163
13,1.0,2,3,18,1164
15,-1.0,2,19,36,1165
2,1.0,10,3,15,1166
4,1.0,20,9,33,1167
17,1.0,1,12,30,1168
4,-1.0,2,8,14,1169
103,-1.0,22,30,155,1170
25,-1.0,4,15,44,1171
16,1.0,6,20,42,1172
12,-1.0,1,11,24,1173
20,-1.0,10,7,37,1174
9,-1.0,0,10,19,1175
37,1.0,4,3,44,1176
15,-1.0,6,0,21,1177
5,-1.0,8,5,18,1178
55,1.0,1,1,57,1179
12,-1.0,16,4,32,1180
1,1.0,11,5,17,1181
17,-1.0,2,8,27,1182
7,-1.0,12,0,19,1183
11,1.0,2,4,17,1184
8,1.0,8,1,17,1185
21,-1.0,5,11,37,1186
4,-1.0,14,4,22,1187
12,1.0,7,5,24,1188
11,1.0,3,2,16,1189
14,1.0,2,6,22,1190
12,-1.0,5,1,18,1191
9,1.0,7,7,23,1192
8,-1.0,2,14,24,1193
4,1.0,8,0,12,1194
9,-1.0,2,1,12,1195
7,-1.0,0,2,9,1196
14,-1.0,3,3,20,1197
5,-1.0,6,10,21,1198
26,1.0,5,1,32,1199
10,-1.0,0,5,15,1200
18,1.0,1,3,22,1201
35,1.0,5,0,40,1202
14,1.0,4,0,18,1203
15,1.0,8,10,33,1204
5,1.0,1,12,18,1205
3,1.0,19,1,23,1206
8,1.0,7,6,21,1207
8,1.0,9,4,21,1208
17,-1.0,11,0,28,1209
16,-1.0,1,0,17,1210
1,-1.0,3,5,9,1211
16,1.0,2,1,19,1212
26,-1.0,2,2,30,1213
1,-1.0,3,8,12,1214
12,1.0,2,1,15,1215
11,-1.0,1,1,13,1216
4,-1.0,0,5,9,1217
23,-1.0,7,14,44,1218
25,-1.0,0,11,36,1219
3,-1.0,12,4,19,1220
24,-1.0,0,4,28,1221
3,-1.0,2,39,44,1222
2,1.0,11,1,14,1223
25,1.0,14,0,39,1224
2,1.0,4,10,16,1225
27,1.0,5,0,32,1226
13,-1.0,12,2,27,1227
11,-1.0,5,1,17,1228
2,-1.0,11,8,21,1229
6,1.0,11,8,25,1230
3,1.0,4,8,15,1231
6,-1.0,13,1,20,1232
9,1.0,6,0,15,1233
26,-1.0,12,0,38,1234
12,-1.0,13,11,36,1235
10,-1.0,5,8,23,1236
4,1.0,16,7,27,1237
6,1.0,5,2,13,1238
13,-1.0,1,4,18,1239
58,1.0,0,48,106,1240
21,-1.0,19,0,40,1241
20,1.0,2,4,26,1242
24,-1.0,4,1,29,1243
5,-1.0,5,9,19,1244
18,1.0,2,10,30,1245
0,-1.0,13,7,20,1246
16,-1.0,3,1,20,1247
5,1.0,4,1,10,1248
11,-1.0,0,1,12,1249
25,-1.0,5,1,31,1250
23,1.0,3,1,27,1251
3,-1.0,1,5,9,1252
10,1.0,5,3,18,1253
18,1.0,3,2,23,1254
18,1.0,10,1,29,1255
10,-1.0,6,1,17,1256
2,1.0,1,10,13,1257
4,-1.0,4,2,10,1258
8,-1.0,1,2,11,1259
4,1.0,7,1,12,1260
7,-1.0,0,4,11,1261
2,-1.0,2,4,8,1262
1,1.0,3,8,12,1263
8,-1.0,0,7,15,1264
5,-1.0,1,7,13,1265
1,1.0,1,7,9,1266
4,1.0,6,1,11,1267
0,0.0,5,3,8,1268
9,-1.0,0,3,12,1269
10,-1.0,5,2,17,1270
12,1.0,1,5,18,1271
13,-1.0,8,0,21,1272
7,-1.0,6,6,19,1273
12,1.0,1,4,17,1274
2,1.0,5,7,14,1275
2,1.0,6,3,11,1276
4,1.0,1,6,11,1277
9,1.0,5,1,15,1278
11,-1.0,1,3,15,1279
17,1.0,2,0,19,1280
10,1.0,6,1,17,1281
11,-1.0,3,4,18,1282
1,-1.0,4,8,13,1283
4,1.0,7,4,15,1284
8,1.0,1,7,16,1285
16,1.0,6,0,22,1286
18,-1.0,6,3,27,1287
9,1.0,6,8,23,1288
20,1.0,4,4,28,1289
5,-1.0,2,4,11,1290
8,1.0,7,10,25,1291
1,-1.0,25,1,27,1292
7,1.0,11,3,21,1293
5,-1.0,11,7,23,1294
22,1.0,7,6,35,1295
4,1.0,21,3,28,1296
7,-1.0,3,6,16,1297
31,-1.0,6,16,53,1298
8,1.0,14,1,23,1299
21,-1.0,3,0,24,1300
6,1.0,11,0,17,1301
13,-1.0,4,4,21,1302
29,1.0,2,5,36,1303
115,-1.0,0,3,118,1304
20,-1.0,2,13,35,1305
5,-1.0,15,4,24,1306
6,-1.0,3,10,19,1307
11,1.0,10,0,21,1308
15,1.0,4,8,27,1309
218,1.0,23,6,247,1310
34,-1.0,29,10,73,1311
40,1.0,3,4,47,1312
12,1.0,13,2,27,1313
53,-1.0,5,7,65,1314
27,-1.0,6,12,45,1315
12,1.0,4,19,35,1316
13,1.0,1,18,32,1317
12,1.0,4,13,29,1318
38,-1.0,4,6,48,1319
3,-1.0,17,7,27,1320
23,1.0,1,4,28,1321
6,-1.0,13,12,31,1322
26,-1.0,1,0,27,1323
2,-1.0,11,1,14,1324
20,-1.0,1,6,27,1325
14,1.0,11,1,26,1326
12,1.0,4,3,19,1327
28,1.0,0,0,28,1328
8,-1.0,2,12,22,1329
14,1.0,0,11,25,1330
13,1.0,13,1,27,1331
59,1.0,4,2,65,1332
1,-1.0,18,17,36,1333
30,1.0,7,6,43,1334
18,-1.0,4,1,23,1335
9,1.0,8,1,18,1336
15,1.0,12,1,28,1337
2,-1.0,11,3,16,1338
14,1.0,15,4,33,1339
23,-1.0,5,8,36,1340
24,1.0,8,2,34,1341
5,1.0,1,7,13,1342
3,-1.0,24,4,31,1343
28,1.0,8,7,43,1344
22,1.0,7,0,29,1345
12,1.0,8,10,30,1346
19,-1.0,0,3,22,1347
23,-1.0,2,5,30,1348
1,-1.0,3,7,11,1349
18,1.0,1,4,23,1350
3,-1.0,2,9,14,1351
1,1.0,12,7,20,1352
11,1.0,1,7,19,1353
4,1.0,1,23,28,1354
16,-1.0,5,8,29,1355
23,1.0,1,2,26,1356
14,-1.0,0,10,24,1357
2,-1.0,6,14,22,1358
32,1.0,5,0,37,1359
21,1.0,9,13,43,1360
18,1.0,2,13,33,1361
16,-1.0,5,2,23,1362
11,1.0,0,7,18,1363
38,-1.0,16,12,66,1364
33,1.0,1,0,34,1365
25,1.0,0,6,31,1366
14,-1.0,7,2,23,1367
3,1.0,11,2,16,1368
17,-1.0,10,7,34,1369
14,1.0,13,3,30,1370
17,1.0,1,1,19,1371
35,1.0,8,1,44,1372
21,-1.0,9,4,34,1373
5,1.0,18,9,32,1374
12,-1.0,15,3,30,1375
9,-1.0,11,0,20,1376
73,1.0,1,1,75,1377
12,1.0,4,5,21,1378
24,1.0,4,12,40,1379
12,-1.0,26,0,38,1380
6,1.0,4,10,20,1381
24,-1.0,5,27,56,1382
43,-1.0,16,24,83,1383
30,-1.0,0,28,58,1384
1,1.0,20,11,32,1385
8,-1.0,19,2,29,1386
20,-1.0,5,0,25,1387
28,1.0,1,18,47,1388
1,1.0,13,13,27,1389
11,1.0,15,2,28,1390
30,1.0,19,8,57,1391
9,-1.0,18,1,28,1392
6,-1.0,8,11,25,1393
6,1.0,6,6,18,1394
38,1.0,3,6,47,1395
3,1.0,8,5,16,1396
9,1.0,7,9,25,1397
0,0.0,4,9,13,1398
35,-1.0,0,2,37,1399
6,-1.0,3,12,21,1400
6,1.0,5,6,17,1401
11,1.0,10,6,27,1402
2,1.0,12,3,17,1403
17,-1.0,3,6,26,1404
13,-1.0,16,4,33,1405
12,-1.0,3,27,42,1406
20,1.0,11,0,31,1407
3,1.0,4,19,26,1408
4,1.0,10,2,16,1409
1,1.0,4,12,17,1410
9,-1.0,5,2,16,1411
5,-1.0,3,17,25,1412
4,1.0,7,5,16,1413
11,-1.0,3,15,29,1414
18,-1.0,19,6,43,1415
1,1.0,11,4,16,1416
4,1.0,6,10,20,1417
3,1.0,9,13,25,1418
0,0.0,3,8,11,1419
27,-1.0,3,0,30,1420
32,-1.0,0,0,32,1421
1,1.0,3,27,31,1422
12,-1.0,16,1,29,1423
39,1.0,1,4,44,1424
6,1.0,9,3,18,1425
4,1.0,11,21,36,1426
14,-1.0,4,6,24,1427
2,1.0,13,16,31,1428
8,1.0,4,13,25,1429
10,-1.0,14,3,27,1430
10,1.0,1,2,13,1431
29,-1.0,0,1,30,1432
28,-1.0,0,7,35,1433
1,1.0,3,30,34,1434
20,1.0,1,19,40,1435
9,-1.0,11,1,21,1436
14,1.0,14,4,32,1437
22,-1.0,2,0,24,1438
16,1.0,4,11,31,1439
23,-1.0,4,4,31,1440
16,1.0,13,4,33,1441
15,-1.0,7,2,24,1442
16,1.0,0,10,26,1443
77,-1.0,0,7,84,1444
10,1.0,9,9,28,1445
8,-1.0,3,11,22,1446
11,1.0,12,3,26,1447
27,1.0,9,0,36,1448
0,-1.0,26,0,26,1449
4,1.0,1,20,25,1450
4,1.0,3,27,34,1451
11,-1.0,1,5,17,1452
19,-1.0,6,7,32,1453
8,1.0,20,13,41,1454
18,1.0,5,16,39,1455
1,1.0,9,14,24,1456
1,-1.0,7,28,36,1457
8,1.0,2,5,15,1458
4,-1.0,14,2,20,1459
25,-1.0,11,0,36,1460
15,1.0,6,0,21,1461
3,1.0,16,7,26,1462
8,-1.0,6,8,22,1463
1,1.0,0,23,24,1464
12,-1.0,7,2,21,1465
25,1.0,1,0,26,1466
22,-1.0,3,0,25,1467
0,-1.0,8,13,21,1468
6,1.0,3,7,16,1469
29,1.0,3,11,43,1470
89,-1.0,0,36,125,1471
1,-1.0,28,3,32,1472
50,-1.0,0,2,52,1473
10,-1.0,7,30,47,1474
46,1.0,2,0,48,1475
6,1.0,7,13,26,1476
9,-1.0,25,0,34,1477
17,1.0,2,22,41,1478
0,-1.0,1,26,27,1479
9,-1.0,4,5,18,1480
63,1.0,4,2,69,1481
23,1.0,20,4,47,1482
43,1.0,14,1,58,1483
9,1.0,0,20,29,1484
38,-1.0,2,0,40,1485
12,1.0,5,5,22,1486
5,-1.0,13,1,19,1487
10,1.0,3,1,14,1488
15,1.0,5,3,23,1489
24,-1.0,5,4,33,1490
31,-1.0,0,31,62,1491
31,-1.0,12,26,69,1492
23,1.0,7,5,35,1493
14,1.0,0,7,21,1494
12,-1.0,0,19,31,1495
32,-1.0,0,6,38,1496
32,-1.0,15,5,52,1497
0,-1.0,17,4,21,1498
24,-1.0,2,10,36,1499
9,-1.0,0,30,39,1500
2,-1.0,15,14,31,1501
15,1.0,18,1,34,1502
12,-1.0,2,9,23,1503
41,-1.0,13,4,58,1504
17,1.0,12,2,31,1505
82,-1.0,0,4,86,1506
23,1.0,19,4,46,1507
18,1.0,1,14,33,1508
9,1.0,17,2,28,1509
1,1.0,20,1,22,1510
8,-1.0,6,21,35,1511
11,1.0,0,11,22,1512
4,1.0,3,16,23,1513
10,1.0,6,20,36,1514
12,1.0,22,10,44,1515
44,-1.0,0,0,44,1516
59,-1.0,1,6,66,1517
82,-1.0,1,1,84,1518
28,-1.0,7,25,60,1519
39,-1.0,1,8,48,1520
18,-1.0,2,33,53,1521
11,1.0,23,5,39,1522
4,-1.0,23,39,66,1523
31,-1.0,7,13,51,1524
54,1.0,2,0,56,1525
38,-1.0,0,8,46,1526
24,1.0,1,24,49,1527
53,1.0,7,8,68,1528
48,-1.0,2,14,64,1529
31,1.0,3,0,34,1530
14,1.0,3,16,33,1531
11,-1.0,20,22,53,1532
6,-1.0,21,5,32,1533
13,-1.0,3,21,37,1534
24,-1.0,3,7,34,1535
3,1.0,19,3,25,1536
4,-1.0,18,10,32,1537
6,-1.0,5,7,18,1538
25,-1.0,0,5,30,1539
8,-1.0,0,31,39,1540
13,1.0,8,8,29,1541
17,1.0,0,4,21,1542
13,1.0,4,7,24,1543
12,-1.0,14,15,41,1544
10,-1.0,1,9,20,1545
1,-1.0,1,29,31,1546
19,-1.0,0,2,21,1547
18,1.0,18,3,39,1548
27,1.0,2,8,37,1549
7,1.0,1,22,30,1550
22,-1.0,0,1,23,1551
11,1.0,0,25,36,1552
7,1.0,16,10,33,1553
8,-1.0,4,9,21,1554
19,-1.0,0,8,27,1555
4,1.0,1,17,22,1556
8,1.0,9,0,17,1557
9,-1.0,5,6,20,1558
6,-1.0,1,11,18,1559
30,1.0,0,2,32,1560
10,1.0,2,2,14,1561
8,-1.0,16,2,26,1562
34,1.0,8,0,42,1563
17,-1.0,8,0,25,1564
12,1.0,6,5,23,1565
10,-1.0,2,8,20,1566
9,-1.0,12,1,22,1567
6,1.0,1,4,11,1568
63,1.0,7,8,78,1569
23,-1.0,11,4,38,1570
33,1.0,14,2,49,1571
19,-1.0,15,9,43,1572
26,-1.0,11,1,38,1573
29,-1.0,5,6,40,1574
37,1.0,1,18,56,1575
6,-1.0,5,5,16,1576
14,-1.0,3,10,27,1577
5,1.0,3,11,19,1578
2,1.0,16,6,24,1579
5,-1.0,0,8,13,1580
62,1.0,2,5,69,1581
2,1.0,1,27,30,1582
20,-1.0,16,6,42,1583
11,-1.0,14,10,35,1584
5,1.0,21,1,27,1585
29,-1.0,11,1,41,1586
0,0.0,10,6,16,1587
91,-1.0,0,17,108,1588
38,-1.0,1,2,41,1589
15,-1.0,21,17,53,1590
1,1.0,10,20,31,1591
4,1.0,1,12,17,1592
52,1.0,32,3,87,1593
35,1.0,36,0,71,1594
16,1.0,14,13,43,1595
18,-1.0,15,17,50,1596
3,1.0,17,4,24,1597
20,1.0,2,10,32,1598
5,-1.0,9,10,24,1599
41,-1.0,1,0,42,1600
10,-1.0,7,2,19,1601
27,1.0,3,3,33,1602
13,-1.0,14,0,27,1603
25,-1.0,9,3,37,1604
19,-1.0,11,1,31,1605
10,1.0,15,0,25,1606
31,-1.0,6,20,57,1607
17,1.0,0,10,27,1608
32,-1.0,0,10,42,1609
9,1.0,0,27,36,1610
17,1.0,15,7,39,1611
1,1.0,11,13,25,1612
21,1.0,3,8,32,1613
30,1.0,5,4,39,1614
6,-1.0,3,9,18,1615
20,-1.0,5,2,27,1616
9,1.0,5,10,24,1617
12,1.0,8,2,22,1618
4,-1.0,1,6,11,1619
2,-1.0,5,9,16,1620
20,1.0,4,2,26,1621
4,-1.0,2,9,15,1622
16,1.0,3,3,22,1623
2,1.0,2,10,14,1624
4,-1.0,3,4,11,1625
2,1.0,5,21,28,1626
21,1.0,15,3,39,1627
9,1.0,8,6,23,1628
3,-1.0,6,9,18,1629
14,1.0,3,6,23,1630
14,1.0,1,12,27,1631
2,1.0,9,9,20,1632
50,1.0,20,5,75,1633
13,-1.0,32,3,48,1634
19,1.0,6,2,27,1635
3,-1.0,12,2,17,1636
17,-1.0,2,5,24,1637
31,-1.0,1,2,34,1638
14,1.0,12,3,29,1639
15,-1.0,1,11,27,1640
10,1.0,2,11,23,1641
57,-1.0,17,2,76,1642
48,-1.0,5,14,67,1643
23,1.0,14,1,38,1644
9,1.0,0,57,66,1645
11,1.0,1,27,39,1646
5,1.0,3,18,26,1647
8,-1.0,15,3,26,1648
5,1.0,24,4,33,1649
6,-1.0,21,2,29,1650
17,-1.0,0,15,32,1651
38,-1.0,1,16,55,1652
25,-1.0,2,6,33,1653
60,-1.0,3,6,69,1654
24,-1.0,8,28,60,1655
16,1.0,18,19,53,1656
17,-1.0,21,0,38,1657
55,1.0,10,0,65,1658
27,1.0,14,0,41,1659
40,1.0,1,1,42,1660
3,-1.0,6,11,20,1661
3,-1.0,10,2,15,1662
30,1.0,5,7,42,1663
36,-1.0,17,10,63,1664
37,1.0,6,2,45,1665
16,1.0,21,19,56,1666
50,1.0,2,10,62,1667
3,1.0,9,21,33,1668
17,-1.0,4,5,26,1669
20,-1.0,1,4,25,1670
4,-1.0,16,6,26,1671
14,-1.0,7,4,25,1672
1,-1.0,16,4,21,1673
19,1.0,9,6,34,1674
36,1.0,2,4,42,1675
32,1.0,5,13,50,1676
18,1.0,4,27,49,1677
84,1.0,1,2,87,1678
39,-1.0,13,9,61,1679
3,1.0,17,12,32,1680
6,1.0,8,5,19,1681
8,-1.0,1,16,25,1682
7,-1.0,7,17,31,1683
14,-1.0,9,4,27,1684
7,-1.0,15,11,33,1685
44,1.0,1,5,50,1686
3,-1.0,15,15,33,1687
10,-1.0,5,5,20,1688
12,-1.0,10,2,24,1689
11,-1.0,11,3,25,1690
0,-1.0,5,15,20,1691
13,-1.0,2,4,19,1692
15,-1.0,6,5,26,1693
34,1.0,2,0,36,1694
0,1.0,8,16,24,1695
30,1.0,6,0,36,1696
10,-1.0,7,7,24,1697
14,-1.0,9,0,23,1698
1,-1.0,12,9,22,1699
11,1.0,2,0,13,1700
8,1.0,4,3,15,1701
16,-1.0,2,7,25,1702
25,-1.0,6,0,31,1703
14,1.0,9,0,23,1704
5,-1.0,5,11,21,1705
16,-1.0,5,6,27,1706
10,-1.0,6,21,37,1707
4,1.0,2,15,21,1708
4,1.0,14,13,31,1709
24,-1.0,0,17,41,1710
41,1.0,11,2,54,1711
5,1.0,12,11,28,1712
17,-1.0,0,10,27,1713
20,-1.0,2,5,27,1714
5,1.0,8,9,22,1715
5,-1.0,2,10,17,1716
11,-1.0,10,6,27,1717
20,1.0,9,4,33,1718
33,-1.0,3,9,45,1719
5,1.0,19,1,25,1720
17,1.0,0,5,22,1721
26,1.0,1,8,35,1722
66,1.0,2,0,68,1723
32,-1.0,2,8,42,1724
74,-1.0,2,0,76,1725
30,1.0,2,2,34,1726
4,1.0,17,0,21,1727
42,1.0,0,8,50,1728
9,1.0,9,4,22,1729
10,1.0,3,6,19,1730
17,1.0,11,0,28,1731
6,1.0,10,5,21,1732
13,1.0,1,47,61,1733
20,-1.0,11,33,64,1734
13,1.0,5,33,51,1735
13,-1.0,21,2,36,1736
15,-1.0,11,2,28,1737
2,1.0,0,15,17,1738
43,-1.0,0,1,44,1739
21,1.0,1,18,40,1740
6,1.0,7,18,31,1741
18,1.0,0,7,25,1742
24,1.0,0,3,27,1743
3,-1.0,10,4,17,1744
13,-1.0,3,15,31,1745
9,1.0,4,6,19,1746
1,-1.0,1,8,10,1747
12,1.0,4,2,18,1748
30,1.0,1,0,31,1749
6,1.0,12,4,22,1750
6,1.0,2,17,25,1751
20,-1.0,1,5,26,1752
18,1.0,0,12,30,1753
10,1.0,6,12,28,1754
6,1.0,14,12,32,1755
18,-1.0,4,3,25,1756
21,-1.0,11,3,35,1757
17,-1.0,5,2,24,1758
4,1.0,6,7,17,1759
11,1.0,11,0,22,1760
10,-1.0,2,15,27,1761
11,1.0,12,0,23,1762
0,1.0,0,11,11,1763
8,-1.0,2,3,13,1764
1,-1.0,7,5,13,1765
30,1.0,7,1,38,1766
10,-1.0,3,6,19,1767
27,1.0,0,1,28,1768
4,1.0,1,16,21,1769
6,-1.0,2,10,18,1770
6,-1.0,4,14,24,1771
19,-1.0,0,1,20,1772
14,-1.0,7,11,32,1773
13,1.0,8,11,32,1774
7,1.0,5,3,15,1775
7,1.0,7,2,16,1776
12,-1.0,7,1,20,1777
10,-1.0,5,1,16,1778
12,-1.0,2,1,15,1779
41,-1.0,15,14,70,1780
13,-1.0,15,0,28,1781
10,1.0,8,2,20,1782
25,1.0,0,3,28,1783
26,1.0,6,8,40,1784
14,1.0,31,0,45,1785
46,-1.0,17,1,64,1786
7,-1.0,5,15,27,1787
9,1.0,5,11,25,1788
10,1.0,3,5,18,1789
30,-1.0,0,5,35,1790
5,-1.0,9,1,15,1791
44,-1.0,6,23,73,1792
66,-1.0,5,3,74,1793
37,-1.0,5,3,45,1794
2,1.0,11,32,45,1795
64,-1.0,9,9,82,1796
1,1.0,21,40,62,1797
86,-1.0,8,16,110,1798
2,-1.0,15,27,44,1799
50,-1.0,4,1,55,1800
29,1.0,10,5,44,1801
39,-1.0,8,3,50,1802
39,-1.0,3,6,48,1803
21,-1.0,0,43,64,1804
61,1.0,13,5,79,1805
16,1.0,12,10,38,1806
39,-1.0,3,5,47,1807
22,-1.0,8,11,41,1808
16,1.0,10,15,41,1809
19,1.0,12,3,34,1810
8,1.0,20,1,29,1811
11,-1.0,10,7,28,1812
13,1.0,7,2,22,1813
4,1.0,11,5,20,1814
38,-1.0,1,1,40,1815
1,-1.0,3,21,25,1816
6,1.0,1,11,18,1817
10,-1.0,0,7,17,1818
11,1.0,5,1,17,1819
21,-1.0,14,0,35,1820
4,1.0,5,7,16,1821
7,-1.0,3,5,15,1822
3,-1.0,15,2,20,1823
14,1.0,8,2,24,1824
17,1.0,10,2,29,1825
0,-1.0,1,15,16,1826
17,-1.0,2,6,25,1827
24,-1.0,3,2,29,1828
4,-1.0,2,15,21,1829
21,-1.0,1,1,23,1830
10,-1.0,4,20,34,1831
37,1.0,1,1,39,1832
10,1.0,5,1,16,1833
11,-1.0,1,16,28,1834
29,-1.0,1,0,30,1835
8,-1.0,12,9,29,1836
16,1.0,20,2,38,1837
7,1.0,5,0,12,1838
7,-1.0,4,4,15,1839
4,1.0,11,2,17,1840
8,-1.0,4,1,13,1841
19,-1.0,1,0,20,1842
17,1.0,5,3,25,1843
0,1.0,19,5,24,1844
11,-1.0,8,0,19,1845
19,1.0,4,5,28,1846
18,-1.0,1,4,23,1847
29,1.0,3,4,36,1848
34,1.0,5,2,41,1849
11,1.0,21,4,36,1850
1,1.0,4,22,27,1851
0,1.0,12,2,14,1852
58,1.0,10,3,71,1853
23,-1.0,3,1,27,1854
14,-1.0,33,0,47,1855
51,-1.0,3,2,56,1856
3,-1.0,0,22,25,1857
11,-1.0,27,0,38,1858
4,1.0,8,7,19,1859
7,1.0,14,3,24,1860
19,-1.0,21,4,44,1861
28,1.0,4,2,34,1862
4,-1.0,1,13,18,1863
36,1.0,8,4,48,1864
22,1.0,1,13,36,1865
36,-1.0,1,8,45,1866
1,1.0,8,20,29,1867
46,-1.0,6,0,52,1868
7,1.0,14,16,37,1869
21,-1.0,8,5,34,1870
1,1.0,18,7,26,1871
14,1.0,17,6,37,1872
9,1.0,10,2,21,1873
2,1.0,6,4,12,1874
7,1.0,38,24,69,1875
18,1.0,3,26,47,1876
45,-1.0,0,11,56,1877
17,-1.0,12,9,38,1878
1,1.0,0,18,19,1879
34,-1.0,22,19,75,1880
25,-1.0,2,16,43,1881
5,-1.0,14,29,48,1882
56,1.0,14,6,76,1883
49,-1.0,8,3,60,1884
13,1.0,9,9,31,1885
17,1.0,5,1,23,1886
33,-1.0,7,4,44,1887
2,1.0,5,8,15,1888
28,-1.0,0,23,51,1889
5,1.0,13,0,18,1890
18,1.0,8,16,42,1891
19,-1.0,14,0,33,1892
2,1.0,13,2,17,1893
24,1.0,6,2,32,1894
21,-1.0,0,1,22,1895
13,1.0,4,9,26,1896
29,-1.0,9,0,38,1897
21,1.0,12,14,47,1898
3,-1.0,13,6,22,1899
58,1.0,0,0,58,1900
4,-1.0,10,4,18,1901
33,-1.0,0,0,33,1902
11,1.0,9,1,21,1903
24,1.0,1,5,30,1904
10,-1.0,22,2,34,1905
11,-1.0,5,7,23,1906
18,-1.0,1,5,24,1907
30,1.0,17,3,50,1908
11,1.0,1,13,25,1909
9,-1.0,36,0,45,1910
18,-1.0,14,2,34,1911
14,1.0,3,12,29,1912
25,1.0,3,0,28,1913
8,-1.0,13,7,28,1914
8,1.0,6,7,21,1915
35,-1.0,1,14,50,1916
4,-1.0,4,15,23,1917
0,1.0,5,18,23,1918
16,-1.0,1,5,22,1919
8,1.0,11,1,20,1920
8,1.0,2,12,22,1921
0,-1.0,11,11,22,1922
25,-1.0,11,6,42,1923
18,-1.0,2,36,56,1924
97,-1.0,0,4,101,1925
5,-1.0,17,33,55,1926
17,1.0,14,7,38,1927
6,1.0,12,10,28,1928
14,1.0,1,18,33,1929
35,1.0,28,4,67,1930
28,1.0,8,0,36,1931
50,1.0,17,0,67,1932
4,1.0,55,7,66,1933
29,-1.0,31,3,63,1934
27,1.0,20,27,74,1935
53,-1.0,7,0,60,1936
45,-1.0,31,6,82,1937
8,-1.0,20,17,45,1938
6,1.0,41,5,52,1939
63,-1.0,8,1,72,1940
25,1.0,30,3,58,1941
41,1.0,1,8,50,1942
1,1.0,25,0,26,1943
3,1.0,14,0,17,1944
104,-1.0,20,18,142,1945
44,1.0,5,2,51,1946
30,-1.0,18,1,49,1947
21,1.0,4,25,50,1948
19,-1.0,7,3,29,1949
43,-1.0,0,9,52,1950
25,-1.0,10,17,52,1951
2,-1.0,25,0,27,1952
12,1.0,4,11,27,1953
28,-1.0,12,1,41,1954
11,-1.0,10,8,29,1955
11,1.0,1,24,36,1956
26,1.0,12,7,45,1957
43,-1.0,6,6,55,1958
24,1.0,1,3,28,1959
32,1.0,4,8,44,1960
12,-1.0,11,2,25,1961
4,-1.0,8,10,22,1962
0,1.0,4,8,12,1963
8,-1.0,7,6,21,1964
13,-1.0,0,6,19,1965
1,-1.0,6,6,13,1966
16,-1.0,1,8,25,1967
29,-1.0,7,17,53,1968
10,1.0,8,3,21,1969
16,1.0,4,10,30,1970
4,-1.0,8,13,25,1971
21,-1.0,6,13,40,1972
2,-1.0,1,31,34,1973
6,1.0,0,24,30,1974
24,-1.0,0,10,34,1975
17,1.0,7,2,26,1976
14,-1.0,3,11,28,1977
7,-1.0,7,1,15,1978
15,1.0,24,1,40,1979
11,-1.0,11,2,24,1980
5,-1.0,1,11,17,1981
0,0.0,2,17,19,1982
0,0.0,4,24,28,1983
3,-1.0,5,7,15,1984
41,-1.0,1,17,59,1985
23,-1.0,54,9,86,1986
12,1.0,34,17,63,1987
3,-1.0,21,3,27,1988
10,1.0,4,3,17,1989
1,1.0,3,17,21,1990
7,-1.0,2,27,36,1991
59,-1.0,0,19,78,1992
30,-1.0,14,3,47,1993
17,-1.0,16,28,61,1994
63,-1.0,1,16,80,1995
41,1.0,9,11,61,1996
8,-1.0,43,5,56,1997
65,-1.0,12,11,88,1998
23,1.0,7,43,73,1999
49,-1.0,5,2,56,2000
54,-1.0,5,7,66,2001
17,1.0,39,14,70,2002
74,-1.0,0,23,97,2003
31,1.0,6,51,88,2004
101,-1.0,17,6,124,2005
14,-1.0,17,40,71,2006
19,1.0,36,20,75,2007
74,-1.0,18,1,93,2008
45,-1.0,16,6,67,2009
107,1.0,11,6,124,2010
3,-1.0,42,2,47,2011
36,-1.0,9,33,78,2012
83,-1.0,0,1,84,2013
52,1.0,29,3,84,2014
44,-1.0,26,76,146,2015
183,-1.0,3,8,194,2016
138,1.0,4,0,142,2017
10,-1.0,36,15,61,2018
1,1.0,30,12,43,2019
51,-1.0,11,33,95,2020
32,-1.0,7,26,65,2021
29,1.0,1,24,54,2022
32,-1.0,4,9,45,2023
4,1.0,9,21,34,2024
45,-1.0,5,0,50,2025
12,-1.0,8,39,59,2026
81,-1.0,5,3,89,2027
8,-1.0,17,35,60,2028
43,1.0,2,19,64,2029
37,1.0,0,13,50,2030
37,1.0,73,0,110,2031
36,1.0,44,2,82,2032
37,1.0,4,19,60,2033
76,-1.0,0,28,104,2034
24,1.0,10,14,48,2035
4,-1.0,23,19,46,2036
6,-1.0,11,9,26,2037
46,-1.0,0,13,59,2038
1,1.0,4,29,34,2039
4,-1.0,2,27,33,2040
61,-1.0,2,23,86,2041
12,1.0,19,20,51,2042
22,-1.0,11,8,41,2043
34,-1.0,12,0,46,2044
36,-1.0,12,20,68,2045
53,1.0,5,0,58,2046
34,-1.0,11,10,55,2047
14,-1.0,1,20,35,2048
6,1.0,16,6,28,2049
19,-1.0,4,6,29,2050
24,-1.0,4,17,45,2051
17,-1.0,26,0,43,2052
27,-1.0,0,17,44,2053
70,-1.0,11,17,98,2054
123,1.0,6,1,130,2055
97,1.0,0,32,129,2056
7,-1.0,42,68,117,2057
1,-1.0,3,45,49,2058
8,-1.0,17,23,48,2059
2,1.0,24,9,35,2060
76,1.0,35,4,115,2061
58,-1.0,10,3,71,2062
19,-1.0,8,22,49,2063
27,1.0,9,11,47,2064
27,1.0,16,2,45,2065
20,1.0,9,17,46,2066
107,1.0,6,4,117,2067
42,1.0,11,63,116,2068
46,-1.0,15,53,114,2069
38,-1.0,6,6,50,2070
41,-1.0,10,30,81,2071
17,-1.0,21,4,42,2072
63,1.0,9,0,72,2073
18,-1.0,9,20,47,2074
24,1.0,3,0,27,2075
24,1.0,3,40,67,2076
47,1.0,17,1,65,2077
31,1.0,20,16,67,2078
2,1.0,17,40,59,2079
6,1.0,23,14,43,2080
77,1.0,20,9,106,2081
75,-1.0,0,0,75,2082
56,-1.0,0,52,108,2083
20,-1.0,47,24,91,2084
43,-1.0,0,11,54,2085
25,1.0,18,11,54,2086
3,-1.0,21,4,28,2087
19,-1.0,6,4,29,2088
19,-1.0,4,16,39,2089
65,1.0,32,0,97,2090
49,1.0,12,0,61,2091
11,-1.0,25,8,44,2092
46,1.0,14,0,60,2093
47,1.0,7,3,57,2094
25,-1.0,23,4,52,2095
36,1.0,0,11,47,2096
33,1.0,4,0,37,2097
24,1.0,12,8,44,2098
41,-1.0,6,6,53,2099
7,1.0,9,11,27,2100
21,1.0,5,7,33,2101
18,1.0,6,4,28,2102
4,-1.0,14,13,31,2103
6,-1.0,9,4,19,2104
1,-1.0,11,6,18,2105
18,1.0,1,8,27,2106
7,1.0,15,3,25,2107
7,-1.0,1,7,15,2108
20,1.0,3,3,26,2109
23,1.0,2,0,25,2110
16,1.0,1,3,20,2111
11,-1.0,9,17,37,2112
33,1.0,8,3,44,2113
7,-1.0,2,16,25,2114
11,-1.0,2,15,28,2115
7,1.0,3,16,26,2116
4,-1.0,16,2,22,2117
9,1.0,3,12,24,2118
20,1.0,2,6,28,2119
8,1.0,9,9,26,2120
18,1.0,9,12,39,2121
23,-1.0,6,1,30,2122
20,1.0,15,4,39,2123
5,1.0,20,3,28,2124
3,-1.0,6,3,12,2125
8,-1.0,23,4,35,2126
6,-1.0,11,0,17,2127
5,-1.0,4,13,22,2128
8,1.0,19,0,27,2129
0,1.0,12,8,20,2130
12,1.0,5,0,17,2131
8,1.0,4,6,18,2132
12,1.0,2,4,18,2133
41,1.0,12,5,58,2134
68,-1.0,1,0,69,2135
1,-1.0,22,7,30,2136
5,1.0,24,5,34,2137
16,1.0,23,0,39,2138
15,1.0,4,5,24,2139
4,-1.0,4,1,9,2140
5,-1.0,13,12,30,2141
25,1.0,6,6,37,2142
11,-1.0,4,5,20,2143
42,-1.0,2,2,46,2144
7,1.0,7,37,51,2145
10,1.0,13,13,36,2146
3,1.0,9,9,21,2147
25,1.0,7,0,32,2148
13,-1.0,3,22,38,2149
41,-1.0,8,12,61,2150
2,1.0,23,12,37,2151
1,1.0,12,14,27,2152
0,1.0,18,5,23,2153
2,-1.0,30,2,34,2154
21,-1.0,15,1,37,2155
9,-1.0,13,4,26,2156
4,1.0,2,10,16,2157
58,-1.0,1,25,84,2158
11,-1.0,19,25,55,2159
62,-1.0,2,0,64,2160
55,-1.0,2,16,73,2161
32,-1.0,0,40,72,2162
5,1.0,16,30,51,2163
17,1.0,2,32,51,2164
31,1.0,8,10,49,2165
10,-1.0,5,16,31,2166
19,-1.0,16,0,35,2167
17,-1.0,5,5,27,2168
24,-1.0,0,7,31,2169
40,1.0,0,5,45,2170
12,1.0,0,19,31,2171
7,1.0,5,7,19,2172
3,-1.0,5,6,14,2173
10,1.0,2,14,26,2174
14,1.0,0,5,19,2175
24,1.0,15,1,40,2176
11,1.0,33,1,45,2177
17,-1.0,13,0,30,2178
8,-1.0,16,3,27,2179
42,-1.0,2,4,48,2180
59,-1.0,4,8,71,2181
1,-1.0,27,12,40,2182
16,-1.0,17,11,44,2183
30,1.0,0,3,33,2184
2,-1.0,31,2,35,2185
15,1.0,7,8,30,2186
4,-1.0,3,8,15,2187
24,1.0,0,1,25,2188
39,-1.0,4,3,46,2189
16,-1.0,3,22,41,2190
6,-1.0,1,9,16,2191
10,1.0,7,2,19,2192
3,-1.0,0,21,24,2193
22,-1.0,0,8,30,2194
33,-1.0,0,12,45,2195
25,1.0,9,2,36,2196
2,1.0,5,16,23,2197
26,1.0,0,15,41,2198
2,-1.0,4,14,20,2199
15,-1.0,3,43,61,2200
2,1.0,13,10,25,2201
12,-1.0,14,11,37,2202
38,1.0,11,1,50,2203
23,1.0,3,12,38,2204
12,1.0,20,4,36,2205
20,1.0,5,21,46,2206
46,-1.0,1,0,47,2207
3,1.0,18,3,24,2208
21,-1.0,5,16,42,2209
21,-1.0,10,2,33,2210
19,-1.0,1,32,52,2211
11,-1.0,12,5,28,2212
15,-1.0,0,39,54,2213
60,-1.0,10,21,91,2214
14,-1.0,31,0,45,2215
23,1.0,8,18,49,2216
30,1.0,1,13,44,2217
95,-1.0,11,21,127,2218
46,-1.0,3,9,58,2219
30,-1.0,9,16,55,2220
55,1.0,27,5,87,2221
1,-1.0,9,30,40,2222
27,-1.0,17,13,57,2223
11,-1.0,11,23,45,2224
24,1.0,14,10,48,2225
41,-1.0,2,6,49,2226
31,-1.0,2,9,42,2227
17,1.0,4,7,28,2228
6,-1.0,5,11,22,2229
114,-1.0,0,0,114,2230
58,1.0,3,20,81,2231
47,-1.0,7,2,56,2232
48,-1.0,0,4,52,2233
8,-1.0,8,19,35,2234
78,-1.0,0,7,85,2235
39,1.0,9,12,60,2236
30,-1.0,0,8,38,2237
42,-1.0,0,18,60,2238
21,-1.0,17,3,41,2239
15,-1.0,19,0,34,2240
5,1.0,3,35,43,2241
35,1.0,2,0,37,2242
51,1.0,24,1,76,2243
56,-1.0,0,0,56,2244
47,1.0,2,7,56,2245
14,1.0,6,11,31,2246
4,1.0,39,3,46,2247
56,1.0,5,3,64,2248
13,1.0,6,4,23,2249
6,-1.0,0,28,34,2250
54,1.0,1,10,65,2251
53,1.0,0,0,53,2252
16,1.0,14,17,47,2253
37,1.0,19,0,56,2254
3,-1.0,27,18,48,2255
60,-1.0,0,10,70,2256
22,1.0,5,5,32,2257
18,1.0,9,9,36,2258
40,-1.0,0,10,50,2259
10,-1.0,10,0,20,2260
14,1.0,8,10,32,2261
51,-1.0,0,10,61,2262
11,1.0,10,15,36,2263
32,1.0,5,4,41,2264
41,-1.0,0,2,43,2265
23,1.0,0,10,33,2266
47,-1.0,14,3,64,2267
14,-1.0,8,20,42,2268
3,1.0,13,10,26,2269
12,1.0,8,20,40,2270
58,1.0,3,11,72,2271
53,-1.0,0,2,55,2272
2,1.0,32,5,39,2273
6,-1.0,3,28,37,2274
4,-1.0,3,13,20,2275
15,-1.0,3,21,39,2276
19,1.0,15,7,41,2277
17,1.0,22,0,39,2278
65,1.0,1,0,66,2279
43,-1.0,6,11,60,2280
17,1.0,8,8,33,2281
1,1.0,14,13,28,2282
2,-1.0,4,23,29,2283
89,1.0,0,5,94,2284
19,-1.0,36,24,79,2285
12,1.0,25,13,50,2286
50,1.0,10,8,68,2287
40,-1.0,6,19,65,2288
58,1.0,34,3,95,2289
74,1.0,11,1,86,2290
12,-1.0,45,2,59,2291
36,1.0,36,6,78,2292
23,-1.0,48,1,72,2293
37,1.0,16,23,76,2294
6,-1.0,22,2,30,2295
14,1.0,26,1,41,2296
27,1.0,0,4,31,2297
13,1.0,12,2,27,2298
1,1.0,6,16,23,2299
26,1.0,11,4,41,2300
87,1.0,1,0,88,2301
55,-1.0,20,13,88,2302
46,1.0,9,0,55,2303
33,1.0,8,0,41,2304
18,-1.0,11,34,63,2305
10,1.0,3,23,36,2306
10,-1.0,22,0,32,2307
10,-1.0,19,5,34,2308
37,-1.0,5,1,43,2309
4,1.0,1,36,41,2310
3,-1.0,21,2,26,2311
5,-1.0,2,24,31,2312
8,1.0,1,25,34,2313
2,-1.0,1,25,28,2314
1,-1.0,13,10,24,2315
11,1.0,3,11,25,2316
2,1.0,2,9,13,2317
20,1.0,5,0,25,2318
0,-1.0,7,5,12,2319
8,1.0,23,6,37,2320
39,-1.0,10,0,49,2321
10,-1.0,3,12,25,2322
26,-1.0,2,1,29,2323
67,-1.0,1,16,84,2324
35,1.0,6,0,41,2325
9,-1.0,2,10,21,2326
9,-1.0,1,14,24,2327
28,-1.0,10,25,63,2328
6,-1.0,13,13,32,2329
10,1.0,0,24,34,2330
18,1.0,8,0,26,2331
12,-1.0,1,13,26,2332
35,-1.0,0,4,39,2333
8,-1.0,7,20,35,2334
12,-1.0,1,24,37,2335
33,1.0,2,13,48,2336
11,-1.0,35,0,46,2337
20,1.0,6,6,32,2338
24,1.0,13,0,37,2339
10,-1.0,12,3,25,2340
49,-1.0,6,2,57,2341
32,1.0,3,1,36,2342
6,1.0,11,7,24,2343
3,-1.0,7,18,28,2344
16,1.0,9,2,27,2345
16,-1.0,10,13,39,2346
35,1.0,4,0,39,2347
14,-1.0,0,25,39,2348
45,-1.0,8,4,57,2349
10,1.0,2,34,46,2350
31,1.0,6,10,47,2351
57,-1.0,9,1,67,2352
32,-1.0,13,8,53,2353
33,1.0,2,1,36,2354
32,-1.0,15,13,60,2355
14,1.0,8,19,41,2356
32,-1.0,19,1,52,2357
48,1.0,0,13,61,2358
37,1.0,18,10,65,2359
29,1.0,11,1,41,2360
47,1.0,9,8,64,2361
2,1.0,21,14,37,2362
3,1.0,44,0,47,2363
6,1.0,12,23,41,2364
40,1.0,7,5,52,2365
10,1.0,17,2,29,2366
29,1.0,13,0,42,2367
69,-1.0,3,1,73,2368
6,-1.0,12,4,22,2369
4,1.0,16,50,70,2370
21,1.0,27,10,58,2371
16,1.0,22,13,51,2372
51,1.0,0,1,52,2373
1,1.0,34,10,45,2374
49,-1.0,0,2,51,2375
13,1.0,12,3,28,2376
16,-1.0,17,0,33,2377
20,1.0,11,2,33,2378
5,-1.0,0,22,27,2379
14,-1.0,0,11,25,2380
4,-1.0,3,7,14,2381
32,-1.0,5,2,39,2382
28,1.0,3,2,33,2383
37,1.0,2,1,40,2384
44,1.0,5,0,49,2385
18,-1.0,6,9,33,2386
9,1.0,4,5,18,2387
19,1.0,5,3,27,2388
13,-1.0,17,6,36,2389
15,-1.0,7,0,22,2390
5,-1.0,5,1,11,2391
2,-1.0,1,21,24,2392
27,1.0,13,1,41,2393
2,1.0,4,12,18,2394
0,0.0,0,26,26,2395
17,-1.0,3,1,21,2396
4,-1.0,3,20,27,2397
15,-1.0,2,2,19,2398
22,1.0,2,9,33,2399
14,-1.0,1,5,20,2400
1,1.0,6,9,16,2401
18,-1.0,3,0,21,2402
16,1.0,8,1,25,2403
2,-1.0,1,4,7,2404
21,-1.0,3,10,34,2405
41,-1.0,2,16,59,2406
4,1.0,9,10,23,2407
7,1.0,0,17,24,2408
18,-1.0,2,1,21,2409
20,1.0,5,7,32,2410
5,1.0,8,6,19,2411
26,-1.0,1,20,47,2412
4,-1.0,11,6,21,2413
6,1.0,14,5,25,2414
21,-1.0,4,17,42,2415
63,1.0,9,5,77,2416
5,1.0,27,7,39,2417
22,-1.0,13,3,38,2418
11,1.0,15,1,27,2419
16,1.0,1,6,23,2420
7,1.0,16,8,31,2421
42,1.0,1,5,48,2422
15,-1.0,31,4,50,2423
32,1.0,8,12,52,2424
29,1.0,8,0,37,2425
34,1.0,16,1,51,2426
6,1.0,5,21,32,2427
32,-1.0,10,24,66,2428
44,-1.0,1,2,47,2429
49,1.0,3,2,54,2430
11,-1.0,13,13,37,2431
21,1.0,5,1,27,2432
9,1.0,4,25,38,2433
31,-1.0,2,5,38,2434
32,-1.0,1,4,37,2435
6,1.0,2,11,19,2436
36,1.0,7,25,68,2437
12,-1.0,30,29,71,2438
20,1.0,18,15,53,2439
22,1.0,3,1,26,2440
11,1.0,0,17,28,2441
12,1.0,0,2,14,2442
25,1.0,5,1,31,2443
24,-1.0,0,2,26,2444
6,-1.0,4,15,25,2445
21,1.0,1,12,34,2446
8,-1.0,4,3,15,2447
23,-1.0,2,0,25,2448
6,-1.0,15,3,24,2449
26,1.0,7,6,39,2450
16,1.0,2,2,20,2451
11,-1.0,2,7,20,2452
5,-1.0,5,0,10,2453
5,-1.0,8,3,16,2454
1,-1.0,4,13,18,2455
1,-1.0,4,6,11,2456
5,-1.0,11,0,16,2457
12,-1.0,4,2,18,2458
18,-1.0,10,0,28,2459
8,1.0,2,11,21,2460
7,1.0,7,4,18,2461
6,1.0,6,1,13,2462
9,-1.0,2,2,13,2463
3,1.0,0,8,11,2464
11,-1.0,2,3,16,2465
16,-1.0,1,19,36,2466
4,-1.0,0,18,22,2467
3,1.0,6,7,16,2468
5,1.0,9,3,17,2469
5,1.0,2,5,12,2470
18,-1.0,11,1,30,2471
16,1.0,5,0,21,2472
0,0.0,7,5,12,2473
5,-1.0,5,7,17,2474
1,1.0,3,7,11,2475
6,1.0,1,6,13,2476
16,-1.0,2,6,24,2477
10,1.0,3,3,16,2478
22,1.0,3,2,27,2479
3,-1.0,3,11,17,2480
3,-1.0,2,3,8,2481
13,1.0,2,2,17,2482
7,1.0,2,7,16,2483
14,1.0,5,15,34,2484
10,1.0,0,10,20,2485
3,1.0,13,2,18,2486
15,-1.0,2,0,17,2487
12,1.0,3,1,16,2488
19,1.0,1,4,24,2489
20,-1.0,4,0,24,2490
10,-1.0,1,5,16,2491
0,0.0,8,5,13,2492
5,-1.0,5,4,14,2493
31,-1.0,8,0,39,2494
18,-1.0,12,19,49,2495
14,1.0,3,1,18,2496
12,1.0,4,28,44,2497
1,1.0,6,18,25,2498
6,-1.0,7,10,23,2499
0,0.0,16,9,25,2500
5,1.0,11,0,16,2501
9,-1.0,4,1,14,2502
8,1.0,0,10,18,2503
92,-1.0,0,29,121,2504
27,-1.0,13,10,50,2505
4,-1.0,11,18,33,2506
21,-1.0,16,0,37,2507
7,-1.0,7,20,34,2508
47,-1.0,2,1,50,2509
8,1.0,8,15,31,2510
16,1.0,13,3,32,2511
12,-1.0,1,4,17,2512
32,-1.0,1,13,46,2513
5,-1.0,14,3,22,2514
50,-1.0,12,4,66,2515
13,1.0,5,16,34,2516
1,-1.0,15,3,19,2517
15,-1.0,4,2,21,2518
15,1.0,8,1,24,2519
14,1.0,3,0,17,2520
25,1.0,8,10,43,2521
8,-1.0,7,7,22,2522
1,1.0,9,10,20,2523
4,1.0,3,4,11,2524
2,-1.0,2,5,9,2525
28,-1.0,0,0,28,2526
8,-1.0,1,21,30,2527
5,1.0,5,16,26,2528
3,-1.0,7,6,16,2529
9,1.0,2,22,33,2530
8,1.0,7,7,22,2531
29,-1.0,0,3,32,2532
20,-1.0,6,17,43,2533
1,-1.0,8,2,11,2534
11,1.0,9,0,20,2535
1,-1.0,6,4,11,2536
10,-1.0,2,3,15,2537
23,-1.0,3,5,31,2538
0,1.0,9,18,27,2539
40,-1.0,6,3,49,2540
7,1.0,3,39,49,2541
18,-1.0,0,11,29,2542
11,-1.0,4,16,31,2543
34,1.0,1,0,35,2544
9,1.0,2,17,28,2545
2,1.0,18,14,34,2546
9,-1.0,12,0,21,2547
20,-1.0,0,10,30,2548
34,-1.0,0,10,44,2549
8,1.0,6,32,46,2550
9,1.0,3,17,29,2551
12,1.0,10,11,33,2552
14,1.0,13,8,35,2553
30,-1.0,6,1,37,2554
9,1.0,29,0,38,2555
21,-1.0,3,14,38,2556
40,1.0,5,8,53,2557
4,1.0,14,11,29,2558
31,-1.0,0,4,35,2559
14,1.0,5,14,33,2560
26,1.0,2,2,30,2561
23,-1.0,0,24,47,2562
24,-1.0,1,15,40,2563
9,-1.0,9,1,19,2564
35,-1.0,3,2,40,2565
2,-1.0,4,12,18,2566
43,-1.0,14,0,57,2567
2,-1.0,29,26,57,2568
13,1.0,24,6,43,2569
30,-1.0,3,12,45,2570
22,-1.0,11,1,34,2571
3,1.0,18,19,40,2572
9,1.0,15,1,25,2573
15,1.0,1,4,20,2574
2,-1.0,1,16,19,2575
14,1.0,18,2,34,2576
32,1.0,6,1,39,2577
7,1.0,5,10,22,2578
5,1.0,10,0,15,2579
17,1.0,0,15,32,2580
22,-1.0,2,1,25,2581
7,-1.0,11,0,18,2582
27,-1.0,4,4,35,2583
7,-1.0,2,23,32,2584
27,-1.0,2,5,34,2585
1,-1.0,3,19,23,2586
8,-1.0,0,13,21,2587
24,-1.0,0,3,27,2588
11,-1.0,7,18,36,2589
6,1.0,15,0,21,2590
34,1.0,8,1,43,2591
15,-1.0,9,2,26,2592
8,-1.0,4,2,14,2593
1,1.0,5,12,18,2594
20,1.0,8,2,30,2595
35,1.0,2,1,38,2596
2,-1.0,8,5,15,2597
1,1.0,6,11,18,2598
9,-1.0,4,2,15,2599
34,1.0,14,4,52,2600
20,1.0,0,10,30,2601
2,1.0,14,18,34,2602
14,-1.0,3,0,17,2603
18,1.0,1,10,29,2604
33,1.0,24,0,57,2605
9,1.0,30,2,41,2606
14,-1.0,0,20,34,2607
10,1.0,16,0,26,2608
9,-1.0,14,5,28,2609
9,-1.0,3,6,18,2610
38,-1.0,0,5,43,2611
21,-1.0,14,5,40,2612
2,1.0,0,23,25,2613
28,-1.0,0,8,36,2614
22,1.0,12,14,48,2615
6,1.0,24,2,32,2616
14,-1.0,3,1,18,2617
8,1.0,1,21,30,2618
29,1.0,0,16,45,2619
20,1.0,16,0,36,2620
2,1.0,9,16,27,2621
50,-1.0,5,0,55,2622
44,-1.0,12,1,57,2623
7,-1.0,11,7,25,2624
1,1.0,9,27,37,2625
22,-1.0,0,2,24,2626
32,-1.0,4,18,54,2627
49,-1.0,1,4,54,2628
19,1.0,19,12,50,2629
2,1.0,11,21,34,2630
14,1.0,3,2,19,2631
3,1.0,7,10,20,2632
4,-1.0,15,2,21,2633
23,-1.0,16,42,81,2634
19,-1.0,7,19,45,2635
45,-1.0,8,0,53,2636
44,1.0,0,10,54,2637
5,1.0,18,8,31,2638
36,-1.0,0,1,37,2639
24,1.0,2,9,35,2640
5,-1.0,18,1,24,2641
31,1.0,0,0,31,2642
14,1.0,14,6,34,2643
5,-1.0,0,14,19,2644
9,-1.0,0,2,11,2645
3,1.0,5,7,15,2646
16,-1.0,8,2,26,2647
29,1.0,1,2,32,2648
4,-1.0,7,10,21,2649
12,-1.0,1,6,19,2650
2,1.0,8,2,12,2651
6,-1.0,6,0,12,2652
8,1.0,1,4,13,2653
1,-1.0,5,3,9,2654
2,1.0,3,6,11,2655
3,1.0,17,1,21,2656
40,-1.0,0,17,57,2657
1,-1.0,6,5,12,2658
37,-1.0,1,10,48,2659
18,1.0,10,15,43,2660
54,-1.0,2,0,56,2661
26,-1.0,21,2,49,2662
19,1.0,13,5,37,2663
15,-1.0,9,1,25,2664
16,1.0,12,9,37,2665
5,1.0,2,18,25,2666
21,1.0,48,2,71,2667
1,-1.0,15,8,24,2668
34,-1.0,1,1,36,2669
26,1.0,0,7,33,2670
6,-1.0,4,2,12,2671
11,-1.0,3,10,24,2672
19,-1.0,4,1,24,2673
4,1.0,2,30,36,2674
12,-1.0,9,0,21,2675
7,-1.0,4,20,31,2676
4,1.0,14,2,20,2677
58,1.0,2,0,60,2678
4,1.0,13,14,31,2679
5,1.0,11,9,25,2680
53,-1.0,4,11,68,2681
11,1.0,6,16,33,2682
47,1.0,1,0,48,2683
23,-1.0,1,7,31,2684
9,1.0,4,13,26,2685
29,-1.0,2,3,34,2686
37,1.0,4,1,42,2687
8,1.0,0,16,24,2688
47,-1.0,1,14,62,2689
26,-1.0,5,28,59,2690
55,-1.0,0,7,62,2691
1,1.0,2,18,21,2692
27,1.0,1,4,32,2693
2,1.0,15,1,18,2694
32,1.0,6,4,42,2695
11,-1.0,56,0,67,2696
22,-1.0,11,19,52,2697
24,-1.0,12,11,47,2698
9,-1.0,7,40,56,2699
6,-1.0,25,17,48,2700
6,1.0,13,6,25,2701
5,-1.0,31,3,39,2702
39,-1.0,7,1,47,2703
22,1.0,0,25,47,2704
41,-1.0,0,8,49,2705
4,1.0,18,14,36,2706
11,1.0,0,21,32,2707
25,1.0,12,2,39,2708
0,0.0,21,2,23,2709
19,1.0,22,1,42,2710
31,-1.0,13,0,44,2711
10,1.0,7,12,29,2712
18,-1.0,2,9,29,2713
2,-1.0,6,19,27,2714
9,1.0,11,0,20,2715
2,-1.0,10,2,14,2716
16,1.0,11,4,31,2717
9,-1.0,26,0,35,2718
42,-1.0,1,27,70,2719
12,-1.0,0,12,24,2720
11,-1.0,14,5,30,2721
2,-1.0,12,0,14,2722
25,1.0,9,12,46,2723
14,-1.0,2,0,16,2724
2,-1.0,7,10,19,2725
11,1.0,23,1,35,2726
4,-1.0,0,14,18,2727
5,1.0,8,8,21,2728
1,-1.0,5,7,13,2729
31,1.0,20,1,52,2730
3,-1.0,16,6,25,2731
37,1.0,6,1,44,2732
18,-1.0,4,4,26,2733
24,1.0,10,6,40,2734
31,1.0,12,0,43,2735
19,1.0,13,3,35,2736
8,-1.0,28,4,40,2737
1,-1.0,1,17,19,2738
17,-1.0,4,3,24,2739
13,1.0,1,4,18,2740
0,0.0,4,29,33,2741
22,1.0,3,4,29,2742
4,1.0,8,16,28,2743
38,1.0,1,21,60,2744
11,1.0,5,12,28,2745
15,-1.0,6,19,40,2746
1,1.0,5,15,21,2747
1,1.0,16,14,31,2748
18,-1.0,2,11,31,2749
8,1.0,10,1,19,2750
13,1.0,9,5,27,2751
24,1.0,13,1,38,2752
6,1.0,6,11,23,2753
5,-1.0,14,15,34,2754
13,-1.0,11,19,43,2755
11,1.0,14,8,33,2756
6,-1.0,10,4,20,2757
78,-1.0,10,4,92,2758
25,1.0,5,3,33,2759
18,1.0,1,11,30,2760
19,-1.0,7,6,32,2761
26,1.0,1,0,27,2762
9,1.0,9,2,20,2763
108,-1.0,0,49,157,2764
1,-1.0,35,27,63,2765
14,1.0,5,17,36,2766
3,1.0,28,8,39,2767
7,-1.0,6,12,25,2768
2,-1.0,14,1,17,2769
6,1.0,7,11,24,2770
22,-1.0,15,35,72,2771
3,-1.0,4,21,28,2772
5,1.0,9,1,15,2773
27,1.0,2,7,36,2774
16,1.0,8,3,27,2775
2,1.0,7,29,38,2776
1,-1.0,4,23,28,2777
5,1.0,6,9,20,2778
15,-1.0,3,1,19,2779
13,1.0,16,21,50,2780
87,1.0,90,0,177,2781
46,-1.0,20,8,74,2782
20,1.0,35,6,61,2783
7,-1.0,3,32,42,2784
75,-1.0,10,11,96,2785
46,1.0,6,1,53,2786
116,-1.0,2,37,155,2787
2,-1.0,39,10,51,2788
43,1.0,19,32,94,2789
98,1.0,10,1,109,2790
228,-1.0,1,19,248,2791
33,1.0,22,11,66,2792
20,1.0,6,28,54,2793
21,-1.0,20,9,50,2794
120,-1.0,0,48,168,2795
231,-1.0,0,0,231,2796
134,1.0,82,175,391,2797
30,1.0,55,138,223,2798
4,1.0,21,68,93,2799
22,1.0,94,5,121,2800
136,1.0,3,0,139,2801
87,1.0,68,0,155,2802
99,1.0,0,22,121,2803
72,1.0,1,14,87,2804
141,-1.0,0,0,141,2805
135,1.0,36,2,173,2806
149,1.0,5,0,154,2807
40,-1.0,32,10,82,2808
35,-1.0,37,22,94,2809
48,-1.0,5,43,96,2810
18,-1.0,8,23,49,2811
60,1.0,7,5,72,2812
177,-1.0,7,1,185,2813
53,1.0,15,18,86,2814
23,1.0,15,10,48,2815
119,1.0,16,9,144,2816
58,-1.0,35,1,94,2817
9,-1.0,25,18,52,2818
16,-1.0,29,2,47,2819
14,1.0,8,57,79,2820
51,-1.0,25,6,82,2821
21,1.0,25,0,46,2822
28,-1.0,16,19,63,2823
55,-1.0,16,25,96,2824
25,-1.0,30,4,59,2825
2,1.0,23,45,70,2826
26,-1.0,15,8,49,2827
7,1.0,5,25,37,2828
78,-1.0,0,17,95,2829
45,1.0,3,1,49,2830
13,-1.0,13,15,41,2831
58,1.0,4,0,62,2832
121,1.0,28,0,149,2833
8,-1.0,31,18,57,2834
68,1.0,4,6,78,2835
88,1.0,28,1,117,2836
7,1.0,11,22,40,2837
1,1.0,13,30,44,2838
50,1.0,1,1,52,2839
31,1.0,2,13,46,2840
4,-1.0,14,19,37,2841
39,1.0,19,0,58,2842
31,-1.0,2,8,41,2843
2,1.0,20,4,26,2844
2,1.0,8,13,23,2845
9,1.0,10,0,19,2846
9,-1.0,3,11,23,2847
21,1.0,13,8,42,2848
2,-1.0,9,3,14,2849
36,-1.0,1,9,46,2850
3,-1.0,4,12,19,2851
8,1.0,5,11,24,2852
5,1.0,24,6,35,2853
8,1.0,4,11,23,2854
12,1.0,2,6,20,2855
1,1.0,22,1,24,2856
13,-1.0,0,17,30,2857
11,1.0,10,2,23,2858
4,1.0,12,2,18,2859
7,1.0,2,11,20,2860
21,1.0,0,2,23,2861
11,1.0,0,10,21,2862
4,1.0,0,7,11,2863
18,1.0,11,7,36,2864
16,-1.0,1,20,37,2865
27,1.0,0,0,27,2866
22,-1.0,3,1,26,2867
11,1.0,6,3,20,2868
9,-1.0,3,4,16,2869
6,1.0,1,7,14,2870
28,1.0,7,3,38,2871
10,-1.0,2,2,14,2872
15,1.0,30,0,45,2873
6,1.0,2,6,14,2874
28,-1.0,0,4,32,2875
7,1.0,6,4,17,2876
22,1.0,6,1,29,2877
1,-1.0,5,26,32,2878
27,-1.0,1,23,51,2879
6,1.0,7,22,35,2880
50,1.0,8,8,66,2881
6,1.0,20,12,38,2882
7,-1.0,7,3,17,2883
39,1.0,9,1,49,2884
12,-1.0,3,17,32,2885
14,1.0,2,7,23,2886
15,1.0,11,8,34,2887
17,-1.0,1,18,36,2888
8,-1.0,22,2,32,2889
18,1.0,0,25,43,2890
20,1.0,9,3,32,2891
2,1.0,8,19,29,2892
18,1.0,7,11,36,2893
30,1.0,4,5,39,2894
30,1.0,16,3,49,2895
5,-1.0,9,4,18,2896
18,1.0,96,9,123,2897
10,-1.0,44,4,58,2898
7,1.0,20,24,51,2899
18,-1.0,0,32,50,2900
16,-1.0,13,0,29,2901
5,1.0,10,10,25,2902
37,1.0,7,1,45,2903
42,1.0,0,3,45,2904
5,1.0,19,12,36,2905
24,1.0,8,0,32,2906
26,1.0,13,0,39,2907
7,1.0,24,3,34,2908
37,1.0,2,6,45,2909
1,1.0,11,9,21,2910
68,-1.0,3,0,71,2911
23,-1.0,7,23,53,2912
6,-1.0,6,10,22,2913
5,-1.0,22,1,28,2914
14,-1.0,0,15,29,2915
7,1.0,17,11,35,2916
8,1.0,22,5,35,2917
2,1.0,14,13,29,2918
2,-1.0,15,7,24,2919
3,1.0,8,4,15,2920
11,1.0,5,6,22,2921
8,-1.0,2,16,26,2922
9,-1.0,3,7,19,2923
5,1.0,8,4,17,2924
6,1.0,4,4,14,2925
6,1.0,0,13,19,2926
27,-1.0,1,1,29,2927
6,1.0,2,7,15,2928
1,1.0,3,15,19,2929
1,-1.0,4,9,14,2930
9,1.0,4,10,23,2931
26,1.0,0,5,31,2932
20,-1.0,8,5,33,2933
14,1.0,2,8,24,2934
1,-1.0,3,12,16,2935
30,1.0,8,5,43,2936
7,-1.0,8,3,18,2937
9,-1.0,13,0,22,2938
35,1.0,3,5,43,2939
41,-1.0,0,6,47,2940
7,-1.0,12,20,39,2941
8,-1.0,18,22,48,2942
1,1.0,24,10,35,2943
16,1.0,3,14,33,2944
32,1.0,5,2,39,2945
2,-1.0,0,13,15,2946
14,1.0,1,13,28,2947
22,1.0,2,2,26,2948
5,1.0,9,12,26,2949
0,-1.0,0,20,20,2950
1,1.0,14,10,25,2951
11,1.0,7,0,18,2952
42,-1.0,3,1,46,2953
3,-1.0,23,20,46,2954
4,-1.0,21,2,27,2955
29,-1.0,3,16,48,2956
10,1.0,23,0,33,2957
29,1.0,3,0,32,2958
25,1.0,1,6,32,2959
16,-1.0,6,4,26,2960
12,1.0,4,6,22,2961
4,1.0,16,22,42,2962
23,1.0,5,31,59,2963
39,1.0,14,4,57,2964
39,-1.0,0,14,53,2965
28,-1.0,8,2,38,2966
15,-1.0,28,1,44,2967
19,-1.0,14,3,36,2968
20,1.0,12,10,42,2969
21,1.0,0,8,29,2970
6,1.0,15,8,29,2971
4,-1.0,3,6,13,2972
12,1.0,7,28,47,2973
1,-1.0,4,21,26,2974
6,1.0,8,8,22,2975
32,1.0,0,9,41,2976
21,-1.0,10,5,36,2977
16,-1.0,3,2,21,2978
6,1.0,18,0,24,2979
2,1.0,19,4,25,2980
6,-1.0,4,13,23,2981
12,1.0,8,1,21,2982
2,1.0,11,9,22,2983
2,-1.0,4,6,12,2984
20,-1.0,20,1,41,2985
21,-1.0,3,7,31,2986
2,-1.0,1,27,30,2987
36,1.0,1,0,37,2988
12,-1.0,1,7,20,2989
5,1.0,3,8,16,2990
6,1.0,8,4,18,2991
4,1.0,8,12,24,2992
5,-1.0,8,11,24,2993
22,1.0,4,2,28,2994
6,1.0,5,9,20,2995
6,1.0,10,13,29,2996
5,1.0,14,1,20,2997
18,-1.0,7,3,28,2998
16,1.0,3,1,20,2999
11,1.0,14,1,26,3000
2,1.0,11,8,21,3001
6,1.0,2,10,18,3002
10,1.0,3,7,20,3003
13,1.0,9,0,22,3004
44,-1.0,5,16,65,3005
42,-1.0,0,2,44,3006
23,1.0,11,6,40,3007
38,1.0,7,4,49,3008
34,-1.0,3,0,37,3009
14,1.0,2,12,28,3010
6,1.0,2,15,23,3011
4,1.0,6,3,13,3012
1,1.0,3,12,16,3013
12,1.0,16,1,29,3014
4,-1.0,5,11,20,3015
3,-1.0,9,3,15,3016
8,1.0,2,9,19,3017
13,1.0,7,5,25,3018
42,-1.0,4,8,54,3019
43,1.0,2,1,46,3020
17,1.0,7,4,28,3021
18,1.0,8,2,28,3022
6,1.0,8,11,25,3023
28,-1.0,1,9,38,3024
0,-1.0,8,5,13,3025
80,-1.0,10,30,120,3026
62,-1.0,5,26,93,3027
5,-1.0,34,5,44,3028
16,1.0,13,13,42,3029
47,-1.0,6,0,53,3030
21,1.0,7,11,39,3031
5,1.0,18,10,33,3032
1,-1.0,14,6,21,3033
13,-1.0,0,16,29,3034
2,1.0,20,1,23,3035
21,1.0,2,12,35,3036
24,1.0,1,0,25,3037
27,-1.0,6,22,55,3038
0,1.0,12,9,21,3039
14,1.0,10,0,24,3040
1,1.0,19,7,27,3041
17,1.0,2,4,23,3042
9,1.0,4,9,22,3043
7,1.0,7,3,17,3044
7,-1.0,2,11,20,3045
18,1.0,0,8,26,3046
7,-1.0,10,16,33,3047
4,-1.0,13,2,19,3048
7,-1.0,11,6,24,3049
9,1.0,0,4,13,3050
2,1.0,2,14,18,3051
12,1.0,12,4,28,3052
7,-1.0,8,0,15,3053
4,-1.0,1,15,20,3054
14,-1.0,1,6,21,3055
2,1.0,8,6,16,3056
13,1.0,6,1,20,3057
55,-1.0,0,2,57,3058
8,1.0,5,6,19,3059
24,1.0,7,4,35,3060
19,1.0,3,2,24,3061
4,-1.0,10,12,26,3062
8,-1.0,2,6,16,3063
4,1.0,5,6,15,3064
8,-1.0,4,0,12,3065
9,-1.0,3,5,17,3066
11,-1.0,12,0,23,3067
32,-1.0,2,16,50,3068
0,-1.0,6,30,36,3069
9,1.0,6,1,16,3070
4,1.0,29,0,33,3071
3,1.0,13,0,16,3072
13,-1.0,7,9,29,3073
20,-1.0,0,24,44,3074
2,1.0,5,9,16,3075
1,1.0,12,5,18,3076
18,1.0,2,1,21,3077
83,1.0,0,2,85,3078
12,1.0,19,2,33,3079
9,-1.0,24,4,37,3080
15,1.0,22,5,42,3081
10,-1.0,4,10,24,3082
9,1.0,19,0,28,3083
50,-1.0,1,5,56,3084
46,-1.0,1,5,52,3085
30,-1.0,1,2,33,3086
19,1.0,6,10,35,3087
44,1.0,17,0,61,3088
11,1.0,5,13,29,3089
13,1.0,8,2,23,3090
10,1.0,7,18,35,3091
24,1.0,2,5,31,3092
24,1.0,10,3,37,3093
11,1.0,65,0,76,3094
37,1.0,13,2,52,3095
8,1.0,3,21,32,3096
51,1.0,1,3,55,3097
24,-1.0,6,8,38,3098
43,1.0,10,2,55,3099
3,-1.0,18,5,26,3100
23,-1.0,0,12,35,3101
14,1.0,6,9,29,3102
21,1.0,1,6,28,3103
3,-1.0,7,10,20,3104
39,-1.0,2,5,46,3105
14,1.0,0,20,34,3106
1,-1.0,13,4,18,3107
8,1.0,2,18,28,3108
1,-1.0,7,12,20,3109
8,-1.0,3,5,16,3110
0,1.0,0,25,25,3111
17,1.0,10,0,27,3112
13,1.0,0,10,23,3113
51,-1.0,1,1,53,3114
32,1.0,2,1,35,3115
23,-1.0,0,5,28,3116
10,1.0,10,0,20,3117
3,1.0,6,11,20,3118
16,-1.0,5,4,25,3119
13,-1.0,14,4,31,3120
6,-1.0,2,2,10,3121
13,1.0,2,4,19,3122
7,-1.0,2,4,13,3123
33,-1.0,0,2,35,3124
26,1.0,2,11,39,3125
1,1.0,16,4,21,3126
2,1.0,5,13,20,3127
26,1.0,1,10,37,3128
3,1.0,0,13,16,3129
13,-1.0,0,3,16,3130
0,0.0,6,18,24,3131
25,-1.0,3,2,30,3132
16,-1.0,4,24,44,3133
31,-1.0,3,2,36,3134
9,-1.0,2,8,19,3135
22,-1.0,5,10,37,3136
46,-1.0,1,2,49,3137
27,1.0,14,8,49,3138
2,-1.0,18,14,34,3139
21,-1.0,1,12,34,3140
22,-1.0,7,0,29,3141
18,1.0,4,13,35,3142
16,1.0,14,12,42,3143
5,-1.0,25,4,34,3144
14,-1.0,8,2,24,3145
1,-1.0,12,8,21,3146
6,-1.0,18,9,33,3147
31,1.0,0,2,33,3148
37,1.0,3,3,43,3149
10,-1.0,0,21,31,3150
77,1.0,0,0,77,3151
20,-1.0,5,6,31,3152
4,-1.0,14,6,24,3153
31,1.0,0,11,42,3154
12,1.0,6,4,22,3155
36,-1.0,5,5,46,3156
22,1.0,12,10,44,3157
44,-1.0,31,4,79,3158
33,1.0,1,2,36,3159
6,1.0,16,4,26,3160
8,1.0,21,14,43,3161
2,-1.0,14,14,30,3162
11,-1.0,16,14,41,3163
7,1.0,0,14,21,3164
8,1.0,8,3,19,3165
29,1.0,6,0,35,3166
7,-1.0,11,3,21,3167
27,1.0,6,0,33,3168
11,-1.0,5,4,20,3169
30,-1.0,5,1,36,3170
2,1.0,7,11,20,3171
4,1.0,10,3,17,3172
7,-1.0,12,4,23,3173
7,-1.0,10,0,17,3174
1,-1.0,12,4,17,3175
3,1.0,1,12,16,3176
11,-1.0,4,3,18,3177
7,1.0,13,0,20,3178
12,-1.0,5,4,21,3179
10,1.0,6,4,20,3180
7,1.0,3,0,10,3181
22,1.0,0,0,22,3182
1,1.0,14,2,17,3183
4,-1.0,4,14,22,3184
2,1.0,4,11,17,3185
4,1.0,1,14,19,3186
55,1.0,3,0,58,3187
18,-1.0,0,12,30,3188
14,1.0,1,5,20,3189
6,1.0,16,1,23,3190
45,1.0,12,0,57,3191
10,-1.0,7,12,29,3192
32,1.0,27,1,60,3193
8,-1.0,13,6,27,3194
1,-1.0,23,8,32,3195
12,1.0,3,5,20,3196
30,-1.0,1,1,32,3197
1,1.0,6,15,22,3198
4,-1.0,12,3,19,3199
21,1.0,8,1,30,3200
6,1.0,6,7,19,3201
7,1.0,14,5,26,3202
18,-1.0,6,4,28,3203
1,1.0,14,14,29,3204
3,-1.0,7,12,22,3205
38,1.0,12,2,52,3206
14,1.0,6,13,33,3207
18,1.0,16,2,36,3208
36,1.0,15,0,51,3209
20,-1.0,17,0,37,3210
2,-1.0,17,11,30,3211
10,1.0,6,10,26,3212
12,-1.0,0,25,37,3213
17,-1.0,5,3,25,3214
34,1.0,10,0,44,3215
6,-1.0,5,9,20,3216
5,-1.0,7,4,16,3217
22,1.0,7,10,39,3218
38,1.0,2,3,43,3219
16,1.0,10,0,26,3220
9,1.0,13,4,26,3221
13,-1.0,10,1,24,3222
3,-1.0,9,0,12,3223
58,-1.0,2,27,87,3224
20,-1.0,0,38,58,3225
16,-1.0,7,5,28,3226
11,-1.0,2,16,29,3227
14,-1.0,13,3,30,3228
24,-1.0,0,18,42,3229
37,-1.0,5,2,44,3230
45,-1.0,0,16,61,3231
10,1.0,8,10,28,3232
20,1.0,0,15,35,3233
19,1.0,1,6,26,3234
4,1.0,6,9,19,3235
1,1.0,6,3,10,3236
66,-1.0,0,8,74,3237
4,1.0,16,16,36,3238
4,-1.0,17,9,30,3239
16,-1.0,4,23,43,3240
0,-1.0,11,9,20,3241
10,1.0,10,1,21,3242
10,-1.0,3,4,17,3243
4,1.0,3,12,19,3244
24,1.0,10,2,36,3245
5,1.0,14,3,22,3246
1,1.0,2,11,14,3247
17,1.0,2,3,22,3248
10,-1.0,15,1,26,3249
6,-1.0,3,4,13,3250
13,-1.0,2,9,24,3251
23,-1.0,4,1,28,3252
8,-1.0,5,27,40,3253
14,-1.0,4,23,41,3254
20,-1.0,3,5,28,3255
9,1.0,2,11,22,3256
9,-1.0,3,9,21,3257
12,-1.0,7,0,19,3258
14,-1.0,2,2,18,3259
19,1.0,0,14,33,3260
26,1.0,0,1,27,3261
2,1.0,2,6,10,3262
2,1.0,2,16,20,3263
6,1.0,15,2,23,3264
7,1.0,4,0,11,3265
21,1.0,10,0,31,3266
13,-1.0,1,9,23,3267
24,-1.0,3,1,28,3268
30,1.0,3,0,33,3269
19,1.0,2,7,28,3270
22,-1.0,4,4,30,3271
38,1.0,7,1,46,3272
4,1.0,22,11,37,3273
12,-1.0,3,4,19,3274
37,-1.0,2,6,45,3275
1,-1.0,0,23,24,3276
23,1.0,22,2,47,3277
7,-1.0,10,9,26,3278
35,-1.0,5,2,42,3279
9,-1.0,1,12,22,3280
22,1.0,17,0,39,3281
6,-1.0,9,2,17,3282
30,-1.0,4,8,42,3283
16,1.0,5,9,30,3284
14,-1.0,5,0,19,3285
6,-1.0,15,0,21,3286
35,1.0,32,10,77,3287
64,-1.0,0,1,65,3288
76,1.0,0,0,76,3289
39,1.0,2,7,48,3290
31,1.0,23,0,54,3291
8,-1.0,7,13,28,3292
43,1.0,0,0,43,3293
5,1.0,16,9,30,3294
20,-1.0,15,5,40,3295
18,1.0,3,12,33,3296
7,-1.0,0,6,13,3297
11,1.0,2,3,16,3298
3,-1.0,7,4,14,3299
15,-1.0,0,6,21,3300
0,-1.0,12,2,14,3301
6,1.0,6,3,15,3302
3,1.0,6,1,10,3303
8,1.0,2,2,12,3304
2,1.0,8,0,10,3305
31,-1.0,4,3,38,3306
35,-1.0,1,7,43,3307
15,1.0,12,3,30,3308
2,1.0,0,19,21,3309
23,-1.0,6,2,31,3310
22,-1.0,4,5,31,3311
30,-1.0,0,38,68,3312
69,-1.0,0,21,90,3313
52,-1.0,22,0,74,3314
38,1.0,14,0,52,3315
16,-1.0,10,4,30,3316
15,1.0,2,36,53,3317
21,1.0,0,6,27,3318
25,1.0,6,0,31,3319
6,1.0,6,17,29,3320
2,-1.0,8,12,22,3321
8,-1.0,5,1,14,3322
19,1.0,18,0,37,3323
20,-1.0,5,9,34,3324
11,1.0,2,1,14,3325
60,1.0,7,1,68,3326
14,1.0,16,7,37,3327
4,1.0,20,16,40,3328
29,-1.0,8,0,37,3329
9,1.0,13,3,25,3330
22,-1.0,13,4,39,3331
7,-1.0,2,10,19,3332
11,1.0,11,11,33,3333
11,1.0,11,10,32,3334
39,-1.0,4,1,44,3335
7,1.0,11,0,18,3336
37,-1.0,18,3,58,3337
40,-1.0,2,17,59,3338
3,1.0,22,6,31,3339
17,1.0,17,3,37,3340
10,-1.0,3,1,14,3341
12,1.0,0,8,20,3342
20,1.0,0,2,22,3343
43,1.0,17,0,60,3344
11,-1.0,7,17,35,3345
54,-1.0,3,0,57,3346
35,1.0,3,1,39,3347
0,-1.0,8,16,24,3348
3,1.0,3,10,16,3349
1,1.0,26,1,28,3350
22,1.0,4,5,31,3351
27,-1.0,2,6,35,3352
14,1.0,2,11,27,3353
13,1.0,3,0,16,3354
5,1.0,9,5,19,3355
56,-1.0,24,4,84,3356
9,1.0,8,44,61,3357
9,1.0,6,14,29,3358
23,-1.0,11,0,34,3359
47,1.0,0,0,47,3360
8,-1.0,9,0,17,3361
2,1.0,2,5,9,3362
21,-1.0,7,1,29,3363
11,-1.0,2,6,19,3364
25,-1.0,4,4,33,3365
27,-1.0,0,1,28,3366
10,-1.0,0,12,22,3367
17,-1.0,2,2,21,3368
42,1.0,2,7,51,3369
5,-1.0,1,9,15,3370
22,1.0,1,3,26,3371
5,-1.0,6,6,17,3372
34,1.0,4,1,39,3373
2,1.0,1,11,14,3374
14,-1.0,2,1,17,3375
2,1.0,7,10,19,3376
5,1.0,2,4,11,3377
8,-1.0,5,0,13,3378
4,-1.0,9,6,19,3379
26,1.0,2,3,31,3380
7,-1.0,2,3,12,3381
2,-1.0,3,9,14,3382
5,-1.0,6,1,12,3383
4,-1.0,4,6,14,3384
5,-1.0,1,5,11,3385
4,-1.0,6,6,16,3386
12,-1.0,14,5,31,3387
3,-1.0,12,0,15,3388
19,1.0,4,2,25,3389
1,1.0,10,0,11,3390
3,1.0,8,8,19,3391
5,-1.0,6,2,13,3392
0,1.0,11,1,12,3393
19,-1.0,3,7,29,3394
12,-1.0,1,0,13,3395
17,1.0,3,7,27,3396
16,-1.0,2,3,21,3397
8,1.0,3,2,13,3398
6,-1.0,7,5,18,3399
13,-1.0,12,0,25,3400
3,-1.0,1,18,22,3401
13,1.0,1,7,21,3402
9,-1.0,9,2,20,3403
10,-1.0,0,11,21,3404
0,1.0,13,0,13,3405
30,1.0,3,3,36,3406
12,-1.0,0,1,13,3407
2,1.0,3,12,17,3408
29,1.0,1,4,34,3409
21,-1.0,12,0,33,3410
17,1.0,1,2,20,3411
7,1.0,2,3,12,3412
13,-1.0,2,1,16,3413
19,-1.0,11,3,33,3414
10,-1.0,11,1,22,3415
19,-1.0,4,2,25,3416
13,1.0,3,3,19,3417
3,-1.0,4,8,15,3418
24,1.0,5,26,55,3419
1,-1.0,29,0,30,3420
19,-1.0,6,6,31,3421
2,1.0,0,32,34,3422
5,-1.0,0,28,33,3423
27,-1.0,1,3,31,3424
28,1.0,2,11,41,3425
16,-1.0,1,1,18,3426
11,1.0,11,3,25,3427
10,1.0,11,1,22,3428
13,-1.0,3,1,17,3429
24,-1.0,1,0,25,3430
4,-1.0,2,12,18,3431
4,1.0,0,15,19,3432
2,1.0,14,4,20,3433
16,1.0,2,5,23,3434
7,1.0,11,2,20,3435
13,-1.0,0,8,21,3436
10,-1.0,5,7,22,3437
1,1.0,9,3,13,3438
15,-1.0,4,5,24,3439
16,-1.0,2,21,39,3440
17,-1.0,0,1,18,3441
21,-1.0,11,6,38,3442
9,1.0,5,4,18,3443
20,-1.0,6,2,28,3444
3,-1.0,3,6,12,3445
1,1.0,3,5,9,3446
30,1.0,2,1,33,3447
6,-1.0,2,5,13,3448
3,-1.0,6,10,19,3449
13,-1.0,2,18,33,3450
21,1.0,2,6,29,3451
9,1.0,5,0,14,3452
5,-1.0,8,2,15,3453
9,-1.0,19,0,28,3454
5,-1.0,4,1,10,3455
5,1.0,2,2,9,3456
35,1.0,6,1,42,3457
2,-1.0,20,3,25,3458
7,1.0,15,0,22,3459
7,-1.0,5,6,18,3460
11,-1.0,3,0,14,3461
2,1.0,7,3,12,3462
67,1.0,1,0,68,3463
2,-1.0,30,3,35,3464
18,-1.0,11,0,29,3465
19,1.0,4,1,24,3466
31,1.0,0,18,49,3467
7,1.0,10,20,37,3468
81,1.0,18,2,101,3469
1,-1.0,11,20,32,3470
35,1.0,19,10,64,3471
25,-1.0,0,1,26,3472
3,1.0,14,8,25,3473
3,1.0,28,0,31,3474
22,1.0,12,0,34,3475
4,1.0,13,0,17,3476
26,1.0,16,6,48,3477
17,-1.0,5,4,26,3478
13,1.0,13,0,26,3479
51,1.0,21,0,72,3480
9,1.0,31,0,40,3481
13,-1.0,5,10,28,3482
12,1.0,7,2,21,3483
4,-1.0,3,12,19,3484
21,-1.0,3,4,28,3485
24,-1.0,3,10,37,3486
3,1.0,4,4,11,3487
15,-1.0,3,6,24,3488
7,-1.0,1,4,12,3489
18,-1.0,1,2,21,3490
13,1.0,4,3,20,3491
32,-1.0,0,15,47,3492
20,1.0,6,1,27,3493
15,1.0,6,4,25,3494
1,1.0,2,8,11,3495
24,-1.0,4,3,31,3496
29,1.0,2,1,32,3497
9,-1.0,4,4,17,3498
2,-1.0,1,8,11,3499
3,-1.0,3,4,10,3500
11,1.0,3,3,17,3501
4,1.0,3,2,9,3502
7,1.0,7,0,14,3503
19,1.0,9,2,30,3504
5,-1.0,5,6,16,3505
12,-1.0,3,12,27,3506
16,1.0,4,0,20,3507
13,-1.0,2,0,15,3508
5,-1.0,9,2,16,3509
1,-1.0,8,5,14,3510
1,-1.0,4,4,9,3511
2,-1.0,1,10,13,3512
28,1.0,1,1,30,3513
8,-1.0,2,2,12,3514
17,-1.0,1,3,21,3515
14,1.0,6,1,21,3516
20,1.0,9,1,30,3517
5,1.0,9,2,16,3518
21,1.0,15,0,36,3519
19,-1.0,0,7,26,3520
14,1.0,0,1,15,3521
4,-1.0,2,4,10,3522
36,-1.0,2,4,42,3523
3,-1.0,6,43,52,3524
25,-1.0,9,2,36,3525
1,1.0,1,40,42,3526
7,-1.0,18,3,28,3527
38,-1.0,15,12,65,3528
32,-1.0,11,0,43,3529
25,1.0,5,6,36,3530
36,1.0,2,8,46,3531
23,-1.0,9,19,51,3532
52,-1.0,1,1,54,3533
61,-1.0,1,9,71,3534
17,1.0,0,18,35,3535
28,-1.0,32,0,60,3536
31,1.0,15,0,46,3537
14,1.0,14,0,28,3538
6,1.0,12,2,20,3539
32,-1.0,6,11,49,3540
34,-1.0,1,8,43,3541
10,1.0,9,0,19,3542
16,1.0,1,1,18,3543
38,1.0,15,0,53,3544
3,1.0,10,0,13,3545
18,1.0,20,3,41,3546
3,-1.0,16,0,19,3547
24,-1.0,0,1,25,3548
18,1.0,1,2,21,3549
25,-1.0,2,0,27,3550
6,1.0,1,3,10,3551
3,1.0,3,3,9,3552
14,-1.0,0,0,14,3553
41,-1.0,0,9,50,3554
1,-1.0,12,0,13,3555
7,1.0,4,4,15,3556
5,-1.0,12,2,19,3557
3,-1.0,11,5,19,3558
3,1.0,4,6,13,3559
7,-1.0,11,4,22,3560
16,1.0,3,10,29,3561
37,1.0,15,1,53,3562
10,-1.0,0,6,16,3563
44,1.0,0,1,45,3564
4,-1.0,17,5,26,3565
21,1.0,1,4,26,3566
4,-1.0,13,6,23,3567
23,-1.0,1,2,26,3568
6,-1.0,3,3,12,3569
9,1.0,14,5,28,3570
9,1.0,8,9,26,3571
11,-1.0,9,4,24,3572
6,1.0,2,2,10,3573
6,1.0,5,4,15,3574
46,-1.0,5,2,53,3575
3,-1.0,11,14,28,3576
15,-1.0,0,25,40,3577
19,1.0,0,7,26,3578
15,1.0,15,1,31,3579
1,1.0,6,17,24,3580
0,-1.0,20,1,21,3581
29,1.0,10,2,41,3582
9,-1.0,10,6,25,3583
5,-1.0,0,20,25,3584
0,1.0,7,8,15,3585
13,1.0,11,2,26,3586
19,1.0,5,1,25,3587
34,1.0,7,2,43,3588
12,-1.0,0,6,18,3589
26,1.0,5,0,31,3590
54,1.0,5,0,59,3591
77,1.0,4,0,81,3592
26,-1.0,1,26,53,3593
31,-1.0,1,4,36,3594
12,-1.0,9,3,24,3595
39,1.0,29,0,68,3596
26,1.0,19,0,45,3597
9,1.0,4,20,33,3598
12,-1.0,6,1,19,3599
2,-1.0,1,13,16,3600
0,1.0,10,9,19,3601
16,1.0,2,9,27,3602
9,1.0,19,4,32,3603
30,1.0,2,0,32,3604
7,-1.0,5,4,16,3605
8,-1.0,3,10,21,3606
7,1.0,1,5,13,3607
0,0.0,7,7,14,3608
20,1.0,4,3,27,3609
0,0.0,13,3,16,3610
1,-1.0,6,7,14,3611
15,-1.0,4,0,19,3612
1,-1.0,7,1,9,3613
13,-1.0,5,1,19,3614
8,1.0,5,2,15,3615
21,-1.0,1,2,24,3616
2,1.0,7,6,15,3617
9,1.0,2,9,20,3618
3,-1.0,7,5,15,3619
2,-1.0,2,2,6,3620
5,1.0,12,1,18,3621
1,1.0,6,0,7,3622
9,1.0,1,2,12,3623
11,1.0,4,1,16,3624
4,-1.0,3,2,9,3625
8,-1.0,0,3,11,3626
0,1.0,5,4,9,3627
2,-1.0,9,1,12,3628
6,1.0,2,3,11,3629
12,-1.0,0,0,12,3630
15,1.0,10,3,28,3631
23,-1.0,0,3,26,3632
18,1.0,0,0,18,3633
6,1.0,8,2,16,3634
0,-1.0,7,8,15,3635
16,1.0,6,2,24,3636
28,-1.0,2,2,32,3637
14,1.0,0,15,29,3638
5,-1.0,10,2,17,3639
11,1.0,0,4,15,3640
18,1.0,3,4,25,3641
0,-1.0,2,13,15,3642
8,1.0,11,0,19,3643
7,-1.0,1,5,13,3644
19,1.0,10,2,31,3645
6,1.0,11,5,22,3646
19,1.0,2,0,21,3647
35,1.0,1,0,36,3648
3,-1.0,8,8,19,3649
16,-1.0,15,0,31,3650
46,1.0,3,1,50,3651
20,1.0,2,2,24,3652
8,-1.0,6,5,19,3653
4,-1.0,1,12,17,3654
12,-1.0,5,6,23,3655
12,-1.0,54,27,93,3656
45,-1.0,1,15,61,3657
22,1.0,5,10,37,3658
0,1.0,7,17,24,3659
32,-1.0,3,3,38,3660
3,-1.0,3,17,23,3661
6,-1.0,1,5,12,3662
14,-1.0,4,2,20,3663
33,1.0,5,0,38,3664
65,1.0,4,5,74,3665
7,-1.0,10,5,22,3666
26,1.0,11,20,57,3667
23,-1.0,3,2,28,3668
1,-1.0,6,8,15,3669
6,1.0,9,1,16,3670
17,-1.0,5,0,22,3671
35,-1.0,2,0,37,3672
16,1.0,1,2,19,3673
1,1.0,11,1,13,3674
0,-1.0,12,8,20,3675
0,1.0,6,6,12,3676
1,-1.0,11,7,19,3677
12,1.0,8,7,27,3678
13,1.0,7,0,20,3679
5,-1.0,4,4,13,3680
8,-1.0,11,0,19,3681
24,-1.0,5,0,29,3682
10,1.0,6,3,19,3683
15,-1.0,4,1,20,3684
1,1.0,8,5,14,3685
12,1.0,14,0,26,3686
0,1.0,6,12,18,3687
1,-1.0,8,4,13,3688
20,1.0,13,0,33,3689
37,-1.0,4,6,47,3690
15,1.0,5,6,26,3691
1,1.0,4,37,42,3692
13,-1.0,0,21,34,3693
19,-1.0,12,0,31,3694
19,-1.0,4,9,32,3695
15,-1.0,18,6,39,3696
4,1.0,3,19,26,3697
19,1.0,1,13,33,3698
1,-1.0,11,10,22,3699
36,1.0,6,11,53,3700
21,1.0,6,25,52,3701
11,-1.0,32,3,46,3702
4,-1.0,21,6,31,3703
13,1.0,10,0,23,3704
1,-1.0,10,9,20,3705
13,1.0,5,7,25,3706
55,1.0,2,0,57,3707
5,1.0,11,5,21,3708
7,1.0,3,11,21,3709
41,-1.0,0,7,48,3710
51,-1.0,4,6,61,3711
3,-1.0,21,10,34,3712
10,1.0,25,1,36,3713
32,-1.0,3,2,37,3714
7,1.0,16,0,23,3715
19,1.0,1,0,20,3716
10,-1.0,3,11,24,3717
5,1.0,6,3,14,3718
10,1.0,8,7,25,3719
1,-1.0,5,15,21,3720
17,-1.0,0,16,33,3721
27,-1.0,1,2,30,3722
1,1.0,12,6,19,3723
32,-1.0,5,0,37,3724
1,1.0,13,6,20,3725
6,-1.0,4,5,15,3726
6,1.0,0,3,9,3727
11,1.0,5,0,16,3728
12,-1.0,4,1,17,3729
17,1.0,1,5,23,3730
13,-1.0,0,1,14,3731
26,1.0,0,0,26,3732
4,1.0,10,0,14,3733
3,-1.0,5,5,13,3734
8,1.0,1,2,11,3735
5,1.0,15,5,25,3736
18,1.0,0,6,24,3737
13,-1.0,1,7,21,3738
6,-1.0,1,8,15,3739
8,-1.0,3,6,17,3740
14,-1.0,2,6,22,3741
14,1.0,10,1,25,3742
8,1.0,0,6,14,3743
14,1.0,8,0,22,3744
8,-1.0,3,9,20,3745
15,-1.0,13,0,28,3746
44,1.0,0,0,44,3747
18,-1.0,13,5,36,3748
16,1.0,5,1,22,3749
10,-1.0,2,14,26,3750
21,1.0,10,2,33,3751
8,1.0,4,5,17,3752
4,-1.0,6,10,20,3753
27,-1.0,6,7,40,3754
18,-1.0,7,9,34,3755
13,1.0,3,1,17,3756
9,1.0,13,0,22,3757
10,1.0,9,2,21,3758
26,-1.0,8,0,34,3759
9,1.0,6,26,41,3760
22,1.0,3,0,25,3761
12,1.0,1,8,21,3762
4,-1.0,5,13,22,3763
30,1.0,21,2,53,3764
13,1.0,3,18,34,3765
11,1.0,6,13,30,3766
1,1.0,14,18,33,3767
30,-1.0,2,1,33,3768
74,-1.0,6,24,104,3769
21,1.0,15,5,41,3770
12,1.0,14,5,31,3771
24,-1.0,1,11,36,3772
12,-1.0,15,6,33,3773
26,-1.0,0,1,27,3774
3,-1.0,9,8,20,3775
0,-1.0,15,12,27,3776
18,-1.0,2,4,24,3777
10,1.0,7,0,17,3778
11,1.0,1,2,14,3779
25,-1.0,1,1,27,3780
0,-1.0,10,4,14,3781
1,1.0,7,0,8,3782
10,-1.0,1,0,11,3783
20,-1.0,0,8,28,3784
3,-1.0,6,8,17,3785
5,1.0,5,1,11,3786
0,1.0,13,1,14,3787
9,-1.0,1,5,15,3788
18,1.0,5,0,23,3789
0,0.0,3,13,16,3790
4,1.0,16,2,22,3791
1,-1.0,4,10,15,3792
5,-1.0,13,2,20,3793
1,-1.0,11,0,12,3794
2,-1.0,4,2,8,3795
1,1.0,9,2,12,3796
26,-1.0,9,0,35,3797
18,-1.0,7,0,25,3798
14,1.0,12,0,26,3799
4,1.0,2,9,15,3800
0,0.0,3,14,17,3801
2,-1.0,6,6,14,3802
35,1.0,1,3,39,3803
9,-1.0,2,5,16,3804
44,-1.0,1,0,45,3805
8,1.0,17,10,35,3806
5,1.0,16,4,25,3807
14,-1.0,2,4,20,3808
21,-1.0,0,7,28,3809
22,-1.0,0,23,45,3810
2,-1.0,16,11,29,3811
17,-1.0,14,3,34,3812
9,1.0,16,8,33,3813
47,-1.0,7,1,55,3814
14,-1.0,6,20,40,3815
2,-1.0,25,5,32,3816
21,-1.0,12,7,40,3817
5,-1.0,6,15,26,3818
33,-1.0,19,9,61,3819
22,-1.0,4,12,38,3820
33,1.0,3,0,36,3821
33,-1.0,1,18,52,3822
14,-1.0,8,28,50,3823
41,1.0,17,1,59,3824
21,1.0,14,0,35,3825
43,1.0,1,13,57,3826
2,1.0,10,17,29,3827
11,1.0,22,0,33,3828
38,1.0,41,0,79,3829
2,1.0,12,46,60,3830
19,1.0,0,17,36,3831
25,1.0,0,7,32,3832
1,-1.0,13,8,22,3833
22,1.0,11,5,38,3834
23,-1.0,1,15,39,3835
22,-1.0,9,18,49,3836
33,-1.0,8,1,42,3837
6,-1.0,5,20,31,3838
12,-1.0,10,6,28,3839
5,-1.0,15,1,21,3840
20,-1.0,2,0,22,3841
2,-1.0,1,19,22,3842
28,-1.0,1,0,29,3843
18,-1.0,1,29,48,3844
8,1.0,0,11,19,3845
20,-1.0,10,0,30,3846
7,-1.0,2,18,27,3847
9,-1.0,6,0,15,3848
26,1.0,0,6,32,3849
5,1.0,23,1,29,3850
16,1.0,3,12,31,3851
3,1.0,26,0,29,3852
17,-1.0,7,4,28,3853
6,1.0,3,14,23,3854
16,1.0,0,12,28,3855
20,1.0,4,1,25,3856
3,-1.0,2,6,11,3857
29,1.0,5,0,34,3858
4,-1.0,29,1,34,3859
1,-1.0,13,5,19,3860
29,1.0,15,1,45,3861
27,-1.0,4,0,31,3862
13,-1.0,3,0,16,3863
17,-1.0,0,14,31,3864
26,1.0,2,0,28,3865
8,-1.0,18,0,26,3866
15,1.0,3,1,19,3867
29,-1.0,3,0,32,3868
29,-1.0,1,3,33,3869
58,1.0,1,2,61,3870
12,1.0,7,12,31,3871
28,1.0,6,3,37,3872
15,-1.0,5,1,21,3873
24,1.0,1,14,39,3874
26,1.0,4,1,31,3875
29,1.0,0,6,35,3876
32,-1.0,31,0,63,3877
18,-1.0,23,8,49,3878
18,1.0,13,8,39,3879
23,1.0,0,0,23,3880
36,-1.0,1,12,49,3881
36,-1.0,15,9,60,3882
67,-1.0,0,0,67,3883
6,1.0,19,13,38,3884
17,-1.0,26,7,50,3885
17,-1.0,5,9,31,3886
15,-1.0,11,3,29,3887
13,1.0,6,5,24,3888
30,1.0,17,0,47,3889
5,-1.0,8,20,33,3890
18,-1.0,0,6,24,3891
21,1.0,2,0,23,3892
48,-1.0,5,0,53,3893
6,-1.0,0,20,26,3894
7,1.0,7,6,20,3895
9,-1.0,7,2,18,3896
10,1.0,14,4,28,3897
7,1.0,8,1,16,3898
9,-1.0,7,0,16,3899
11,-1.0,0,2,13,3900
6,-1.0,7,1,14,3901
3,-1.0,12,3,18,3902
4,1.0,2,5,11,3903
14,1.0,1,3,18,3904
32,1.0,2,3,37,3905
23,1.0,0,13,36,3906
27,-1.0,2,1,30,3907
3,1.0,6,6,15,3908
18,1.0,2,2,22,3909
8,-1.0,8,0,16,3910
5,-1.0,1,8,14,3911
8,1.0,6,2,16,3912
12,-1.0,10,0,22,3913
3,1.0,1,16,20,3914
5,1.0,10,5,20,3915
22,1.0,8,0,30,3916
1,-1.0,11,2,14,3917
17,1.0,8,0,25,3918
9,1.0,5,6,20,3919
19,1.0,0,2,21,3920
7,1.0,8,5,20,3921
10,1.0,4,1,15,3922
4,-1.0,9,5,18,3923
2,-1.0,18,7,27,3924
4,1.0,15,2,21,3925
26,-1.0,2,0,28,3926
26,1.0,3,3,32,3927
0,0.0,9,13,22,3928
17,-1.0,10,0,27,3929
3,1.0,9,0,12,3930
31,1.0,7,1,39,3931
7,-1.0,9,10,26,3932
16,-1.0,7,2,25,3933
0,0.0,5,9,14,3934
11,1.0,16,0,27,3935
16,1.0,7,7,30,3936
3,1.0,13,4,20,3937
11,1.0,8,10,29,3938
9,1.0,7,2,18,3939
23,-1.0,2,19,44,3940
8,-1.0,4,11,23,3941
5,-1.0,4,3,12,3942
22,1.0,1,5,28,3943
6,-1.0,14,0,20,3944
1,-1.0,12,13,26,3945
48,1.0,4,5,57,3946
11,1.0,29,1,41,3947
5,-1.0,6,11,22,3948
46,1.0,11,0,57,3949
8,1.0,7,25,40,3950
1,-1.0,1,15,17,3951
23,1.0,4,0,27,3952
5,-1.0,11,16,32,3953
11,-1.0,2,1,14,3954
0,0.0,9,4,13,3955
21,1.0,7,3,31,3956
1,-1.0,22,1,24,3957
15,1.0,3,3,21,3958
1,-1.0,2,7,10,3959
10,-1.0,3,15,28,3960
6,1.0,10,3,19,3961
4,-1.0,4,4,12,3962
1,-1.0,5,4,10,3963
14,-1.0,4,5,23,3964
1,-1.0,12,2,15,3965
17,1.0,4,3,24,3966
8,-1.0,3,12,23,3967
0,1.0,7,10,17,3968
2,-1.0,6,9,17,3969
5,1.0,7,4,16,3970
17,-1.0,6,1,24,3971
8,-1.0,3,16,27,3972
15,1.0,0,14,29,3973
1,1.0,0,9,10,3974
13,1.0,0,13,26,3975
29,-1.0,0,2,31,3976
13,1.0,7,1,21,3977
30,1.0,0,0,30,3978
10,-1.0,9,0,19,3979
3,1.0,7,4,14,3980
1,1.0,2,12,15,3981
0,1.0,6,4,10,3982
22,1.0,0,7,29,3983
0,-1.0,13,10,23,3984
7,-1.0,22,0,29,3985
10,1.0,9,10,29,3986
68,-1.0,2,4,74,3987
27,1.0,32,0,59,3988
5,1.0,10,18,33,3989
37,-1.0,7,4,48,3990
13,-1.0,5,20,38,3991
108,1.0,17,3,128,3992
32,-1.0,3,9,44,3993
31,1.0,5,2,38,3994
6,-1.0,15,14,35,3995
34,1.0,3,4,41,3996
1,1.0,44,8,53,3997
7,1.0,17,33,57,3998
24,-1.0,2,37,63,3999
27,1.0,2,10,39,4000
2,-1.0,28,0,30,4001
24,1.0,4,16,44,4002
4,1.0,17,5,26,4003
15,-1.0,0,11,26,4004
46,1.0,0,0,46,4005
14,-1.0,13,8,35,4006
26,-1.0,3,3,32,4007
23,-1.0,1,0,24,4008
35,1.0,3,6,44,4009
11,1.0,13,5,29,4010
23,-1.0,2,1,26,4011
15,1.0,1,19,35,4012
14,-1.0,4,4,22,4013
9,1.0,6,5,20,4014
19,1.0,2,2,23,4015
0,1.0,6,16,22,4016
28,-1.0,3,0,31,4017
27,-1.0,5,0,32,4018
2,1.0,7,5,14,4019
19,-1.0,11,2,32,4020
22,1.0,1,0,23,4021
20,1.0,10,1,31,4022
21,1.0,1,0,22,4023
1,1.0,13,0,14,4024
6,-1.0,11,2,19,4025
11,-1.0,0,6,17,4026
1,1.0,4,3,8,4027
27,-1.0,0,3,30,4028
33,-1.0,0,7,40,4029
16,1.0,1,11,28,4030
33,-1.0,1,7,41,4031
7,-1.0,13,13,33,4032
9,1.0,14,3,26,4033
15,1.0,0,7,22,4034
11,1.0,5,2,18,4035
9,-1.0,10,5,24,4036
50,-1.0,2,1,53,4037
11,1.0,6,15,32,4038
16,1.0,4,17,37,4039
1,1.0,17,13,31,4040
14,-1.0,3,9,26,4041
11,-1.0,15,0,26,4042
52,1.0,8,8,68,4043
16,1.0,16,5,37,4044
41,1.0,0,6,47,4045
30,-1.0,6,12,48,4046
26,-1.0,0,0,26,4047
34,1.0,2,3,39,4048
0,1.0,16,7,23,4049
12,-1.0,4,9,25,4050
4,-1.0,16,1,21,4051
1,-1.0,10,4,15,4052
18,-1.0,2,14,34,4053
59,1.0,0,2,61,4054
2,-1.0,19,3,24,4055
3,1.0,3,16,22,4056
12,1.0,1,12,25,4057
17,1.0,6,1,24,4058
28,-1.0,3,3,34,4059
62,1.0,24,0,86,4060
7,-1.0,18,11,36,4061
0,1.0,36,1,37,4062
1,-1.0,14,16,31,4063
38,-1.0,4,0,42,4064
24,1.0,4,3,31,4065
4,-1.0,4,8,16,4066
2,-1.0,21,0,23,4067
19,1.0,0,1,20,4068
25,-1.0,0,7,32,4069
4,-1.0,8,3,15,4070
16,-1.0,4,1,21,4071
31,-1.0,9,9,49,4072
5,1.0,5,21,31,4073
9,-1.0,2,11,22,4074
2,-1.0,6,1,9,4075
1,1.0,8,2,11,4076
1,1.0,5,2,8,4077
18,-1.0,2,5,25,4078
30,-1.0,0,3,33,4079
22,1.0,1,1,24,4080
5,1.0,2,6,13,4081
15,1.0,7,2,24,4082
2,-1.0,18,0,20,4083
1,1.0,9,5,15,4084
5,1.0,5,2,12,4085
3,1.0,24,6,33,4086
29,-1.0,7,5,41,4087
9,1.0,5,7,21,4088
19,1.0,16,3,38,4089
46,-1.0,0,0,46,4090
16,1.0,0,0,16,4091
9,1.0,3,1,13,4092
19,1.0,8,3,30,4093
10,1.0,0,9,19,4094
7,-1.0,10,3,20,4095
1,-1.0,6,3,10,4096
4,-1.0,3,9,16,4097
11,-1.0,5,6,22,4098
3,-1.0,1,11,15,4099
11,1.0,0,1,12,4100
6,1.0,10,0,16,4101
16,1.0,26,0,42,4102
18,1.0,12,0,30,4103
5,-1.0,9,16,30,4104
1,-1.0,4,3,8,4105
12,-1.0,14,6,32,4106
9,-1.0,15,34,58,4107
12,1.0,7,1,20,4108
5,-1.0,4,11,20,4109
15,-1.0,12,1,28,4110
1,1.0,13,9,23,4111
0,-1.0,12,0,12,4112
2,1.0,11,17,30,4113
17,1.0,3,8,28,4114
9,1.0,1,1,11,4115
32,-1.0,1,15,48,4116
9,1.0,2,6,17,4117
13,1.0,0,2,15,4118
1,-1.0,6,2,9,4119
14,-1.0,1,7,22,4120
12,1.0,1,14,27,4121
10,1.0,15,1,26,4122
63,-1.0,5,90,158,4123
68,1.0,9,0,77,4124
45,-1.0,23,0,68,4125
22,-1.0,30,10,62,4126
81,-1.0,4,6,91,4127
24,-1.0,3,32,59,4128
35,1.0,0,21,56,4129
21,1.0,17,2,40,4130
12,1.0,1,17,30,4131
3,1.0,32,3,38,4132
18,-1.0,2,0,20,4133
20,-1.0,5,24,49,4134
67,-1.0,0,26,93,4135
7,-1.0,14,21,42,4136
31,1.0,12,15,58,4137
2,1.0,13,7,22,4138
6,1.0,0,10,16,4139
24,-1.0,0,6,30,4140
20,1.0,20,0,40,4141
23,-1.0,7,6,36,4142
21,-1.0,11,8,40,4143
14,1.0,5,6,25,4144
13,-1.0,3,18,34,4145
24,-1.0,2,5,31,4146
4,-1.0,12,8,24,4147
27,1.0,2,1,30,4148
4,-1.0,8,2,14,4149
11,-1.0,3,5,19,4150
18,1.0,1,25,44,4151
8,1.0,0,8,16,4152
5,1.0,0,20,25,4153
15,-1.0,4,4,23,4154
27,-1.0,7,6,40,4155
21,-1.0,14,4,39,4156
1,-1.0,0,29,30,4157
7,-1.0,9,4,20,4158
17,1.0,0,14,31,4159
7,-1.0,3,11,21,4160
5,-1.0,7,11,23,4161
29,1.0,0,5,34,4162
5,1.0,22,0,27,4163
1,1.0,6,7,14,4164
13,1.0,5,4,22,4165
0,1.0,15,7,22,4166
81,-1.0,0,0,81,4167
42,-1.0,0,1,43,4168
4,1.0,2,24,30,4169
32,-1.0,5,1,38,4170
4,1.0,16,1,21,4171
10,-1.0,3,14,27,4172
22,-1.0,14,36,72,4173
16,-1.0,25,17,58,4174
45,-1.0,6,0,51,4175
2,1.0,0,42,44,4176
39,1.0,2,2,43,4177
10,-1.0,1,8,19,4178
15,1.0,7,34,56,4179
21,1.0,12,2,35,4180
18,-1.0,9,1,28,4181
2,-1.0,13,3,18,4182
22,-1.0,15,1,38,4183
5,-1.0,19,0,24,4184
16,-1.0,1,11,28,4185
8,-1.0,0,18,26,4186
38,1.0,0,2,40,4187
10,1.0,6,8,24,4188
6,1.0,15,3,24,4189
0,0.0,2,22,24,4190
2,1.0,10,9,21,4191
27,1.0,5,4,36,4192
10,1.0,21,8,39,4193
0,1.0,23,5,28,4194
14,1.0,6,0,20,4195
6,-1.0,1,14,21,4196
1,1.0,8,7,16,4197
7,-1.0,0,7,14,4198
7,-1.0,2,7,16,4199
13,1.0,2,1,16,4200
26,-1.0,0,3,29,4201
3,-1.0,5,17,25,4202
1,-1.0,13,0,14,4203
15,1.0,2,0,17,4204
9,1.0,3,2,14,4205
22,1.0,6,4,32,4206
1,1.0,1,16,18,4207
1,-1.0,15,1,17,4208
9,-1.0,10,4,23,4209
18,1.0,4,1,23,4210
5,-1.0,14,2,21,4211
26,-1.0,0,2,28,4212
7,1.0,5,5,17,4213
20,-1.0,2,6,28,4214
38,-1.0,2,10,50,4215
1,-1.0,13,11,25,4216
17,-1.0,3,17,37,4217
22,1.0,24,2,48,4218
8,-1.0,2,5,15,4219
9,1.0,17,3,29,4220
5,-1.0,3,23,31,4221
1,1.0,9,6,16,4222
39,1.0,1,0,40,4223
13,1.0,5,9,27,4224
5,-1.0,2,18,25,4225
26,-1.0,0,8,34,4226
3,1.0,10,4,17,4227
12,1.0,17,1,30,4228
6,1.0,4,7,17,4229
3,1.0,0,16,19,4230
14,1.0,3,5,22,4231
14,1.0,2,3,19,4232
6,1.0,13,0,19,4233
113,-1.0,0,6,119,4234
34,1.0,1,11,46,4235
3,1.0,6,18,27,4236
40,-1.0,12,3,55,4237
54,-1.0,1,22,77,4238
34,-1.0,0,19,53,4239
1,1.0,5,33,39,4240
7,1.0,17,1,25,4241
7,1.0,1,18,26,4242
14,-1.0,3,13,30,4243
50,-1.0,4,0,54,4244
7,1.0,10,0,17,4245
11,-1.0,0,14,25,4246
30,1.0,2,6,38,4247
2,1.0,8,3,13,4248
8,1.0,0,12,20,4249
5,-1.0,1,3,9,4250
11,-1.0,2,9,22,4251
0,-1.0,0,8,8,4252
19,-1.0,11,0,30,4253
16,-1.0,7,1,24,4254
1,1.0,7,4,12,4255
52,1.0,8,0,60,4256
0,-1.0,3,10,13,4257
10,-1.0,3,9,22,4258
10,-1.0,0,9,19,4259
11,-1.0,3,12,26,4260
9,1.0,4,3,16,4261
35,-1.0,3,9,47,4262
27,-1.0,11,3,41,4263
19,1.0,0,3,22,4264
5,-1.0,8,1,14,4265
2,1.0,7,16,25,4266
4,-1.0,12,6,22,4267
7,-1.0,6,5,18,4268
31,1.0,0,1,32,4269
16,1.0,0,1,17,4270
6,-1.0,0,6,12,4271
6,1.0,3,23,32,4272
5,1.0,6,7,18,4273
9,-1.0,8,0,17,4274
0,1.0,7,12,19,4275
7,-1.0,0,3,10,4276
19,-1.0,29,5,53,4277
11,1.0,9,4,24,4278
2,1.0,15,4,21,4279
2,1.0,8,5,15,4280
4,-1.0,5,7,16,4281
48,-1.0,1,9,58,4282
12,-1.0,17,6,35,4283
33,1.0,6,3,42,4284
52,-1.0,0,1,53,4285
22,-1.0,8,6,36,4286
12,1.0,4,15,31,4287
7,-1.0,3,1,11,4288
3,1.0,16,3,22,4289
20,1.0,0,36,56,4290
21,-1.0,22,0,43,4291
23,-1.0,18,22,63,4292
20,1.0,5,2,27,4293
14,1.0,1,21,36,4294
19,-1.0,13,0,32,4295
5,-1.0,2,12,19,4296
32,1.0,10,0,42,4297
19,1.0,2,6,27,4298
14,-1.0,5,3,22,4299
9,-1.0,0,20,29,4300
24,1.0,0,0,24,4301
13,1.0,24,1,38,4302
0,1.0,26,2,28,4303
8,1.0,7,1,16,4304
18,1.0,9,2,29,4305
0,1.0,6,7,13,4306
23,-1.0,8,0,31,4307
18,-1.0,4,0,22,4308
1,1.0,4,13,18,4309
0,1.0,9,6,15,4310
6,1.0,1,13,20,4311
12,-1.0,4,16,32,4312
8,-1.0,0,4,12,4313
20,1.0,0,1,21,4314
2,-1.0,12,4,18,4315
12,1.0,3,0,15,4316
4,1.0,0,11,15,4317
9,1.0,4,2,15,4318
8,1.0,12,4,24,4319
5,-1.0,2,5,12,4320
10,1.0,1,1,12,4321
3,-1.0,4,2,9,4322
8,-1.0,0,1,9,4323
3,1.0,1,6,10,4324
15,1.0,5,4,24,4325
1,-1.0,6,9,16,4326
5,1.0,5,3,13,4327
12,-1.0,3,2,17,4328
20,-1.0,0,6,26,4329
12,-1.0,3,8,23,4330
24,1.0,4,0,28,4331
9,-1.0,9,0,18,4332
9,1.0,5,12,26,4333
35,1.0,6,11,52,4334
8,1.0,13,0,21,4335
8,-1.0,14,0,22,4336
10,-1.0,0,4,14,4337
15,-1.0,1,4,20,4338
24,1.0,0,2,26,4339
3,-1.0,1,8,12,4340
3,1.0,4,1,8,4341
43,-1.0,16,2,61,4342
9,-1.0,9,18,36,4343
0,-1.0,13,5,18,4344
10,1.0,8,6,24,4345
19,-1.0,3,2,24,4346
2,1.0,19,3,24,4347
27,-1.0,13,0,40,4348
5,1.0,6,18,29,4349
17,1.0,0,0,17,4350
6,-1.0,11,4,21,4351
1,1.0,11,2,14,4352
4,1.0,6,4,14,4353
6,-1.0,11,1,18,4354
8,1.0,6,11,25,4355
10,1.0,2,5,17,4356
18,1.0,6,1,25,4357
10,-1.0,3,2,15,4358
38,-1.0,3,2,43,4359
17,1.0,13,1,31,4360
5,-1.0,7,2,14,4361
2,-1.0,5,1,8,4362
8,-1.0,6,1,15,4363
0,-1.0,3,3,6,4364
1,1.0,7,1,9,4365
3,-1.0,2,2,7,4366
7,1.0,2,1,10,4367
20,1.0,7,1,28,4368
14,1.0,0,4,18,4369
1,-1.0,4,7,12,4370
18,-1.0,3,4,25,4371
18,-1.0,1,0,19,4372
1,1.0,2,27,30,4373
3,1.0,4,5,12,4374
4,-1.0,0,33,37,4375
11,1.0,1,8,20,4376
73,1.0,8,0,81,4377
18,1.0,15,0,33,4378
66,1.0,28,11,105,4379
81,1.0,8,1,90,4380
1,-1.0,49,3,53,4381
23,1.0,23,0,46,4382
23,-1.0,32,4,59,4383
1,1.0,9,9,19,4384
4,-1.0,1,28,33,4385
23,1.0,0,14,37,4386
1,-1.0,11,3,15,4387
6,-1.0,16,1,23,4388
4,1.0,14,1,19,4389
36,-1.0,1,4,41,4390
14,1.0,7,0,21,4391
100,1.0,1,5,106,4392
3,-1.0,21,8,32,4393
41,1.0,14,7,62,4394
43,1.0,11,13,67,4395
26,1.0,21,0,47,4396
15,-1.0,3,2,20,4397
9,1.0,18,1,28,4398
14,-1.0,15,0,29,4399
40,1.0,25,19,84,4400
18,1.0,3,18,39,4401
4,1.0,12,7,23,4402
21,1.0,21,0,42,4403
13,1.0,2,0,15,4404
4,-1.0,5,10,19,4405
17,-1.0,0,9,26,4406
5,1.0,16,2,23,4407
36,-1.0,0,6,42,4408
15,1.0,3,0,18,4409
4,-1.0,0,20,24,4410
7,-1.0,15,1,23,4411
21,1.0,4,1,26,4412
10,1.0,5,0,15,4413
4,-1.0,1,9,14,4414
10,1.0,3,0,13,4415
6,1.0,7,0,13,4416
2,1.0,13,1,16,4417
12,-1.0,0,2,14,4418
10,1.0,0,2,12,4419
17,-1.0,4,0,21,4420
7,1.0,1,3,11,4421
17,1.0,1,0,18,4422
8,1.0,0,9,17,4423
2,-1.0,0,11,13,4424
6,1.0,3,1,10,4425
1,-1.0,2,8,11,4426
1,1.0,7,3,11,4427
3,-1.0,2,7,12,4428
6,1.0,15,1,22,4429
3,1.0,2,12,17,4430
3,1.0,5,5,13,4431
7,-1.0,23,1,31,4432
9,-1.0,6,9,24,4433
1,-1.0,10,8,19,4434
10,1.0,0,5,15,4435
11,1.0,6,2,19,4436
17,-1.0,0,5,22,4437
32,-1.0,2,6,40,4438
3,1.0,4,15,22,4439
40,-1.0,0,0,40,4440
6,-1.0,1,28,35,4441
7,-1.0,3,22,32,4442
17,1.0,3,2,22,4443
18,1.0,0,4,22,4444
28,-1.0,4,8,40,4445
19,1.0,1,7,27,4446
15,1.0,0,2,17,4447
11,-1.0,10,4,25,4448
25,1.0,9,1,35,4449
3,-1.0,1,17,21,4450
12,1.0,11,0,23,4451
4,1.0,11,7,22,4452
19,-1.0,8,7,34,4453
10,1.0,0,6,16,4454
4,1.0,7,6,17,4455
9,-1.0,8,2,19,4456
7,1.0,9,3,19,4457
84,1.0,0,13,97,4458
7,-1.0,0,11,18,4459
19,1.0,4,10,33,4460
39,1.0,8,1,48,4461
17,1.0,4,12,33,4462
20,-1.0,3,2,25,4463
11,-1.0,16,0,27,4464
3,-1.0,13,1,17,4465
25,1.0,1,2,28,4466
25,1.0,19,1,45,4467
9,1.0,3,8,20,4468
12,-1.0,6,2,20,4469
3,-1.0,7,3,13,4470
16,1.0,0,6,22,4471
22,1.0,2,0,24,4472
9,-1.0,10,1,20,4473
4,1.0,2,6,12,4474
6,-1.0,5,0,11,4475
9,-1.0,1,9,19,4476
9,-1.0,1,4,14,4477
3,-1.0,0,8,11,4478
12,1.0,5,4,21,4479
10,-1.0,1,4,15,4480
3,-1.0,6,2,11,4481
3,1.0,2,3,8,4482
3,1.0,3,6,12,4483
2,1.0,4,2,8,4484
0,-1.0,7,1,8,4485
5,-1.0,1,6,12,4486
3,-1.0,3,10,16,4487
7,1.0,4,5,16,4488
8,1.0,1,1,10,4489
6,-1.0,3,2,11,4490
16,1.0,4,3,23,4491
6,1.0,1,2,9,4492
2,1.0,3,7,12,4493
4,1.0,7,2,13,4494
12,-1.0,7,5,24,4495
0,1.0,21,2,23,4496
13,-1.0,18,1,32,4497
6,-1.0,6,5,17,4498
20,1.0,2,0,22,4499
9,1.0,4,0,13,4500
2,1.0,6,12,20,4501
2,1.0,6,2,10,4502
24,1.0,2,4,30,4503
4,1.0,4,11,19,4504
0,-1.0,3,11,14,4505
26,1.0,1,1,28,4506
26,1.0,1,4,31,4507
5,1.0,0,9,14,4508
15,1.0,6,10,31,4509
11,1.0,3,8,22,4510
24,-1.0,7,0,31,4511
1,-1.0,3,32,36,4512
1,-1.0,7,3,11,4513
22,-1.0,1,5,28,4514
3,-1.0,8,3,14,4515
143,-1.0,30,0,173,4516
28,-1.0,0,20,48,4517
33,1.0,0,7,40,4518
6,1.0,12,21,39,4519
5,1.0,18,2,25,4520
4,-1.0,12,4,20,4521
8,-1.0,10,4,22,4522
15,1.0,0,0,15,4523
7,1.0,4,3,14,4524
17,1.0,2,1,20,4525
3,1.0,14,2,19,4526
2,-1.0,4,4,10,4527
5,1.0,12,6,23,4528
21,-1.0,4,3,28,4529
10,-1.0,17,0,27,4530
11,1.0,13,1,25,4531
7,1.0,2,4,13,4532
2,1.0,6,8,16,4533
6,1.0,13,1,20,4534
0,1.0,4,4,8,4535
18,-1.0,0,4,22,4536
6,-1.0,0,5,11,4537
28,-1.0,0,5,33,4538
1,1.0,0,10,11,4539
9,1.0,6,4,19,4540
11,-1.0,7,2,20,4541
12,1.0,9,2,23,4542
4,-1.0,5,6,15,4543
4,-1.0,8,11,23,4544
33,1.0,0,13,46,4545
6,1.0,8,7,21,4546
2,1.0,18,1,21,4547
5,1.0,6,15,26,4548
5,-1.0,9,7,21,4549
14,1.0,1,2,17,4550
18,1.0,13,0,31,4551
2,-1.0,4,1,7,4552
14,1.0,1,0,15,4553
11,1.0,1,0,12,4554
1,-1.0,12,1,14,4555
3,-1.0,2,5,10,4556
6,-1.0,2,6,14,4557
6,1.0,0,2,8,4558
1,1.0,3,6,10,4559
20,1.0,10,0,30,4560
1,-1.0,3,9,13,4561
22,-1.0,0,0,22,4562
11,-1.0,0,3,14,4563
24,-1.0,10,3,37,4564
12,-1.0,3,3,18,4565
3,-1.0,12,1,16,4566
70,1.0,0,1,71,4567
7,-1.0,8,2,17,4568
5,-1.0,12,0,17,4569
22,-1.0,6,3,31,4570
119,-1.0,0,0,119,4571
44,1.0,0,2,46,4572
16,1.0,2,14,32,4573
7,-1.0,18,1,26,4574
33,1.0,3,3,39,4575
17,1.0,2,8,27,4576
11,-1.0,1,0,12,4577
16,1.0,4,1,21,4578
10,-1.0,1,3,14,4579
7,1.0,0,16,23,4580
23,-1.0,0,4,27,4581
1,-1.0,0,28,29,4582
22,-1.0,8,1,31,4583
12,-1.0,0,13,25,4584
38,-1.0,11,7,56,4585
7,1.0,7,18,32,4586
7,-1.0,9,2,18,4587
20,1.0,9,8,37,4588
4,-1.0,13,0,17,4589
9,1.0,1,6,16,4590
10,1.0,3,4,17,4591
16,-1.0,11,0,27,4592
0,0.0,1,11,12,4593
44,1.0,2,1,47,4594
12,-1.0,10,1,23,4595
8,-1.0,0,16,24,4596
4,1.0,1,9,14,4597
11,1.0,3,6,20,4598
20,-1.0,1,0,21,4599
51,-1.0,2,4,57,4600
5,-1.0,5,13,23,4601
8,-1.0,14,1,23,4602
26,1.0,6,0,32,4603
5,-1.0,4,12,21,4604
4,1.0,0,12,16,4605
12,1.0,12,3,27,4606
25,1.0,2,4,31,4607
2,-1.0,15,3,20,4608
2,-1.0,10,3,15,4609
9,1.0,3,0,12,4610
10,1.0,8,0,18,4611
0,1.0,5,7,12,4612
24,-1.0,4,0,28,4613
23,-1.0,1,9,33,4614
15,1.0,5,0,20,4615
30,1.0,4,0,34,4616
3,-1.0,3,9,15,4617
27,-1.0,2,4,33,4618
7,-1.0,1,11,19,4619
21,1.0,12,0,33,4620
5,-1.0,1,15,21,4621
3,1.0,9,5,17,4622
18,1.0,1,5,24,4623
57,1.0,13,0,70,4624
6,-1.0,20,7,33,4625
25,-1.0,0,2,27,4626
28,1.0,0,6,34,4627
6,-1.0,7,2,15,4628
5,1.0,10,2,17,4629
6,-1.0,1,6,13,4630
0,1.0,7,4,11,4631
53,-1.0,5,0,58,4632
6,1.0,2,25,33,4633
54,-1.0,4,3,61,4634
9,-1.0,0,22,31,4635
12,1.0,5,14,31,4636
9,1.0,0,13,22,4637
0,1.0,1,13,14,4638
14,1.0,0,14,28,4639
6,1.0,7,5,18,4640
5,1.0,7,1,13,4641
3,1.0,6,0,9,4642
0,1.0,8,2,10,4643
2,-1.0,6,10,18,4644
12,-1.0,2,4,18,4645
7,1.0,0,5,12,4646
9,-1.0,1,10,20,4647
20,1.0,1,2,23,4648
1,1.0,12,12,25,4649
20,1.0,3,0,23,4650
2,1.0,5,5,12,4651
9,-1.0,0,4,13,4652
11,-1.0,1,2,14,4653
9,1.0,0,3,12,4654
2,1.0,4,4,10,4655
2,-1.0,22,1,25,4656
0,-1.0,1,12,13,4657
5,1.0,1,8,14,4658
6,1.0,9,0,15,4659
3,-1.0,5,3,11,4660
72,-1.0,0,0,72,4661
42,-1.0,2,36,80,4662
18,1.0,3,20,41,4663
4,-1.0,22,3,29,4664
30,1.0,7,0,37,4665
18,-1.0,3,14,35,4666
39,-1.0,1,0,40,4667
29,-1.0,4,2,35,4668
36,-1.0,24,0,60,4669
27,1.0,2,21,50,4670
18,-1.0,18,5,41,4671
6,1.0,1,12,19,4672
10,1.0,10,10,30,4673
21,-1.0,1,4,26,4674
4,1.0,0,18,22,4675
33,1.0,13,1,47,4676
6,1.0,16,13,35,4677
3,-1.0,17,0,20,4678
0,1.0,5,12,17,4679
29,1.0,7,1,37,4680
13,-1.0,8,2,23,4681
10,-1.0,2,4,16,4682
6,-1.0,2,1,9,4683
11,-1.0,5,0,16,4684
1,-1.0,9,5,15,4685
3,1.0,5,6,14,4686
9,1.0,2,5,16,4687
2,1.0,11,7,20,4688
16,1.0,3,0,19,4689
2,-1.0,10,4,16,4690
12,-1.0,0,7,19,4691
5,-1.0,2,6,13,4692
5,-1.0,3,13,21,4693
4,1.0,10,10,24,4694
0,-1.0,6,2,8,4695
18,1.0,3,1,22,4696
3,1.0,7,3,13,4697
33,1.0,1,6,40,4698
3,1.0,5,9,17,4699
12,-1.0,1,2,15,4700
33,-1.0,6,3,42,4701
21,1.0,0,17,38,4702
9,1.0,8,0,17,4703
13,-1.0,4,1,18,4704
0,-1.0,5,3,8,4705
40,-1.0,0,7,47,4706
8,-1.0,7,9,24,4707
1,-1.0,6,17,24,4708
4,1.0,5,14,23,4709
9,-1.0,5,10,24,4710
31,1.0,7,0,38,4711
5,-1.0,10,5,20,4712
2,1.0,9,5,16,4713
9,1.0,2,8,19,4714
4,1.0,48,0,52,4715
10,-1.0,16,4,30,4716
36,-1.0,7,0,43,4717
61,-1.0,2,0,63,4718
33,1.0,0,2,35,4719
19,-1.0,5,4,28,4720
5,1.0,2,9,16,4721
15,1.0,8,2,25,4722
1,-1.0,5,6,12,4723
38,-1.0,3,0,41,4724
1,-1.0,12,16,29,4725
5,1.0,7,3,15,4726
2,-1.0,2,19,23,4727
2,-1.0,10,1,13,4728
7,1.0,0,10,17,4729
4,1.0,5,1,10,4730
3,1.0,2,7,12,4731
4,1.0,14,0,18,4732
19,-1.0,1,8,28,4733
9,1.0,4,4,17,4734
9,1.0,2,1,12,4735
38,-1.0,1,3,42,4736
9,-1.0,0,8,17,4737
11,1.0,7,2,20,4738
16,-1.0,8,0,24,4739
6,-1.0,0,7,13,4740
19,-1.0,6,5,30,4741
37,1.0,2,0,39,4742
0,0.0,4,11,15,4743
2,-1.0,6,2,10,4744
13,1.0,1,0,14,4745
11,-1.0,0,11,22,4746
11,-1.0,0,5,16,4747
10,-1.0,2,1,13,4748
0,-1.0,4,5,9,4749
3,-1.0,2,11,16,4750
4,1.0,9,6,19,4751
0,1.0,3,10,13,4752
5,-1.0,4,2,11,4753
1,1.0,1,20,22,4754
12,1.0,4,0,16,4755
3,1.0,11,4,18,4756
2,-1.0,8,10,20,4757
7,1.0,0,4,11,4758
9,1.0,8,2,19,4759
19,-1.0,7,0,26,4760
24,-1.0,0,0,24,4761
13,-1.0,9,4,26,4762
17,1.0,0,3,20,4763
34,1.0,0,1,35,4764
4,-1.0,4,3,11,4765
18,1.0,3,6,27,4766
1,-1.0,0,13,14,4767
18,1.0,0,11,29,4768
23,1.0,17,12,52,4769
25,-1.0,0,3,28,4770
24,1.0,10,0,34,4771
13,1.0,0,11,24,4772
11,-1.0,2,2,15,4773
11,1.0,6,0,17,4774
1,1.0,8,4,13,4775
6,-1.0,0,17,23,4776
7,1.0,19,1,27,4777
5,1.0,6,5,16,4778
15,1.0,1,1,17,4779
7,1.0,7,1,15,4780
14,1.0,1,4,19,4781
1,-1.0,2,5,8,4782
0,-1.0,15,1,16,4783
8,-1.0,1,4,13,4784
2,-1.0,0,9,11,4785
19,1.0,2,3,24,4786
9,-1.0,1,1,11,4787
1,1.0,4,9,14,4788
8,1.0,5,0,13,4789
13,-1.0,1,1,15,4790
8,1.0,7,2,17,4791
6,-1.0,7,0,13,4792
17,1.0,4,1,22,4793
1,1.0,6,2,9,4794
122,1.0,17,0,139,4795
42,1.0,0,11,53,4796
28,1.0,30,1,59,4797
17,-1.0,14,2,33,4798
35,1.0,9,0,44,4799
10,1.0,3,20,33,4800
63,1.0,10,1,74,4801
27,1.0,13,0,40,4802
13,1.0,20,3,36,4803
12,1.0,5,9,26,4804
27,-1.0,3,2,32,4805
15,1.0,10,6,31,4806
2,-1.0,5,14,21,4807
15,1.0,7,6,28,4808
13,1.0,6,3,22,4809
5,-1.0,3,5,13,4810
1,-1.0,2,11,14,4811
3,-1.0,4,7,14,4812
4,1.0,9,0,13,4813
37,-1.0,0,6,43,4814
16,1.0,11,2,29,4815
7,-1.0,7,5,19,4816
11,1.0,9,3,23,4817
18,-1.0,2,3,23,4818
34,-1.0,10,0,44,4819
4,-1.0,9,2,15,4820
8,1.0,3,1,12,4821
71,1.0,5,1,77,4822
30,1.0,4,3,37,4823
12,-1.0,5,8,25,4824
20,1.0,1,3,24,4825
12,1.0,3,10,25,4826
13,1.0,1,8,22,4827
6,-1.0,4,0,10,4828
29,1.0,4,1,34,4829
6,1.0,4,0,10,4830
14,1.0,4,1,19,4831
15,-1.0,0,1,16,4832
35,-1.0,0,1,36,4833
0,1.0,4,13,17,4834
5,1.0,9,8,22,4835
13,1.0,1,5,19,4836
10,1.0,2,3,15,4837
12,1.0,0,0,12,4838
17,-1.0,4,7,28,4839
0,1.0,3,9,12,4840
6,-1.0,0,4,10,4841
11,1.0,2,2,15,4842
3,-1.0,1,6,10,4843
0,1.0,4,6,10,4844
15,-1.0,3,15,33,4845
3,1.0,7,5,15,4846
8,-1.0,2,4,14,4847
13,-1.0,1,2,16,4848
3,1.0,4,2,9,4849
6,1.0,0,1,7,4850
3,1.0,0,7,10,4851
9,1.0,1,5,15,4852
30,1.0,0,4,34,4853
4,-1.0,5,4,13,4854
26,-1.0,0,11,37,4855
2,-1.0,6,5,13,4856
22,-1.0,1,2,25,4857
2,-1.0,0,20,22,4858
3,1.0,8,2,13,4859
32,1.0,6,0,38,4860
3,-1.0,9,5,17,4861
22,1.0,0,4,26,4862
4,1.0,5,3,12,4863
11,-1.0,7,0,18,4864
5,-1.0,3,10,18,4865
25,1.0,16,20,61,4866
43,1.0,10,0,53,4867
16,-1.0,0,13,29,4868
17,-1.0,12,1,30,4869
0,-1.0,3,8,11,4870
8,1.0,7,0,15,4871
25,1.0,0,1,26,4872
21,1.0,5,3,29,4873
0,-1.0,0,11,11,4874
16,-1.0,6,2,24,4875
5,-1.0,7,1,13,4876
16,-1.0,0,5,21,4877
8,1.0,2,4,14,4878
15,-1.0,0,8,23,4879
15,1.0,8,6,29,4880
57,-1.0,1,5,63,4881
42,-1.0,10,1,53,4882
23,1.0,9,0,32,4883
61,-1.0,0,2,63,4884
23,1.0,0,32,55,4885
19,-1.0,1,17,37,4886
17,1.0,14,2,33,4887
25,1.0,2,1,28,4888
11,-1.0,8,10,29,4889
3,1.0,6,10,19,4890
3,1.0,1,7,11,4891
22,-1.0,0,14,36,4892
36,-1.0,4,0,40,4893
8,-1.0,17,2,27,4894
13,-1.0,2,17,32,4895
4,-1.0,11,4,19,4896
17,-1.0,1,7,25,4897
41,1.0,0,0,41,4898
9,1.0,0,2,11,4899
15,-1.0,8,2,25,4900
1,-1.0,14,0,15,4901
5,1.0,1,19,25,4902
4,1.0,0,10,14,4903
12,1.0,7,0,19,4904
2,-1.0,2,10,14,4905
13,-1.0,7,20,40,4906
2,-1.0,9,2,13,4907
22,-1.0,1,16,39,4908
10,-1.0,10,11,31,4909
3,1.0,10,5,18,4910
29,-1.0,0,4,33,4911
8,1.0,1,10,19,4912
68,-1.0,12,2,82,4913
10,-1.0,5,12,27,4914
11,-1.0,6,13,30,4915
21,-1.0,1,10,32,4916
34,1.0,3,1,38,4917
10,-1.0,5,21,36,4918
4,-1.0,31,23,58,4919
37,-1.0,0,13,50,4920
39,1.0,5,5,49,4921
9,1.0,10,1,20,4922
86,1.0,0,9,95,4923
57,1.0,0,19,76,4924
18,-1.0,5,12,35,4925
16,-1.0,23,1,40,4926
8,-1.0,6,4,18,4927
35,-1.0,5,0,40,4928
5,1.0,6,13,24,4929
11,1.0,28,0,39,4930
28,-1.0,1,3,32,4931
10,1.0,12,3,25,4932
33,-1.0,0,19,52,4933
11,-1.0,0,33,44,4934
50,1.0,4,2,56,4935
4,1.0,27,3,34,4936
14,1.0,0,3,17,4937
36,-1.0,0,4,40,4938
25,1.0,20,3,48,4939
5,-1.0,1,13,19,4940
15,-1.0,0,10,25,4941
11,-1.0,0,20,31,4942
21,-1.0,1,5,27,4943
8,-1.0,19,3,30,4944
5,-1.0,7,19,31,4945
7,-1.0,27,0,34,4946
36,-1.0,0,2,38,4947
2,-1.0,4,16,22,4948
5,1.0,5,15,25,4949
48,-1.0,3,4,55,4950
42,-1.0,3,3,48,4951
21,1.0,7,5,33,4952
32,-1.0,0,5,37,4953
15,-1.0,9,14,38,4954
47,1.0,0,9,56,4955
14,-1.0,12,1,27,4956
6,-1.0,2,20,28,4957
0,1.0,13,10,23,4958
24,-1.0,3,0,27,4959
6,-1.0,16,5,27,4960
28,1.0,0,31,59,4961
9,1.0,49,0,58,4962
28,-1.0,3,15,46,4963
24,1.0,9,10,43,4964
31,1.0,3,2,36,4965
23,-1.0,3,4,30,4966
4,-1.0,17,4,25,4967
32,1.0,3,0,35,4968
8,1.0,4,7,19,4969
39,1.0,32,3,74,4970
79,1.0,0,0,79,4971
30,-1.0,10,12,52,4972
15,-1.0,12,6,33,4973
12,-1.0,7,8,27,4974
53,-1.0,9,18,80,4975
1,-1.0,12,42,55,4976
17,1.0,0,17,34,4977
41,-1.0,1,3,45,4978
14,1.0,7,13,34,4979
13,1.0,0,15,28,4980
8,1.0,13,1,22,4981
15,-1.0,6,8,29,4982
13,1.0,0,3,16,4983
8,1.0,3,0,11,4984
15,-1.0,6,4,25,4985
26,-1.0,2,3,31,4986
11,-1.0,1,20,32,4987
32,-1.0,0,24,56,4988
14,1.0,2,14,30,4989
1,-1.0,8,6,15,4990
17,1.0,7,0,24,4991
5,1.0,3,3,11,4992
19,1.0,3,1,23,4993
2,-1.0,1,15,18,4994
79,1.0,1,2,82,4995
40,-1.0,2,3,45,4996
5,-1.0,5,2,12,4997
6,-1.0,20,0,26,4998
1,1.0,2,13,16,4999
15,-1.0,12,2,29,5000
18,1.0,11,0,29,5001
25,-1.0,3,0,28,5002
11,-1.0,4,26,41,5003
12,-1.0,4,15,31,5004
22,1.0,8,7,37,5005
5,1.0,10,12,27,5006
6,-1.0,0,15,21,5007
11,1.0,11,1,23,5008
7,-1.0,5,0,12,5009
1,-1.0,4,15,20,5010
1,1.0,4,14,19,5011
24,1.0,5,6,35,5012
12,-1.0,12,3,27,5013
0,-1.0,5,12,17,5014
11,1.0,11,6,28,5015
8,-1.0,9,3,20,5016
3,-1.0,7,2,12,5017
20,-1.0,3,1,24,5018
11,1.0,7,4,22,5019
14,1.0,8,3,25,5020
12,-1.0,2,0,14,5021
8,-1.0,2,13,23,5022
1,-1.0,3,16,20,5023
8,1.0,0,5,13,5024
15,1.0,6,11,32,5025
115,1.0,33,1,149,5026
8,1.0,8,9,25,5027
6,-1.0,3,24,33,5028
22,1.0,3,17,42,5029
33,1.0,23,0,56,5030
10,-1.0,21,9,40,5031
7,1.0,1,19,27,5032
20,-1.0,2,4,26,5033
26,-1.0,0,7,33,5034
0,1.0,2,12,14,5035
14,-1.0,16,0,30,5036
4,1.0,7,7,18,5037
31,-1.0,2,0,33,5038
28,-1.0,10,21,59,5039
17,1.0,5,7,29,5040
16,-1.0,2,2,20,5041
11,-1.0,0,0,11,5042
1,1.0,6,6,13,5043
2,-1.0,2,17,21,5044
2,-1.0,15,0,17,5045
4,-1.0,7,1,12,5046
5,1.0,5,0,10,5047
3,1.0,9,7,19,5048
4,1.0,4,2,10,5049
8,1.0,22,2,32,5050
72,-1.0,4,0,76,5051
28,-1.0,8,0,36,5052
10,-1.0,3,40,53,5053
4,-1.0,7,25,36,5054
14,-1.0,13,7,34,5055
17,-1.0,0,31,48,5056
14,1.0,11,5,30,5057
41,-1.0,14,0,55,5058
53,-1.0,0,5,58,5059
12,-1.0,13,16,41,5060
11,1.0,19,1,31,5061
68,-1.0,4,0,72,5062
40,1.0,5,15,60,5063
28,1.0,0,15,43,5064
13,-1.0,2,11,26,5065
14,1.0,0,9,23,5066
26,1.0,5,10,41,5067
5,1.0,0,22,27,5068
7,-1.0,3,9,19,5069
0,1.0,10,18,28,5070
11,1.0,5,4,20,5071
7,1.0,1,7,15,5072
33,-1.0,2,1,36,5073
34,-1.0,3,3,40,5074
22,1.0,9,0,31,5075
17,-1.0,4,9,30,5076
4,-1.0,2,10,16,5077
32,1.0,17,2,51,5078
12,-1.0,12,0,24,5079
25,-1.0,8,9,42,5080
8,-1.0,4,10,22,5081
19,1.0,20,27,66,5082
23,-1.0,1,22,46,5083
50,-1.0,12,1,63,5084
3,-1.0,11,9,23,5085
4,-1.0,5,14,23,5086
19,1.0,7,2,28,5087
7,1.0,5,2,14,5088
2,1.0,4,21,27,5089
36,1.0,6,4,46,5090
20,-1.0,0,0,20,5091
6,-1.0,5,3,14,5092
20,-1.0,3,7,30,5093
16,-1.0,5,1,22,5094
19,1.0,0,15,34,5095
37,1.0,0,0,37,5096
9,1.0,7,3,19,5097
22,-1.0,6,4,32,5098
14,1.0,8,5,27,5099
5,-1.0,8,0,13,5100
39,1.0,13,0,52,5101
9,1.0,18,0,27,5102
27,1.0,11,2,40,5103
16,1.0,5,4,25,5104
12,-1.0,8,13,33,5105
30,-1.0,5,0,35,5106
25,-1.0,1,8,34,5107
21,1.0,6,5,32,5108
9,-1.0,3,3,15,5109
20,1.0,18,0,38,5110
11,1.0,5,3,19,5111
11,1.0,15,4,30,5112
2,1.0,32,3,37,5113
5,-1.0,2,9,16,5114
38,1.0,2,0,40,5115
5,-1.0,7,10,22,5116
11,-1.0,0,7,18,5117
24,1.0,12,0,36,5118
22,-1.0,4,3,29,5119
10,-1.0,4,5,19,5120
4,1.0,10,1,15,5121
0,-1.0,5,5,10,5122
32,-1.0,4,1,37,5123
0,-1.0,2,19,21,5124
11,1.0,3,0,14,5125
29,1.0,0,8,37,5126
6,1.0,13,4,23,5127
8,1.0,21,0,29,5128
11,-1.0,5,3,19,5129
27,-1.0,3,13,43,5130
6,1.0,6,8,20,5131
14,1.0,3,4,21,5132
11,1.0,22,2,35,5133
14,-1.0,10,1,25,5134
5,1.0,11,4,20,5135
36,-1.0,6,8,50,5136
3,1.0,5,18,26,5137
1,-1.0,42,9,52,5138
6,-1.0,0,36,42,5139
1,-1.0,23,14,38,5140
1,1.0,3,20,24,5141
10,1.0,6,14,30,5142
1,-1.0,7,7,15,5143
16,-1.0,5,34,55,5144
7,1.0,8,7,22,5145
12,-1.0,4,5,21,5146
1,1.0,6,4,11,5147
18,1.0,12,1,31,5148
1,-1.0,0,8,9,5149
25,-1.0,14,2,41,5150
2,1.0,5,6,13,5151
6,1.0,12,3,21,5152
10,-1.0,0,8,18,5153
21,1.0,1,2,24,5154
4,-1.0,0,7,11,5155
14,1.0,7,4,25,5156
5,-1.0,0,16,21,5157
12,1.0,13,1,26,5158
4,1.0,13,2,19,5159
1,1.0,1,17,19,5160
8,-1.0,0,15,23,5161
6,-1.0,1,7,14,5162
29,-1.0,2,0,31,5163
24,1.0,2,2,28,5164
65,-1.0,0,23,88,5165
7,1.0,9,5,21,5166
14,-1.0,0,14,28,5167
1,-1.0,11,4,16,5168
35,1.0,4,3,42,5169
14,-1.0,6,8,28,5170
9,-1.0,3,15,27,5171
65,1.0,16,0,81,5172
89,1.0,12,2,103,5173
6,-1.0,1,17,24,5174
35,-1.0,16,1,52,5175
14,-1.0,9,9,32,5176
7,1.0,10,4,21,5177
1,-1.0,8,14,23,5178
4,1.0,10,5,19,5179
21,1.0,11,3,35,5180
9,1.0,9,5,23,5181
15,-1.0,1,0,16,5182
93,-1.0,1,6,100,5183
7,-1.0,1,14,22,5184
11,1.0,5,8,24,5185
10,-1.0,2,17,29,5186
16,1.0,9,14,39,5187
41,-1.0,0,17,58,5188
25,-1.0,0,43,68,5189
2,-1.0,10,17,29,5190
27,1.0,6,2,35,5191
1,1.0,16,3,20,5192
23,1.0,5,3,31,5193
1,-1.0,1,12,14,5194
9,1.0,10,3,22,5195
13,1.0,3,5,21,5196
5,1.0,16,1,22,5197
2,-1.0,7,18,27,5198
2,1.0,8,4,14,5199
9,-1.0,3,12,24,5200
2,1.0,4,7,13,5201
9,-1.0,5,5,19,5202
1,1.0,2,7,10,5203
10,1.0,1,8,19,5204
10,1.0,1,11,22,5205
4,1.0,4,8,16,5206
8,1.0,3,3,14,5207
5,-1.0,17,4,26,5208
8,-1.0,10,1,19,5209
5,-1.0,0,9,14,5210
0,1.0,6,5,11,5211
6,1.0,2,1,9,5212
3,-1.0,5,2,10,5213
42,-1.0,2,1,45,5214
15,1.0,2,11,28,5215
19,1.0,3,0,22,5216
50,1.0,0,3,53,5217
18,-1.0,5,4,27,5218
42,1.0,4,0,46,5219
6,1.0,0,14,20,5220
8,-1.0,13,15,36,5221
15,-1.0,17,1,33,5222
3,1.0,13,3,19,5223
9,1.0,13,5,27,5224
8,-1.0,8,2,18,5225
3,-1.0,1,7,11,5226
45,1.0,17,0,62,5227
10,1.0,2,10,22,5228
11,-1.0,1,27,39,5229
3,-1.0,2,16,21,5230
13,-1.0,20,0,33,5231
6,1.0,6,4,16,5232
18,-1.0,11,5,34,5233
6,-1.0,2,4,12,5234
17,1.0,4,21,42,5235
3,1.0,10,7,20,5236
4,-1.0,7,9,20,5237
100,1.0,2,0,102,5238
5,-1.0,21,15,41,5239
100,1.0,10,0,110,5240
21,-1.0,23,2,46,5241
19,1.0,25,2,46,5242
4,-1.0,2,7,13,5243
16,-1.0,2,1,19,5244
1,-1.0,16,5,22,5245
0,1.0,15,12,27,5246
2,-1.0,8,0,10,5247
22,1.0,6,2,30,5248
1,-1.0,10,7,18,5249
17,1.0,5,4,26,5250
3,1.0,5,4,12,5251
9,1.0,0,1,10,5252
0,1.0,5,6,11,5253
9,1.0,3,3,15,5254
5,1.0,1,6,12,5255
5,1.0,0,6,11,5256
4,1.0,8,2,14,5257
1,-1.0,8,3,12,5258
10,1.0,0,1,11,5259
8,1.0,1,5,14,5260
13,-1.0,5,0,18,5261
14,-1.0,0,1,15,5262
6,-1.0,10,1,17,5263
2,1.0,5,15,22,5264
26,1.0,1,3,30,5265
1,-1.0,15,7,23,5266
5,1.0,2,8,15,5267
2,1.0,11,5,18,5268
2,1.0,12,0,14,5269
15,1.0,9,8,32,5270
29,1.0,7,0,36,5271
36,1.0,14,0,50,5272
17,1.0,3,0,20,5273
6,-1.0,8,6,20,5274
12,1.0,19,3,34,5275
4,1.0,9,5,18,5276
3,-1.0,6,5,14,5277
0,1.0,6,22,28,5278
4,-1.0,6,0,10,5279
12,1.0,2,7,21,5280
1,1.0,5,8,14,5281
38,-1.0,4,10,52,5282
21,1.0,10,24,55,5283
1,1.0,1,21,23,5284
37,-1.0,2,1,40,5285
3,-1.0,1,10,14,5286
20,-1.0,0,12,32,5287
1,-1.0,8,7,16,5288
11,1.0,2,7,20,5289
6,-1.0,4,1,11,5290
8,-1.0,3,1,12,5291
14,-1.0,8,1,23,5292
5,-1.0,6,20,31,5293
11,1.0,4,0,15,5294
21,-1.0,4,0,25,5295
24,1.0,6,1,31,5296
2,-1.0,3,7,12,5297
2,1.0,7,1,10,5298
2,1.0,9,2,13,5299
10,-1.0,3,13,26,5300
21,1.0,6,0,27,5301
11,-1.0,4,2,17,5302
16,1.0,2,3,21,5303
23,1.0,2,3,28,5304
3,1.0,13,1,17,5305
20,1.0,6,2,28,5306
14,1.0,11,0,25,5307
12,1.0,5,3,20,5308
26,-1.0,7,3,36,5309
6,1.0,4,16,26,5310
8,-1.0,1,3,12,5311
1,-1.0,12,3,16,5312
2,1.0,8,1,11,5313
2,-1.0,3,10,15,5314
12,1.0,12,1,25,5315
0,0.0,4,10,14,5316
17,-1.0,8,4,29,5317
31,-1.0,3,1,35,5318
17,1.0,4,4,25,5319
16,1.0,1,0,17,5320
7,-1.0,4,3,14,5321
84,1.0,9,47,140,5322
62,1.0,1,10,73,5323
12,1.0,17,12,41,5324
17,-1.0,13,26,56,5325
4,1.0,0,31,35,5326
47,1.0,5,1,53,5327
22,1.0,6,7,35,5328
11,-1.0,0,21,32,5329
24,1.0,6,6,36,5330
40,-1.0,16,4,60,5331
10,1.0,4,17,31,5332
16,1.0,11,5,32,5333
11,1.0,0,3,14,5334
20,-1.0,4,6,30,5335
22,1.0,19,3,44,5336
5,-1.0,2,11,18,5337
13,1.0,16,7,36,5338
16,1.0,7,2,25,5339
26,-1.0,1,10,37,5340
10,1.0,2,12,24,5341
5,-1.0,11,4,20,5342
1,1.0,7,6,14,5343
3,1.0,5,2,10,5344
16,1.0,7,3,26,5345
7,1.0,5,9,21,5346
20,-1.0,7,0,27,5347
13,-1.0,4,6,23,5348
5,-1.0,3,2,10,5349
15,-1.0,2,25,42,5350
32,-1.0,0,7,39,5351
11,-1.0,24,16,51,5352
22,-1.0,6,2,30,5353
7,1.0,12,29,48,5354
21,-1.0,0,6,27,5355
9,-1.0,2,15,26,5356
3,-1.0,6,17,26,5357
51,-1.0,0,23,74,5358
24,1.0,8,1,33,5359
26,-1.0,0,9,35,5360
14,1.0,7,10,31,5361
9,-1.0,0,11,20,5362
33,1.0,2,9,44,5363
38,1.0,0,3,41,5364
16,1.0,3,5,24,5365
2,1.0,4,20,26,5366
6,-1.0,12,0,18,5367
10,1.0,1,6,17,5368
15,-1.0,0,9,24,5369
20,1.0,0,17,37,5370
12,-1.0,11,0,23,5371
30,-1.0,1,3,34,5372
6,-1.0,11,7,24,5373
8,1.0,8,10,26,5374
1,1.0,3,9,13,5375
8,-1.0,1,7,16,5376
13,1.0,19,13,45,5377
4,-1.0,7,21,32,5378
45,1.0,1,0,46,5379
4,1.0,19,3,26,5380
21,1.0,9,2,32,5381
10,-1.0,9,1,20,5382
8,1.0,14,4,26,5383
25,-1.0,2,3,30,5384
2,-1.0,16,7,25,5385
11,1.0,1,9,21,5386
8,-1.0,0,6,14,5387
7,-1.0,3,8,18,5388
4,-1.0,3,3,10,5389
6,-1.0,9,0,15,5390
2,-1.0,2,9,13,5391
16,1.0,5,2,23,5392
9,1.0,1,0,10,5393
0,0.0,4,4,8,5394
7,1.0,4,1,12,5395
5,-1.0,2,8,15,5396
1,-1.0,2,4,7,5397
33,-1.0,1,2,36,5398
11,1.0,8,4,23,5399
2,1.0,4,9,15,5400
13,-1.0,0,26,39,5401
15,1.0,13,4,32,5402
16,1.0,7,1,24,5403
25,1.0,1,13,39,5404
10,1.0,20,8,38,5405
19,-1.0,3,1,23,5406
4,1.0,9,1,14,5407
13,-1.0,1,10,24,5408
12,1.0,0,7,19,5409
16,1.0,4,2,22,5410
21,1.0,4,5,30,5411
11,-1.0,0,10,21,5412
3,1.0,6,3,12,5413
21,-1.0,0,10,31,5414
32,1.0,0,0,32,5415
10,1.0,8,1,19,5416
4,1.0,1,4,9,5417
16,1.0,2,10,28,5418
1,-1.0,4,48,53,5419
7,-1.0,3,15,25,5420
0,1.0,17,1,18,5421
153,-1.0,3,10,166,5422
2,1.0,20,21,43,5423
32,1.0,0,18,50,5424
0,-1.0,2,26,28,5425
17,-1.0,6,2,25,5426
11,1.0,1,12,24,5427
7,1.0,4,10,21,5428
4,-1.0,8,0,12,5429
20,1.0,3,2,25,5430
7,1.0,3,7,17,5431
25,-1.0,3,25,53,5432
10,-1.0,0,2,12,5433
10,1.0,6,6,22,5434
2,1.0,4,8,14,5435
10,-1.0,4,4,18,5436
13,-1.0,1,0,14,5437
88,-1.0,0,1,89,5438
29,1.0,0,10,39,5439
43,-1.0,2,27,72,5440
15,1.0,1,13,29,5441
17,1.0,2,5,24,5442
23,-1.0,2,3,28,5443
12,-1.0,6,6,24,5444
5,1.0,4,10,19,5445
0,0.0,8,4,12,5446
23,1.0,3,2,28,5447
29,-1.0,6,1,36,5448
0,-1.0,11,3,14,5449
24,-1.0,6,2,32,5450
9,1.0,6,7,22,5451
3,1.0,15,15,33,5452
12,1.0,1,0,13,5453
7,-1.0,3,2,12,5454
3,-1.0,7,0,10,5455
0,-1.0,9,15,24,5456
0,-1.0,8,2,10,5457
5,1.0,14,4,23,5458
17,1.0,8,3,28,5459
4,1.0,4,6,14,5460
10,1.0,1,5,16,5461
2,1.0,10,5,17,5462
33,1.0,2,2,37,5463
12,-1.0,2,5,19,5464
87,-1.0,51,6,144,5465
44,1.0,2,18,64,5466
22,-1.0,7,17,46,5467
25,1.0,1,11,37,5468
18,-1.0,9,2,29,5469
9,1.0,12,0,21,5470
1,-1.0,8,9,18,5471
22,-1.0,0,3,25,5472
12,-1.0,15,4,31,5473
11,1.0,8,2,21,5474
30,-1.0,8,0,38,5475
23,-1.0,0,9,32,5476
26,1.0,3,6,35,5477
26,-1.0,7,0,33,5478
2,-1.0,6,12,20,5479
3,1.0,1,10,14,5480
10,1.0,7,1,18,5481
3,-1.0,5,0,8,5482
1,-1.0,1,19,21,5483
3,-1.0,8,5,16,5484
10,1.0,6,2,18,5485
4,1.0,2,4,10,5486
18,-1.0,1,3,22,5487
9,1.0,4,8,21,5488
4,1.0,6,2,12,5489
5,1.0,0,17,22,5490
4,-1.0,6,5,15,5491
32,1.0,6,3,41,5492
7,1.0,5,15,27,5493
4,1.0,17,4,25,5494
44,1.0,1,3,48,5495
10,-1.0,11,10,31,5496
4,1.0,8,3,15,5497
6,-1.0,8,1,15,5498
40,1.0,1,5,46,5499
24,1.0,11,2,37,5500
10,-1.0,4,1,15,5501
0,-1.0,3,15,18,5502
42,1.0,0,4,46,5503
41,1.0,16,0,57,5504
12,-1.0,9,7,28,5505
19,1.0,8,6,33,5506
47,1.0,7,0,54,5507
20,1.0,19,9,48,5508
22,-1.0,15,0,37,5509
0,-1.0,6,17,23,5510
10,-1.0,4,2,16,5511
55,1.0,8,0,63,5512
16,1.0,2,23,41,5513
10,-1.0,4,15,29,5514
4,-1.0,13,7,24,5515
33,-1.0,2,5,40,5516
11,1.0,11,7,29,5517
23,-1.0,1,12,36,5518
23,-1.0,1,4,28,5519
7,1.0,1,11,19,5520
10,1.0,1,0,11,5521
12,1.0,0,1,13,5522
1,-1.0,3,6,10,5523
6,1.0,3,4,13,5524
16,1.0,0,3,19,5525
12,-1.0,5,2,19,5526
13,1.0,5,3,21,5527
5,-1.0,3,3,11,5528
2,1.0,6,1,9,5529
1,-1.0,9,2,12,5530
14,1.0,11,6,31,5531
2,1.0,5,3,10,5532
0,-1.0,0,24,24,5533
8,-1.0,1,5,14,5534
5,1.0,1,4,10,5535
12,1.0,2,3,17,5536
18,-1.0,0,0,18,5537
0,-1.0,6,3,9,5538
21,1.0,4,0,25,5539
4,1.0,15,0,19,5540
16,-1.0,6,7,29,5541
14,-1.0,6,3,23,5542
0,-1.0,4,10,14,5543
0,0.0,4,8,12,5544
30,1.0,2,7,39,5545
13,-1.0,0,5,18,5546
2,-1.0,7,4,13,5547
22,-1.0,1,8,31,5548
19,-1.0,2,3,24,5549
74,-1.0,1,13,88,5550
28,1.0,1,29,58,5551
6,1.0,5,3,14,5552
23,-1.0,1,17,41,5553
11,-1.0,6,7,24,5554
28,-1.0,1,1,30,5555
13,-1.0,6,7,26,5556
62,1.0,10,20,92,5557
54,-1.0,16,6,76,5558
16,-1.0,2,34,52,5559
45,1.0,17,4,66,5560
8,-1.0,11,1,20,5561
26,1.0,3,7,36,5562
18,-1.0,4,9,31,5563
7,-1.0,14,1,22,5564
10,1.0,0,15,25,5565
2,-1.0,6,3,11,5566
23,-1.0,0,1,24,5567
24,-1.0,2,9,35,5568
3,1.0,17,3,23,5569
18,1.0,2,8,28,5570
3,1.0,9,6,18,5571
11,1.0,0,6,17,5572
7,1.0,1,1,9,5573
19,1.0,6,1,26,5574
4,-1.0,6,2,12,5575
0,-1.0,3,4,7,5576
18,1.0,4,2,24,5577
0,-1.0,24,0,24,5578
6,-1.0,0,8,14,5579
10,-1.0,5,4,19,5580
2,1.0,1,4,7,5581
17,-1.0,1,0,18,5582
23,1.0,12,0,35,5583
3,-1.0,10,3,16,5584
16,1.0,1,4,21,5585
15,-1.0,9,3,27,5586
12,1.0,7,3,22,5587
31,-1.0,4,0,35,5588
7,1.0,8,4,19,5589
6,1.0,10,2,18,5590
26,1.0,3,2,31,5591
9,-1.0,2,6,17,5592
7,-1.0,11,1,19,5593
9,-1.0,6,1,16,5594
22,-1.0,4,0,26,5595
21,-1.0,2,25,48,5596
8,1.0,6,9,23,5597
21,-1.0,0,2,23,5598
13,1.0,13,13,39,5599
8,1.0,14,2,24,5600
33,-1.0,0,13,46,5601
40,-1.0,0,6,46,5602
0,1.0,2,10,12,5603
1,-1.0,13,7,21,5604
3,-1.0,8,14,25,5605
14,1.0,7,23,44,5606
8,1.0,6,8,22,5607
39,-1.0,2,2,43,5608
9,1.0,19,23,51,5609
25,1.0,5,0,30,5610
11,-1.0,3,9,23,5611
18,1.0,0,9,27,5612
14,-1.0,0,4,18,5613
13,1.0,0,0,13,5614
2,-1.0,7,1,10,5615
1,1.0,4,2,7,5616
21,1.0,3,1,25,5617
6,-1.0,8,0,14,5618
3,1.0,3,4,10,5619
0,0.0,3,7,10,5620
0,1.0,12,1,13,5621
6,1.0,6,9,21,5622
2,-1.0,2,13,17,5623
2,-1.0,5,0,7,5624
14,1.0,4,8,26,5625
19,1.0,4,6,29,5626
2,1.0,9,4,15,5627
8,-1.0,3,4,15,5628
12,1.0,1,2,15,5629
4,-1.0,2,14,20,5630
17,1.0,5,9,31,5631
9,-1.0,6,7,22,5632
14,1.0,23,0,37,5633
10,1.0,1,3,14,5634
22,-1.0,9,6,37,5635
2,-1.0,7,6,15,5636
13,-1.0,11,2,26,5637
28,-1.0,4,0,32,5638
7,-1.0,5,5,17,5639
12,1.0,9,4,25,5640
16,-1.0,2,0,18,5641
35,-1.0,1,3,39,5642
6,1.0,3,5,14,5643
7,1.0,4,12,23,5644
21,1.0,0,9,30,5645
3,1.0,2,1,6,5646
13,1.0,4,0,17,5647
108,1.0,1,0,109,5648
19,-1.0,15,6,40,5649
29,1.0,11,0,40,5650
17,-1.0,1,1,19,5651
8,1.0,5,3,16,5652
19,1.0,3,3,25,5653
2,1.0,4,5,11,5654
8,1.0,4,1,13,5655
1,1.0,10,1,12,5656
21,1.0,0,3,24,5657
1,-1.0,0,9,10,5658
5,-1.0,1,1,7,5659
25,1.0,2,0,27,5660
0,-1.0,2,6,8,5661
1,-1.0,5,0,6,5662
15,1.0,2,2,19,5663
4,1.0,3,7,14,5664
20,1.0,5,1,26,5665
12,1.0,6,6,24,5666
11,1.0,4,5,20,5667
6,1.0,6,2,14,5668
3,1.0,3,2,8,5669
2,1.0,1,7,10,5670
4,1.0,9,4,17,5671
11,-1.0,2,0,13,5672
11,1.0,3,4,18,5673
11,1.0,3,5,19,5674
9,-1.0,6,5,20,5675
1,-1.0,9,1,11,5676
2,1.0,3,9,14,5677
1,-1.0,8,10,19,5678
23,1.0,5,7,35,5679
11,1.0,2,13,26,5680
19,1.0,5,0,24,5681
1,1.0,10,4,15,5682
1,-1.0,10,2,13,5683
27,1.0,1,1,29,5684
3,-1.0,7,20,30,5685
16,-1.0,0,3,19,5686
51,-1.0,40,1,92,5687
19,1.0,0,27,46,5688
6,-1.0,8,9,23,5689
12,-1.0,0,3,15,5690
7,-1.0,12,1,20,5691
16,-1.0,0,4,20,5692
14,1.0,0,6,20,5693
3,1.0,3,7,13,5694
4,1.0,9,2,15,5695
10,-1.0,1,2,13,5696
15,1.0,0,1,16,5697
7,-1.0,4,0,11,5698
34,-1.0,0,6,40,5699
29,-1.0,2,2,33,5700
22,1.0,2,8,32,5701
2,1.0,10,6,18,5702
1,-1.0,1,4,6,5703
4,1.0,3,8,15,5704
21,1.0,6,7,34,5705
14,1.0,5,1,20,5706
6,1.0,2,8,16,5707
27,1.0,1,2,30,5708
17,1.0,12,1,30,5709
12,-1.0,15,2,29,5710
3,-1.0,3,1,7,5711
32,-1.0,7,6,45,5712
21,-1.0,0,4,25,5713
38,1.0,0,0,38,5714
25,1.0,4,0,29,5715
14,-1.0,4,3,21,5716
23,1.0,5,0,28,5717
2,-1.0,3,12,17,5718
85,1.0,0,0,85,5719
16,1.0,7,4,27,5720
21,1.0,11,6,38,5721
22,-1.0,6,5,33,5722
22,1.0,7,2,31,5723
61,1.0,46,4,111,5724
47,1.0,6,8,61,5725
3,1.0,12,14,29,5726
6,-1.0,18,7,31,5727
41,1.0,6,6,53,5728
21,1.0,14,12,47,5729
9,-1.0,13,3,25,5730
17,-1.0,2,13,32,5731
17,-1.0,4,1,22,5732
12,1.0,3,3,18,5733
3,-1.0,14,5,22,5734
24,1.0,6,3,33,5735
4,-1.0,4,13,21,5736
7,1.0,1,6,14,5737
14,-1.0,0,12,26,5738
0,1.0,14,11,25,5739
7,-1.0,7,7,21,5740
19,1.0,5,2,26,5741
10,-1.0,1,7,18,5742
4,-1.0,6,4,14,5743
4,1.0,1,8,13,5744
19,-1.0,1,5,25,5745
15,1.0,2,6,23,5746
4,-1.0,7,4,15,5747
1,-1.0,2,6,9,5748
33,-1.0,2,0,35,5749
12,1.0,3,11,26,5750
1,1.0,27,4,32,5751
39,-1.0,0,17,56,5752
12,1.0,27,2,41,5753
13,-1.0,8,8,29,5754
16,1.0,9,11,36,5755
6,1.0,28,3,37,5756
2,-1.0,23,3,28,5757
33,-1.0,6,2,41,5758
4,-1.0,21,4,29,5759
21,1.0,2,10,33,5760
10,-1.0,4,8,22,5761
32,1.0,2,2,36,5762
13,-1.0,13,6,32,5763
2,1.0,14,6,22,5764
26,1.0,9,4,39,5765
6,1.0,19,4,29,5766
6,-1.0,14,5,25,5767
15,-1.0,5,22,42,5768
9,1.0,7,10,26,5769
20,-1.0,4,2,26,5770
41,1.0,48,3,92,5771
35,1.0,9,3,47,5772
4,1.0,8,19,31,5773
15,-1.0,8,5,28,5774
18,-1.0,14,6,38,5775
4,1.0,13,7,24,5776
14,-1.0,6,11,31,5777
9,1.0,19,8,36,5778
7,-1.0,15,0,22,5779
13,-1.0,19,5,37,5780
15,-1.0,0,15,30,5781
30,-1.0,0,16,46,5782
44,1.0,4,1,49,5783
13,-1.0,4,7,24,5784
1,1.0,0,13,14,5785
18,1.0,2,12,32,5786
1,-1.0,10,6,17,5787
3,1.0,9,8,20,5788
0,1.0,5,14,19,5789
4,-1.0,3,11,18,5790
15,1.0,5,5,25,5791
0,0.0,2,13,15,5792
7,1.0,3,6,16,5793
3,1.0,1,4,8,5794
4,-1.0,4,18,26,5795
12,-1.0,2,21,35,5796
4,-1.0,11,0,15,5797
2,-1.0,4,8,14,5798
8,-1.0,5,8,21,5799
10,-1.0,2,13,25,5800
23,-1.0,6,4,33,5801
8,1.0,3,7,18,5802
5,1.0,9,0,14,5803
10,-1.0,4,3,17,5804
17,1.0,0,1,18,5805
18,1.0,4,8,30,5806
18,1.0,6,10,34,5807
29,-1.0,2,13,44,5808
23,-1.0,7,2,32,5809
10,1.0,8,8,26,5810
4,1.0,8,5,17,5811
10,-1.0,12,5,27,5812
25,-1.0,9,8,42,5813
5,1.0,3,34,42,5814
20,1.0,2,12,34,5815
19,-1.0,5,12,36,5816
11,-1.0,18,13,42,5817
10,-1.0,4,28,42,5818
34,-1.0,1,3,38,5819
6,-1.0,12,5,23,5820
14,-1.0,20,2,36,5821
15,-1.0,6,16,37,5822
43,-1.0,0,0,43,5823
38,1.0,6,3,47,5824
9,-1.0,3,10,22,5825
20,-1.0,0,1,21,5826
0,1.0,10,7,17,5827
5,1.0,3,6,14,5828
3,1.0,4,18,25,5829
14,1.0,2,5,21,5830
3,1.0,2,13,18,5831
4,1.0,8,1,13,5832
18,1.0,4,3,25,5833
2,1.0,7,2,11,5834
16,-1.0,1,2,19,5835
21,-1.0,2,1,24,5836
4,1.0,3,6,13,5837
2,1.0,6,11,19,5838
0,0.0,10,5,15,5839
11,-1.0,9,1,21,5840
21,-1.0,1,15,37,5841
0,1.0,3,16,19,5842
14,1.0,5,8,27,5843
1,-1.0,19,7,27,5844
9,-1.0,14,18,41,5845
19,-1.0,10,7,36,5846
51,1.0,0,0,51,5847
2,-1.0,14,4,20,5848
35,1.0,0,6,41,5849
14,-1.0,11,0,25,5850
15,1.0,13,12,40,5851
17,-1.0,1,11,29,5852
51,-1.0,1,19,71,5853
14,-1.0,6,6,26,5854
16,1.0,15,4,35,5855
6,-1.0,30,1,37,5856
21,-1.0,0,20,41,5857
11,-1.0,9,6,26,5858
6,1.0,20,3,29,5859
0,-1.0,18,2,20,5860
5,1.0,12,0,17,5861
12,1.0,2,2,16,5862
20,-1.0,0,3,23,5863
3,1.0,14,3,20,5864
5,1.0,5,5,15,5865
1,-1.0,1,7,9,5866
33,-1.0,4,7,44,5867
14,1.0,6,6,26,5868
5,1.0,0,5,10,5869
25,-1.0,4,0,29,5870
25,-1.0,8,2,35,5871
8,1.0,7,13,28,5872
7,1.0,0,6,13,5873
6,1.0,9,6,21,5874
2,1.0,8,9,19,5875
36,-1.0,1,0,37,5876
8,-1.0,4,8,20,5877
3,-1.0,3,7,13,5878
38,1.0,13,2,53,5879
0,1.0,11,2,13,5880
13,-1.0,6,12,31,5881
21,1.0,1,1,23,5882
4,-1.0,5,2,11,5883
9,-1.0,5,1,15,5884
7,-1.0,7,0,14,5885
4,-1.0,19,2,25,5886
19,-1.0,4,5,28,5887
35,1.0,5,2,42,5888
6,1.0,9,12,27,5889
6,-1.0,7,8,21,5890
40,-1.0,3,0,43,5891
14,1.0,5,10,29,5892
6,-1.0,4,7,17,5893
13,1.0,4,4,21,5894
4,1.0,4,3,11,5895
8,-1.0,2,8,18,5896
48,1.0,29,2,79,5897
7,1.0,13,4,24,5898
15,1.0,3,12,30,5899
13,1.0,7,9,29,5900
27,-1.0,4,6,37,5901
16,-1.0,14,1,31,5902
28,-1.0,0,9,37,5903
18,1.0,9,4,31,5904
15,1.0,1,7,23,5905
11,1.0,0,2,13,5906
10,-1.0,2,6,18,5907
8,1.0,2,0,10,5908
8,-1.0,9,2,19,5909
20,-1.0,0,7,27,5910
18,-1.0,0,7,25,5911
5,-1.0,3,1,9,5912
9,1.0,3,4,16,5913
6,1.0,0,5,11,5914
8,-1.0,3,0,11,5915
3,1.0,2,8,13,5916
8,-1.0,6,2,16,5917
10,-1.0,3,0,13,5918
1,-1.0,16,2,19,5919
21,-1.0,13,15,49,5920
10,-1.0,9,3,22,5921
5,-1.0,2,3,10,5922
3,1.0,5,1,9,5923
8,1.0,6,3,17,5924
2,-1.0,1,2,5,5925
28,1.0,17,2,47,5926
7,1.0,12,2,21,5927
8,-1.0,2,1,11,5928
4,1.0,3,9,16,5929
4,1.0,16,3,23,5930
33,1.0,3,1,37,5931
35,1.0,0,12,47,5932
18,-1.0,10,6,34,5933
11,1.0,7,1,19,5934
21,1.0,1,9,31,5935
9,-1.0,0,5,14,5936
17,-1.0,2,3,22,5937
19,-1.0,11,7,37,5938
26,1.0,7,8,41,5939
7,1.0,2,8,17,5940
23,-1.0,0,2,25,5941
5,1.0,0,8,13,5942
3,-1.0,6,1,10,5943
22,1.0,8,4,34,5944
4,-1.0,0,9,13,5945
12,1.0,3,2,17,5946
2,-1.0,5,7,14,5947
5,-1.0,0,6,11,5948
4,1.0,0,5,9,5949
2,1.0,1,5,8,5950
3,1.0,2,2,7,5951
12,-1.0,2,2,16,5952
14,1.0,4,2,20,5953
10,-1.0,14,0,24,5954
2,1.0,2,2,6,5955
14,-1.0,5,1,20,5956
7,1.0,9,1,17,5957
9,-1.0,15,2,26,5958
2,-1.0,1,28,31,5959
10,-1.0,1,6,17,5960
3,-1.0,7,1,11,5961
57,-1.0,0,4,61,5962
11,1.0,19,0,30,5963
6,-1.0,4,6,16,5964
6,1.0,12,6,24,5965
1,1.0,11,0,12,5966
8,-1.0,7,0,15,5967
27,1.0,2,3,32,5968
8,-1.0,5,6,19,5969
7,-1.0,6,4,17,5970
14,-1.0,0,9,23,5971
1,-1.0,12,27,40,5972
3,1.0,20,8,31,5973
6,-1.0,14,1,21,5974
9,1.0,1,16,26,5975
1,-1.0,9,7,17,5976
5,1.0,7,2,14,5977
19,-1.0,3,12,34,5978
7,1.0,1,10,18,5979
5,1.0,4,6,15,5980
5,1.0,6,2,13,5981
19,1.0,0,0,19,5982
14,-1.0,9,8,31,5983
0,-1.0,2,7,9,5984
3,-1.0,3,3,9,5985
4,1.0,0,3,7,5986
1,-1.0,3,4,8,5987
1,-1.0,9,4,14,5988
3,-1.0,11,0,14,5989
2,1.0,1,9,12,5990
16,1.0,2,0,18,5991
7,-1.0,4,2,13,5992
6,1.0,9,2,17,5993
5,-1.0,2,7,14,5994
2,1.0,10,2,14,5995
2,1.0,4,6,12,5996
15,-1.0,0,5,20,5997
25,-1.0,7,2,34,5998
42,-1.0,1,18,61,5999
11,-1.0,2,12,25,6000
1,1.0,12,9,22,6001
12,-1.0,5,3,20,6002
11,1.0,18,1,30,6003
2,-1.0,7,8,17,6004
13,-1.0,14,12,39,6005
4,-1.0,15,7,26,6006
2,-1.0,5,2,9,6007
13,-1.0,2,2,17,6008
4,-1.0,3,5,12,6009
13,1.0,1,2,16,6010
4,-1.0,2,0,6,6011
4,-1.0,2,11,17,6012
0,0.0,5,5,10,6013
11,-1.0,28,34,73,6014
7,1.0,11,15,33,6015
4,1.0,3,5,12,6016
11,-1.0,2,19,32,6017
2,1.0,1,25,28,6018
3,-1.0,10,6,19,6019
24,1.0,2,0,26,6020
31,1.0,23,1,55,6021
19,-1.0,7,4,30,6022
10,-1.0,7,3,20,6023
6,-1.0,2,7,15,6024
10,1.0,2,1,13,6025
5,1.0,4,0,9,6026
22,1.0,5,0,27,6027
34,1.0,5,0,39,6028
28,1.0,5,8,41,6029
0,1.0,20,10,30,6030
17,-1.0,3,2,22,6031
12,1.0,17,0,29,6032
2,-1.0,11,2,15,6033
7,-1.0,6,2,15,6034
21,1.0,3,3,27,6035
8,-1.0,2,7,17,6036
7,-1.0,4,9,20,6037
4,-1.0,1,5,10,6038
23,-1.0,2,9,34,6039
2,1.0,6,9,17,6040
22,-1.0,2,4,28,6041
58,-1.0,3,3,64,6042
18,1.0,10,3,31,6043
38,1.0,3,0,41,6044
5,1.0,3,10,18,6045
0,0.0,6,10,16,6046
2,-1.0,6,0,8,6047
3,-1.0,6,7,16,6048
25,-1.0,11,40,76,6049
20,-1.0,0,23,43,6050
8,1.0,14,8,30,6051
13,-1.0,19,1,33,6052
10,-1.0,8,2,20,6053
16,1.0,0,7,23,6054
0,-1.0,7,6,13,6055
4,-1.0,0,4,8,6056
1,1.0,8,1,10,6057
14,-1.0,1,2,17,6058
15,-1.0,0,12,27,6059
7,1.0,6,0,13,6060
5,-1.0,0,1,6,6061
15,-1.0,1,1,17,6062
2,-1.0,7,0,9,6063
7,-1.0,3,0,10,6064
19,1.0,0,6,25,6065
0,1.0,4,5,9,6066
14,1.0,10,8,32,6067
7,-1.0,1,6,14,6068
2,-1.0,5,4,11,6069
14,-1.0,4,1,19,6070
16,1.0,6,1,23,6071
6,-1.0,6,1,13,6072
5,1.0,8,2,15,6073
5,-1.0,7,0,12,6074
11,-1.0,3,2,16,6075
0,1.0,4,10,14,6076
1,-1.0,4,5,10,6077
4,-1.0,10,0,14,6078
29,-1.0,1,16,46,6079
2,1.0,11,0,13,6080
12,1.0,2,0,14,6081
11,1.0,8,0,19,6082
2,-1.0,7,2,11,6083
8,-1.0,5,2,15,6084
2,1.0,2,11,15,6085
10,1.0,11,0,21,6086
6,1.0,5,0,11,6087
53,-1.0,5,5,63,6088
17,1.0,5,12,34,6089
83,-1.0,0,11,94,6090
12,1.0,7,26,45,6091
10,-1.0,0,17,27,6092
1,1.0,6,10,17,6093
1,1.0,5,6,12,6094
0,1.0,2,7,9,6095
0,1.0,9,0,9,6096
3,-1.0,1,9,13,6097
1,-1.0,3,2,6,6098
2,-1.0,10,0,12,6099
8,1.0,6,5,19,6100
12,-1.0,3,1,16,6101
10,-1.0,5,0,15,6102
8,1.0,0,3,11,6103
4,1.0,3,1,8,6104
6,-1.0,3,5,14,6105
3,-1.0,1,4,8,6106
2,-1.0,3,11,16,6107
10,-1.0,6,0,16,6108
10,-1.0,2,5,17,6109
5,1.0,8,0,13,6110
21,-1.0,2,0,23,6111
0,0.0,8,2,10,6112
5,1.0,7,0,12,6113
52,-1.0,2,8,62,6114
25,1.0,1,9,35,6115
2,-1.0,6,4,12,6116
16,1.0,0,2,18,6117
13,-1.0,9,2,24,6118
2,1.0,5,1,8,6119
2,1.0,11,2,15,6120
1,1.0,2,17,20,6121
9,-1.0,0,7,16,6122
43,1.0,13,0,56,6123
9,-1.0,20,0,29,6124
3,1.0,4,12,19,6125
12,1.0,4,7,23,6126
11,1.0,0,8,19,6127
26,-1.0,0,5,31,6128
4,-1.0,2,13,19,6129
37,1.0,3,1,41,6130
7,-1.0,5,3,15,6131
9,1.0,4,1,14,6132
11,1.0,0,12,23,6133
7,1.0,14,1,22,6134
2,1.0,1,6,9,6135
119,1.0,24,2,145,6136
17,-1.0,9,3,29,6137
17,-1.0,6,0,23,6138
20,1.0,5,3,28,6139
7,-1.0,2,0,9,6140
6,-1.0,6,2,14,6141
4,1.0,3,11,18,6142
14,-1.0,6,2,22,6143
1,1.0,16,9,26,6144
4,-1.0,13,4,21,6145
11,-1.0,13,1,25,6146
1,1.0,4,7,12,6147
11,-1.0,1,7,19,6148
48,-1.0,0,3,51,6149
5,1.0,6,4,15,6150
32,-1.0,1,19,52,6151
17,-1.0,0,38,55,6152
30,1.0,4,4,38,6153
51,-1.0,5,0,56,6154
15,1.0,14,3,32,6155
47,-1.0,1,0,48,6156
39,1.0,11,7,57,6157
25,-1.0,1,2,28,6158
10,1.0,0,16,26,6159
45,1.0,2,2,49,6160
14,-1.0,3,7,24,6161
11,-1.0,0,15,26,6162
9,1.0,12,2,23,6163
34,-1.0,17,0,51,6164
10,-1.0,9,7,26,6165
7,-1.0,9,5,21,6166
16,1.0,7,11,34,6167
14,1.0,4,13,31,6168
4,1.0,2,37,43,6169
1,-1.0,14,1,16,6170
4,1.0,5,15,24,6171
2,1.0,0,12,14,6172
3,-1.0,3,2,8,6173
7,1.0,6,1,14,6174
12,1.0,2,5,19,6175
4,-1.0,6,3,13,6176
10,-1.0,6,2,18,6177
27,1.0,1,0,28,6178
2,-1.0,5,8,15,6179
7,1.0,4,7,18,6180
3,1.0,4,7,14,6181
3,1.0,2,14,19,6182
25,-1.0,1,3,29,6183
10,1.0,7,4,21,6184
2,1.0,19,2,23,6185
28,1.0,8,2,38,6186
3,-1.0,23,5,31,6187
1,1.0,9,15,25,6188
13,-1.0,3,2,18,6189
40,1.0,20,0,60,6190
17,-1.0,19,0,36,6191
3,1.0,8,7,18,6192
23,1.0,8,1,32,6193
17,1.0,11,25,53,6194
33,1.0,15,1,49,6195
7,-1.0,5,8,20,6196
15,-1.0,6,2,23,6197
15,1.0,2,1,18,6198
3,-1.0,5,10,18,6199
3,1.0,11,7,21,6200
11,-1.0,14,0,25,6201
5,-1.0,0,10,15,6202
0,-1.0,7,4,11,6203
9,-1.0,1,0,10,6204
2,-1.0,1,11,14,6205
35,-1.0,0,22,57,6206
14,-1.0,1,27,42,6207
3,1.0,10,8,21,6208
57,-1.0,1,8,66,6209
10,1.0,10,7,27,6210
1,1.0,9,4,14,6211
30,-1.0,1,0,31,6212
22,1.0,0,9,31,6213
25,1.0,6,3,34,6214
8,1.0,2,16,26,6215
2,1.0,2,4,8,6216
8,-1.0,0,0,8,6217
11,-1.0,4,0,15,6218
7,1.0,3,4,14,6219
2,1.0,7,8,17,6220
17,-1.0,2,0,19,6221
5,1.0,4,5,14,6222
9,-1.0,2,3,14,6223
3,1.0,6,15,24,6224
14,-1.0,6,4,24,6225
5,1.0,11,17,33,6226
3,-1.0,9,6,18,6227
2,-1.0,10,5,17,6228
9,1.0,9,0,18,6229
2,1.0,4,3,9,6230
21,1.0,2,2,25,6231
4,1.0,5,8,17,6232
41,-1.0,2,3,46,6233
11,1.0,0,5,16,6234
21,-1.0,3,20,44,6235
3,1.0,0,12,15,6236
12,-1.0,1,5,18,6237
17,1.0,3,5,25,6238
30,1.0,6,1,37,6239
35,1.0,1,5,41,6240
25,1.0,18,2,45,6241
6,-1.0,4,8,18,6242
4,-1.0,5,9,18,6243
41,1.0,7,0,48,6244
10,-1.0,0,1,11,6245
2,1.0,0,7,9,6246
7,-1.0,37,6,50,6247
0,1.0,16,6,22,6248
26,-1.0,3,6,35,6249
29,1.0,0,4,33,6250
4,1.0,0,9,13,6251
14,-1.0,10,0,24,6252
23,1.0,0,2,25,6253
0,-1.0,3,5,8,6254
6,1.0,1,1,8,6255
14,1.0,6,5,25,6256
8,-1.0,2,0,10,6257
1,1.0,3,4,8,6258
16,-1.0,3,4,23,6259
6,-1.0,3,1,10,6260
7,-1.0,1,3,11,6261
1,-1.0,1,11,13,6262
16,-1.0,0,0,16,6263
4,-1.0,4,0,8,6264
4,1.0,1,3,8,6265
5,1.0,2,10,17,6266
9,1.0,7,1,17,6267
18,1.0,3,0,21,6268
52,1.0,5,11,68,6269
10,-1.0,8,5,23,6270
30,1.0,9,0,39,6271
29,1.0,4,0,33,6272
6,-1.0,17,1,24,6273
13,1.0,8,1,22,6274
15,1.0,0,4,19,6275
28,1.0,9,0,37,6276
52,-1.0,0,21,73,6277
26,-1.0,0,16,42,6278
50,-1.0,1,2,53,6279
22,1.0,7,3,32,6280
19,1.0,5,9,33,6281
2,-1.0,18,1,21,6282
1,1.0,17,10,28,6283
20,-1.0,2,1,23,6284
87,-1.0,2,16,105,6285
14,1.0,10,2,26,6286
12,1.0,6,7,25,6287
9,-1.0,9,6,24,6288
22,-1.0,2,6,30,6289
1,1.0,11,6,18,6290
15,1.0,2,4,21,6291
2,-1.0,7,3,12,6292
44,-1.0,0,14,58,6293
4,1.0,0,20,24,6294
10,1.0,4,0,14,6295
11,-1.0,7,5,23,6296
22,-1.0,0,4,26,6297
21,1.0,0,7,28,6298
16,-1.0,0,6,22,6299
8,-1.0,7,15,30,6300
18,-1.0,2,12,32,6301
6,-1.0,12,2,20,6302
20,1.0,2,3,25,6303
13,1.0,7,12,32,6304
25,1.0,2,11,38,6305
1,-1.0,1,20,22,6306
21,1.0,4,4,29,6307
20,1.0,10,2,32,6308
34,1.0,1,1,36,6309
17,-1.0,17,1,35,6310
7,-1.0,1,13,21,6311
19,1.0,4,0,23,6312
29,1.0,2,3,34,6313
24,-1.0,11,0,35,6314
23,1.0,10,0,33,6315
5,-1.0,4,14,23,6316
15,-1.0,3,4,22,6317
38,-1.0,5,22,65,6318
55,1.0,1,7,63,6319
34,1.0,2,4,40,6320
15,1.0,18,0,33,6321
28,-1.0,4,3,35,6322
22,-1.0,3,2,27,6323
23,1.0,28,0,51,6324
29,-1.0,0,7,36,6325
54,-1.0,4,4,62,6326
7,1.0,15,1,23,6327
33,-1.0,1,1,35,6328
2,-1.0,9,5,16,6329
19,-1.0,2,17,38,6330
6,-1.0,8,2,16,6331
19,1.0,13,1,33,6332
2,-1.0,6,7,15,6333
8,1.0,3,5,16,6334
2,-1.0,4,3,9,6335
7,1.0,0,2,9,6336
20,-1.0,1,2,23,6337
4,1.0,5,0,9,6338
3,1.0,10,1,14,6339
0,1.0,6,2,8,6340
3,1.0,2,4,9,6341
44,-1.0,1,10,55,6342
22,1.0,1,4,27,6343
2,1.0,10,7,19,6344
2,-1.0,19,1,22,6345
12,-1.0,3,5,20,6346
11,-1.0,6,4,21,6347
6,-1.0,4,11,21,6348
1,-1.0,13,2,16,6349
18,-1.0,5,3,26,6350
8,-1.0,0,24,32,6351
41,-1.0,2,10,53,6352
27,1.0,2,15,44,6353
6,-1.0,2,12,20,6354
43,1.0,0,1,44,6355
34,1.0,2,1,37,6356
16,-1.0,9,1,26,6357
2,-1.0,5,19,26,6358
10,1.0,3,18,31,6359
4,-1.0,1,8,13,6360
47,-1.0,4,2,53,6361
78,1.0,15,8,101,6362
25,1.0,20,0,45,6363
46,1.0,10,0,56,6364
28,-1.0,22,1,51,6365
40,1.0,4,7,51,6366
25,1.0,22,0,47,6367
29,1.0,4,5,38,6368
10,1.0,26,2,38,6369
1,1.0,10,5,16,6370
3,-1.0,4,4,11,6371
5,-1.0,0,4,9,6372
31,-1.0,2,2,35,6373
7,1.0,0,1,8,6374
3,1.0,12,4,19,6375
9,1.0,8,7,24,6376
6,1.0,0,4,10,6377
2,1.0,2,7,11,6378
7,-1.0,2,2,11,6379
22,1.0,8,3,33,6380
25,1.0,8,0,33,6381
8,1.0,5,8,21,6382
9,-1.0,4,8,21,6383
2,-1.0,1,12,15,6384
15,1.0,0,5,20,6385
6,1.0,9,11,26,6386
1,-1.0,1,10,12,6387
9,1.0,1,4,14,6388
22,1.0,6,0,28,6389
1,1.0,11,3,15,6390
2,-1.0,9,4,15,6391
19,-1.0,12,4,35,6392
22,1.0,0,2,24,6393
1,-1.0,7,4,12,6394
6,1.0,2,4,12,6395
19,-1.0,5,1,25,6396
2,-1.0,4,5,11,6397
84,-1.0,6,9,99,6398
10,-1.0,21,5,36,6399
5,-1.0,7,14,26,6400
21,1.0,9,1,31,6401
21,-1.0,0,0,21,6402
13,-1.0,0,13,26,6403
15,1.0,4,0,19,6404
11,-1.0,16,1,28,6405
9,-1.0,0,6,15,6406
0,1.0,3,6,9,6407
2,1.0,4,1,7,6408
5,-1.0,6,4,15,6409
4,1.0,2,0,6,6410
2,1.0,0,4,6,6411
2,1.0,6,0,8,6412
10,-1.0,3,7,20,6413
22,-1.0,4,10,36,6414
19,1.0,6,0,25,6415
4,-1.0,12,1,17,6416
28,1.0,2,0,30,6417
5,-1.0,3,6,14,6418
4,-1.0,5,5,14,6419
14,1.0,2,0,16,6420
2,-1.0,5,5,12,6421
5,1.0,6,0,11,6422
2,1.0,6,6,14,6423
1,1.0,4,5,10,6424
3,1.0,8,1,12,6425
6,-1.0,8,7,21,6426
4,-1.0,5,1,10,6427
5,1.0,5,8,18,6428
2,1.0,3,10,15,6429
3,-1.0,4,0,7,6430
32,1.0,6,16,54,6431
8,-1.0,0,14,22,6432
26,1.0,0,2,28,6433
18,1.0,2,0,20,6434
3,-1.0,18,0,21,6435
2,-1.0,0,10,12,6436
7,1.0,9,0,16,6437
1,-1.0,1,9,11,6438
6,-1.0,1,10,17,6439
36,-1.0,2,0,38,6440
8,-1.0,7,4,19,6441
2,1.0,3,4,9,6442
10,-1.0,1,16,27,6443
1,-1.0,3,3,7,6444
1,-1.0,1,3,5,6445
11,-1.0,1,4,16,6446
2,1.0,0,10,12,6447
2,1.0,4,0,6,6448
1,-1.0,0,5,6,6449
5,1.0,1,1,7,6450
4,1.0,4,4,12,6451
7,1.0,1,2,10,6452
19,1.0,1,5,25,6453
4,-1.0,5,0,9,6454
17,-1.0,0,0,17,6455
99,-1.0,0,0,99,6456
32,1.0,2,44,78,6457
1,1.0,0,19,20,6458
6,1.0,10,7,23,6459
29,1.0,6,1,36,6460
37,1.0,7,0,44,6461
4,-1.0,23,2,29,6462
8,-1.0,4,14,26,6463
6,-1.0,10,6,22,6464
17,1.0,9,0,26,6465
7,-1.0,9,7,23,6466
33,-1.0,7,2,42,6467
20,1.0,20,9,49,6468
32,-1.0,10,8,50,6469
0,1.0,16,11,27,6470
9,1.0,0,0,9,6471
13,-1.0,2,3,18,6472
2,-1.0,2,3,7,6473
20,-1.0,1,10,31,6474
5,1.0,7,5,17,6475
7,-1.0,7,2,16,6476
5,1.0,3,0,8,6477
8,1.0,2,1,11,6478
7,-1.0,1,8,16,6479
1,1.0,7,2,10,6480
10,1.0,0,0,10,6481
6,-1.0,0,1,7,6482
9,-1.0,0,1,10,6483
2,1.0,3,0,5,6484
2,1.0,2,0,4,6485
8,1.0,5,5,18,6486
7,1.0,5,4,16,6487
39,1.0,9,0,48,6488
13,1.0,11,0,24,6489
3,1.0,3,13,19,6490
1,-1.0,8,8,17,6491
13,1.0,12,0,25,6492
15,1.0,15,0,30,6493
78,1.0,2,2,82,6494
15,-1.0,11,7,33,6495
18,1.0,13,3,34,6496
38,1.0,9,0,47,6497
21,1.0,4,9,34,6498
30,-1.0,24,1,55,6499
30,-1.0,0,1,31,6500
3,1.0,12,2,17,6501
8,1.0,12,125,145,6502
1,1.0,97,0,98,6503
75,1.0,0,9,84,6504
25,-1.0,42,6,73,6505
42,-1.0,20,0,62,6506
16,-1.0,2,15,33,6507
55,-1.0,7,0,62,6508
23,-1.0,11,25,59,6509
17,-1.0,5,16,38,6510
85,-1.0,0,7,92,6511
74,1.0,12,14,100,6512
34,-1.0,0,9,43,6513
16,-1.0,5,7,28,6514
1,1.0,28,9,38,6515
50,-1.0,0,10,60,6516
8,1.0,2,27,37,6517
53,1.0,1,11,65,6518
5,1.0,33,11,49,6519
1,1.0,9,22,32,6520
16,1.0,5,5,26,6521
31,-1.0,8,2,41,6522
6,-1.0,2,15,23,6523
21,1.0,0,10,31,6524
18,1.0,6,5,29,6525
16,-1.0,0,10,26,6526
13,-1.0,1,23,37,6527
38,-1.0,5,2,45,6528
1,-1.0,14,12,27,6529
50,1.0,57,17,124,6530
51,1.0,11,14,76,6531
31,1.0,34,0,65,6532
56,1.0,0,3,59,6533
54,-1.0,20,16,90,6534
56,1.0,7,7,70,6535
5,1.0,2,14,21,6536
47,1.0,24,0,71,6537
24,1.0,0,16,40,6538
43,-1.0,13,7,63,6539
52,1.0,4,1,57,6540
4,1.0,21,5,30,6541
26,-1.0,8,17,51,6542
33,1.0,5,6,44,6543
44,1.0,0,6,50,6544
2,-1.0,1,20,23,6545
43,1.0,18,2,63,6546
38,-1.0,5,1,44,6547
61,1.0,2,0,63,6548
12,-1.0,26,2,40,6549
47,-1.0,4,15,66,6550
40,-1.0,5,10,55,6551
29,1.0,13,20,62,6552
35,1.0,3,4,42,6553
8,-1.0,6,19,33,6554
24,1.0,3,8,35,6555
58,1.0,2,4,64,6556
22,1.0,22,3,47,6557
15,-1.0,10,10,35,6558
1,-1.0,3,27,31,6559
7,-1.0,12,5,24,6560
26,-1.0,7,8,41,6561
60,1.0,5,3,68,6562
6,1.0,9,15,30,6563
1,1.0,10,12,23,6564
49,1.0,2,2,53,6565
3,1.0,13,15,31,6566
28,-1.0,4,2,34,6567
3,-1.0,0,15,18,6568
3,-1.0,15,3,21,6569
11,-1.0,2,5,18,6570
5,-1.0,3,9,17,6571
10,1.0,3,2,15,6572
11,1.0,1,11,23,6573
9,-1.0,5,3,17,6574
1,1.0,1,10,12,6575
17,-1.0,0,2,19,6576
7,-1.0,4,8,19,6577
52,1.0,4,2,58,6578
18,-1.0,8,4,30,6579
18,-1.0,4,7,29,6580
12,-1.0,8,3,23,6581
3,1.0,10,6,19,6582
5,-1.0,2,20,27,6583
26,-1.0,0,4,30,6584
11,-1.0,5,5,21,6585
27,-1.0,0,22,49,6586
10,-1.0,24,4,38,6587
13,-1.0,1,20,34,6588
30,1.0,12,0,42,6589
1,-1.0,29,7,37,6590
5,1.0,22,3,30,6591
11,1.0,2,16,29,6592
18,-1.0,7,6,31,6593
2,-1.0,15,1,18,6594
7,-1.0,2,14,23,6595
7,1.0,0,12,19,6596
67,1.0,22,0,89,6597
27,1.0,2,0,29,6598
29,-1.0,8,4,41,6599
40,1.0,0,1,41,6600
20,-1.0,0,2,22,6601
27,-1.0,4,1,32,6602
8,1.0,0,4,12,6603
5,-1.0,2,1,8,6604
7,-1.0,4,6,17,6605
10,-1.0,3,5,18,6606
9,1.0,6,2,17,6607
3,-1.0,2,8,13,6608
15,-1.0,0,2,17,6609
5,1.0,5,6,16,6610
11,1.0,1,3,15,6611
21,1.0,6,3,30,6612
6,1.0,0,8,14,6613
21,-1.0,2,2,25,6614
11,1.0,6,1,18,6615
17,-1.0,2,1,20,6616
2,1.0,3,18,23,6617
2,-1.0,12,2,16,6618
6,-1.0,3,19,28,6619
44,-1.0,7,1,52,6620
23,1.0,7,3,33,6621
6,-1.0,6,4,16,6622
1,1.0,1,15,17,6623
1,1.0,6,1,8,6624
5,-1.0,3,4,12,6625
10,1.0,19,18,47,6626
2,1.0,10,1,13,6627
7,1.0,1,0,8,6628
4,-1.0,1,4,9,6629
5,1.0,0,4,9,6630
1,-1.0,16,3,20,6631
3,-1.0,8,1,12,6632
24,-1.0,2,4,30,6633
5,1.0,2,15,22,6634
1,1.0,0,4,5,6635
4,1.0,0,1,5,6636
14,-1.0,0,8,22,6637
16,1.0,3,11,30,6638
10,1.0,4,6,20,6639
2,-1.0,12,1,15,6640
14,1.0,3,8,25,6641
19,1.0,8,2,29,6642
25,1.0,8,4,37,6643
15,1.0,9,1,25,6644
9,1.0,12,3,24,6645
16,1.0,3,2,21,6646
8,1.0,13,10,31,6647
19,-1.0,5,14,38,6648
10,1.0,2,0,12,6649
7,1.0,3,1,11,6650
7,-1.0,1,2,10,6651
11,1.0,2,8,21,6652
5,-1.0,11,10,26,6653
22,1.0,0,1,23,6654
84,-1.0,0,22,106,6655
11,1.0,5,10,26,6656
5,-1.0,4,7,16,6657
43,1.0,60,11,114,6658
12,1.0,3,8,23,6659
12,-1.0,4,0,16,6660
1,1.0,12,3,16,6661
2,-1.0,1,7,10,6662
12,-1.0,5,5,22,6663
0,0.0,5,6,11,6664
12,-1.0,4,8,24,6665
2,1.0,3,8,13,6666
2,-1.0,2,6,10,6667
9,1.0,2,14,25,6668
25,1.0,3,2,30,6669
0,-1.0,6,4,10,6670
6,1.0,3,3,12,6671
2,-1.0,3,3,8,6672
4,-1.0,1,7,12,6673
7,1.0,3,13,23,6674
4,1.0,3,3,10,6675
7,-1.0,6,1,14,6676
20,1.0,1,7,28,6677
6,1.0,0,12,18,6678
4,1.0,9,3,16,6679
8,1.0,6,0,14,6680
1,1.0,1,6,8,6681
1,-1.0,14,3,18,6682
9,-1.0,1,8,18,6683
12,1.0,1,1,14,6684
9,-1.0,0,0,9,6685
21,-1.0,2,11,34,6686
10,1.0,1,4,15,6687
9,1.0,13,1,23,6688
6,1.0,9,4,19,6689
18,-1.0,6,7,31,6690
21,-1.0,1,3,25,6691
69,-1.0,5,10,84,6692
2,1.0,4,17,23,6693
13,1.0,9,3,25,6694
5,1.0,6,1,12,6695
4,-1.0,2,3,9,6696
0,-1.0,9,3,12,6697
11,-1.0,4,1,16,6698
4,1.0,6,6,16,6699
3,-1.0,1,3,7,6700
0,0.0,3,4,7,6701
10,1.0,0,7,17,6702
0,-1.0,5,2,7,6703
4,1.0,2,1,7,6704
6,1.0,0,6,12,6705
9,1.0,0,5,14,6706
4,-1.0,2,5,11,6707
13,-1.0,0,7,20,6708
5,-1.0,3,7,15,6709
8,-1.0,0,5,13,6710
10,-1.0,0,3,13,6711
19,1.0,2,5,26,6712
9,1.0,10,7,26,6713
8,1.0,11,7,26,6714
7,1.0,3,18,28,6715
12,1.0,11,3,26,6716
17,1.0,0,2,19,6717
19,-1.0,3,5,27,6718
23,1.0,1,1,25,6719
1,-1.0,2,9,12,6720
0,-1.0,4,12,16,6721
20,-1.0,6,0,26,6722
45,-1.0,0,1,46,6723
39,1.0,0,10,49,6724
16,-1.0,2,5,23,6725
0,1.0,1,6,7,6726
18,-1.0,6,1,25,6727
8,1.0,6,1,15,6728
4,-1.0,1,1,6,6729
6,1.0,2,9,17,6730
1,1.0,0,3,4,6731
0,0.0,3,2,5,6732
21,1.0,0,1,22,6733
20,1.0,7,0,27,6734
21,-1.0,3,1,25,6735
0,-1.0,0,5,5,6736
0,1.0,2,2,4,6737
1,1.0,0,5,6,6738
31,1.0,4,0,35,6739
24,-1.0,2,3,29,6740
18,-1.0,3,2,23,6741
15,1.0,9,0,24,6742
35,1.0,8,2,45,6743
6,-1.0,5,13,24,6744
1,-1.0,7,2,10,6745
10,-1.0,2,18,30,6746
44,-1.0,0,13,57,6747
6,-1.0,2,11,19,6748
42,-1.0,1,12,55,6749
6,1.0,3,34,43,6750
26,1.0,0,3,29,6751
4,-1.0,3,1,8,6752
1,1.0,1,5,7,6753
19,-1.0,0,0,19,6754
9,1.0,4,7,20,6755
2,1.0,3,2,7,6756
3,1.0,0,1,4,6757
0,1.0,3,4,7,6758
4,1.0,1,1,6,6759
28,1.0,0,13,41,6760
27,-1.0,3,1,31,6761
2,-1.0,2,12,16,6762
1,1.0,1,3,5,6763
3,1.0,1,1,5,6764
25,1.0,12,0,37,6765
10,-1.0,1,1,12,6766
5,-1.0,1,17,23,6767
9,-1.0,7,1,17,6768
11,1.0,4,7,22,6769
0,1.0,3,8,11,6770
2,1.0,3,5,10,6771
10,1.0,13,2,25,6772
61,1.0,2,13,76,6773
18,-1.0,0,3,21,6774
9,-1.0,3,2,14,6775
9,1.0,2,0,11,6776
3,1.0,3,1,7,6777
5,1.0,2,1,8,6778
6,-1.0,0,3,9,6779
7,-1.0,7,6,20,6780
2,-1.0,8,1,11,6781
3,-1.0,1,2,6,6782
6,-1.0,3,8,17,6783
1,1.0,5,5,11,6784
7,-1.0,2,1,10,6785
6,-1.0,3,6,15,6786
5,1.0,1,11,17,6787
0,-1.0,4,3,7,6788
2,1.0,12,4,18,6789
10,-1.0,4,6,20,6790
8,-1.0,23,2,33,6791
4,1.0,0,28,32,6792
19,-1.0,2,0,21,6793
0,-1.0,2,4,6,6794
9,1.0,2,2,13,6795
0,1.0,7,5,12,6796
1,1.0,0,7,8,6797
5,1.0,3,1,9,6798
1,1.0,1,4,6,6799
2,-1.0,3,2,7,6800
1,1.0,2,4,7,6801
1,-1.0,1,2,4,6802
14,1.0,2,2,18,6803
0,1.0,7,2,9,6804
0,-1.0,9,1,10,6805
6,-1.0,1,3,10,6806
20,-1.0,2,9,31,6807
9,1.0,7,0,16,6808
2,1.0,2,8,12,6809
2,1.0,5,0,7,6810
5,1.0,2,0,7,6811
23,1.0,4,1,28,6812
3,1.0,2,9,14,6813
20,-1.0,3,0,23,6814
4,-1.0,19,1,24,6815
55,-1.0,37,12,104,6816
11,1.0,10,1,22,6817
10,-1.0,5,9,24,6818
20,-1.0,6,1,27,6819
34,-1.0,0,0,34,6820
28,1.0,5,12,45,6821
5,1.0,0,10,15,6822
3,-1.0,5,4,12,6823
3,1.0,5,10,18,6824
0,-1.0,13,4,17,6825
36,1.0,0,1,37,6826
26,-1.0,1,2,29,6827
3,1.0,2,20,25,6828
2,1.0,9,3,14,6829
5,1.0,1,9,15,6830
6,1.0,0,0,6,6831
25,-1.0,1,4,30,6832
8,1.0,1,12,21,6833
2,1.0,7,9,18,6834
34,1.0,4,4,42,6835
3,-1.0,4,6,13,6836
21,1.0,2,1,24,6837
23,-1.0,0,6,29,6838
22,-1.0,2,17,41,6839
9,1.0,1,10,20,6840
4,-1.0,0,11,15,6841
28,1.0,3,0,31,6842
3,1.0,1,8,12,6843
32,-1.0,1,0,33,6844
0,1.0,14,36,50,6845
2,-1.0,6,15,23,6846
26,-1.0,8,4,38,6847
1,-1.0,11,1,13,6848
1,-1.0,3,1,5,6849
11,1.0,6,5,22,6850
11,1.0,9,5,25,6851
10,-1.0,4,0,14,6852
0,-1.0,2,5,7,6853
21,1.0,11,4,36,6854
23,1.0,11,2,36,6855
8,1.0,11,3,22,6856
9,-1.0,1,6,16,6857
7,-1.0,5,2,14,6858
6,1.0,1,5,12,6859
2,1.0,0,5,7,6860
1,1.0,3,3,7,6861
1,1.0,2,3,6,6862
17,-1.0,0,6,23,6863
0,-1.0,1,14,15,6864
11,1.0,13,0,24,6865
5,-1.0,4,5,14,6866
33,1.0,1,1,35,6867
14,-1.0,10,5,29,6868
7,1.0,1,4,12,6869
60,1.0,4,0,64,6870
12,1.0,16,20,48,6871
38,-1.0,0,0,38,6872
67,-1.0,1,0,68,6873
28,1.0,0,2,30,6874
23,1.0,2,11,36,6875
5,-1.0,13,0,18,6876
66,-1.0,1,4,71,6877
5,1.0,15,22,42,6878
53,-1.0,1,32,86,6879
20,1.0,19,8,47,6880
39,1.0,1,1,41,6881
10,-1.0,9,11,30,6882
7,1.0,5,11,23,6883
11,-1.0,8,4,23,6884
8,1.0,5,9,22,6885
7,-1.0,9,0,16,6886
11,1.0,6,9,26,6887
3,-1.0,8,10,21,6888
2,-1.0,7,5,14,6889
20,-1.0,10,6,36,6890
20,1.0,8,0,28,6891
16,1.0,7,0,23,6892
9,1.0,0,7,16,6893
37,1.0,11,1,49,6894
30,1.0,3,4,37,6895
5,-1.0,11,17,33,6896
18,1.0,0,26,44,6897
8,-1.0,8,5,21,6898
2,1.0,14,3,19,6899
46,-1.0,1,8,55,6900
15,1.0,0,12,27,6901
25,1.0,0,2,27,6902
13,-1.0,8,6,27,6903
41,1.0,17,0,58,6904
7,1.0,16,6,29,6905
15,-1.0,2,8,25,6906
13,1.0,1,6,20,6907
3,1.0,1,11,15,6908
13,1.0,0,9,22,6909
5,-1.0,7,3,15,6910
3,1.0,8,0,11,6911
2,-1.0,3,1,6,6912
7,-1.0,0,1,8,6913
5,1.0,0,1,6,6914
4,1.0,0,6,10,6915
19,-1.0,1,3,23,6916
2,-1.0,1,32,35,6917
5,-1.0,3,16,24,6918
0,1.0,11,5,16,6919
3,-1.0,9,9,21,6920
43,1.0,0,4,47,6921
1,1.0,4,6,11,6922
0,1.0,8,4,12,6923
11,-1.0,1,13,25,6924
4,-1.0,0,15,19,6925
38,-1.0,1,7,46,6926
11,-1.0,2,14,27,6927
16,-1.0,11,9,36,6928
18,-1.0,5,6,29,6929
12,1.0,5,17,34,6930
17,-1.0,3,8,28,6931
14,-1.0,3,12,29,6932
17,-1.0,6,8,31,6933
20,-1.0,1,9,30,6934
30,1.0,29,0,59,6935
0,-1.0,8,31,39,6936
21,1.0,3,0,24,6937
71,-1.0,3,9,83,6938
5,-1.0,14,7,26,6939
1,1.0,3,14,18,6940
3,1.0,3,14,20,6941
11,-1.0,1,9,21,6942
21,1.0,5,2,28,6943
12,1.0,1,7,20,6944
3,-1.0,0,6,9,6945
7,-1.0,0,13,20,6946
11,-1.0,13,0,24,6947
18,1.0,0,5,23,6948
6,1.0,7,6,19,6949
5,-1.0,3,15,23,6950
47,1.0,27,1,75,6951
14,-1.0,1,18,33,6952
35,-1.0,3,3,41,6953
16,-1.0,2,17,35,6954
21,-1.0,9,2,32,6955
5,-1.0,13,9,27,6956
18,-1.0,1,18,37,6957
11,1.0,10,3,24,6958
7,1.0,17,3,27,6959
0,0.0,12,5,17,6960
7,1.0,5,1,13,6961
1,-1.0,20,5,26,6962
10,1.0,5,4,19,6963
2,1.0,1,20,23,6964
17,1.0,0,7,24,6965
0,0.0,6,15,21,6966
31,1.0,2,11,44,6967
19,-1.0,1,9,29,6968
24,1.0,2,11,37,6969
6,-1.0,8,8,22,6970
114,1.0,2,4,120,6971
7,-1.0,10,1,18,6972
25,1.0,3,5,33,6973
10,1.0,9,1,20,6974
16,-1.0,1,9,26,6975
4,1.0,2,2,8,6976
14,1.0,5,0,19,6977
1,1.0,5,14,20,6978
8,1.0,1,3,12,6979
14,1.0,7,1,22,6980
25,1.0,4,2,31,6981
2,1.0,9,6,17,6982
2,-1.0,10,7,19,6983
7,1.0,2,5,14,6984
3,-1.0,0,13,16,6985
2,-1.0,4,9,15,6986
8,-1.0,1,11,20,6987
3,1.0,8,3,14,6988
3,1.0,10,3,16,6989
7,-1.0,3,7,17,6990
23,1.0,9,7,39,6991
12,-1.0,9,1,22,6992
1,1.0,2,9,12,6993
1,-1.0,11,5,17,6994
11,1.0,21,0,32,6995
4,1.0,8,4,16,6996
1,-1.0,9,6,16,6997
19,-1.0,18,2,39,6998
11,-1.0,0,23,34,6999
9,1.0,5,3,17,7000
29,-1.0,2,1,32,7001
23,-1.0,2,2,27,7002
2,-1.0,8,6,16,7003
24,1.0,1,1,26,7004
4,1.0,2,3,9,7005
0,1.0,5,5,10,7006
16,-1.0,0,15,31,7007
17,-1.0,3,4,24,7008
0,-1.0,4,6,10,7009
44,-1.0,0,8,52,7010
3,1.0,15,2,20,7011
39,-1.0,0,6,45,7012
8,1.0,2,7,17,7013
29,1.0,3,1,33,7014
15,-1.0,26,0,41,7015
24,-1.0,0,8,32,7016
1,-1.0,0,10,11,7017
59,-1.0,3,10,72,7018
19,1.0,1,11,31,7019
8,-1.0,9,5,22,7020
1,1.0,18,24,43,7021
9,-1.0,7,44,60,7022
0,-1.0,12,16,28,7023
54,-1.0,2,5,61,7024
7,1.0,13,8,28,7025
15,-1.0,2,21,38,7026
26,1.0,8,0,34,7027
6,1.0,4,1,11,7028
7,1.0,16,4,27,7029
15,-1.0,4,7,26,7030
1,1.0,8,3,12,7031
44,1.0,6,0,50,7032
8,-1.0,8,1,17,7033
32,-1.0,1,1,34,7034
8,1.0,5,4,17,7035
1,-1.0,9,10,20,7036
7,1.0,18,1,26,7037
2,-1.0,10,6,18,7038
9,-1.0,0,15,24,7039
0,-1.0,11,5,16,7040
0,1.0,6,9,15,7041
44,-1.0,4,0,48,7042
31,-1.0,1,0,32,7043
38,1.0,0,8,46,7044
44,1.0,0,3,47,7045
1,1.0,22,11,34,7046
2,1.0,16,0,18,7047
2,-1.0,12,7,21,7048
18,1.0,1,1,20,7049
4,-1.0,2,19,25,7050
60,1.0,8,0,68,7051
9,1.0,8,13,30,7052
12,1.0,5,2,19,7053
10,-1.0,2,11,23,7054
12,1.0,0,11,23,7055
4,-1.0,0,6,10,7056
38,1.0,2,1,41,7057
23,1.0,6,2,31,7058
21,1.0,14,4,39,7059
0,1.0,8,6,14,7060
3,1.0,4,3,10,7061
7,1.0,6,8,21,7062
2,-1.0,3,8,13,7063
12,1.0,0,3,15,7064
26,1.0,11,6,43,7065
27,1.0,7,0,34,7066
10,1.0,0,14,24,7067
20,1.0,6,0,26,7068
23,1.0,2,2,27,7069
0,1.0,8,9,17,7070
7,1.0,6,10,23,7071
1,-1.0,10,0,11,7072
8,1.0,0,2,10,7073
13,-1.0,38,17,68,7074
47,1.0,0,1,48,7075
0,1.0,1,20,21,7076
25,-1.0,3,3,31,7077
4,-1.0,7,17,28,7078
6,-1.0,1,15,22,7079
20,-1.0,3,6,29,7080
11,1.0,2,9,22,7081
5,1.0,8,3,16,7082
1,1.0,8,0,9,7083
2,-1.0,2,7,11,7084
14,1.0,1,6,21,7085
15,1.0,1,0,16,7086
1,1.0,6,8,15,7087
7,-1.0,2,6,15,7088
3,-1.0,3,5,11,7089
5,1.0,1,2,8,7090
58,-1.0,0,1,59,7091
6,1.0,0,27,33,7092
13,-1.0,3,7,23,7093
35,-1.0,0,13,48,7094
4,-1.0,8,12,24,7095
90,1.0,0,14,104,7096
1,-1.0,7,23,31,7097
6,1.0,7,12,25,7098
16,1.0,9,6,31,7099
11,1.0,13,7,31,7100
20,1.0,16,1,37,7101
26,1.0,6,7,39,7102
9,1.0,11,1,21,7103
3,1.0,7,17,27,7104
1,1.0,14,5,20,7105
3,1.0,9,1,13,7106
0,1.0,4,11,15,7107
2,-1.0,8,2,12,7108
23,-1.0,8,4,35,7109
2,1.0,18,2,22,7110
22,-1.0,0,5,27,7111
2,1.0,8,18,28,7112
7,1.0,7,5,19,7113
1,-1.0,10,1,12,7114
54,-1.0,1,2,57,7115
32,-1.0,9,20,61,7116
28,-1.0,0,19,47,7117
46,-1.0,1,31,78,7118
37,1.0,6,0,43,7119
12,-1.0,19,0,31,7120
9,1.0,0,11,20,7121
0,-1.0,17,2,19,7122
8,-1.0,4,22,34,7123
3,1.0,12,3,18,7124
14,1.0,3,20,37,7125
9,1.0,2,4,15,7126
42,1.0,1,1,44,7127
18,-1.0,6,11,35,7128
3,1.0,1,17,21,7129
6,1.0,13,2,21,7130
14,-1.0,10,3,27,7131
8,1.0,15,1,24,7132
14,-1.0,0,2,16,7133
22,1.0,4,0,26,7134
21,-1.0,11,1,33,7135
8,1.0,16,0,24,7136
3,1.0,5,11,19,7137
21,-1.0,3,17,41,7138
17,1.0,6,0,23,7139
7,-1.0,6,17,30,7140
10,-1.0,5,3,18,7141
18,-1.0,6,5,29,7142
25,1.0,10,2,37,7143
15,-1.0,5,3,23,7144
37,1.0,3,0,40,7145
50,1.0,7,1,58,7146
2,1.0,3,21,26,7147
29,-1.0,3,1,33,7148
0,-1.0,2,8,10,7149
3,1.0,2,16,21,7150
14,1.0,8,1,23,7151
0,-1.0,11,4,15,7152
2,-1.0,0,7,9,7153
3,1.0,6,4,13,7154
2,-1.0,1,6,9,7155
2,-1.0,1,1,4,7156
5,-1.0,4,0,9,7157
14,1.0,7,2,23,7158
15,-1.0,1,3,19,7159
9,-1.0,1,11,21,7160
7,1.0,2,6,15,7161
9,-1.0,8,1,18,7162
5,-1.0,0,17,22,7163
14,1.0,5,4,23,7164
31,1.0,1,6,38,7165
13,-1.0,5,3,21,7166
72,1.0,8,1,81,7167
0,-1.0,10,7,17,7168
4,-1.0,10,3,17,7169
15,1.0,9,4,28,7170
15,-1.0,6,9,30,7171
39,-1.0,16,24,79,7172
6,1.0,23,8,37,7173
13,-1.0,5,18,36,7174
3,-1.0,8,9,20,7175
17,-1.0,3,9,29,7176
2,1.0,1,16,19,7177
3,-1.0,9,2,14,7178
2,1.0,9,11,22,7179
2,-1.0,14,2,18,7180
16,-1.0,0,2,18,7181
0,1.0,12,3,15,7182
11,1.0,0,0,11,7183
17,-1.0,6,10,33,7184
22,-1.0,1,1,24,7185
16,-1.0,8,3,27,7186
1,-1.0,0,11,12,7187
4,-1.0,7,2,13,7188
11,-1.0,5,2,18,7189
25,1.0,5,4,34,7190
20,-1.0,1,1,22,7191
1,-1.0,0,17,18,7192
18,-1.0,2,6,26,7193
8,1.0,12,2,22,7194
128,1.0,3,11,142,7195
19,-1.0,13,12,44,7196
9,-1.0,11,3,23,7197
2,1.0,12,1,15,7198
0,-1.0,10,5,15,7199
9,-1.0,1,2,12,7200
77,-1.0,3,3,83,7201
4,-1.0,5,40,49,7202
12,1.0,15,1,28,7203
18,-1.0,17,3,38,7204
0,0.0,1,43,44,7205
12,1.0,0,10,22,7206
36,-1.0,2,13,51,7207
14,-1.0,3,17,34,7208
43,-1.0,0,16,59,7209
43,1.0,5,3,51,7210
34,1.0,19,3,56,7211
15,1.0,7,3,25,7212
12,1.0,13,0,25,7213
18,-1.0,0,18,36,7214
0,-1.0,12,6,18,7215
19,-1.0,5,0,24,7216
1,1.0,10,2,13,7217
35,-1.0,1,9,45,7218
8,-1.0,2,17,27,7219
16,1.0,9,1,26,7220
13,-1.0,5,9,27,7221
28,1.0,2,4,34,7222
4,-1.0,10,1,15,7223
6,1.0,5,13,24,7224
4,1.0,4,13,21,7225
97,-1.0,0,5,102,7226
3,-1.0,8,31,42,7227
12,-1.0,14,10,36,7228
27,-1.0,0,16,43,7229
16,-1.0,9,15,40,7230
3,1.0,12,11,26,7231
12,1.0,10,0,22,7232
33,1.0,2,0,35,7233
9,-1.0,6,6,21,7234
77,1.0,3,7,87,7235
31,-1.0,6,13,50,7236
3,-1.0,8,6,17,7237
21,-1.0,1,6,28,7238
19,-1.0,10,1,30,7239
1,-1.0,4,17,22,7240
11,1.0,19,6,36,7241
1,1.0,4,15,20,7242
21,-1.0,3,18,42,7243
1,1.0,22,8,31,7244
6,-1.0,15,4,25,7245
15,-1.0,1,10,26,7246
19,-1.0,2,9,30,7247
25,1.0,7,7,39,7248
11,-1.0,10,2,23,7249
9,1.0,10,12,31,7250
12,1.0,6,16,34,7251
4,1.0,9,8,21,7252
41,-1.0,3,3,47,7253
4,-1.0,4,17,25,7254
0,1.0,13,3,16,7255
23,-1.0,5,0,28,7256
25,1.0,10,4,39,7257
22,1.0,22,1,45,7258
36,1.0,0,0,36,7259
4,-1.0,12,11,27,7260
8,-1.0,14,10,32,7261
10,-1.0,15,0,25,7262
9,1.0,9,11,29,7263
3,1.0,5,26,34,7264
18,1.0,13,1,32,7265
8,1.0,11,9,28,7266
28,-1.0,1,13,42,7267
44,-1.0,7,2,53,7268
11,-1.0,0,18,29,7269
75,-1.0,13,15,103,7270
36,-1.0,1,24,61,7271
66,-1.0,1,39,106,7272
25,-1.0,0,20,45,7273
45,1.0,0,1,46,7274
6,1.0,9,10,25,7275
31,1.0,11,0,42,7276
24,-1.0,17,3,44,7277
20,1.0,11,6,37,7278
10,-1.0,1,11,22,7279
4,-1.0,12,0,16,7280
14,-1.0,0,6,20,7281
14,1.0,4,4,22,7282
11,-1.0,5,14,30,7283
5,-1.0,7,7,19,7284
26,-1.0,1,6,33,7285
1,-1.0,5,17,23,7286
0,-1.0,8,10,18,7287
5,-1.0,10,4,19,7288
0,1.0,10,11,21,7289
12,-1.0,5,7,24,7290
1,-1.0,19,6,26,7291
31,-1.0,0,6,37,7292
5,1.0,13,3,21,7293
11,-1.0,9,0,20,7294
7,-1.0,0,14,21,7295
2,-1.0,4,11,17,7296
2,1.0,17,3,22,7297
12,-1.0,10,7,29,7298
37,1.0,15,3,55,7299
15,-1.0,0,17,32,7300
2,-1.0,1,22,25,7301
25,1.0,2,3,30,7302
44,1.0,1,0,45,7303
68,1.0,24,11,103,7304
17,1.0,18,0,35,7305
4,-1.0,10,9,23,7306
11,1.0,4,22,37,7307
25,-1.0,6,3,34,7308
6,1.0,7,2,15,7309
31,1.0,5,1,37,7310
18,-1.0,5,2,25,7311
2,-1.0,3,4,9,7312
3,-1.0,4,5,12,7313
4,1.0,12,1,17,7314
6,1.0,0,7,13,7315
0,1.0,7,6,13,7316
3,-1.0,1,19,23,7317
34,-1.0,0,1,35,7318
2,1.0,5,2,9,7319
0,-1.0,1,13,14,7320
5,1.0,3,4,12,7321
10,1.0,8,11,29,7322
2,1.0,7,4,13,7323
1,-1.0,1,27,29,7324
4,-1.0,2,20,26,7325
13,1.0,9,1,23,7326
0,1.0,3,5,8,7327
36,1.0,4,1,41,7328
11,1.0,6,12,29,7329
6,1.0,10,1,17,7330
14,1.0,29,0,43,7331
30,1.0,6,5,41,7332
39,-1.0,6,0,45,7333
13,-1.0,7,3,23,7334
36,1.0,1,4,41,7335
1,1.0,3,11,15,7336
22,-1.0,5,1,28,7337
7,1.0,13,1,21,7338
2,-1.0,2,14,18,7339
3,-1.0,2,10,15,7340
0,-1.0,9,10,19,7341
4,1.0,4,1,9,7342
1,1.0,3,2,6,7343
2,-1.0,4,0,6,7344
15,-1.0,0,0,15,7345
7,1.0,0,3,10,7346
4,-1.0,1,3,8,7347
2,-1.0,13,2,17,7348
0,0.0,7,4,11,7349
18,1.0,4,5,27,7350
3,1.0,2,5,10,7351
6,-1.0,1,0,7,7352
1,-1.0,7,6,14,7353
14,-1.0,1,1,16,7354
12,-1.0,1,1,14,7355
16,-1.0,3,7,26,7356
4,-1.0,24,29,57,7357
55,-1.0,0,13,68,7358
6,1.0,3,15,24,7359
2,1.0,18,3,23,7360
3,-1.0,5,1,9,7361
9,-1.0,2,17,28,7362
5,-1.0,18,50,73,7363
11,1.0,24,0,35,7364
8,-1.0,5,10,23,7365
2,1.0,12,2,16,7366
11,1.0,2,5,18,7367
6,1.0,4,6,16,7368
29,-1.0,1,18,48,7369
26,-1.0,1,11,38,7370
70,-1.0,0,3,73,7371
19,1.0,0,5,24,7372
43,-1.0,3,8,54,7373
13,1.0,4,1,18,7374
33,-1.0,0,1,34,7375
33,1.0,1,7,41,7376
34,1.0,3,3,40,7377
9,1.0,11,3,23,7378
12,1.0,2,12,26,7379
2,-1.0,19,2,23,7380
34,-1.0,5,0,39,7381
24,1.0,1,4,29,7382
14,-1.0,6,0,20,7383
17,-1.0,0,4,21,7384
4,-1.0,8,1,13,7385
6,-1.0,4,3,13,7386
30,-1.0,11,0,41,7387
14,-1.0,0,28,42,7388
32,1.0,1,2,35,7389
10,1.0,7,3,20,7390
0,-1.0,8,15,23,7391
80,-1.0,1,17,98,7392
49,-1.0,10,5,64,7393
0,0.0,25,11,36,7394
5,1.0,0,21,26,7395
6,-1.0,6,11,23,7396
23,-1.0,0,23,46,7397
33,1.0,0,16,49,7398
10,1.0,3,12,25,7399
22,-1.0,2,3,27,7400
22,-1.0,4,6,32,7401
19,-1.0,3,0,22,7402
25,-1.0,5,2,32,7403
11,1.0,4,17,32,7404
6,1.0,3,0,9,7405
11,1.0,1,6,18,7406
18,1.0,12,8,38,7407
1,-1.0,1,13,15,7408
24,1.0,12,2,38,7409
14,-1.0,1,4,19,7410
1,1.0,10,16,27,7411
17,1.0,3,10,30,7412
8,-1.0,1,10,19,7413
4,-1.0,2,22,28,7414
24,1.0,11,3,38,7415
19,1.0,3,7,29,7416
18,1.0,0,1,19,7417
43,-1.0,4,2,49,7418
5,-1.0,2,25,32,7419
6,-1.0,4,12,22,7420
29,-1.0,25,18,72,7421
4,-1.0,0,34,38,7422
54,1.0,0,4,58,7423
44,-1.0,0,4,48,7424
9,1.0,0,16,25,7425
26,1.0,4,11,41,7426
7,-1.0,4,13,24,7427
11,-1.0,16,2,29,7428
30,-1.0,0,2,32,7429
5,-1.0,11,3,19,7430
6,1.0,1,17,24,7431
3,-1.0,9,1,13,7432
24,1.0,17,1,42,7433
5,-1.0,7,16,28,7434
22,1.0,2,5,29,7435
3,-1.0,4,10,17,7436
16,1.0,0,5,21,7437
19,-1.0,1,2,22,7438
0,-1.0,10,12,22,7439
10,-1.0,1,12,23,7440
1,-1.0,1,21,23,7441
23,1.0,6,6,35,7442
4,-1.0,0,8,12,7443
17,-1.0,1,17,35,7444
46,1.0,5,0,51,7445
27,-1.0,9,1,37,7446
18,-1.0,1,19,38,7447
15,1.0,0,9,24,7448
7,1.0,23,0,30,7449
9,-1.0,5,13,27,7450
6,-1.0,11,11,28,7451
9,1.0,1,9,19,7452
74,1.0,14,0,88,7453
37,-1.0,4,13,54,7454
27,1.0,6,1,34,7455
41,1.0,0,1,42,7456
19,-1.0,15,0,34,7457
2,-1.0,1,17,20,7458
18,1.0,1,0,19,7459
2,1.0,6,5,13,7460
44,-1.0,2,10,56,7461
2,1.0,5,12,19,7462
8,1.0,5,14,27,7463
7,1.0,4,8,19,7464
23,-1.0,3,0,26,7465
10,1.0,2,9,21,7466
9,1.0,18,11,38,7467
5,-1.0,6,3,14,7468
38,1.0,10,0,48,7469
0,-1.0,6,10,16,7470
3,1.0,15,0,18,7471
3,-1.0,1,13,17,7472
6,-1.0,3,7,16,7473
2,1.0,15,0,17,7474
26,-1.0,0,19,45,7475
18,1.0,4,6,28,7476
27,1.0,18,0,45,7477
30,-1.0,0,0,30,7478
40,1.0,3,0,43,7479
22,-1.0,4,1,27,7480
0,-1.0,12,1,13,7481
43,-1.0,1,1,45,7482
43,-1.0,0,17,60,7483
19,1.0,20,3,42,7484
27,1.0,0,17,44,7485
5,1.0,18,11,34,7486
11,1.0,0,27,38,7487
2,1.0,0,16,18,7488
10,-1.0,9,2,21,7489
5,1.0,11,3,19,7490
8,-1.0,4,5,17,7491
19,-1.0,2,1,22,7492
6,-1.0,1,12,19,7493
8,-1.0,1,19,28,7494
9,1.0,10,14,33,7495
98,-1.0,4,0,102,7496
10,1.0,19,23,52,7497
21,1.0,4,2,27,7498
19,-1.0,1,11,31,7499
16,-1.0,1,3,20,7500
46,-1.0,0,17,63,7501
31,1.0,3,1,35,7502
26,1.0,2,6,34,7503
10,1.0,9,6,25,7504
24,-1.0,2,0,26,7505
15,-1.0,1,8,24,7506
26,1.0,5,2,33,7507
54,1.0,8,3,65,7508
7,1.0,18,2,27,7509
1,-1.0,18,11,30,7510
3,-1.0,10,19,32,7511
4,1.0,11,4,19,7512
8,-1.0,4,7,19,7513
4,-1.0,13,1,18,7514
23,1.0,8,35,66,7515
1,1.0,12,30,43,7516
14,1.0,4,19,37,7517
13,-1.0,13,2,28,7518
42,-1.0,3,2,47,7519
7,1.0,4,17,28,7520
1,1.0,0,26,27,7521
8,-1.0,5,9,22,7522
9,1.0,1,11,21,7523
19,-1.0,3,3,25,7524
8,1.0,8,8,24,7525
23,-1.0,0,0,23,7526
5,1.0,5,10,20,7527
30,1.0,1,2,33,7528
18,1.0,21,0,39,7529
0,-1.0,2,24,26,7530
19,-1.0,3,14,36,7531
41,-1.0,10,6,57,7532
11,1.0,9,9,29,7533
15,-1.0,2,18,35,7534
4,-1.0,2,25,31,7535
22,1.0,5,4,31,7536
10,1.0,0,11,21,7537
7,-1.0,9,3,19,7538
6,-1.0,9,16,31,7539
24,1.0,3,3,30,7540
5,1.0,5,17,27,7541
29,1.0,0,2,31,7542
1,1.0,6,5,12,7543
18,-1.0,3,7,28,7544
5,1.0,10,7,22,7545
2,1.0,9,1,12,7546
41,1.0,22,11,74,7547
0,0.0,9,18,27,7548
7,1.0,3,8,18,7549
3,-1.0,2,13,18,7550
11,1.0,4,2,17,7551
32,1.0,2,5,39,7552
20,1.0,14,1,35,7553
1,1.0,29,1,31,7554
2,1.0,10,4,16,7555
0,0.0,1,6,7,7556
4,-1.0,2,2,8,7557
1,-1.0,1,6,8,7558
6,-1.0,1,2,9,7559
7,-1.0,5,1,13,7560
7,1.0,14,10,31,7561
8,1.0,1,18,27,7562
13,-1.0,8,3,24,7563
0,-1.0,16,2,18,7564
11,1.0,1,4,16,7565
14,-1.0,0,3,17,7566
25,-1.0,6,13,44,7567
6,-1.0,9,37,52,7568
31,-1.0,7,3,41,7569
6,1.0,8,18,32,7570
10,1.0,3,19,32,7571
10,1.0,14,1,25,7572
10,-1.0,10,3,23,7573
11,-1.0,1,10,22,7574
3,1.0,1,2,6,7575
6,-1.0,1,1,8,7576
0,1.0,3,2,5,7577
3,1.0,10,2,15,7578
5,1.0,2,3,10,7579
9,-1.0,2,0,11,7580
11,1.0,1,1,13,7581
17,-1.0,8,3,28,7582
3,-1.0,14,7,24,7583
27,-1.0,1,9,37,7584
17,1.0,3,1,21,7585
5,1.0,2,13,20,7586
6,-1.0,0,10,16,7587
5,1.0,8,1,14,7588
0,-1.0,3,9,12,7589
0,0.0,3,15,18,7590
6,1.0,6,0,12,7591
1,-1.0,5,5,11,7592
29,1.0,35,10,74,7593
4,1.0,30,0,34,7594
9,-1.0,4,10,23,7595
2,-1.0,9,11,22,7596
7,1.0,2,15,24,7597
10,-1.0,14,2,26,7598
44,-1.0,1,9,54,7599
2,1.0,15,13,30,7600
24,1.0,2,3,29,7601
10,-1.0,7,5,22,7602
26,-1.0,0,17,43,7603
5,1.0,0,15,20,7604
4,1.0,5,2,11,7605
5,1.0,0,3,8,7606
17,-1.0,1,6,24,7607
22,1.0,2,1,25,7608
17,1.0,9,2,28,7609
7,1.0,2,10,19,7610
4,1.0,10,7,21,7611
31,1.0,8,1,40,7612
13,1.0,4,2,19,7613
12,1.0,1,10,23,7614
32,-1.0,2,4,38,7615
1,-1.0,14,8,23,7616
24,-1.0,10,27,61,7617
2,-1.0,15,26,43,7618
19,-1.0,6,8,33,7619
2,-1.0,12,8,22,7620
13,-1.0,0,11,24,7621
4,-1.0,1,11,16,7622
1,1.0,7,5,13,7623
3,1.0,1,3,7,7624
1,-1.0,4,2,7,7625
15,1.0,5,2,22,7626
19,-1.0,1,12,32,7627
21,1.0,3,10,34,7628
0,1.0,10,4,14,7629
10,-1.0,7,6,23,7630
41,-1.0,4,1,46,7631
6,1.0,13,9,28,7632
3,1.0,6,12,21,7633
32,-1.0,2,7,41,7634
11,1.0,15,17,43,7635
33,1.0,5,4,42,7636
2,1.0,3,11,16,7637
19,1.0,0,8,27,7638
11,1.0,8,1,20,7639
1,-1.0,40,12,53,7640
19,-1.0,11,6,36,7641
0,-1.0,16,7,23,7642
7,-1.0,8,4,19,7643
2,-1.0,11,4,17,7644
6,-1.0,5,6,17,7645
4,-1.0,3,14,21,7646
7,1.0,2,0,9,7647
3,-1.0,0,7,10,7648
1,-1.0,2,3,6,7649
2,1.0,2,1,5,7650
13,-1.0,4,12,29,7651
0,1.0,8,10,18,7652
2,1.0,1,15,18,7653
4,1.0,20,0,24,7654
5,-1.0,3,11,19,7655
18,1.0,11,6,35,7656
8,-1.0,6,10,24,7657
41,1.0,0,2,43,7658
16,-1.0,3,9,28,7659
9,-1.0,1,7,17,7660
20,1.0,2,1,23,7661
6,1.0,3,8,17,7662
4,1.0,1,2,7,7663
2,1.0,1,2,5,7664
8,1.0,1,0,9,7665
3,1.0,0,4,7,7666
0,-1.0,12,5,17,7667
5,1.0,14,0,19,7668
17,-1.0,2,7,26,7669
47,-1.0,1,4,52,7670
10,-1.0,0,36,46,7671
7,-1.0,6,8,21,7672
35,-1.0,1,16,52,7673
21,1.0,11,2,34,7674
1,1.0,4,19,24,7675
46,-1.0,18,6,70,7676
11,1.0,6,4,21,7677
8,1.0,6,12,26,7678
28,-1.0,5,1,34,7679
33,1.0,9,0,42,7680
6,-1.0,2,14,22,7681
10,-1.0,12,9,31,7682
33,-1.0,1,0,34,7683
26,-1.0,3,2,31,7684
0,1.0,8,5,13,7685
10,-1.0,0,14,24,7686
14,-1.0,9,29,52,7687
12,-1.0,19,3,34,7688
9,-1.0,20,6,35,7689
1,-1.0,10,18,29,7690
3,1.0,7,1,11,7691
18,-1.0,0,9,27,7692
0,-1.0,10,3,13,7693
6,1.0,5,10,21,7694
0,1.0,2,6,8,7695
21,-1.0,1,0,22,7696
20,1.0,1,4,25,7697
18,1.0,11,2,31,7698
29,-1.0,1,1,31,7699
14,-1.0,3,4,21,7700
1,-1.0,6,11,18,7701
16,-1.0,3,10,29,7702
8,1.0,9,5,22,7703
0,-1.0,8,26,34,7704
17,-1.0,8,5,30,7705
5,1.0,15,10,30,7706
35,1.0,0,2,37,7707
1,-1.0,15,9,25,7708
11,-1.0,4,20,35,7709
30,1.0,5,1,36,7710
22,1.0,1,11,34,7711
33,-1.0,1,3,37,7712
36,-1.0,3,0,39,7713
11,-1.0,13,16,40,7714
9,-1.0,21,0,30,7715
0,1.0,17,3,20,7716
27,-1.0,2,2,31,7717
6,-1.0,2,17,25,7718
31,1.0,2,0,33,7719
5,-1.0,5,5,15,7720
3,1.0,12,0,15,7721
3,1.0,1,5,9,7722
0,1.0,5,3,8,7723
19,1.0,1,1,21,7724
6,-1.0,0,2,8,7725
1,1.0,2,5,8,7726
12,1.0,8,4,24,7727
14,1.0,3,3,20,7728
4,-1.0,2,1,7,7729
8,-1.0,0,10,18,7730
10,-1.0,1,17,28,7731
9,1.0,1,7,17,7732
15,1.0,3,7,25,7733
22,1.0,12,2,36,7734
27,1.0,9,2,38,7735
19,1.0,10,0,29,7736
11,-1.0,2,4,17,7737
37,1.0,8,1,46,7738
22,1.0,3,12,37,7739
0,1.0,3,7,10,7740
3,1.0,2,0,5,7741
5,1.0,11,1,17,7742
8,1.0,11,2,21,7743
42,1.0,3,2,47,7744
6,-1.0,10,3,19,7745
1,-1.0,5,11,17,7746
2,-1.0,3,5,10,7747
28,1.0,2,3,33,7748
14,-1.0,6,5,25,7749
5,1.0,14,2,21,7750
9,1.0,16,1,26,7751
28,1.0,10,4,42,7752
39,1.0,2,0,41,7753
9,-1.0,8,3,20,7754
6,-1.0,8,3,17,7755
18,1.0,11,1,30,7756
37,-1.0,2,4,43,7757
28,1.0,1,2,31,7758
33,-1.0,5,0,38,7759
15,-1.0,1,5,21,7760
1,1.0,4,1,6,7761
5,1.0,1,3,9,7762
11,-1.0,6,0,17,7763
14,1.0,13,1,28,7764
4,1.0,6,0,10,7765
42,-1.0,9,3,54,7766
26,1.0,7,1,34,7767
3,-1.0,5,12,20,7768
27,-1.0,3,4,34,7769
42,-1.0,1,0,43,7770
2,-1.0,4,18,24,7771
4,1.0,14,4,22,7772
37,1.0,7,21,65,7773
14,-1.0,25,3,42,7774
25,-1.0,1,5,31,7775
56,-1.0,1,3,60,7776
5,-1.0,0,13,18,7777
2,-1.0,0,6,8,7778
18,-1.0,0,22,40,7779
13,-1.0,0,0,13,7780
1,1.0,10,6,17,7781
23,-1.0,2,15,40,7782
30,1.0,0,1,31,7783
19,1.0,1,3,23,7784
27,-1.0,7,1,35,7785
24,-1.0,9,1,34,7786
5,-1.0,9,3,17,7787
24,-1.0,3,9,36,7788
34,-1.0,5,25,64,7789
19,1.0,2,35,56,7790
3,1.0,1,30,34,7791
37,1.0,1,2,40,7792
1,1.0,16,11,28,7793
21,-1.0,0,16,37,7794
9,1.0,2,15,26,7795
29,-1.0,4,3,36,7796
5,1.0,0,13,18,7797
7,-1.0,8,6,21,7798
16,1.0,0,4,20,7799
5,-1.0,1,4,10,7800
1,1.0,3,1,5,7801
7,1.0,8,2,17,7802
17,1.0,1,4,22,7803
24,1.0,3,1,28,7804
6,-1.0,16,2,24,7805
13,1.0,7,6,26,7806
1,1.0,14,3,18,7807
7,-1.0,8,8,23,7808
3,-1.0,6,13,22,7809
13,-1.0,7,5,25,7810
9,-1.0,3,0,12,7811
54,1.0,29,0,83,7812
13,-1.0,3,13,29,7813
0,-1.0,9,2,11,7814
0,1.0,15,1,16,7815
6,-1.0,3,0,9,7816
3,-1.0,8,7,18,7817
5,-1.0,7,9,21,7818
0,1.0,11,3,14,7819
1,-1.0,0,6,7,7820
10,-1.0,0,0,10,7821
7,-1.0,1,1,9,7822
0,-1.0,1,2,3,7823
2,1.0,0,8,10,7824
2,1.0,13,3,18,7825
16,-1.0,0,17,33,7826
14,-1.0,24,10,48,7827
81,-1.0,12,6,99,7828
0,-1.0,18,13,31,7829
10,1.0,5,2,17,7830
3,-1.0,11,2,16,7831
32,-1.0,3,6,41,7832
4,1.0,11,1,16,7833
6,1.0,8,0,14,7834
10,1.0,16,1,27,7835
4,-1.0,10,2,16,7836
9,-1.0,0,13,22,7837
19,-1.0,1,13,33,7838
1,1.0,5,11,17,7839
26,1.0,3,0,29,7840
0,-1.0,2,12,14,7841
6,-1.0,10,2,18,7842
5,1.0,0,0,5,7843
14,-1.0,7,1,22,7844
25,1.0,2,2,29,7845
29,-1.0,4,0,33,7846
5,-1.0,15,3,23,7847
28,-1.0,5,2,35,7848
36,-1.0,1,13,50,7849
27,1.0,13,6,46,7850
25,-1.0,2,1,28,7851
11,1.0,2,6,19,7852
3,-1.0,0,38,41,7853
6,-1.0,14,13,33,7854
5,-1.0,14,11,30,7855
6,1.0,1,25,32,7856
21,-1.0,1,14,36,7857
10,1.0,4,12,26,7858
4,1.0,0,8,12,7859
8,-1.0,10,2,20,7860
12,1.0,8,6,26,7861
3,1.0,9,4,16,7862
10,1.0,0,8,18,7863
26,-1.0,1,8,35,7864
22,1.0,7,7,36,7865
6,-1.0,2,13,21,7866
4,-1.0,0,10,14,7867
7,-1.0,6,9,22,7868
3,1.0,11,8,22,7869
13,-1.0,8,1,22,7870
54,1.0,1,4,59,7871
13,-1.0,7,11,31,7872
49,-1.0,0,9,58,7873
29,-1.0,0,19,48,7874
8,1.0,6,15,29,7875
8,1.0,16,3,27,7876
16,1.0,4,5,25,7877
5,1.0,7,7,19,7878
60,-1.0,3,3,66,7879
26,-1.0,7,1,34,7880
10,-1.0,1,25,36,7881
16,1.0,6,6,28,7882
6,-1.0,16,0,22,7883
11,-1.0,0,8,19,7884
27,1.0,7,3,37,7885
0,0.0,2,8,10,7886
6,1.0,1,9,16,7887
42,1.0,8,2,52,7888
6,-1.0,2,16,24,7889
6,1.0,3,12,21,7890
40,1.0,9,0,49,7891
3,-1.0,16,3,22,7892
1,-1.0,15,6,22,7893
4,1.0,26,1,31,7894
3,1.0,7,8,18,7895
15,-1.0,10,2,27,7896
13,1.0,6,7,26,7897
16,1.0,4,6,26,7898
37,-1.0,4,0,41,7899
13,-1.0,8,10,31,7900
5,-1.0,11,6,22,7901
15,-1.0,8,1,24,7902
16,1.0,16,1,33,7903
2,-1.0,27,70,99,7904
61,1.0,4,8,73,7905
5,1.0,3,5,13,7906
28,1.0,7,0,35,7907
0,1.0,9,1,10,7908
9,-1.0,1,3,13,7909
13,1.0,0,1,14,7910
1,1.0,1,11,13,7911
14,-1.0,1,0,15,7912
15,1.0,1,6,22,7913
7,-1.0,15,4,26,7914
5,-1.0,2,2,9,7915
32,-1.0,5,16,53,7916
3,-1.0,13,5,21,7917
14,-1.0,4,0,18,7918
16,-1.0,10,2,28,7919
20,1.0,1,6,27,7920
16,1.0,12,0,28,7921
2,1.0,0,13,15,7922
51,1.0,27,5,83,7923
2,-1.0,3,35,40,7924
11,-1.0,10,3,24,7925
38,-1.0,1,4,43,7926
34,-1.0,0,4,38,7927
9,-1.0,16,5,30,7928
18,-1.0,2,2,22,7929
0,1.0,6,17,23,7930
12,1.0,0,5,17,7931
5,1.0,4,2,11,7932
13,-1.0,6,2,21,7933
7,-1.0,20,2,29,7934
11,-1.0,1,8,20,7935
12,1.0,5,7,24,7936
34,-1.0,1,6,41,7937
6,-1.0,7,7,20,7938
12,1.0,2,10,24,7939
1,1.0,11,8,20,7940
27,1.0,5,2,34,7941
10,1.0,4,7,21,7942
13,-1.0,18,21,52,7943
4,1.0,8,23,35,7944
2,1.0,6,10,18,7945
11,-1.0,2,8,21,7946
8,-1.0,1,23,32,7947
5,1.0,0,14,19,7948
12,1.0,5,1,18,7949
8,1.0,2,3,13,7950
0,1.0,5,1,6,7951
5,-1.0,2,13,20,7952
2,-1.0,5,6,13,7953
3,1.0,21,3,27,7954
1,-1.0,5,9,15,7955
6,-1.0,4,9,19,7956
9,-1.0,14,0,23,7957
6,1.0,7,3,16,7958
27,1.0,4,2,33,7959
33,1.0,18,0,51,7960
7,1.0,10,1,18,7961
52,1.0,10,1,63,7962
40,1.0,8,9,57,7963
10,-1.0,3,10,23,7964
52,1.0,4,0,56,7965
6,-1.0,11,8,25,7966
13,1.0,13,3,29,7967
10,1.0,11,3,24,7968
7,-1.0,0,5,12,7969
13,1.0,5,1,19,7970
0,1.0,7,0,7,7971
1,-1.0,4,1,6,7972
8,1.0,16,2,26,7973
51,-1.0,1,0,52,7974
5,-1.0,5,31,41,7975
7,-1.0,19,0,26,7976
90,-1.0,0,13,103,7977
14,1.0,18,10,42,7978
7,1.0,26,0,33,7979
69,-1.0,5,15,89,7980
16,1.0,12,5,33,7981
18,1.0,1,7,26,7982
23,-1.0,3,12,38,7983
7,1.0,21,5,33,7984
0,-1.0,10,8,18,7985
40,1.0,0,7,47,7986
33,1.0,6,2,41,7987
1,-1.0,21,5,27,7988
18,1.0,3,7,28,7989
11,1.0,0,19,30,7990
3,1.0,6,8,17,7991
27,1.0,39,3,69,7992
23,-1.0,11,10,44,7993
32,-1.0,9,6,47,7994
6,-1.0,17,0,23,7995
8,-1.0,5,4,17,7996
3,-1.0,5,16,24,7997
7,1.0,6,5,18,7998
1,-1.0,6,10,17,7999
2,-1.0,1,5,8,8000
4,1.0,4,0,8,8001
18,-1.0,1,1,20,8002
3,-1.0,6,0,9,8003
3,-1.0,8,0,11,8004
2,-1.0,13,0,15,8005
4,-1.0,4,5,13,8006
38,-1.0,10,27,75,8007
12,-1.0,4,21,37,8008
49,-1.0,1,10,60,8009
24,1.0,1,9,34,8010
35,1.0,1,1,37,8011
2,1.0,5,14,21,8012
0,1.0,14,2,16,8013
3,1.0,5,0,8,8014
0,-1.0,4,1,5,8015
0,-1.0,4,2,6,8016
4,1.0,4,7,15,8017
4,1.0,8,6,18,8018
0,0.0,6,5,11,8019
8,-1.0,1,6,15,8020
16,-1.0,2,16,34,8021
22,1.0,2,10,34,8022
1,1.0,10,7,18,8023
15,1.0,2,7,24,8024
20,-1.0,18,11,49,8025
8,1.0,47,0,55,8026
0,1.0,18,1,19,8027
19,1.0,9,0,28,8028
0,0.0,1,5,6,8029
0,-1.0,2,3,5,8030
3,-1.0,1,1,5,8031
8,1.0,4,2,14,8032
3,-1.0,1,14,18,8033
31,-1.0,3,4,38,8034
22,-1.0,1,3,26,8035
15,1.0,3,6,24,8036
5,-1.0,13,3,21,8037
11,1.0,8,3,22,8038
10,-1.0,12,8,30,8039
62,-1.0,4,0,66,8040
1,-1.0,8,17,26,8041
12,1.0,21,0,33,8042
6,-1.0,8,5,19,8043
20,-1.0,1,3,24,8044
25,1.0,40,0,65,8045
6,-1.0,22,0,28,8046
22,-1.0,1,6,29,8047
5,1.0,10,14,29,8048
10,1.0,9,7,26,8049
23,-1.0,6,11,40,8050
34,-1.0,0,2,36,8051
1,-1.0,13,1,15,8052
18,-1.0,1,9,28,8053
17,-1.0,0,7,24,8054
5,-1.0,2,14,21,8055
9,1.0,3,7,19,8056
8,1.0,0,1,9,8057
0,1.0,2,4,6,8058
5,1.0,17,0,22,8059
14,-1.0,4,8,26,8060
3,-1.0,13,0,16,8061
4,1.0,11,3,18,8062
2,-1.0,9,0,11,8063
86,-1.0,0,3,89,8064
18,1.0,16,1,35,8065
14,1.0,1,9,24,8066
4,1.0,0,2,6,8067
0,1.0,1,12,13,8068
5,1.0,0,7,12,8069
29,-1.0,4,5,38,8070
4,1.0,3,20,27,8071
11,-1.0,2,10,23,8072
3,-1.0,0,14,17,8073
56,-1.0,0,5,61,8074
18,1.0,0,15,33,8075
0,0.0,12,6,18,8076
11,-1.0,10,0,21,8077
7,1.0,11,4,22,8078
4,-1.0,1,2,7,8079
5,-1.0,1,0,6,8080
7,1.0,3,5,15,8081
21,-1.0,5,2,28,8082
17,-1.0,15,2,34,8083
14,-1.0,12,0,26,8084
9,1.0,12,4,25,8085
14,1.0,15,3,32,8086
0,-1.0,14,4,18,8087
0,1.0,13,5,18,8088
24,-1.0,8,11,43,8089
9,1.0,20,0,29,8090
32,1.0,7,4,43,8091
38,-1.0,1,6,45,8092
12,1.0,1,9,22,8093
6,1.0,3,9,18,8094
18,1.0,39,0,57,8095
13,1.0,1,10,24,8096
28,-1.0,3,19,50,8097
3,1.0,5,15,23,8098
0,1.0,14,0,14,8099
18,-1.0,4,6,28,8100
8,-1.0,1,0,9,8101
16,1.0,4,7,27,8102
24,-1.0,7,2,33,8103
4,1.0,3,13,20,8104
1,1.0,2,10,13,8105
29,-1.0,7,2,38,8106
7,1.0,3,10,20,8107
2,-1.0,7,14,23,8108
10,-1.0,6,11,27,8109
4,-1.0,9,1,14,8110
22,-1.0,7,1,30,8111
31,-1.0,6,1,38,8112
35,-1.0,4,9,48,8113
1,-1.0,18,9,28,8114
18,-1.0,4,18,40,8115
8,-1.0,5,3,16,8116
28,1.0,2,5,35,8117
1,-1.0,2,16,19,8118
5,1.0,43,10,58,8119
7,-1.0,1,20,28,8120
7,1.0,14,0,21,8121
14,1.0,12,1,27,8122
8,1.0,5,1,14,8123
0,1.0,8,1,9,8124
2,-1.0,1,3,6,8125
6,-1.0,2,9,17,8126
13,-1.0,5,7,25,8127
23,1.0,6,1,30,8128
1,1.0,15,0,16,8129
14,-1.0,6,10,30,8130
9,-1.0,10,24,43,8131
8,1.0,22,8,38,8132
11,-1.0,8,3,22,8133
7,1.0,3,9,19,8134
12,-1.0,8,2,22,8135
2,-1.0,12,6,20,8136
24,-1.0,1,7,32,8137
7,1.0,6,3,16,8138
2,-1.0,3,6,11,8139
13,-1.0,1,6,20,8140
60,-1.0,0,0,60,8141
83,-1.0,20,0,103,8142
91,-1.0,22,0,113,8143
176,-1.0,1,0,177,8144
118,1.0,17,114,249,8145
156,-1.0,3,10,169,8146
31,-1.0,0,93,124,8147
44,1.0,56,0,100,8148
1,1.0,42,36,79,8149
82,1.0,12,0,94,8150
26,-1.0,45,0,71,8151
24,-1.0,40,16,80,8152
1,1.0,24,20,45,8153
53,1.0,3,7,63,8154
50,1.0,16,2,68,8155
26,1.0,22,12,60,8156
7,-1.0,1,45,53,8157
1,-1.0,18,29,48,8158
17,-1.0,7,9,33,8159
60,-1.0,4,0,64,8160
14,1.0,22,8,44,8161
47,-1.0,0,4,51,8162
4,-1.0,25,22,51,8163
8,-1.0,19,4,31,8164
55,-1.0,15,9,79,8165
55,-1.0,2,9,66,8166
5,1.0,23,9,37,8167
51,1.0,3,19,73,8168
2,1.0,43,9,54,8169
1,1.0,19,24,44,8170
23,-1.0,19,0,42,8171
38,-1.0,16,14,68,8172
1,1.0,18,13,32,8173
14,1.0,9,3,26,8174
5,-1.0,14,1,20,8175
72,1.0,43,1,116,8176
31,1.0,64,6,101,8177
50,-1.0,0,49,99,8178
31,1.0,37,9,77,8179
20,1.0,3,15,38,8180
41,1.0,15,0,56,8181
23,1.0,1,15,39,8182
1,1.0,18,12,31,8183
50,-1.0,9,3,62,8184
9,-1.0,12,6,27,8185
22,-1.0,0,17,39,8186
35,1.0,13,0,48,8187
11,1.0,4,23,38,8188
29,1.0,2,0,31,8189
9,1.0,15,0,24,8190
51,-1.0,0,1,52,8191
28,1.0,4,0,32,8192
8,1.0,1,9,18,8193
5,1.0,1,10,16,8194
6,-1.0,0,9,15,8195
27,1.0,2,2,31,8196
20,-1.0,5,1,26,8197
17,1.0,13,8,38,8198
22,1.0,19,0,41,8199
43,1.0,6,0,49,8200
14,-1.0,10,2,26,8201
15,1.0,7,7,29,8202
45,1.0,3,0,48,8203
15,1.0,8,4,27,8204
36,1.0,0,5,41,8205
38,-1.0,9,7,54,8206
5,1.0,22,1,28,8207
20,-1.0,4,13,37,8208
13,1.0,3,7,23,8209
42,-1.0,0,3,45,8210
0,-1.0,1,24,25,8211
16,1.0,8,2,26,8212
9,1.0,5,8,22,8213
60,1.0,5,12,77,8214
11,-1.0,5,15,31,8215
11,1.0,13,2,26,8216
5,-1.0,0,3,8,8217
10,1.0,8,18,36,8218
14,1.0,3,7,24,8219
5,1.0,4,25,34,8220
26,-1.0,94,13,133,8221
39,1.0,23,1,63,8222
31,1.0,16,0,47,8223
13,-1.0,25,6,44,8224
13,-1.0,12,3,28,8225
14,-1.0,1,21,36,8226
23,1.0,0,6,29,8227
34,-1.0,11,6,51,8228
24,-1.0,3,25,52,8229
29,-1.0,10,0,39,8230
12,1.0,13,10,35,8231
26,-1.0,10,14,50,8232
8,1.0,0,13,21,8233
1,1.0,7,10,18,8234
55,-1.0,0,10,65,8235
8,1.0,11,4,23,8236
13,1.0,1,3,17,8237
4,1.0,9,7,20,8238
1,1.0,1,9,11,8239
11,1.0,2,18,31,8240
8,-1.0,9,1,18,8241
16,-1.0,0,12,28,8242
19,1.0,5,8,32,8243
3,-1.0,11,10,24,8244
2,1.0,9,7,18,8245
3,-1.0,0,19,22,8246
0,0.0,15,6,21,8247
5,-1.0,0,18,23,8248
7,-1.0,3,10,20,8249
3,1.0,11,6,20,8250
15,1.0,12,0,27,8251
3,1.0,4,0,7,8252
30,-1.0,2,15,47,8253
3,-1.0,3,12,18,8254
63,-1.0,0,2,65,8255
19,1.0,19,7,45,8256
3,1.0,15,4,22,8257
11,1.0,4,3,18,8258
17,1.0,3,3,23,8259
8,1.0,3,4,15,8260
16,1.0,5,3,24,8261
12,-1.0,0,9,21,8262
1,-1.0,16,1,18,8263
38,-1.0,0,9,47,8264
5,-1.0,1,26,32,8265
25,1.0,3,17,45,8266
3,-1.0,7,11,21,8267
27,-1.0,10,3,40,8268
59,-1.0,3,28,90,8269
16,-1.0,8,5,29,8270
39,1.0,6,7,52,8271
12,-1.0,4,14,30,8272
5,-1.0,4,19,28,8273
10,-1.0,0,10,20,8274
62,-1.0,0,14,76,8275
16,-1.0,13,15,44,8276
34,-1.0,3,4,41,8277
7,1.0,19,0,26,8278
65,1.0,6,8,79,8279
14,1.0,0,10,24,8280
8,1.0,8,4,20,8281
40,-1.0,6,8,54,8282
41,1.0,7,1,49,8283
7,-1.0,6,11,24,8284
22,-1.0,5,3,30,8285
32,-1.0,9,2,43,8286
2,-1.0,0,15,17,8287
35,-1.0,0,3,38,8288
34,1.0,1,4,39,8289
9,-1.0,2,16,27,8290
25,1.0,7,1,33,8291
10,-1.0,11,2,23,8292
32,-1.0,1,7,40,8293
9,1.0,7,6,22,8294
46,1.0,19,0,65,8295
22,1.0,6,8,36,8296
15,1.0,16,1,32,8297
38,-1.0,2,1,41,8298
29,1.0,1,1,31,8299
2,1.0,8,8,18,8300
3,1.0,43,3,49,8301
11,-1.0,24,3,38,8302
18,1.0,0,23,41,8303
12,-1.0,3,7,22,8304
0,-1.0,3,12,15,8305
7,1.0,2,2,11,8306
16,-1.0,4,5,25,8307
11,-1.0,1,12,24,8308
98,-1.0,0,0,98,8309
20,1.0,0,27,47,8310
20,-1.0,1,13,34,8311
22,-1.0,5,0,27,8312
12,-1.0,0,22,34,8313
21,-1.0,0,22,43,8314
0,0.0,11,0,11,8315
25,1.0,1,1,27,8316
25,-1.0,2,17,44,8317
11,1.0,4,11,26,8318
66,-1.0,2,0,68,8319
6,1.0,14,6,26,8320
0,0.0,31,0,31,8321
1,1.0,8,16,25,8322
7,-1.0,13,11,31,8323
16,-1.0,1,14,31,8324
10,1.0,1,17,28,8325
10,-1.0,4,11,25,8326
5,-1.0,1,20,26,8327
1,1.0,4,27,32,8328
5,1.0,22,7,34,8329
2,-1.0,8,15,25,8330
20,-1.0,8,12,40,8331
3,-1.0,4,14,21,8332
11,1.0,4,10,25,8333
5,1.0,5,13,23,8334
35,-1.0,0,18,53,8335
23,1.0,2,26,51,8336
2,1.0,12,12,26,8337
8,-1.0,15,19,42,8338
12,1.0,20,32,64,8339
25,-1.0,20,23,68,8340
88,-1.0,9,9,106,8341
30,1.0,6,12,48,8342
15,-1.0,19,9,43,8343
11,1.0,23,4,38,8344
12,1.0,1,16,29,8345
1,-1.0,9,11,21,8346
2,1.0,2,19,23,8347
17,1.0,6,4,27,8348
11,1.0,5,5,21,8349
7,1.0,0,8,15,8350
2,-1.0,12,3,17,8351
6,-1.0,6,6,18,8352
17,-1.0,9,7,33,8353
1,1.0,5,10,16,8354
13,1.0,8,3,24,8355
12,-1.0,4,18,34,8356
17,1.0,3,11,31,8357
8,1.0,7,4,19,8358
5,1.0,10,3,18,8359
8,1.0,12,0,20,8360
111,-1.0,15,5,131,8361
4,-1.0,21,11,36,8362
30,1.0,6,8,44,8363
0,1.0,7,11,18,8364
14,1.0,12,2,28,8365
33,-1.0,12,0,45,8366
5,1.0,18,0,23,8367
8,-1.0,2,9,19,8368
18,1.0,7,3,28,8369
1,-1.0,6,1,8,8370
17,-1.0,0,18,35,8371
30,-1.0,1,20,51,8372
1,1.0,18,5,24,8373
53,-1.0,1,15,69,8374
15,-1.0,2,23,40,8375
11,1.0,8,11,30,8376
8,1.0,10,11,29,8377
8,-1.0,5,11,24,8378
21,-1.0,2,18,41,8379
42,1.0,0,2,44,8380
10,-1.0,5,6,21,8381
18,-1.0,4,2,24,8382
20,1.0,8,3,31,8383
9,-1.0,3,1,13,8384
1,1.0,13,5,19,8385
1,1.0,14,7,22,8386
25,-1.0,10,6,41,8387
37,-1.0,1,1,39,8388
1,-1.0,2,24,27,8389
20,-1.0,5,8,33,8390
31,1.0,5,5,41,8391
18,1.0,12,6,36,8392
5,1.0,3,16,24,8393
1,-1.0,0,14,15,8394
7,1.0,8,3,18,8395
66,1.0,22,0,88,8396
5,-1.0,10,9,24,8397
15,1.0,4,7,26,8398
0,-1.0,7,3,10,8399
21,1.0,18,1,40,8400
51,1.0,3,0,54,8401
2,-1.0,13,1,16,8402
14,-1.0,3,8,25,8403
4,-1.0,2,18,24,8404
20,1.0,3,1,24,8405
13,1.0,4,6,23,8406
9,1.0,8,3,20,8407
42,-1.0,5,0,47,8408
44,-1.0,0,33,77,8409
2,1.0,3,27,32,8410
25,1.0,5,9,39,8411
15,-1.0,5,4,24,8412
14,-1.0,0,16,30,8413
4,1.0,1,7,12,8414
27,-1.0,1,6,34,8415
20,1.0,0,5,25,8416
0,-1.0,1,6,7,8417
12,1.0,10,1,23,8418
6,1.0,0,11,17,8419
10,1.0,8,4,22,8420
27,1.0,3,0,30,8421
22,1.0,4,13,39,8422
19,-1.0,17,2,38,8423
23,1.0,7,0,30,8424
0,1.0,12,5,17,8425
30,-1.0,4,0,34,8426
22,-1.0,5,4,31,8427
28,1.0,0,14,42,8428
12,-1.0,6,7,25,8429
23,1.0,2,12,37,8430
32,1.0,15,1,48,8431
5,-1.0,15,0,20,8432
1,-1.0,4,11,16,8433
2,-1.0,2,18,22,8434
8,1.0,10,0,18,8435
24,-1.0,1,2,27,8436
9,1.0,0,10,19,8437
9,-1.0,1,13,23,8438
1,1.0,3,10,14,8439
48,-1.0,0,1,49,8440
17,1.0,15,3,35,8441
0,1.0,13,4,17,8442
8,1.0,8,0,16,8443
0,-1.0,6,9,15,8444
0,-1.0,9,6,15,8445
9,-1.0,6,3,18,8446
8,1.0,3,6,17,8447
40,-1.0,4,38,82,8448
19,-1.0,0,18,37,8449
50,-1.0,5,3,58,8450
7,1.0,6,6,19,8451
6,1.0,14,9,29,8452
8,1.0,1,8,17,8453
1,1.0,1,13,15,8454
5,1.0,3,7,15,8455
2,-1.0,0,8,10,8456
0,-1.0,10,2,12,8457
1,-1.0,5,2,8,8458
3,1.0,16,0,19,8459
1,1.0,12,1,14,8460
32,1.0,0,16,48,8461
4,1.0,12,8,24,8462
43,1.0,0,2,45,8463
17,-1.0,12,5,34,8464
3,-1.0,13,2,18,8465
17,-1.0,0,3,20,8466
23,1.0,7,12,42,8467
31,-1.0,2,7,40,8468
52,-1.0,0,11,63,8469
38,1.0,1,3,42,8470
3,1.0,0,10,13,8471
0,-1.0,8,6,14,8472
3,-1.0,2,1,6,8473
2,1.0,1,3,6,8474
13,-1.0,11,1,25,8475
17,1.0,5,0,22,8476
15,1.0,11,0,26,8477
6,1.0,4,8,18,8478
4,-1.0,14,8,26,8479
7,-1.0,0,12,19,8480
15,1.0,6,2,23,8481
16,-1.0,12,24,52,8482
4,1.0,13,5,22,8483
28,-1.0,7,6,41,8484
33,-1.0,1,16,50,8485
20,1.0,3,8,31,8486
1,-1.0,6,0,7,8487
2,1.0,0,3,5,8488
24,-1.0,1,3,28,8489
4,-1.0,2,6,12,8490
5,1.0,0,2,7,8491
1,1.0,7,19,27,8492
7,-1.0,1,0,8,8493
44,-1.0,3,1,48,8494
7,-1.0,8,1,16,8495
0,-1.0,4,4,8,8496
14,1.0,10,4,28,8497
7,-1.0,0,9,16,8498
3,1.0,3,5,11,8499
15,-1.0,1,2,18,8500
17,-1.0,19,35,71,8501
36,-1.0,0,14,50,8502
10,-1.0,8,0,18,8503
0,-1.0,6,0,6,8504
11,1.0,17,5,33,8505
0,-1.0,18,7,25,8506
0,1.0,2,9,11,8507
5,1.0,3,9,17,8508
7,1.0,2,9,18,8509
7,-1.0,13,14,34,8510
2,-1.0,18,6,26,8511
27,-1.0,0,4,31,8512
28,-1.0,8,7,43,8513
37,-1.0,3,15,55,8514
26,1.0,1,6,33,8515
14,1.0,0,12,26,8516
9,1.0,10,4,23,8517
7,-1.0,5,13,25,8518
57,-1.0,21,1,79,8519
30,-1.0,0,9,39,8520
12,1.0,11,6,29,8521
10,-1.0,3,17,30,8522
33,-1.0,0,5,38,8523
2,1.0,14,9,25,8524
19,-1.0,2,4,25,8525
17,-1.0,1,8,26,8526
4,-1.0,0,3,7,8527
4,1.0,2,17,23,8528
18,1.0,2,9,29,8529
26,1.0,12,4,42,8530
37,-1.0,9,7,53,8531
3,1.0,4,10,17,8532
39,1.0,0,3,42,8533
28,-1.0,4,5,37,8534
8,-1.0,9,7,24,8535
49,1.0,4,0,53,8536
2,-1.0,5,15,22,8537
13,1.0,6,2,21,8538
4,-1.0,7,5,16,8539
11,1.0,4,9,24,8540
33,-1.0,1,13,47,8541
2,1.0,2,22,26,8542
14,1.0,9,14,37,8543
19,1.0,45,0,64,8544
18,1.0,8,1,27,8545
2,-1.0,34,19,55,8546
28,-1.0,13,0,41,8547
1,1.0,7,38,46,8548
19,-1.0,1,1,21,8549
0,1.0,8,11,19,8550
13,1.0,0,7,20,8551
15,-1.0,0,7,22,8552
13,-1.0,3,3,19,8553
45,-1.0,1,8,54,8554
11,-1.0,7,23,41,8555
27,-1.0,9,0,36,8556
39,1.0,0,0,39,8557
7,-1.0,0,17,24,8558
16,1.0,0,8,24,8559
35,-1.0,1,5,41,8560
8,-1.0,1,30,39,8561
50,1.0,0,0,50,8562
43,-1.0,2,1,46,8563
26,1.0,1,5,32,8564
6,1.0,10,4,20,8565
5,1.0,12,7,24,8566
25,-1.0,0,6,31,8567
6,1.0,1,0,7,8568
30,-1.0,2,11,43,8569
9,-1.0,13,1,23,8570
0,1.0,1,7,8,8571
2,1.0,12,6,20,8572
19,-1.0,5,2,26,8573
6,1.0,3,16,25,8574
4,-1.0,8,8,20,8575
2,1.0,1,13,16,8576
20,-1.0,0,9,29,8577
14,-1.0,2,24,40,8578
3,1.0,0,17,20,8579
33,-1.0,0,50,83,8580
39,-1.0,0,28,67,8581
13,1.0,25,15,53,8582
13,1.0,21,2,36,8583
35,1.0,0,5,40,8584
25,-1.0,11,2,38,8585
42,-1.0,2,8,52,8586
29,1.0,7,2,38,8587
11,-1.0,1,18,30,8588
25,-1.0,13,3,41,8589
18,-1.0,0,8,26,8590
1,1.0,14,6,21,8591
8,-1.0,1,17,26,8592
13,-1.0,4,3,20,8593
28,-1.0,2,0,30,8594
10,-1.0,0,27,37,8595
47,1.0,7,9,63,8596
19,1.0,1,12,32,8597
27,-1.0,0,7,34,8598
20,1.0,10,4,34,8599
15,-1.0,14,4,33,8600
6,1.0,9,7,22,8601
29,1.0,0,0,29,8602
7,1.0,10,7,24,8603
1,-1.0,14,2,17,8604
1,1.0,2,16,19,8605
0,-1.0,6,8,14,8606
11,1.0,20,3,34,8607
1,-1.0,11,8,20,8608
4,1.0,4,12,20,8609
39,-1.0,10,16,65,8610
2,1.0,14,7,23,8611
15,-1.0,5,5,25,8612
46,-1.0,5,4,55,8613
36,1.0,1,3,40,8614
20,-1.0,0,5,25,8615
11,-1.0,6,24,41,8616
26,1.0,10,2,38,8617
5,1.0,1,18,24,8618
74,1.0,2,5,81,8619
1,1.0,16,6,23,8620
68,-1.0,0,31,99,8621
3,-1.0,8,26,37,8622
12,1.0,3,22,37,8623
4,1.0,8,13,25,8624
18,-1.0,4,8,30,8625
9,-1.0,9,12,30,8626
17,1.0,8,4,29,8627
2,1.0,6,7,15,8628
5,1.0,5,12,22,8629
8,-1.0,4,6,18,8630
26,-1.0,5,6,37,8631
8,1.0,1,6,15,8632
13,1.0,13,4,30,8633
6,1.0,0,19,25,8634
11,-1.0,7,7,25,8635
5,1.0,6,8,19,8636
19,1.0,7,8,34,8637
8,1.0,9,3,20,8638
9,-1.0,7,9,25,8639
32,-1.0,2,2,36,8640
4,1.0,8,17,29,8641
62,-1.0,0,11,73,8642
6,-1.0,20,13,39,8643
0,1.0,17,7,24,8644
42,-1.0,1,6,49,8645
0,1.0,1,14,15,8646
18,-1.0,6,2,26,8647
12,-1.0,1,19,32,8648
6,-1.0,10,0,16,8649
8,1.0,6,16,30,8650
23,1.0,2,6,31,8651
6,-1.0,5,15,26,8652
23,1.0,5,1,29,8653
1,1.0,17,3,21,8654
28,-1.0,2,5,35,8655
10,1.0,19,2,31,8656
93,1.0,16,4,113,8657
1,1.0,19,17,37,8658
11,-1.0,4,6,21,8659
31,-1.0,4,67,102,8660
7,-1.0,11,13,31,8661
56,1.0,1,3,60,8662
5,-1.0,18,4,27,8663
12,-1.0,5,16,33,8664
1,1.0,9,7,17,8665
0,0.0,13,5,18,8666
27,-1.0,0,0,27,8667
0,1.0,11,18,29,8668
14,1.0,0,8,22,8669
15,1.0,1,3,19,8670
27,1.0,0,5,32,8671
13,-1.0,27,8,48,8672
13,-1.0,17,0,30,8673
39,1.0,4,3,46,8674
5,1.0,18,7,30,8675
11,1.0,1,10,22,8676
1,1.0,11,10,22,8677
28,-1.0,5,5,38,8678
10,-1.0,0,19,29,8679
35,1.0,0,0,35,8680
19,-1.0,0,5,24,8681
16,-1.0,0,14,30,8682
4,1.0,1,5,10,8683
2,1.0,12,5,19,8684
1,1.0,7,12,20,8685
15,1.0,0,3,18,8686
0,0.0,6,6,12,8687
10,-1.0,0,15,25,8688
32,-1.0,4,7,43,8689
6,-1.0,0,44,50,8690
23,-1.0,0,16,39,8691
38,-1.0,1,13,52,8692
44,1.0,0,20,64,8693
5,1.0,1,35,41,8694
0,1.0,5,13,18,8695
40,-1.0,2,2,44,8696
15,1.0,3,5,23,8697
38,-1.0,0,7,45,8698
13,1.0,12,1,26,8699
9,1.0,3,24,36,8700
7,-1.0,32,3,42,8701
12,-1.0,20,0,32,8702
12,1.0,12,6,30,8703
13,1.0,8,5,26,8704
61,-1.0,0,7,68,8705
4,-1.0,0,42,46,8706
31,-1.0,3,0,34,8707
9,1.0,7,25,41,8708
48,-1.0,0,36,84,8709
49,1.0,26,1,76,8710
0,0.0,4,37,41,8711
60,-1.0,1,20,81,8712
76,-1.0,0,33,109,8713
8,1.0,4,12,24,8714
24,1.0,19,0,43,8715
33,-1.0,1,6,40,8716
32,-1.0,0,1,33,8717
1,1.0,22,3,26,8718
6,-1.0,16,9,31,8719
11,-1.0,4,32,47,8720
28,1.0,2,2,32,8721
10,1.0,22,0,32,8722
20,-1.0,5,4,29,8723
1,-1.0,12,11,24,8724
9,-1.0,10,8,27,8725
33,1.0,2,3,38,8726
9,-1.0,5,7,21,8727
10,1.0,10,5,25,8728
10,-1.0,12,1,23,8729
10,1.0,17,5,32,8730
20,-1.0,6,3,29,8731
10,-1.0,12,6,28,8732
23,1.0,6,4,33,8733
40,-1.0,0,2,42,8734
3,-1.0,16,8,27,8735
45,1.0,4,0,49,8736
22,-1.0,7,16,45,8737
15,-1.0,8,6,29,8738
25,-1.0,5,0,30,8739
28,1.0,0,3,31,8740
18,1.0,4,19,41,8741
39,1.0,12,10,61,8742
22,-1.0,2,9,33,8743
7,1.0,4,18,29,8744
1,-1.0,8,13,22,8745
24,1.0,17,0,41,8746
2,1.0,28,2,32,8747
21,-1.0,19,11,51,8748
11,-1.0,15,4,30,8749
25,1.0,7,3,35,8750
31,-1.0,2,3,36,8751
34,-1.0,8,6,48,8752
26,-1.0,6,23,55,8753
7,-1.0,12,8,27,8754
73,-1.0,0,0,73,8755
14,1.0,9,22,45,8756
21,-1.0,4,11,36,8757
97,-1.0,1,10,108,8758
17,-1.0,9,9,35,8759
9,1.0,0,19,28,8760
21,1.0,0,21,42,8761
1,1.0,2,23,26,8762
204,-1.0,5,60,269,8763
17,-1.0,1,59,77,8764
30,1.0,0,33,63,8765
7,1.0,6,17,30,8766
85,-1.0,0,0,85,8767
2,-1.0,17,23,42,8768
60,-1.0,2,7,69,8769
15,1.0,12,9,36,8770
20,1.0,24,0,44,8771
13,-1.0,10,7,30,8772
44,-1.0,11,1,56,8773
68,-1.0,2,0,70,8774
63,1.0,0,40,103,8775
67,1.0,0,0,67,8776
43,-1.0,12,12,67,8777
14,1.0,15,36,65,8778
21,1.0,9,0,30,8779
16,-1.0,19,8,43,8780
5,1.0,5,11,21,8781
16,-1.0,23,0,39,8782
6,1.0,4,9,19,8783
6,-1.0,13,8,27,8784
34,-1.0,6,2,42,8785
46,-1.0,0,3,49,8786
3,-1.0,21,6,30,8787
10,-1.0,15,17,42,8788
34,-1.0,2,25,61,8789
37,-1.0,17,13,67,8790
74,1.0,1,23,98,8791
39,1.0,15,4,58,8792
24,-1.0,11,21,56,8793
18,-1.0,0,19,37,8794
15,1.0,1,17,33,8795
19,1.0,5,5,29,8796
37,-1.0,3,42,82,8797
6,-1.0,13,6,25,8798
0,1.0,4,20,24,8799
10,-1.0,10,9,29,8800
36,1.0,0,3,39,8801
1,-1.0,19,18,38,8802
2,1.0,15,2,19,8803
23,1.0,1,9,33,8804
33,1.0,23,9,65,8805
13,1.0,40,11,64,8806
9,-1.0,29,4,42,8807
32,-1.0,11,11,54,8808
11,1.0,10,5,26,8809
20,-1.0,4,10,34,8810
54,1.0,19,0,73,8811
39,-1.0,13,8,60,8812
26,-1.0,9,20,55,8813
28,1.0,4,12,44,8814
3,1.0,18,10,31,8815
33,-1.0,0,8,41,8816
24,-1.0,6,4,34,8817
1,1.0,10,31,42,8818
9,-1.0,20,10,39,8819
22,-1.0,14,11,47,8820
3,-1.0,10,13,26,8821
42,-1.0,12,11,65,8822
3,1.0,16,5,24,8823
154,-1.0,0,0,154,8824
75,-1.0,23,0,98,8825
21,1.0,16,14,51,8826
24,1.0,24,5,53,8827
57,-1.0,6,3,66,8828
48,-1.0,17,5,70,8829
1,1.0,22,7,30,8830
50,-1.0,0,18,68,8831
32,1.0,2,34,68,8832
9,1.0,4,23,36,8833
37,1.0,4,4,45,8834
1,-1.0,2,10,13,8835
53,-1.0,0,0,53,8836
0,1.0,11,24,35,8837
1,-1.0,10,13,24,8838
1,-1.0,12,7,20,8839
16,1.0,7,14,37,8840
6,-1.0,11,5,22,8841
26,-1.0,0,12,38,8842
0,-1.0,8,11,19,8843
6,-1.0,23,0,29,8844
1,1.0,23,1,25,8845
24,1.0,20,0,44,8846
53,-1.0,16,3,72,8847
29,1.0,14,8,51,8848
14,-1.0,6,15,35,8849
1,-1.0,7,18,26,8850
13,-1.0,3,12,28,8851
52,-1.0,2,11,65,8852
28,-1.0,11,11,50,8853
47,-1.0,14,8,69,8854
69,1.0,2,0,71,8855
11,-1.0,7,11,29,8856
35,1.0,19,0,54,8857
12,1.0,0,12,24,8858
23,-1.0,9,12,44,8859
12,-1.0,12,6,30,8860
36,-1.0,0,21,57,8861
12,1.0,14,4,30,8862
15,-1.0,2,15,32,8863
67,-1.0,5,2,74,8864
22,1.0,23,1,46,8865
50,-1.0,8,0,58,8866
18,-1.0,13,18,49,8867
22,-1.0,3,16,41,8868
81,1.0,26,3,110,8869
23,1.0,36,18,77,8870
4,-1.0,23,1,28,8871
16,1.0,6,18,40,8872
42,-1.0,2,0,44,8873
25,-1.0,10,11,46,8874
2,-1.0,1,26,29,8875
40,-1.0,6,11,57,8876
12,1.0,0,36,48,8877
19,-1.0,20,9,48,8878
3,1.0,31,4,38,8879
37,1.0,13,0,50,8880
13,1.0,8,6,27,8881
8,-1.0,7,10,25,8882
29,-1.0,0,6,35,8883
2,-1.0,19,0,21,8884
30,1.0,2,3,35,8885
0,-1.0,4,14,18,8886
24,1.0,2,1,27,8887
27,-1.0,0,8,35,8888
32,1.0,14,3,49,8889
8,1.0,14,0,22,8890
8,-1.0,5,7,20,8891
34,-1.0,0,7,41,8892
6,-1.0,5,2,13,8893
29,-1.0,3,12,44,8894
4,-1.0,1,18,23,8895
1,1.0,8,11,20,8896
27,-1.0,2,17,46,8897
13,-1.0,9,0,22,8898
17,1.0,6,9,32,8899
67,-1.0,1,3,71,8900
9,-1.0,7,13,29,8901
1,1.0,23,37,61,8902
40,1.0,8,4,52,8903
10,-1.0,2,16,28,8904
8,-1.0,13,4,25,8905
36,1.0,18,0,54,8906
46,1.0,27,0,73,8907
29,-1.0,2,17,48,8908
20,1.0,10,8,38,8909
45,-1.0,2,10,57,8910
22,1.0,3,9,34,8911
14,1.0,16,2,32,8912
84,-1.0,2,0,86,8913
4,1.0,19,0,23,8914
64,1.0,1,3,68,8915
12,1.0,6,22,40,8916
10,1.0,7,11,28,8917
29,-1.0,31,38,98,8918
14,1.0,4,47,65,8919
57,-1.0,0,6,63,8920
2,-1.0,4,32,38,8921
19,-1.0,8,17,44,8922
16,1.0,1,33,50,8923
37,1.0,5,0,42,8924
4,-1.0,4,10,18,8925
5,-1.0,16,5,26,8926
27,1.0,8,2,37,8927
21,1.0,10,4,35,8928
0,1.0,11,10,21,8929
5,-1.0,15,2,22,8930
14,1.0,6,4,24,8931
5,1.0,2,11,18,8932
14,1.0,5,7,26,8933
5,-1.0,3,14,22,8934
15,-1.0,2,5,22,8935
40,1.0,8,3,51,8936
2,-1.0,9,6,17,8937
23,1.0,9,2,34,8938
10,-1.0,10,6,26,8939
8,1.0,16,1,25,8940
46,-1.0,8,5,59,8941
33,1.0,2,4,39,8942
51,-1.0,1,4,56,8943
1,1.0,6,25,32,8944
14,1.0,2,19,35,8945
6,-1.0,7,19,32,8946
20,-1.0,18,0,38,8947
59,-1.0,1,8,68,8948
33,1.0,5,20,58,8949
2,-1.0,19,6,27,8950
10,-1.0,6,8,24,8951
1,-1.0,14,18,33,8952
2,-1.0,18,13,33,8953
27,1.0,2,9,38,8954
33,-1.0,2,11,46,8955
4,1.0,42,16,62,8956
48,1.0,0,11,59,8957
40,1.0,2,0,42,8958
10,-1.0,8,28,46,8959
61,-1.0,3,3,67,8960
23,-1.0,2,42,67,8961
96,-1.0,5,2,103,8962
33,1.0,14,28,75,8963
35,-1.0,6,18,59,8964
18,1.0,1,22,41,8965
46,1.0,0,2,48,8966
32,-1.0,3,4,39,8967
12,1.0,13,4,29,8968
18,1.0,5,3,26,8969
31,1.0,8,2,41,8970
23,1.0,1,5,29,8971
18,-1.0,0,5,23,8972
9,-1.0,7,7,23,8973
8,-1.0,6,25,39,8974
14,1.0,4,5,23,8975
19,-1.0,1,20,40,8976
20,-1.0,6,4,30,8977
11,1.0,2,17,30,8978
2,1.0,27,7,36,8979
20,1.0,3,5,28,8980
6,-1.0,17,3,26,8981
19,-1.0,3,4,26,8982
3,-1.0,3,14,20,8983
28,1.0,5,1,34,8984
3,1.0,30,5,38,8985
9,-1.0,0,23,32,8986
29,-1.0,0,0,29,8987
8,-1.0,18,13,39,8988
0,-1.0,9,9,18,8989
41,1.0,2,1,44,8990
13,1.0,5,12,30,8991
2,-1.0,15,23,40,8992
9,-1.0,7,10,26,8993
19,1.0,2,22,43,8994
50,1.0,1,0,51,8995
31,-1.0,7,25,63,8996
12,-1.0,6,26,44,8997
23,1.0,0,7,30,8998
3,1.0,14,15,32,8999
135,-1.0,5,1,141,9000
23,1.0,9,14,46,9001
32,1.0,1,5,38,9002
7,-1.0,15,12,34,9003
30,-1.0,1,7,38,9004
31,-1.0,16,2,49,9005
16,-1.0,6,16,38,9006
20,-1.0,12,27,59,9007
14,1.0,19,1,34,9008
41,-1.0,3,15,59,9009
0,1.0,11,9,20,9010
0,-1.0,13,1,14,9011
47,1.0,4,1,52,9012
25,1.0,14,3,42,9013
11,1.0,13,3,27,9014
4,-1.0,9,8,21,9015
1,-1.0,0,12,13,9016
0,-1.0,5,11,16,9017
1,-1.0,18,3,22,9018
8,1.0,6,18,32,9019
2,-1.0,17,7,26,9020
7,-1.0,8,14,29,9021
3,1.0,10,11,24,9022
14,1.0,11,2,27,9023
10,-1.0,5,10,25,9024
6,-1.0,24,8,38,9025
8,1.0,18,1,27,9026
17,-1.0,6,7,30,9027
22,1.0,11,4,37,9028
14,-1.0,7,8,29,9029
7,-1.0,9,8,24,9030
24,-1.0,13,3,40,9031
2,-1.0,3,16,21,9032
26,1.0,5,5,36,9033
17,1.0,4,8,29,9034
5,1.0,2,24,31,9035
0,0.0,15,12,27,9036
30,-1.0,13,0,43,9037
2,1.0,3,19,24,9038
8,1.0,10,7,25,9039
81,-1.0,0,24,105,9040
24,1.0,0,13,37,9041
20,-1.0,6,7,33,9042
18,1.0,6,12,36,9043
19,-1.0,2,5,26,9044
5,1.0,4,7,16,9045
15,-1.0,0,4,19,9046
24,-1.0,2,22,48,9047
7,1.0,4,14,25,9048
70,-1.0,0,7,77,9049
8,1.0,0,31,39,9050
7,1.0,8,8,23,9051
31,1.0,0,4,35,9052
28,1.0,0,16,44,9053
23,1.0,11,0,34,9054
17,1.0,0,19,36,9055
25,1.0,22,2,49,9056
25,-1.0,0,17,42,9057
4,1.0,6,14,24,9058
22,-1.0,5,2,29,9059
59,1.0,0,6,65,9060
192,-1.0,0,1,193,9061
26,-1.0,13,4,43,9062
7,1.0,7,10,24,9063
50,-1.0,15,2,67,9064
3,1.0,19,26,48,9065
25,1.0,5,13,43,9066
25,1.0,5,2,32,9067
21,1.0,8,0,29,9068
0,-1.0,13,9,22,9069
38,1.0,10,5,53,9070
11,-1.0,1,14,26,9071
28,-1.0,3,6,37,9072
55,1.0,21,0,76,9073
23,1.0,2,4,29,9074
29,-1.0,7,1,37,9075
1,1.0,10,3,14,9076
16,-1.0,11,11,38,9077
12,1.0,3,9,24,9078
10,1.0,20,0,30,9079
31,1.0,0,3,34,9080
36,-1.0,11,3,50,9081
25,-1.0,9,1,35,9082
19,1.0,1,2,22,9083
10,1.0,4,4,18,9084
7,-1.0,1,18,26,9085
36,-1.0,3,1,40,9086
4,1.0,26,0,30,9087
5,1.0,17,2,24,9088
4,-1.0,4,11,19,9089
14,1.0,7,6,27,9090
26,-1.0,1,3,30,9091
47,1.0,5,4,56,9092
33,1.0,5,5,43,9093
3,-1.0,0,17,20,9094
23,-1.0,7,12,42,9095
9,-1.0,1,18,28,9096
68,1.0,8,26,102,9097
8,1.0,15,19,42,9098
61,1.0,0,0,61,9099
21,-1.0,2,14,37,9100
60,-1.0,1,1,62,9101
16,-1.0,19,2,37,9102
8,1.0,3,27,38,9103
21,-1.0,10,13,44,9104
2,-1.0,13,4,19,9105
14,-1.0,7,5,26,9106
7,-1.0,6,14,27,9107
10,1.0,9,3,22,9108
8,-1.0,3,17,28,9109
3,-1.0,17,10,30,9110
0,0.0,9,10,19,9111
21,1.0,3,4,28,9112
4,-1.0,19,6,29,9113
34,-1.0,3,6,43,9114
16,-1.0,4,8,28,9115
5,-1.0,10,7,22,9116
17,-1.0,4,4,25,9117
27,1.0,4,1,32,9118
24,-1.0,5,7,36,9119
4,-1.0,3,22,29,9120
36,-1.0,0,10,46,9121
4,1.0,4,28,36,9122
13,1.0,6,27,46,9123
12,1.0,3,7,22,9124
15,-1.0,5,19,39,9125
20,1.0,6,4,30,9126
9,1.0,11,2,22,9127
2,1.0,38,1,41,9128
20,1.0,25,0,45,9129
35,-1.0,5,4,44,9130
22,-1.0,6,6,34,9131
4,-1.0,12,5,21,9132
39,-1.0,0,0,39,9133
84,1.0,1,0,85,9134
8,-1.0,11,3,22,9135
21,1.0,8,5,34,9136
5,-1.0,8,19,32,9137
3,-1.0,18,3,24,9138
7,1.0,0,11,18,9139
4,-1.0,3,15,22,9140
43,-1.0,0,2,45,9141
8,1.0,7,18,33,9142
14,1.0,5,3,22,9143
0,0.0,1,9,10,9144
3,-1.0,2,17,22,9145
2,-1.0,2,21,25,9146
6,-1.0,0,13,19,9147
0,1.0,10,12,22,9148
14,-1.0,2,12,28,9149
1,1.0,4,10,15,9150
8,-1.0,6,11,25,9151
13,1.0,0,8,21,9152
21,-1.0,6,21,48,9153
3,-1.0,9,7,19,9154
15,-1.0,1,13,29,9155
46,-1.0,1,7,54,9156
37,1.0,2,3,42,9157
20,-1.0,4,8,32,9158
5,-1.0,4,28,37,9159
36,1.0,4,3,43,9160
7,1.0,12,5,24,9161
56,-1.0,0,7,63,9162
41,-1.0,3,10,54,9163
56,-1.0,0,23,79,9164
26,1.0,4,17,47,9165
9,-1.0,12,5,26,9166
4,1.0,6,8,18,9167
1,-1.0,9,3,13,9168
12,-1.0,2,13,27,9169
11,-1.0,3,6,20,9170
7,1.0,0,13,20,9171
2,1.0,7,0,9,9172
4,1.0,1,10,15,9173
29,1.0,2,8,39,9174
9,1.0,1,8,18,9175
10,-1.0,1,27,38,9176
9,-1.0,13,46,68,9177
22,1.0,20,1,43,9178
28,-1.0,3,2,33,9179
56,-1.0,10,0,66,9180
3,1.0,34,13,50,9181
9,-1.0,10,22,41,9182
1,-1.0,0,35,36,9183
23,-1.0,16,3,42,9184
0,0.0,20,10,30,9185
30,-1.0,8,1,39,9186
15,-1.0,7,1,23,9187
20,-1.0,2,7,29,9188
4,-1.0,1,14,19,9189
8,1.0,9,1,18,9190
15,1.0,8,9,32,9191
3,-1.0,10,9,22,9192
15,-1.0,2,13,30,9193
9,1.0,10,16,35,9194
13,-1.0,7,6,26,9195
15,1.0,4,1,20,9196
8,1.0,3,10,21,9197
7,1.0,8,10,25,9198
27,-1.0,5,12,44,9199
19,1.0,3,6,28,9200
1,1.0,20,2,23,9201
11,-1.0,9,8,28,9202
10,1.0,1,9,20,9203
24,-1.0,0,35,59,9204
1,-1.0,7,14,22,9205
3,-1.0,9,4,16,9206
31,-1.0,3,17,51,9207
9,1.0,15,9,33,9208
9,-1.0,8,4,21,9209
13,1.0,1,15,29,9210
3,1.0,0,14,17,9211
9,-1.0,27,9,45,9212
9,-1.0,0,39,48,9213
4,1.0,11,18,33,9214
27,-1.0,2,22,51,9215
2,-1.0,13,14,29,9216
5,-1.0,12,6,23,9217
33,-1.0,0,15,48,9218
18,-1.0,2,16,36,9219
3,1.0,0,6,9,9220
55,1.0,3,2,60,9221
17,1.0,16,28,61,9222
6,-1.0,30,9,45,9223
28,1.0,4,4,36,9224
28,1.0,17,1,46,9225
5,1.0,16,7,28,9226
63,-1.0,0,7,70,9227
10,-1.0,23,7,40,9228
28,-1.0,2,1,31,9229
4,1.0,1,25,30,9230
7,1.0,6,15,28,9231
47,-1.0,3,0,50,9232
14,1.0,2,15,31,9233
10,-1.0,11,5,26,9234
23,-1.0,1,10,34,9235
26,-1.0,5,25,56,9236
2,-1.0,22,0,24,9237
13,1.0,2,9,24,9238
21,-1.0,8,10,39,9239
2,1.0,28,40,70,9240
19,1.0,9,5,33,9241
22,1.0,13,1,36,9242
42,-1.0,2,9,53,9243
3,-1.0,14,23,40,9244
20,-1.0,7,5,32,9245
41,1.0,1,1,43,9246
1,1.0,2,19,22,9247
5,1.0,16,3,24,9248
15,1.0,7,0,22,9249
8,-1.0,3,8,19,9250
10,1.0,0,4,14,9251
30,-1.0,9,8,47,9252
10,-1.0,7,10,27,9253
38,1.0,3,4,45,9254
10,-1.0,9,4,23,9255
18,-1.0,5,8,31,9256
52,1.0,13,0,65,9257
6,1.0,11,3,20,9258
31,1.0,6,1,38,9259
14,-1.0,18,11,43,9260
26,1.0,11,0,37,9261
19,1.0,2,12,33,9262
12,1.0,10,9,31,9263
16,1.0,2,13,31,9264
38,1.0,34,7,79,9265
15,1.0,12,2,29,9266
10,-1.0,6,14,30,9267
18,1.0,2,11,31,9268
24,1.0,1,13,38,9269
6,1.0,7,4,17,9270
25,-1.0,6,2,33,9271
6,1.0,0,9,15,9272
6,1.0,2,0,8,9273
1,1.0,3,0,4,9274
21,-1.0,0,5,26,9275
5,-1.0,2,0,7,9276
35,-1.0,5,8,48,9277
16,-1.0,0,9,25,9278
13,1.0,18,1,32,9279
52,-1.0,2,0,54,9280
11,1.0,4,16,31,9281
2,1.0,9,0,11,9282
24,-1.0,1,20,45,9283
6,-1.0,14,18,38,9284
2,-1.0,10,12,24,9285
0,1.0,1,3,4,9286
5,-1.0,10,3,18,9287
25,1.0,13,4,42,9288
28,1.0,20,1,49,9289
12,-1.0,0,8,20,9290
1,-1.0,8,0,9,9291
13,-1.0,5,11,29,9292
249,-1.0,1,61,311,9293
71,1.0,21,11,103,9294
26,-1.0,8,23,57,9295
44,-1.0,4,21,69,9296
23,1.0,4,17,44,9297
4,-1.0,12,7,23,9298
11,1.0,1,17,29,9299
40,1.0,0,4,44,9300
10,1.0,9,4,23,9301
91,1.0,11,0,102,9302
11,1.0,4,14,29,9303
9,1.0,23,3,35,9304
0,1.0,12,12,24,9305
0,0.0,8,14,22,9306
9,1.0,2,7,18,9307
0,1.0,4,15,19,9308
2,-1.0,0,3,5,9309
6,-1.0,9,6,21,9310
9,1.0,23,2,34,9311
0,1.0,5,2,7,9312
1,-1.0,6,18,25,9313
4,1.0,10,4,18,9314
26,-1.0,1,1,28,9315
4,-1.0,1,20,25,9316
6,1.0,10,6,22,9317
32,-1.0,7,3,42,9318
4,-1.0,10,6,20,9319
43,-1.0,5,10,58,9320
16,1.0,1,24,41,9321
8,1.0,13,5,26,9322
20,-1.0,4,3,27,9323
28,-1.0,0,10,38,9324
6,1.0,6,10,22,9325
21,1.0,0,4,25,9326
1,-1.0,0,18,19,9327
0,1.0,2,3,5,9328
10,1.0,2,4,16,9329
17,1.0,7,1,25,9330
3,-1.0,10,5,18,9331
0,1.0,11,0,11,9332
16,1.0,17,0,33,9333
2,-1.0,14,0,16,9334
30,-1.0,0,15,45,9335
22,-1.0,4,24,50,9336
29,1.0,3,9,41,9337
6,-1.0,10,12,28,9338
5,-1.0,12,1,18,9339
24,-1.0,0,5,29,9340
1,-1.0,1,23,25,9341
1,1.0,0,14,15,9342
3,1.0,17,0,20,9343
10,1.0,2,8,20,9344
7,1.0,0,9,16,9345
12,1.0,4,1,17,9346
8,-1.0,7,1,16,9347
43,-1.0,1,20,64,9348
2,1.0,1,8,11,9349
37,-1.0,0,3,40,9350
10,-1.0,3,3,16,9351
16,-1.0,3,18,37,9352
17,1.0,6,3,26,9353
10,-1.0,2,9,21,9354
69,-1.0,0,18,87,9355
21,-1.0,7,18,46,9356
11,1.0,1,25,37,9357
23,-1.0,1,3,27,9358
9,-1.0,2,7,18,9359
17,1.0,15,0,32,9360
4,1.0,0,0,4,9361
3,-1.0,3,0,6,9362
12,-1.0,4,12,28,9363
0,0.0,2,16,18,9364
34,1.0,15,0,49,9365
15,-1.0,1,16,32,9366
38,1.0,12,0,50,9367
8,1.0,10,2,20,9368
9,-1.0,8,8,25,9369
19,1.0,12,0,31,9370
3,1.0,11,9,23,9371
2,1.0,4,14,20,9372
24,-1.0,9,2,35,9373
5,-1.0,9,8,22,9374
40,-1.0,8,22,70,9375
18,-1.0,3,17,38,9376
3,-1.0,17,5,25,9377
2,-1.0,13,6,21,9378
1,1.0,2,14,17,9379
14,1.0,5,13,32,9380
11,1.0,9,2,22,9381
6,1.0,1,16,23,9382
6,-1.0,2,0,8,9383
4,1.0,1,0,5,9384
73,-1.0,0,4,77,9385
19,1.0,0,21,40,9386
19,1.0,7,0,26,9387
12,1.0,20,1,33,9388
2,-1.0,6,11,19,9389
2,1.0,13,4,19,9390
5,-1.0,4,6,15,9391
4,1.0,16,0,20,9392
7,1.0,9,4,20,9393
23,-1.0,6,12,41,9394
18,-1.0,7,13,38,9395
37,-1.0,3,4,44,9396
3,1.0,4,11,18,9397
13,1.0,3,2,18,9398
96,1.0,0,12,108,9399
37,1.0,28,6,71,9400
119,1.0,0,2,121,9401
13,-1.0,16,29,58,9402
8,-1.0,16,16,40,9403
27,-1.0,4,17,48,9404
13,1.0,2,8,23,9405
7,1.0,18,3,28,9406
0,1.0,4,16,20,9407
19,-1.0,7,2,28,9408
10,-1.0,12,2,24,9409
3,-1.0,3,15,21,9410
39,-1.0,3,0,42,9411
21,-1.0,13,3,37,9412
42,-1.0,0,11,53,9413
14,1.0,13,15,42,9414
34,-1.0,12,6,52,9415
15,1.0,0,10,25,9416
5,-1.0,1,19,25,9417
33,1.0,15,0,48,9418
16,-1.0,8,1,25,9419
12,1.0,15,2,29,9420
31,1.0,9,7,47,9421
12,-1.0,1,3,16,9422
27,-1.0,7,3,37,9423
27,1.0,4,5,36,9424
2,-1.0,11,9,22,9425
16,-1.0,4,6,26,9426
22,1.0,6,10,38,9427
2,1.0,17,10,29,9428
40,-1.0,4,7,51,9429
1,-1.0,17,2,20,9430
51,-1.0,25,7,83,9431
28,1.0,0,8,36,9432
32,-1.0,0,14,46,9433
5,-1.0,4,17,26,9434
7,-1.0,1,16,24,9435
40,-1.0,1,0,41,9436
0,-1.0,8,3,11,9437
15,-1.0,1,6,22,9438
0,-1.0,20,2,22,9439
1,1.0,2,2,5,9440
15,1.0,1,2,18,9441
26,1.0,16,2,44,9442
21,-1.0,0,3,24,9443
8,1.0,8,2,18,9444
32,-1.0,3,1,36,9445
3,-1.0,2,12,17,9446
5,-1.0,4,23,32,9447
10,1.0,2,13,25,9448
3,-1.0,15,1,19,9449
14,-1.0,0,7,21,9450
8,1.0,3,9,20,9451
3,1.0,3,0,6,9452
8,1.0,0,0,8,9453
22,1.0,7,4,33,9454
0,-1.0,7,2,9,9455
6,-1.0,2,3,11,9456
11,-1.0,6,3,20,9457
40,1.0,3,30,73,9458
5,1.0,7,13,25,9459
3,-1.0,10,1,14,9460
2,1.0,2,3,7,9461
30,-1.0,0,10,40,9462
31,-1.0,2,4,37,9463
4,-1.0,6,16,26,9464
19,1.0,3,4,26,9465
7,-1.0,0,0,7,9466
2,-1.0,0,4,6,9467
29,1.0,6,16,51,9468
1,1.0,14,1,16,9469
21,-1.0,6,2,29,9470
16,-1.0,10,5,31,9471
29,1.0,4,3,36,9472
31,-1.0,21,8,60,9473
40,-1.0,2,7,49,9474
14,-1.0,11,2,27,9475
0,1.0,4,2,6,9476
1,-1.0,1,5,7,9477
5,1.0,1,0,6,9478
13,1.0,5,5,23,9479
23,1.0,6,0,29,9480
0,1.0,3,12,15,9481
18,-1.0,3,6,27,9482
12,-1.0,5,0,17,9483
26,-1.0,4,0,30,9484
2,-1.0,4,15,21,9485
53,-1.0,2,1,56,9486
4,1.0,0,14,18,9487
1,-1.0,17,6,24,9488
3,-1.0,17,8,28,9489
14,-1.0,4,11,29,9490
19,-1.0,0,12,31,9491
23,-1.0,8,2,33,9492
2,-1.0,0,23,25,9493
35,-1.0,2,3,40,9494
4,-1.0,11,1,16,9495
27,-1.0,0,2,29,9496
0,0.0,5,2,7,9497
1,1.0,5,0,6,9498
15,-1.0,2,12,29,9499
45,1.0,0,0,45,9500
6,-1.0,2,18,26,9501
10,-1.0,7,9,26,9502
1,1.0,16,1,18,9503
3,-1.0,4,11,18,9504
11,-1.0,8,2,21,9505
11,-1.0,17,0,28,9506
3,-1.0,8,12,23,9507
56,-1.0,0,4,60,9508
13,1.0,2,7,22,9509
13,1.0,1,9,23,9510
9,1.0,1,15,25,9511
42,-1.0,19,4,65,9512
53,1.0,4,9,66,9513
55,-1.0,0,0,55,9514
3,-1.0,3,20,26,9515
31,-1.0,3,6,40,9516
0,1.0,0,12,12,9517
5,1.0,13,1,19,9518
14,1.0,4,3,21,9519
16,1.0,10,3,29,9520
29,1.0,0,1,30,9521
35,-1.0,0,5,40,9522
24,1.0,8,10,42,9523
31,-1.0,12,0,43,9524
6,1.0,14,4,24,9525
1,-1.0,17,1,19,9526
9,-1.0,12,4,25,9527
46,-1.0,9,0,55,9528
3,-1.0,11,1,15,9529
14,-1.0,5,9,28,9530
10,-1.0,7,13,30,9531
16,-1.0,3,0,19,9532
10,1.0,4,8,22,9533
23,1.0,3,4,30,9534
38,-1.0,1,0,39,9535
3,1.0,20,1,24,9536
17,1.0,9,5,31,9537
47,-1.0,0,13,60,9538
28,-1.0,1,4,33,9539
80,-1.0,0,3,83,9540
16,1.0,26,5,47,9541
37,-1.0,9,6,52,9542
37,1.0,23,2,62,9543
21,-1.0,3,3,27,9544
6,1.0,1,19,26,9545
22,1.0,15,1,38,9546
19,-1.0,3,11,33,9547
15,-1.0,6,3,24,9548
18,-1.0,7,4,29,9549
7,1.0,4,6,17,9550
8,-1.0,12,0,20,9551
6,1.0,2,16,24,9552
12,1.0,10,2,24,9553
5,1.0,5,7,17,9554
0,1.0,11,6,17,9555
31,1.0,18,3,52,9556
19,1.0,17,13,49,9557
38,-1.0,6,5,49,9558
23,1.0,9,3,35,9559
17,-1.0,3,7,27,9560
7,-1.0,9,11,27,9561
13,-1.0,10,12,35,9562
0,-1.0,18,1,19,9563
22,-1.0,5,17,44,9564
12,-1.0,16,10,38,9565
11,-1.0,13,10,34,9566
5,1.0,9,13,27,9567
16,-1.0,3,13,32,9568
107,-1.0,0,18,125,9569
16,-1.0,1,16,33,9570
60,-1.0,6,0,66,9571
34,1.0,1,28,63,9572
13,1.0,8,21,42,9573
3,-1.0,4,19,26,9574
3,1.0,1,9,13,9575
2,1.0,16,1,19,9576
9,1.0,3,14,26,9577
4,1.0,2,14,20,9578
26,1.0,4,0,30,9579
23,1.0,8,16,47,9580
12,-1.0,6,5,23,9581
7,1.0,6,9,22,9582
29,-1.0,5,4,38,9583
17,-1.0,10,2,29,9584
11,-1.0,4,33,48,9585
13,1.0,10,1,24,9586
20,-1.0,4,4,28,9587
13,1.0,8,15,36,9588
3,1.0,13,6,22,9589
26,1.0,9,7,42,9590
18,-1.0,23,2,43,9591
28,1.0,0,10,38,9592
4,-1.0,8,6,18,9593
6,1.0,11,1,18,9594
15,1.0,6,1,22,9595
4,1.0,7,3,14,9596
28,-1.0,0,1,29,9597
30,1.0,1,1,32,9598
59,-1.0,0,24,83,9599
5,-1.0,0,15,20,9600
31,1.0,21,2,54,9601
36,-1.0,5,3,44,9602
34,-1.0,2,0,36,9603
2,1.0,16,2,20,9604
0,1.0,20,6,26,9605
22,1.0,12,20,54,9606
7,1.0,15,5,27,9607
4,1.0,0,30,34,9608
9,-1.0,3,14,26,9609
30,1.0,1,6,37,9610
10,1.0,17,0,27,9611
6,-1.0,6,7,19,9612
3,1.0,0,21,24,9613
5,-1.0,1,14,20,9614
13,-1.0,4,0,17,9615
13,-1.0,1,11,25,9616
13,1.0,7,7,27,9617
36,1.0,0,12,48,9618
4,1.0,12,0,16,9619
4,-1.0,10,13,27,9620
19,1.0,13,0,32,9621
0,-1.0,5,7,12,9622
41,-1.0,4,9,54,9623
1,-1.0,6,12,19,9624
13,-1.0,1,5,19,9625
19,1.0,8,4,31,9626
15,-1.0,10,4,29,9627
18,-1.0,3,1,22,9628
3,-1.0,3,13,19,9629
1,1.0,6,12,19,9630
7,-1.0,8,5,20,9631
43,-1.0,1,2,46,9632
3,1.0,7,6,16,9633
25,1.0,25,1,51,9634
28,1.0,13,4,45,9635
6,-1.0,3,13,22,9636
16,-1.0,3,3,22,9637
0,-1.0,5,4,9,9638
7,-1.0,7,12,26,9639
7,-1.0,13,6,26,9640
12,1.0,11,1,24,9641
27,-1.0,7,2,36,9642
2,1.0,3,1,6,9643
0,-1.0,5,1,6,9644
1,-1.0,7,16,24,9645
8,1.0,18,0,26,9646
13,-1.0,7,8,28,9647
23,1.0,8,4,35,9648
32,-1.0,3,7,42,9649
7,-1.0,14,4,25,9650
7,1.0,3,17,27,9651
0,1.0,14,6,20,9652
51,1.0,2,4,57,9653
12,-1.0,2,22,36,9654
23,-1.0,6,3,32,9655
2,1.0,2,13,17,9656
0,-1.0,3,7,10,9657
0,1.0,3,3,6,9658
4,-1.0,0,1,5,9659
1,1.0,10,8,19,9660
7,1.0,8,0,15,9661
0,1.0,5,10,15,9662
11,-1.0,20,2,33,9663
16,1.0,3,4,23,9664
22,-1.0,3,10,35,9665
32,-1.0,0,13,45,9666
26,-1.0,8,12,46,9667
20,-1.0,7,1,28,9668
27,1.0,1,8,36,9669
16,1.0,0,9,25,9670
2,1.0,14,1,17,9671
14,-1.0,3,2,19,9672
17,1.0,4,6,27,9673
23,-1.0,2,11,36,9674
66,-1.0,4,7,77,9675
15,-1.0,4,30,49,9676
20,-1.0,12,8,40,9677
1,1.0,13,10,24,9678
1,-1.0,7,19,27,9679
2,-1.0,23,0,25,9680
41,-1.0,12,4,57,9681
0,0.0,4,14,18,9682
9,1.0,10,13,32,9683
51,-1.0,0,5,56,9684
2,-1.0,6,21,29,9685
1,-1.0,22,0,23,9686
6,-1.0,12,25,43,9687
19,1.0,7,1,27,9688
28,-1.0,3,1,32,9689
0,-1.0,13,6,19,9690
7,1.0,1,15,23,9691
29,1.0,14,0,43,9692
3,-1.0,14,1,18,9693
3,1.0,3,11,17,9694
20,-1.0,3,12,35,9695
18,1.0,9,0,27,9696
30,-1.0,6,3,39,9697
6,-1.0,3,11,20,9698
22,1.0,14,2,38,9699
13,-1.0,0,10,23,9700
0,1.0,9,2,11,9701
6,1.0,17,1,24,9702
11,-1.0,7,3,21,9703
4,-1.0,8,5,17,9704
56,1.0,1,1,58,9705
3,-1.0,2,18,23,9706
4,1.0,13,3,20,9707
2,-1.0,3,19,24,9708
24,-1.0,1,6,31,9709
20,1.0,0,4,24,9710
13,-1.0,1,12,26,9711
3,1.0,3,22,28,9712
5,1.0,3,2,10,9713
1,1.0,9,0,10,9714
27,-1.0,2,8,37,9715
63,1.0,10,0,73,9716
10,1.0,16,5,31,9717
29,1.0,3,2,34,9718
0,0.0,4,6,10,9719
50,-1.0,0,0,50,9720
20,-1.0,8,1,29,9721
3,1.0,7,9,19,9722
7,-1.0,1,17,25,9723
12,-1.0,4,7,23,9724
5,-1.0,3,0,8,9725
6,-1.0,5,8,19,9726
2,-1.0,11,5,18,9727
21,-1.0,0,11,32,9728
41,1.0,10,0,51,9729
2,1.0,1,23,26,9730
16,-1.0,10,1,27,9731
13,-1.0,7,4,24,9732
2,1.0,1,17,20,9733
0,1.0,7,1,8,9734
3,1.0,11,3,17,9735
0,-1.0,3,1,4,9736
3,-1.0,0,5,8,9737
0,0.0,10,2,12,9738
11,1.0,0,9,20,9739
12,-1.0,4,4,20,9740
79,1.0,15,0,94,9741
44,1.0,3,0,47,9742
28,1.0,2,6,36,9743
11,1.0,12,6,29,9744
7,1.0,1,16,24,9745
13,-1.0,1,13,27,9746
0,1.0,6,3,9,9747
9,-1.0,5,4,18,9748
0,0.0,7,1,8,9749
11,1.0,10,10,31,9750
21,1.0,12,1,34,9751
11,-1.0,3,8,22,9752
8,-1.0,8,3,19,9753
20,1.0,8,1,29,9754
13,-1.0,10,6,29,9755
7,-1.0,17,1,25,9756
14,-1.0,5,5,24,9757
27,-1.0,6,9,42,9758
31,-1.0,9,8,48,9759
35,1.0,3,2,40,9760
22,-1.0,3,8,33,9761
20,-1.0,3,4,27,9762
6,1.0,12,1,19,9763
14,-1.0,22,1,37,9764
15,-1.0,13,4,32,9765
22,-1.0,3,6,31,9766
25,1.0,3,1,29,9767
21,-1.0,7,3,31,9768
7,-1.0,20,5,32,9769
19,1.0,3,25,47,9770
13,1.0,0,6,19,9771
32,1.0,9,6,47,9772
24,1.0,20,3,47,9773
6,1.0,8,27,41,9774
1,1.0,1,12,14,9775
21,1.0,2,4,27,9776
14,1.0,24,1,39,9777
12,-1.0,13,1,26,9778
43,-1.0,3,9,55,9779
34,-1.0,1,27,62,9780
2,1.0,14,5,21,9781
11,1.0,7,3,21,9782
1,1.0,13,17,31,9783
20,1.0,15,8,43,9784
22,-1.0,0,15,37,9785
21,1.0,23,1,45,9786
21,1.0,20,29,70,9787
22,-1.0,5,23,50,9788
177,1.0,22,1,200,9789
77,1.0,8,37,122,9790
22,1.0,39,4,65,9791
77,-1.0,0,19,96,9792
44,1.0,6,16,66,9793
23,-1.0,10,3,36,9794
44,1.0,16,0,60,9795
5,-1.0,30,0,35,9796
44,-1.0,13,10,67,9797
51,1.0,10,0,61,9798
62,1.0,0,4,66,9799
7,-1.0,18,13,38,9800
37,1.0,7,3,47,9801
38,1.0,1,0,39,9802
32,-1.0,12,0,44,9803
24,1.0,3,7,34,9804
12,1.0,23,2,37,9805
7,1.0,3,14,24,9806
24,1.0,4,5,33,9807
3,1.0,13,5,21,9808
10,-1.0,4,7,21,9809
3,1.0,6,5,14,9810
31,-1.0,0,45,76,9811
33,1.0,5,7,45,9812
47,1.0,1,2,50,9813
5,-1.0,14,6,25,9814
7,1.0,13,18,38,9815
0,1.0,15,3,18,9816
20,-1.0,4,23,47,9817
1,-1.0,5,8,14,9818
21,-1.0,5,3,29,9819
1,-1.0,7,8,16,9820
3,-1.0,8,2,13,9821
37,1.0,2,2,41,9822
1,-1.0,18,2,21,9823
16,-1.0,14,9,39,9824
10,-1.0,6,4,20,9825
37,-1.0,10,0,47,9826
30,1.0,7,2,39,9827
22,-1.0,7,8,37,9828
1,1.0,8,6,15,9829
6,1.0,9,5,20,9830
6,-1.0,18,0,24,9831
40,-1.0,4,0,44,9832
13,-1.0,0,19,32,9833
19,-1.0,2,13,34,9834
2,-1.0,12,34,48,9835
2,-1.0,4,20,26,9836
7,1.0,18,0,25,9837
13,-1.0,11,12,36,9838
3,-1.0,0,12,15,9839
19,-1.0,10,0,29,9840
17,-1.0,1,5,23,9841
0,1.0,12,0,12,9842
0,0.0,8,1,9,9843
13,-1.0,1,8,22,9844
11,1.0,12,2,25,9845
1,-1.0,15,4,20,9846
37,-1.0,4,1,42,9847
26,1.0,4,2,32,9848
12,-1.0,6,8,26,9849
13,-1.0,7,2,22,9850
7,1.0,24,5,36,9851
31,1.0,6,3,40,9852
1,1.0,1,18,20,9853
3,-1.0,0,9,12,9854
0,1.0,7,3,10,9855
13,-1.0,4,5,22,9856
35,-1.0,0,9,44,9857
42,1.0,9,11,62,9858
13,-1.0,8,4,25,9859
16,1.0,9,0,25,9860
0,-1.0,14,0,14,9861
1,-1.0,2,12,15,9862
28,-1.0,22,10,60,9863
22,1.0,10,9,41,9864
38,-1.0,1,8,47,9865
17,-1.0,3,14,34,9866
4,1.0,6,17,27,9867
21,1.0,1,11,33,9868
10,-1.0,20,0,30,9869
8,-1.0,2,11,21,9870
16,-1.0,2,4,22,9871
1,-1.0,2,2,5,9872
3,1.0,0,9,12,9873
25,1.0,8,11,44,9874
3,-1.0,20,1,24,9875
0,0.0,11,26,37,9876
9,-1.0,9,8,26,9877
3,1.0,6,26,35,9878
28,-1.0,4,1,33,9879
37,-1.0,0,8,45,9880
17,1.0,10,4,31,9881
16,1.0,11,1,28,9882
12,1.0,4,4,20,9883
20,1.0,4,7,31,9884
2,-1.0,0,16,18,9885
0,-1.0,13,2,15,9886
6,1.0,12,18,36,9887
10,1.0,8,9,27,9888
0,1.0,3,17,20,9889
14,1.0,1,7,22,9890
8,-1.0,19,0,27,9891
32,-1.0,15,33,80,9892
68,-1.0,2,1,71,9893
41,1.0,3,23,67,9894
4,1.0,27,2,33,9895
40,1.0,0,10,50,9896
36,1.0,3,6,45,9897
40,-1.0,9,0,49,9898
5,1.0,11,11,27,9899
56,1.0,16,1,73,9900
3,-1.0,2,19,24,9901
13,-1.0,1,22,36,9902
58,-1.0,9,1,68,9903
40,-1.0,2,12,54,9904
30,1.0,11,4,45,9905
6,1.0,5,22,33,9906
17,1.0,7,5,29,9907
4,1.0,5,5,14,9908
3,1.0,13,7,23,9909
6,1.0,11,2,19,9910
14,1.0,11,3,28,9911
17,-1.0,7,2,26,9912
16,-1.0,2,18,36,9913
8,-1.0,2,15,25,9914
26,1.0,0,9,35,9915
3,-1.0,14,3,20,9916
14,1.0,10,5,29,9917
10,1.0,3,9,22,9918
10,-1.0,36,9,55,9919
27,-1.0,0,9,36,9920
1,1.0,2,22,25,9921
4,-1.0,4,12,20,9922
4,-1.0,3,0,7,9923
1,1.0,5,1,7,9924
16,-1.0,5,0,21,9925
29,-1.0,0,23,52,9926
3,-1.0,16,5,24,9927
12,-1.0,9,2,23,9928
26,-1.0,9,3,38,9929
3,1.0,2,23,28,9930
28,-1.0,30,4,62,9931
0,1.0,13,15,28,9932
30,-1.0,8,4,42,9933
5,1.0,0,30,35,9934
7,-1.0,2,5,14,9935
0,-1.0,1,8,9,9936
4,1.0,11,0,15,9937
10,-1.0,0,23,33,9938
3,-1.0,19,1,23,9939
3,1.0,1,15,19,9940
0,1.0,3,13,16,9941
10,1.0,23,8,41,9942
0,-1.0,18,0,18,9943
2,1.0,17,0,19,9944
39,1.0,6,1,46,9945
48,1.0,1,1,50,9946
8,1.0,5,17,30,9947
36,-1.0,12,36,84,9948
32,-1.0,9,14,55,9949
25,-1.0,0,4,29,9950
18,1.0,3,14,35,9951
19,1.0,10,3,32,9952
13,1.0,7,3,23,9953
0,-1.0,3,6,9,9954
16,1.0,4,4,24,9955
12,-1.0,18,5,35,9956
55,1.0,34,4,93,9957
20,-1.0,1,15,36,9958
20,1.0,10,5,35,9959
3,-1.0,10,0,13,9960
16,-1.0,5,5,26,9961
1,-1.0,3,13,17,9962
11,-1.0,5,10,26,9963
27,-1.0,1,13,41,9964
4,1.0,1,32,37,9965
29,-1.0,8,7,44,9966
7,1.0,1,21,29,9967
3,1.0,9,2,14,9968
34,-1.0,2,2,38,9969
9,-1.0,8,22,39,9970
19,1.0,10,4,33,9971
47,1.0,7,2,56,9972
10,1.0,24,0,34,9973
31,-1.0,6,0,37,9974
21,1.0,6,1,28,9975
14,-1.0,8,3,25,9976
25,-1.0,4,1,30,9977
2,1.0,8,7,17,9978
7,-1.0,5,10,22,9979
7,-1.0,36,1,44,9980
23,1.0,0,20,43,9981
4,-1.0,4,26,34,9982
18,1.0,7,8,33,9983
18,-1.0,10,2,30,9984
57,1.0,1,0,58,9985
10,-1.0,18,0,28,9986
4,1.0,5,4,13,9987
27,1.0,1,6,34,9988
13,1.0,3,6,22,9989
22,1.0,5,1,28,9990
2,-1.0,7,9,18,9991
89,-1.0,14,19,122,9992
1,1.0,21,21,43,9993
6,-1.0,8,19,33,9994
25,-1.0,2,4,31,9995
14,-1.0,2,25,41,9996
49,-1.0,2,0,51,9997
14,1.0,1,11,26,9998
8,1.0,13,3,24,9999
19,-1.0,3,10,32,10000
18,1.0,5,2,25,10001
6,1.0,14,1,21,10002
46,-1.0,1,17,64,10003
5,1.0,9,11,25,10004
26,1.0,0,18,44,10005
19,-1.0,2,14,35,10006
15,1.0,5,8,28,10007
11,-1.0,1,11,23,10008
16,1.0,12,7,35,10009
6,-1.0,7,4,17,10010
20,1.0,3,4,27,10011
4,1.0,0,4,8,10012
19,1.0,0,11,30,10013
34,1.0,0,11,45,10014
30,-1.0,6,19,55,10015
17,-1.0,8,11,36,10016
34,-1.0,1,4,39,10017
0,0.0,3,3,6,10018
3,1.0,0,2,5,10019
1,-1.0,1,1,3,10020
27,1.0,3,2,32,10021
24,1.0,5,0,29,10022
27,1.0,7,1,35,10023
5,-1.0,9,17,31,10024
3,-1.0,9,12,24,10025
0,-1.0,4,8,12,10026
0,0.0,8,3,11,10027
10,1.0,10,3,23,10028
10,-1.0,12,0,22,10029
15,1.0,2,5,22,10030
32,-1.0,1,6,39,10031
44,-1.0,1,14,59,10032
21,1.0,5,9,35,10033
0,-1.0,2,28,30,10034
0,1.0,14,7,21,10035
7,-1.0,7,8,22,10036
36,-1.0,3,2,41,10037
0,0.0,7,12,19,10038
3,1.0,1,54,58,10039
31,-1.0,4,8,43,10040
8,-1.0,12,1,21,10041
6,-1.0,8,10,24,10042
2,-1.0,7,15,24,10043
5,-1.0,9,6,20,10044
1,1.0,2,1,4,10045
25,1.0,13,2,40,10046
14,1.0,18,3,35,10047
29,-1.0,4,17,50,10048
26,-1.0,3,14,43,10049
9,1.0,6,3,18,10050
23,-1.0,10,1,34,10051
53,-1.0,3,7,63,10052
0,-1.0,8,4,12,10053
26,-1.0,2,6,34,10054
23,1.0,4,3,30,10055
1,1.0,1,68,70,10056
5,1.0,21,4,30,10057
24,-1.0,5,1,30,10058
6,-1.0,4,19,29,10059
31,1.0,1,0,32,10060
3,-1.0,1,12,16,10061
13,1.0,5,6,24,10062
5,-1.0,11,2,18,10063
9,-1.0,10,2,21,10064
37,-1.0,5,5,47,10065
5,1.0,27,10,42,10066
42,1.0,3,6,51,10067
10,-1.0,0,13,23,10068
18,1.0,2,5,25,10069
0,-1.0,2,15,17,10070
36,-1.0,0,0,36,10071
1,1.0,5,18,24,10072
9,1.0,8,5,22,10073
1,-1.0,7,11,19,10074
15,-1.0,2,1,18,10075
34,1.0,23,6,63,10076
14,1.0,7,3,24,10077
0,1.0,9,7,16,10078
66,1.0,3,0,69,10079
22,-1.0,24,2,48,10080
4,1.0,21,0,25,10081
3,-1.0,13,8,24,10082
1,-1.0,7,0,8,10083
3,1.0,7,2,12,10084
12,1.0,10,5,27,10085
2,1.0,24,15,41,10086
13,-1.0,15,1,29,10087
6,-1.0,3,14,23,10088
5,1.0,15,1,21,10089
16,-1.0,7,3,26,10090
1,-1.0,7,10,18,10091
30,-1.0,2,3,35,10092
11,-1.0,11,7,29,10093
19,1.0,7,5,31,10094
7,1.0,13,3,23,10095
12,1.0,3,17,32,10096
8,-1.0,0,11,19,10097
4,1.0,4,14,22,10098
79,-1.0,0,9,88,10099
0,1.0,15,2,17,10100
12,-1.0,1,29,42,10101
13,-1.0,13,0,26,10102
66,-1.0,2,12,80,10103
9,1.0,2,27,38,10104
10,1.0,5,6,21,10105
28,-1.0,19,8,55,10106
33,1.0,8,17,58,10107
25,1.0,13,12,50,10108
23,1.0,5,5,33,10109
2,-1.0,22,6,30,10110
3,1.0,8,12,23,10111
32,1.0,0,3,35,10112
21,-1.0,2,5,28,10113
15,-1.0,3,0,18,10114
3,-1.0,5,8,16,10115
4,-1.0,0,12,16,10116
0,0.0,6,2,8,10117
22,1.0,14,0,36,10118
0,1.0,9,12,21,10119
21,-1.0,17,2,40,10120
27,1.0,3,6,36,10121
0,-1.0,1,4,5,10122
1,1.0,0,8,9,10123
28,1.0,1,8,37,10124
9,-1.0,12,14,35,10125
5,-1.0,4,8,17,10126
3,-1.0,0,2,5,10127
28,-1.0,1,18,47,10128
36,-1.0,6,18,60,10129
31,-1.0,1,1,33,10130
22,1.0,5,12,39,10131
3,1.0,0,5,8,10132
10,-1.0,10,2,22,10133
40,1.0,10,4,54,10134
1,-1.0,17,0,18,10135
21,1.0,3,2,26,10136
0,-1.0,9,4,13,10137
11,-1.0,4,4,19,10138
0,0.0,9,3,12,10139
3,1.0,12,15,30,10140
6,-1.0,9,7,22,10141
18,1.0,2,19,39,10142
0,0.0,13,6,19,10143
16,1.0,2,11,29,10144
4,1.0,1,11,16,10145
4,1.0,3,0,7,10146
0,-1.0,2,2,4,10147
23,1.0,25,0,48,10148
18,1.0,4,7,29,10149
4,-1.0,25,0,29,10150
17,1.0,28,6,51,10151
5,-1.0,5,3,13,10152
15,1.0,10,0,25,10153
1,-1.0,0,7,8,10154
3,-1.0,2,15,20,10155
0,0.0,4,3,7,10156
19,-1.0,1,6,26,10157
21,-1.0,5,1,27,10158
12,-1.0,0,30,42,10159
14,-1.0,1,17,32,10160
0,-1.0,1,9,10,10161
3,1.0,11,0,14,10162
3,1.0,3,12,18,10163
3,-1.0,97,14,114,10164
3,-1.0,18,1,22,10165
26,1.0,7,20,53,10166
44,1.0,4,0,48,10167
0,-1.0,7,14,21,10168
41,-1.0,3,4,48,10169
3,1.0,5,17,25,10170
16,1.0,2,7,25,10171
2,1.0,1,18,21,10172
0,1.0,6,1,7,10173
23,-1.0,0,7,30,10174
11,-1.0,4,10,25,10175
1,-1.0,4,12,17,10176
3,-1.0,4,17,24,10177
3,-1.0,0,4,7,10178
0,1.0,1,10,11,10179
0,1.0,2,8,10,10180
100,-1.0,0,2,102,10181
16,1.0,10,12,38,10182
19,-1.0,5,6,30,10183
19,-1.0,2,2,23,10184
0,0.0,5,7,12,10185
16,1.0,10,6,32,10186
9,1.0,10,6,25,10187
0,0.0,11,2,13,10188
69,-1.0,12,0,81,10189
1,1.0,21,9,31,10190
1,1.0,1,2,4,10191
13,1.0,24,5,42,10192
3,1.0,15,16,34,10193
8,1.0,0,15,23,10194
11,-1.0,1,17,29,10195
0,-1.0,1,5,6,10196
8,-1.0,5,5,18,10197
32,1.0,11,0,43,10198
78,1.0,9,1,88,10199
4,1.0,0,19,23,10200
1,1.0,1,8,10,10201
4,1.0,6,5,15,10202
0,0.0,10,1,11,10203
11,-1.0,6,5,22,10204
12,-1.0,1,21,34,10205
31,-1.0,4,1,36,10206
2,-1.0,11,7,20,10207
24,1.0,9,0,33,10208
2,1.0,3,14,19,10209
13,1.0,64,0,77,10210
4,1.0,10,8,22,10211
0,-1.0,1,7,8,10212
47,1.0,1,1,49,10213
13,-1.0,9,18,40,10214
48,1.0,4,0,52,10215
0,0.0,13,1,14,10216
3,-1.0,0,10,13,10217
29,-1.0,7,0,36,10218
2,1.0,23,30,55,10219
0,1.0,15,10,25,10220
45,-1.0,5,18,68,10221
10,1.0,11,10,31,10222
11,-1.0,1,22,34,10223
1,1.0,12,2,15,10224
1,1.0,0,11,12,10225
35,1.0,2,5,42,10226
10,1.0,6,16,32,10227
7,-1.0,25,2,34,10228
7,1.0,4,9,20,10229
4,1.0,15,1,20,10230
29,-1.0,3,5,37,10231
7,1.0,8,6,21,10232
26,1.0,2,1,29,10233
2,1.0,0,9,11,10234
0,0.0,2,2,4,10235
22,-1.0,4,2,28,10236
21,-1.0,6,6,33,10237
1,-1.0,9,0,10,10238
16,1.0,5,8,29,10239
1,1.0,15,2,18,10240
17,1.0,1,10,28,10241
12,1.0,5,10,27,10242
17,1.0,1,11,29,10243
0,-1.0,9,12,21,10244
0,-1.0,7,13,20,10245
25,-1.0,1,7,33,10246
0,0.0,6,12,18,10247
1,1.0,8,13,22,10248
11,-1.0,7,10,28,10249
94,-1.0,0,25,119,10250
31,1.0,6,2,39,10251
17,1.0,1,15,33,10252
6,-1.0,9,10,25,10253
3,-1.0,0,1,4,10254
28,-1.0,0,15,43,10255
6,1.0,5,5,16,10256
6,-1.0,0,0,6,10257
4,-1.0,0,2,6,10258
1,-1.0,0,4,5,10259
16,-1.0,1,4,21,10260
8,1.0,2,8,18,10261
37,1.0,10,30,77,10262
9,1.0,5,9,23,10263
13,1.0,11,5,29,10264
0,-1.0,4,20,24,10265
40,1.0,1,0,41,10266
7,1.0,15,2,24,10267
5,1.0,2,12,19,10268
5,-1.0,17,1,23,10269
17,-1.0,0,8,25,10270
14,-1.0,1,15,30,10271
0,-1.0,11,15,26,10272
26,-1.0,5,2,33,10273
22,-1.0,12,1,35,10274
0,0.0,4,20,24,10275
8,-1.0,1,9,18,10276
4,-1.0,1,19,24,10277
17,1.0,4,10,31,10278
1,-1.0,3,14,18,10279
21,-1.0,2,4,27,10280
24,1.0,4,31,59,10281
4,-1.0,6,28,38,10282
19,1.0,0,4,23,10283
42,1.0,8,0,50,10284
10,-1.0,1,10,21,10285
5,-1.0,6,0,11,10286
1,1.0,0,6,7,10287
0,0.0,11,1,12,10288
1,-1.0,5,10,16,10289
0,1.0,0,10,10,10290
3,1.0,14,24,41,10291
0,-1.0,5,13,18,10292
74,-1.0,0,4,78,10293
3,-1.0,8,24,35,10294
34,-1.0,4,0,38,10295
24,-1.0,1,10,35,10296
2,1.0,11,26,39,10297
56,-1.0,1,21,78,10298
21,1.0,3,5,29,10299
12,1.0,2,8,22,10300
36,1.0,2,1,39,10301
1,-1.0,18,1,20,10302
10,-1.0,17,1,28,10303
34,-1.0,0,8,42,10304
5,-1.0,9,9,23,10305
4,1.0,15,4,23,10306
9,-1.0,3,13,25,10307
43,-1.0,2,17,62,10308
13,1.0,2,22,37,10309
25,-1.0,6,9,40,10310
18,-1.0,9,10,37,10311
23,1.0,7,6,36,10312
7,-1.0,10,2,19,10313
4,-1.0,5,16,25,10314
5,1.0,10,4,19,10315
21,-1.0,6,4,31,10316
3,1.0,1,13,17,10317
21,-1.0,3,5,29,10318
15,1.0,2,10,27,10319
9,1.0,6,6,21,10320
10,-1.0,6,3,19,10321
23,1.0,20,10,53,10322
27,-1.0,1,5,33,10323
50,-1.0,0,1,51,10324
17,1.0,0,11,28,10325
5,-1.0,3,8,16,10326
0,-1.0,0,12,12,10327
15,1.0,9,7,31,10328
2,1.0,19,7,28,10329
11,1.0,6,7,24,10330
4,-1.0,7,0,11,10331
55,1.0,0,7,62,10332
2,-1.0,25,3,30,10333
15,-1.0,15,1,31,10334
2,-1.0,2,1,5,10335
1,-1.0,3,10,14,10336
0,0.0,4,2,6,10337
8,-1.0,5,16,29,10338
21,-1.0,0,28,49,10339
33,1.0,0,9,42,10340
7,-1.0,6,7,20,10341
33,-1.0,3,0,36,10342
46,-1.0,2,0,48,10343
21,1.0,8,18,47,10344
23,-1.0,10,9,42,10345
34,-1.0,6,9,49,10346
6,1.0,3,18,27,10347
8,1.0,9,2,19,10348
17,-1.0,2,15,34,10349
2,-1.0,9,14,25,10350
19,1.0,1,35,55,10351
47,-1.0,15,7,69,10352
19,-1.0,2,11,32,10353
0,-1.0,22,3,25,10354
2,1.0,7,19,28,10355
16,-1.0,9,0,25,10356
16,1.0,5,12,33,10357
16,1.0,14,7,37,10358
11,1.0,4,8,23,10359
0,1.0,1,5,6,10360
10,1.0,10,2,22,10361
9,-1.0,14,4,27,10362
4,1.0,11,14,29,10363
8,1.0,17,4,29,10364
14,-1.0,7,14,35,10365
27,1.0,7,2,36,10366
55,1.0,11,0,66,10367
24,1.0,9,3,36,10368
3,-1.0,6,15,24,10369
4,-1.0,7,16,27,10370
6,-1.0,0,16,22,10371
0,1.0,4,12,16,10372
4,1.0,4,9,17,10373
8,1.0,14,11,33,10374
11,1.0,6,6,23,10375
17,1.0,8,2,27,10376
8,1.0,5,7,20,10377
3,1.0,42,0,45,10378
23,-1.0,9,8,40,10379
8,-1.0,2,10,20,10380
2,1.0,5,10,17,10381
52,-1.0,1,4,57,10382
22,-1.0,0,18,40,10383
36,-1.0,2,3,41,10384
3,-1.0,0,35,38,10385
6,1.0,1,24,31,10386
30,-1.0,5,11,46,10387
21,1.0,4,8,33,10388
11,1.0,8,5,24,10389
19,-1.0,6,3,28,10390
2,1.0,2,12,16,10391
51,1.0,2,2,55,10392
5,1.0,4,4,13,10393
7,1.0,10,5,22,10394
46,-1.0,2,5,53,10395
5,-1.0,0,5,10,10396
9,-1.0,15,4,28,10397
30,-1.0,16,9,55,10398
0,0.0,5,4,9,10399
0,0.0,9,2,11,10400
15,-1.0,2,10,27,10401
7,-1.0,5,14,26,10402
7,1.0,7,14,28,10403
1,-1.0,12,5,18,10404
0,-1.0,7,10,17,10405
7,-1.0,4,10,21,10406
2,1.0,44,66,112,10407
7,-1.0,13,1,21,10408
7,-1.0,2,9,18,10409
4,-1.0,11,2,17,10410
56,-1.0,0,1,57,10411
13,-1.0,0,35,48,10412
32,-1.0,0,4,36,10413
2,1.0,19,11,32,10414
59,-1.0,1,3,63,10415
32,1.0,11,10,53,10416
6,1.0,9,9,24,10417
22,1.0,3,10,35,10418
43,1.0,1,0,44,10419
5,-1.0,6,7,18,10420
22,-1.0,3,4,29,10421
37,-1.0,0,11,48,10422
2,1.0,11,22,35,10423
28,-1.0,4,10,42,10424
7,1.0,6,16,29,10425
0,-1.0,12,7,19,10426
0,1.0,11,7,18,10427
0,-1.0,6,1,7,10428
0,0.0,8,6,14,10429
0,1.0,4,14,18,10430
5,-1.0,8,7,20,10431
15,-1.0,8,12,35,10432
22,-1.0,2,10,34,10433
19,-1.0,4,0,23,10434
124,-1.0,0,0,124,10435
7,1.0,5,18,30,10436
4,-1.0,6,11,21,10437
5,-1.0,9,13,27,10438
1,1.0,12,0,13,10439
23,1.0,1,0,24,10440
25,-1.0,0,0,25,10441
16,1.0,2,4,22,10442
46,-1.0,0,4,50,10443
4,1.0,1,22,27,10444
1,1.0,3,13,17,10445
3,-1.0,0,11,14,10446
16,1.0,2,21,39,10447
3,-1.0,5,11,19,10448
18,1.0,2,4,24,10449
8,1.0,17,5,30,10450
16,1.0,3,7,26,10451
17,1.0,4,5,26,10452
14,1.0,1,8,23,10453
12,-1.0,6,10,28,10454
9,-1.0,3,8,20,10455
8,1.0,10,18,36,10456
8,-1.0,1,22,31,10457
11,-1.0,8,6,25,10458
2,-1.0,10,8,20,10459
0,1.0,9,3,12,10460
3,-1.0,2,14,19,10461
4,-1.0,13,3,20,10462
41,1.0,1,0,42,10463
40,-1.0,0,12,52,10464
4,1.0,14,3,21,10465
4,-1.0,8,4,16,10466
35,1.0,3,8,46,10467
0,-1.0,10,10,20,10468
5,1.0,8,12,25,10469
37,1.0,4,0,41,10470
8,1.0,2,6,16,10471
14,-1.0,8,7,29,10472
14,1.0,2,4,20,10473
12,-1.0,1,8,21,10474
31,1.0,4,1,36,10475
13,-1.0,1,16,30,10476
5,1.0,10,1,16,10477
1,1.0,8,17,26,10478
12,-1.0,13,7,32,10479
17,-1.0,8,21,46,10480
29,-1.0,6,9,44,10481
1,1.0,6,24,31,10482
11,-1.0,2,17,30,10483
6,1.0,5,16,27,10484
11,-1.0,4,7,22,10485
7,1.0,10,2,19,10486
8,-1.0,0,12,20,10487
9,-1.0,6,2,17,10488
25,1.0,10,1,36,10489
5,-1.0,5,8,18,10490
9,1.0,18,3,30,10491
7,-1.0,15,3,25,10492
19,-1.0,10,3,32,10493
0,1.0,1,4,5,10494
14,-1.0,1,10,25,10495
30,1.0,0,8,38,10496
30,1.0,10,0,40,10497
15,1.0,12,6,33,10498
14,-1.0,4,14,32,10499
17,1.0,9,1,27,10500
51,-1.0,13,19,83,10501
0,1.0,4,3,7,10502
19,-1.0,4,3,26,10503
0,1.0,6,8,14,10504
11,-1.0,1,15,27,10505
13,-1.0,5,4,22,10506
76,1.0,9,6,91,10507
22,1.0,0,8,30,10508
1,1.0,11,7,19,10509
3,-1.0,6,12,21,10510
27,1.0,4,4,35,10511
12,-1.0,0,15,27,10512
8,-1.0,3,7,18,10513
24,-1.0,1,4,29,10514
7,1.0,1,9,17,10515
33,1.0,10,26,69,10516
13,-1.0,10,2,25,10517
41,1.0,8,0,49,10518
5,-1.0,12,4,21,10519
1,1.0,14,0,15,10520
37,-1.0,2,3,42,10521
19,1.0,21,0,40,10522
13,-1.0,11,0,24,10523
34,1.0,2,5,41,10524
38,-1.0,0,1,39,10525
49,-1.0,0,13,62,10526
16,1.0,26,4,46,10527
22,1.0,4,10,36,10528
18,-1.0,10,4,32,10529
12,1.0,4,10,26,10530
13,1.0,3,19,35,10531
4,-1.0,15,0,19,10532
24,-1.0,1,14,39,10533
6,1.0,9,13,28,10534
2,-1.0,14,5,21,10535
1,-1.0,15,15,31,10536
3,-1.0,28,1,32,10537
21,1.0,10,8,39,10538
16,-1.0,25,3,44,10539
19,-1.0,4,14,37,10540
12,1.0,8,3,23,10541
2,1.0,4,16,22,10542
15,1.0,6,9,30,10543
12,1.0,6,2,20,10544
14,1.0,45,1,60,10545
0,-1.0,5,25,30,10546
26,-1.0,2,13,41,10547
19,-1.0,13,5,37,10548
8,1.0,10,20,38,10549
16,-1.0,14,4,34,10550
6,1.0,0,25,31,10551
15,-1.0,10,0,25,10552
18,1.0,0,10,28,10553
6,-1.0,12,1,19,10554
9,1.0,2,19,30,10555
11,1.0,1,14,26,10556
4,1.0,3,10,17,10557
4,-1.0,9,4,17,10558
13,1.0,0,12,25,10559
2,1.0,13,5,20,10560
34,-1.0,22,22,78,10561
1,-1.0,12,22,35,10562
3,1.0,25,1,29,10563
14,-1.0,15,6,35,10564
5,-1.0,8,8,21,10565
15,-1.0,7,3,25,10566
10,1.0,4,10,24,10567
26,-1.0,11,2,39,10568
6,1.0,2,12,20,10569
45,-1.0,11,1,57,10570
13,-1.0,19,3,35,10571
30,-1.0,16,4,50,10572
13,1.0,11,8,32,10573
7,-1.0,12,17,36,10574
16,-1.0,9,5,30,10575
32,1.0,2,9,43,10576
27,1.0,0,7,34,10577
16,1.0,0,22,38,10578
15,1.0,27,7,49,10579
0,-1.0,19,8,27,10580
28,-1.0,4,4,36,10581
14,-1.0,7,3,24,10582
9,-1.0,9,17,35,10583
17,-1.0,8,2,27,10584
36,-1.0,5,0,41,10585
6,1.0,23,2,31,10586
10,1.0,27,9,46,10587
8,-1.0,20,5,33,10588
0,-1.0,25,7,32,10589
4,1.0,4,15,23,10590
40,1.0,0,0,40,10591
19,-1.0,8,9,36,10592
3,-1.0,9,11,23,10593
9,1.0,3,5,17,10594
68,1.0,7,3,78,10595
11,1.0,20,4,35,10596
4,-1.0,5,8,17,10597
8,-1.0,27,5,40,10598
53,1.0,4,0,57,10599
6,1.0,13,5,24,10600
3,-1.0,18,20,41,10601
58,1.0,6,2,66,10602
11,1.0,12,9,32,10603
38,-1.0,7,7,52,10604
24,1.0,14,1,39,10605
7,-1.0,16,7,30,10606
1,1.0,8,9,18,10607
25,-1.0,8,7,40,10608
38,1.0,5,0,43,10609
3,-1.0,0,18,21,10610
8,1.0,0,17,25,10611
3,-1.0,8,4,15,10612
3,1.0,6,13,22,10613
2,-1.0,16,2,20,10614
24,-1.0,9,4,37,10615
6,1.0,23,4,33,10616
19,-1.0,3,9,31,10617
75,1.0,0,6,81,10618
39,1.0,4,2,45,10619
60,1.0,6,5,71,10620
25,-1.0,8,13,46,10621
26,-1.0,10,17,53,10622
42,1.0,22,9,73,10623
11,-1.0,19,3,33,10624
6,1.0,31,0,37,10625
26,-1.0,4,29,59,10626
24,-1.0,21,0,45,10627
39,-1.0,8,0,47,10628
9,1.0,11,22,42,10629
23,1.0,1,19,43,10630
0,-1.0,4,23,27,10631
1,-1.0,9,13,23,10632
3,1.0,1,19,23,10633
29,1.0,8,2,39,10634
21,1.0,7,1,29,10635
12,-1.0,2,10,24,10636
10,1.0,5,8,23,10637
4,-1.0,7,7,18,10638
16,1.0,1,7,24,10639
4,1.0,18,3,25,10640
15,1.0,0,13,28,10641
20,1.0,0,11,31,10642
30,-1.0,4,3,37,10643
13,-1.0,16,0,29,10644
5,1.0,3,20,28,10645
35,-1.0,9,4,48,10646
7,1.0,27,14,48,10647
26,1.0,7,24,57,10648
2,1.0,15,25,42,10649
23,1.0,8,12,43,10650
2,-1.0,11,13,26,10651
1,-1.0,9,18,28,10652
3,-1.0,7,19,29,10653
20,-1.0,20,0,40,10654
24,-1.0,5,3,32,10655
6,-1.0,16,8,30,10656
27,-1.0,8,0,35,10657
15,1.0,4,6,25,10658
26,-1.0,5,0,31,10659
7,1.0,5,8,20,10660
12,-1.0,7,6,25,10661
3,-1.0,7,9,19,10662
6,1.0,5,8,19,10663
1,1.0,4,11,16,10664
1,-1.0,17,14,32,10665
36,-1.0,14,4,54,10666
9,-1.0,13,14,36,10667
28,-1.0,5,8,41,10668
6,1.0,7,9,22,10669
4,-1.0,10,8,22,10670
7,-1.0,13,5,25,10671
28,1.0,1,3,32,10672
7,-1.0,9,6,22,10673
9,1.0,9,3,21,10674
6,1.0,12,0,18,10675
7,-1.0,2,17,26,10676
16,1.0,0,11,27,10677
42,1.0,0,22,64,10678
32,-1.0,19,0,51,10679
1,-1.0,11,12,24,10680
5,1.0,1,14,20,10681
17,1.0,12,0,29,10682
4,-1.0,20,2,26,10683
5,1.0,1,15,21,10684
17,1.0,19,1,37,10685
21,1.0,7,2,30,10686
28,1.0,26,3,57,10687
0,-1.0,12,3,15,10688
0,-1.0,5,6,11,10689
27,-1.0,4,11,42,10690
6,-1.0,18,12,36,10691
3,1.0,0,3,6,10692
12,1.0,8,0,20,10693
15,1.0,8,0,23,10694
49,-1.0,15,13,77,10695
10,1.0,1,10,21,10696
12,1.0,0,6,18,10697
13,-1.0,0,15,28,10698
4,-1.0,9,3,16,10699
9,-1.0,12,2,23,10700
1,1.0,0,15,16,10701
5,-1.0,13,4,22,10702
17,1.0,3,6,26,10703
18,-1.0,5,1,24,10704
6,1.0,7,7,20,10705
8,-1.0,9,19,36,10706
23,-1.0,4,0,27,10707
20,1.0,1,10,31,10708
7,1.0,7,9,23,10709
13,-1.0,2,6,21,10710
2,1.0,1,12,15,10711
0,0.0,1,8,9,10712
10,1.0,11,7,28,10713
38,-1.0,2,4,44,10714
8,1.0,8,6,22,10715
0,0.0,10,3,13,10716
3,1.0,6,19,28,10717
1,1.0,37,26,64,10718
19,-1.0,8,4,31,10719
6,1.0,4,11,21,10720
39,1.0,3,3,45,10721
30,-1.0,5,4,39,10722
32,1.0,1,0,33,10723
6,1.0,8,9,23,10724
8,-1.0,24,11,43,10725
13,1.0,9,13,35,10726
16,-1.0,12,1,29,10727
35,-1.0,1,4,40,10728
24,-1.0,3,17,44,10729
12,-1.0,18,2,32,10730
14,1.0,2,9,25,10731
13,-1.0,3,5,21,10732
3,-1.0,0,3,6,10733
2,-1.0,12,32,46,10734
26,-1.0,6,25,57,10735
26,1.0,6,13,45,10736
20,-1.0,15,1,36,10737
37,-1.0,2,2,41,10738
6,1.0,2,20,28,10739
10,-1.0,7,1,18,10740
1,1.0,4,0,5,10741
3,-1.0,0,16,19,10742
47,1.0,0,2,49,10743
9,-1.0,7,6,22,10744
21,-1.0,16,25,62,10745
25,-1.0,2,2,29,10746
28,-1.0,0,11,39,10747
0,-1.0,3,18,21,10748
10,1.0,3,8,21,10749
1,-1.0,13,6,20,10750
6,-1.0,14,6,26,10751
15,-1.0,6,1,22,10752
10,1.0,3,11,24,10753
4,1.0,7,0,11,10754
1,-1.0,4,0,5,10755
1,1.0,12,10,23,10756
9,-1.0,4,12,25,10757
22,-1.0,19,16,57,10758
25,1.0,0,5,30,10759
1,-1.0,1,14,16,10760
0,-1.0,9,8,17,10761
8,-1.0,6,3,17,10762
3,-1.0,19,31,53,10763
27,-1.0,1,8,36,10764
20,1.0,9,2,31,10765
5,1.0,14,5,24,10766
4,1.0,2,12,18,10767
19,1.0,4,4,27,10768
26,1.0,7,0,33,10769
28,-1.0,1,7,36,10770
6,-1.0,0,14,20,10771
0,1.0,8,0,8,10772
7,-1.0,2,13,22,10773
1,-1.0,15,5,21,10774
1,1.0,13,1,15,10775
3,-1.0,7,7,17,10776
8,1.0,0,22,30,10777
32,1.0,8,1,41,10778
0,-1.0,6,7,13,10779
24,-1.0,3,3,30,10780
2,-1.0,21,2,25,10781
30,1.0,3,5,38,10782
1,1.0,1,1,3,10783
0,-1.0,3,2,5,10784
2,1.0,0,6,8,10785
2,-1.0,22,3,27,10786
0,-1.0,18,22,40,10787
11,-1.0,6,21,38,10788
1,-1.0,2,1,4,10789
29,-1.0,1,11,41,10790
10,1.0,6,7,23,10791
34,-1.0,13,12,59,10792
19,-1.0,0,4,23,10793
7,1.0,10,6,23,10794
38,-1.0,0,10,48,10795
10,1.0,15,5,30,10796
50,1.0,19,0,69,10797
11,1.0,7,6,24,10798
20,-1.0,2,3,25,10799
6,-1.0,14,8,28,10800
39,-1.0,0,2,41,10801
53,-1.0,4,1,58,10802
8,-1.0,6,24,38,10803
9,-1.0,5,9,23,10804
48,-1.0,3,9,60,10805
3,-1.0,17,1,21,10806
2,-1.0,8,13,23,10807
11,1.0,23,2,36,10808
23,-1.0,1,6,30,10809
0,1.0,6,0,6,10810
17,1.0,5,5,27,10811
15,-1.0,2,6,23,10812
48,1.0,9,4,61,10813
57,-1.0,1,6,64,10814
16,-1.0,7,11,34,10815
37,-1.0,9,4,50,10816
43,-1.0,8,1,52,10817
41,-1.0,3,21,65,10818
4,1.0,22,1,27,10819
0,-1.0,2,9,11,10820
1,-1.0,5,18,24,10821
19,-1.0,0,21,40,10822
14,-1.0,8,0,22,10823
12,-1.0,10,5,27,10824
52,-1.0,0,0,52,10825
22,-1.0,6,0,28,10826
24,-1.0,9,0,33,10827
13,-1.0,5,2,20,10828
32,1.0,2,0,34,10829
6,-1.0,5,16,27,10830
5,-1.0,8,6,19,10831
84,-1.0,0,11,95,10832
19,1.0,23,0,42,10833
4,1.0,0,32,36,10834
1,1.0,19,2,22,10835
5,1.0,18,3,26,10836
26,-1.0,7,6,39,10837
9,1.0,0,14,23,10838
4,-1.0,0,19,23,10839
6,1.0,11,6,23,10840
6,1.0,2,14,22,10841
27,-1.0,0,15,42,10842
15,-1.0,3,3,21,10843
32,1.0,19,0,51,10844
31,1.0,2,3,36,10845
22,-1.0,0,9,31,10846
48,-1.0,5,1,54,10847
17,1.0,3,15,35,10848
31,-1.0,2,1,34,10849
16,-1.0,13,11,40,10850
25,-1.0,1,6,32,10851
12,1.0,12,0,24,10852
7,1.0,12,0,19,10853
9,-1.0,16,0,25,10854
13,1.0,14,6,33,10855
14,1.0,9,4,27,10856
40,-1.0,3,3,46,10857
82,-1.0,2,0,84,10858
4,1.0,4,10,18,10859
33,-1.0,15,0,48,10860
2,1.0,7,31,40,10861
16,-1.0,1,7,24,10862
12,1.0,3,19,34,10863
4,-1.0,1,16,21,10864
3,-1.0,6,18,27,10865
17,-1.0,2,14,33,10866
11,1.0,5,17,33,10867
61,-1.0,78,22,161,10868
28,-1.0,7,2,37,10869
6,1.0,10,16,32,10870
8,-1.0,6,12,26,10871
14,-1.0,1,11,26,10872
25,1.0,10,0,35,10873
6,-1.0,9,5,20,10874
28,1.0,10,9,47,10875
8,-1.0,7,11,26,10876
0,0.0,12,1,13,10877
32,-1.0,16,12,60,10878
6,1.0,22,2,30,10879
2,-1.0,3,14,19,10880
24,-1.0,2,13,39,10881
8,-1.0,0,23,31,10882
23,-1.0,3,9,35,10883
28,-1.0,3,4,35,10884
22,-1.0,1,10,33,10885
34,1.0,0,3,37,10886
37,-1.0,3,1,41,10887
5,1.0,12,24,41,10888
14,-1.0,12,2,28,10889
16,1.0,0,13,29,10890
15,-1.0,3,7,25,10891
0,0.0,13,4,17,10892
2,1.0,1,1,4,10893
20,-1.0,11,20,51,10894
9,1.0,7,8,24,10895
11,-1.0,8,1,20,10896
13,1.0,14,2,29,10897
12,1.0,5,6,23,10898
2,1.0,12,11,25,10899
25,-1.0,11,1,37,10900
14,-1.0,8,4,26,10901
34,-1.0,1,7,42,10902
4,1.0,1,13,18,10903
3,1.0,15,8,26,10904
18,1.0,4,14,36,10905
0,1.0,2,5,7,10906
10,-1.0,6,13,29,10907
8,1.0,6,6,20,10908
51,1.0,5,0,56,10909
35,-1.0,0,0,35,10910
9,1.0,6,9,24,10911
76,-1.0,0,11,87,10912
5,-1.0,7,27,39,10913
5,1.0,10,6,21,10914
19,1.0,6,3,28,10915
14,1.0,4,14,32,10916
5,-1.0,2,15,22,10917
0,-1.0,8,1,9,10918
128,1.0,33,34,195,10919
36,1.0,4,2,42,10920
3,1.0,0,18,21,10921
12,1.0,7,4,23,10922
10,-1.0,8,4,22,10923
30,-1.0,2,0,32,10924
52,-1.0,2,5,59,10925
39,-1.0,7,3,49,10926
8,1.0,11,14,33,10927
7,1.0,1,12,20,10928
7,1.0,35,5,47,10929
11,1.0,7,5,23,10930
43,1.0,5,2,50,10931
15,-1.0,5,6,26,10932
12,-1.0,4,3,19,10933
22,-1.0,0,11,33,10934
8,-1.0,1,14,23,10935
0,1.0,4,17,21,10936
20,1.0,0,3,23,10937
36,-1.0,11,1,48,10938
8,1.0,10,4,22,10939
9,1.0,25,6,40,10940
3,-1.0,15,4,22,10941
33,-1.0,4,3,40,10942
21,-1.0,5,0,26,10943
44,-1.0,13,8,65,10944
1,-1.0,17,25,43,10945
10,1.0,14,2,26,10946
17,1.0,16,1,34,10947
14,1.0,13,2,29,10948
23,1.0,12,8,43,10949
3,1.0,11,10,24,10950
14,1.0,13,0,27,10951
19,-1.0,10,2,31,10952
28,-1.0,9,13,50,10953
17,1.0,9,4,30,10954
0,1.0,8,7,15,10955
6,1.0,8,3,17,10956
28,-1.0,2,4,34,10957
5,1.0,1,21,27,10958
50,-1.0,14,2,66,10959
47,-1.0,0,2,49,10960
21,-1.0,2,7,30,10961
25,1.0,8,2,35,10962
4,-1.0,9,7,20,10963
20,-1.0,15,17,52,10964
26,1.0,6,4,36,10965
0,0.0,3,12,15,10966
19,1.0,7,10,36,10967
3,1.0,6,16,25,10968
8,-1.0,7,2,17,10969
36,-1.0,9,1,46,10970
28,1.0,7,6,41,10971
8,-1.0,0,9,17,10972
33,-1.0,3,11,47,10973
25,-1.0,0,18,43,10974
11,-1.0,0,17,28,10975
81,-1.0,0,3,84,10976
64,-1.0,1,3,68,10977
26,1.0,9,0,35,10978
25,-1.0,32,17,74,10979
1,-1.0,25,6,32,10980
5,-1.0,1,22,28,10981
13,1.0,3,8,24,10982
1,-1.0,29,1,31,10983
0,1.0,1,15,16,10984
32,-1.0,0,2,34,10985
19,1.0,1,10,30,10986
5,1.0,11,12,28,10987
21,-1.0,10,8,39,10988
37,-1.0,0,2,39,10989
25,-1.0,3,7,35,10990
16,1.0,10,19,45,10991
15,1.0,7,11,33,10992
9,-1.0,0,21,30,10993
2,-1.0,10,10,22,10994
1,1.0,9,13,23,10995
31,-1.0,0,13,44,10996
4,1.0,2,18,24,10997
40,1.0,14,1,55,10998
13,1.0,0,19,32,10999
28,1.0,9,28,65,11000
12,-1.0,16,7,35,11001
17,-1.0,3,3,23,11002
14,-1.0,5,4,23,11003
8,-1.0,6,6,20,11004
0,0.0,7,3,10,11005
1,1.0,14,4,19,11006
5,-1.0,28,10,43,11007
11,1.0,2,10,23,11008
9,-1.0,17,19,45,11009
2,-1.0,11,0,13,11010
3,-1.0,4,13,20,11011
13,-1.0,6,5,24,11012
28,-1.0,14,0,42,11013
4,-1.0,6,24,34,11014
29,-1.0,9,19,57,11015
39,-1.0,0,1,40,11016
34,-1.0,8,5,47,11017
4,-1.0,9,14,27,11018
7,1.0,4,13,24,11019
18,-1.0,3,12,33,11020
24,-1.0,0,22,46,11021
1,1.0,12,4,17,11022
12,-1.0,7,4,23,11023
31,-1.0,5,1,37,11024
28,-1.0,7,1,36,11025
5,1.0,9,7,21,11026
19,1.0,8,5,32,11027
13,-1.0,3,4,20,11028
44,-1.0,0,6,50,11029
4,1.0,3,26,33,11030
1,1.0,21,7,29,11031
10,1.0,19,3,32,11032
4,1.0,9,14,27,11033
12,1.0,0,20,32,11034
16,1.0,10,5,31,11035
15,1.0,10,1,26,11036
33,1.0,5,10,48,11037
19,-1.0,6,2,27,11038
9,1.0,2,16,27,11039
5,-1.0,20,0,25,11040
23,1.0,14,3,40,11041
25,1.0,11,6,42,11042
20,1.0,24,7,51,11043
9,-1.0,27,3,39,11044
29,-1.0,2,6,37,11045
4,1.0,5,9,18,11046
25,1.0,1,5,31,11047
15,1.0,0,11,26,11048
0,1.0,3,14,17,11049
38,-1.0,2,2,42,11050
20,1.0,4,0,24,11051
27,1.0,17,0,44,11052
5,-1.0,16,4,25,11053
22,-1.0,3,11,36,11054
68,-1.0,0,6,74,11055
7,-1.0,14,7,28,11056
22,1.0,11,8,41,11057
47,-1.0,0,10,57,11058
35,-1.0,1,61,97,11059
23,1.0,0,19,42,11060
7,1.0,12,8,27,11061
22,1.0,4,14,40,11062
16,-1.0,4,2,22,11063
34,-1.0,6,1,41,11064
28,-1.0,7,0,35,11065
14,-1.0,0,19,33,11066
18,-1.0,1,6,25,11067
0,1.0,13,2,15,11068
24,-1.0,1,22,47,11069
1,1.0,6,13,20,11070
20,1.0,9,0,29,11071
32,1.0,4,3,39,11072
43,-1.0,12,0,55,11073
9,-1.0,21,19,49,11074
0,1.0,6,26,32,11075
25,1.0,5,7,37,11076
16,1.0,10,2,28,11077
13,1.0,20,1,34,11078
5,-1.0,0,11,16,11079
9,-1.0,10,3,22,11080
10,1.0,5,7,22,11081
32,1.0,0,1,33,11082
24,-1.0,11,6,41,11083
26,-1.0,7,2,35,11084
13,-1.0,13,1,27,11085
35,-1.0,7,4,46,11086
7,1.0,13,25,45,11087
0,0.0,2,41,43,11088
17,-1.0,0,11,28,11089
24,-1.0,8,4,36,11090
10,1.0,0,27,37,11091
31,1.0,10,7,48,11092
41,-1.0,1,1,43,11093
7,1.0,13,9,29,11094
20,1.0,2,13,35,11095
11,1.0,3,7,21,11096
33,1.0,3,4,40,11097
9,-1.0,6,4,19,11098
17,1.0,2,6,25,11099
9,-1.0,10,7,26,11100
6,1.0,27,1,34,11101
44,1.0,0,4,48,11102
41,-1.0,0,1,42,11103
29,-1.0,2,4,35,11104
11,-1.0,0,28,39,11105
23,-1.0,3,13,39,11106
25,-1.0,0,12,37,11107
40,-1.0,2,0,42,11108
7,-1.0,6,46,59,11109
45,1.0,2,3,50,11110
7,1.0,1,25,33,11111
33,1.0,8,123,164,11112
34,1.0,1,3,38,11113
21,1.0,14,16,51,11114
49,-1.0,4,0,53,11115
66,1.0,6,7,79,11116
3,-1.0,0,29,32,11117
20,-1.0,16,0,36,11118
5,-1.0,8,9,22,11119
14,-1.0,19,2,35,11120
52,1.0,0,0,52,11121
10,-1.0,15,4,29,11122
1,-1.0,16,9,26,11123
7,-1.0,0,19,26,11124
15,-1.0,18,2,35,11125
9,1.0,0,21,30,11126
11,1.0,4,15,30,11127
11,-1.0,6,8,25,11128
51,-1.0,2,6,59,11129
18,-1.0,1,22,41,11130
24,-1.0,19,11,54,11131
12,1.0,10,13,35,11132
15,-1.0,9,21,45,11133
14,-1.0,17,1,32,11134
29,-1.0,4,16,49,11135
21,1.0,13,12,46,11136
36,1.0,10,2,48,11137
10,1.0,11,4,25,11138
29,1.0,25,0,54,11139
9,-1.0,23,1,33,11140
38,1.0,0,1,39,11141
2,-1.0,7,20,29,11142
8,1.0,15,16,39,11143
11,-1.0,15,2,28,11144
3,-1.0,19,2,24,11145
2,1.0,16,5,23,11146
7,1.0,5,14,26,11147
0,-1.0,16,0,16,11148
15,-1.0,7,6,28,11149
5,-1.0,35,14,54,11150
38,-1.0,1,5,44,11151
20,-1.0,13,10,43,11152
13,1.0,5,8,26,11153
1,-1.0,4,25,30,11154
28,-1.0,1,6,35,11155
22,1.0,4,1,27,11156
19,1.0,7,3,29,11157
17,1.0,7,6,30,11158
14,1.0,3,14,31,11159
7,1.0,12,9,28,11160
33,-1.0,0,16,49,11161
13,-1.0,4,8,25,11162
30,1.0,3,11,44,11163
4,-1.0,18,0,22,11164
6,1.0,13,3,22,11165
9,1.0,3,10,22,11166
0,-1.0,7,20,27,11167
2,-1.0,4,17,23,11168
1,-1.0,5,12,18,11169
88,-1.0,19,13,120,11170
19,1.0,3,11,33,11171
29,1.0,1,7,37,11172
15,1.0,0,15,30,11173
21,-1.0,2,6,29,11174
45,-1.0,0,3,48,11175
30,-1.0,3,11,44,11176
26,-1.0,5,1,32,11177
17,-1.0,6,9,32,11178
13,1.0,4,15,32,11179
7,1.0,9,6,22,11180
33,-1.0,4,0,37,11181
2,1.0,3,16,21,11182
30,-1.0,6,11,47,11183
9,1.0,3,11,23,11184
68,-1.0,3,2,73,11185
38,1.0,0,15,53,11186
7,-1.0,11,17,35,11187
36,1.0,0,18,54,11188
17,-1.0,9,11,37,11189
39,-1.0,6,30,75,11190
5,1.0,20,24,49,11191
13,1.0,16,1,30,11192
24,-1.0,10,1,35,11193
25,-1.0,5,13,43,11194
3,-1.0,3,19,25,11195
1,1.0,20,4,25,11196
36,-1.0,2,2,40,11197
10,-1.0,11,12,33,11198
9,1.0,3,13,25,11199
18,1.0,9,3,30,11200
17,1.0,5,11,33,11201
8,1.0,3,22,33,11202
10,-1.0,0,24,34,11203
15,1.0,3,4,22,11204
31,1.0,6,5,42,11205
7,-1.0,20,6,33,11206
9,-1.0,5,8,22,11207
17,1.0,15,28,60,11208
27,1.0,2,18,47,11209
8,1.0,8,12,28,11210
17,1.0,2,7,26,11211
28,-1.0,1,11,40,11212
16,-1.0,4,4,24,11213
0,1.0,2,13,15,11214
0,1.0,9,5,14,11215
12,-1.0,8,0,20,11216
24,-1.0,5,5,34,11217
14,-1.0,3,15,32,11218
20,-1.0,12,0,32,11219
18,1.0,7,2,27,11220
26,-1.0,6,3,35,11221
14,-1.0,6,1,21,11222
17,-1.0,6,4,27,11223
17,-1.0,2,16,35,11224
17,-1.0,5,23,45,11225
1,-1.0,2,18,21,11226
19,-1.0,17,1,37,11227
40,1.0,21,0,61,11228
65,-1.0,0,4,69,11229
12,1.0,4,24,40,11230
57,-1.0,3,6,66,11231
39,1.0,6,2,47,11232
33,1.0,4,6,43,11233
13,1.0,3,12,28,11234
31,-1.0,1,3,35,11235
35,-1.0,8,3,46,11236
22,-1.0,23,1,46,11237
19,1.0,5,10,34,11238
1,-1.0,15,20,36,11239
5,1.0,15,4,24,11240
22,1.0,12,3,37,11241
7,1.0,5,6,18,11242
0,-1.0,12,4,16,11243
4,1.0,12,6,22,11244
5,-1.0,1,12,18,11245
30,1.0,3,7,40,11246
14,-1.0,4,24,42,11247
40,-1.0,0,1,41,11248
7,-1.0,16,1,24,11249
0,-1.0,4,15,19,11250
29,1.0,3,3,35,11251
4,-1.0,6,9,19,11252
10,-1.0,8,3,21,11253
7,-1.0,13,2,22,11254
13,-1.0,37,0,50,11255
12,1.0,13,5,30,11256
14,-1.0,10,7,31,11257
0,-1.0,9,25,34,11258
25,1.0,0,9,34,11259
17,-1.0,3,5,25,11260
5,1.0,5,9,19,11261
25,1.0,8,1,34,11262
2,-1.0,8,8,18,11263
6,-1.0,4,10,20,11264
39,1.0,15,0,54,11265
19,-1.0,16,2,37,11266
0,-1.0,11,12,23,11267
39,-1.0,15,13,67,11268
12,-1.0,21,1,34,11269
23,1.0,0,11,34,11270
5,1.0,7,9,21,11271
30,-1.0,4,2,36,11272
1,-1.0,2,17,20,11273
23,1.0,0,4,27,11274
1,1.0,13,2,16,11275
0,-1.0,7,12,19,11276
23,1.0,12,1,36,11277
31,-1.0,16,0,47,11278
3,-1.0,2,21,26,11279
0,0.0,11,12,23,11280
23,1.0,2,1,26,11281
14,1.0,4,15,33,11282
3,1.0,0,11,14,11283
37,-1.0,0,4,41,11284
5,1.0,12,16,33,11285
14,-1.0,9,1,24,11286
22,1.0,2,3,27,11287
3,-1.0,1,16,20,11288
10,1.0,12,0,22,11289
5,1.0,15,3,23,11290
17,1.0,6,2,25,11291
54,-1.0,1,23,78,11292
11,1.0,17,4,32,11293
21,-1.0,4,2,27,11294
6,1.0,8,10,24,11295
0,1.0,1,8,9,11296
5,1.0,11,2,18,11297
27,1.0,9,1,37,11298
56,1.0,0,0,56,11299
2,-1.0,9,7,18,11300
12,-1.0,9,5,26,11301
49,-1.0,0,14,63,11302
5,1.0,4,14,23,11303
20,1.0,13,1,34,11304
12,-1.0,3,6,21,11305
54,-1.0,14,23,91,11306
25,-1.0,8,1,34,11307
31,-1.0,3,5,39,11308
7,-1.0,13,4,24,11309
32,-1.0,3,13,48,11310
5,-1.0,26,3,34,11311
24,-1.0,0,19,43,11312
3,1.0,7,14,24,11313
45,-1.0,2,4,51,11314
43,1.0,0,6,49,11315
7,1.0,0,22,29,11316
38,-1.0,15,1,54,11317
14,1.0,9,6,29,11318
22,1.0,7,5,34,11319
30,1.0,5,0,35,11320
11,-1.0,3,7,21,11321
2,1.0,12,36,50,11322
2,1.0,11,18,31,11323
11,-1.0,0,13,24,11324
10,1.0,11,2,23,11325
1,-1.0,3,15,19,11326
2,-1.0,3,0,5,11327
20,-1.0,0,11,31,11328
9,-1.0,5,12,26,11329
4,-1.0,17,6,27,11330
18,1.0,1,6,25,11331
9,-1.0,1,15,25,11332
14,1.0,0,18,32,11333
44,1.0,30,0,74,11334
10,1.0,1,33,44,11335
19,1.0,2,1,22,11336
20,1.0,5,4,29,11337
36,-1.0,0,5,41,11338
15,1.0,0,6,21,11339
0,0.0,2,6,8,11340
13,-1.0,7,22,42,11341
2,-1.0,0,14,16,11342
1,1.0,7,7,15,11343
13,-1.0,1,14,28,11344
49,-1.0,0,10,59,11345
35,1.0,0,16,51,11346
15,-1.0,6,10,31,11347
18,1.0,1,16,35,11348
11,1.0,6,19,36,11349
3,1.0,8,11,22,11350
27,-1.0,2,3,32,11351
23,-1.0,4,3,30,11352
12,1.0,1,11,24,11353
2,-1.0,0,5,7,11354
23,-1.0,5,4,32,11355
7,-1.0,1,15,23,11356
40,1.0,2,10,52,11357
2,1.0,13,12,27,11358
19,1.0,9,12,40,11359
0,-1.0,7,11,18,11360
59,-1.0,0,6,65,11361
11,1.0,8,7,26,11362
55,1.0,9,0,64,11363
23,1.0,2,7,32,11364
0,0.0,3,9,12,11365
0,1.0,2,1,3,11366
50,-1.0,11,3,64,11367
24,-1.0,7,7,38,11368
0,-1.0,1,3,4,11369
7,-1.0,25,5,37,11370
2,1.0,0,2,4,11371
0,0.0,2,3,5,11372
42,1.0,9,0,51,11373
43,-1.0,2,0,45,11374
20,-1.0,1,21,42,11375
59,-1.0,0,7,66,11376
19,1.0,16,0,35,11377
15,-1.0,0,20,35,11378
57,1.0,2,0,59,11379
3,1.0,19,2,24,11380
37,-1.0,0,10,47,11381
82,-1.0,11,20,113,11382
6,-1.0,9,20,35,11383
50,-1.0,0,12,62,11384
31,1.0,0,6,37,11385
11,1.0,3,10,24,11386
22,-1.0,6,1,29,11387
10,-1.0,6,6,22,11388
28,-1.0,2,6,36,11389
13,1.0,8,7,28,11390
1,-1.0,4,30,35,11391
5,1.0,0,11,16,11392
18,-1.0,7,1,26,11393
86,-1.0,7,27,120,11394
1,1.0,16,13,30,11395
62,-1.0,4,2,68,11396
21,1.0,11,23,55,11397
18,1.0,12,2,32,11398
23,-1.0,10,17,50,11399
11,-1.0,23,4,38,11400
35,-1.0,6,6,47,11401
14,-1.0,11,1,26,11402
26,-1.0,2,23,51,11403
0,-1.0,25,8,33,11404
13,1.0,2,14,29,11405
49,1.0,19,7,75,11406
3,-1.0,19,0,22,11407
20,-1.0,0,17,37,11408
8,-1.0,18,4,30,11409
24,-1.0,13,2,39,11410
3,1.0,4,13,20,11411
8,-1.0,11,6,25,11412
9,1.0,7,4,20,11413
14,-1.0,15,4,33,11414
22,-1.0,12,0,34,11415
5,-1.0,18,0,23,11416
16,1.0,15,19,50,11417
12,1.0,10,6,28,11418
21,1.0,12,3,36,11419
28,1.0,3,1,32,11420
27,-1.0,6,1,34,11421
2,1.0,9,12,23,11422
8,1.0,21,3,32,11423
17,1.0,14,1,32,11424
20,1.0,2,16,38,11425
17,-1.0,5,1,23,11426
31,1.0,3,33,67,11427
73,-1.0,0,1,74,11428
11,1.0,13,24,48,11429
13,-1.0,13,5,31,11430
7,1.0,6,7,20,11431
1,-1.0,4,16,21,11432
35,-1.0,0,11,46,11433
11,-1.0,12,4,27,11434
10,-1.0,3,19,32,11435
11,-1.0,2,11,24,11436
13,-1.0,6,8,27,11437
16,1.0,3,19,38,11438
24,-1.0,1,8,33,11439
2,1.0,17,4,23,11440
20,1.0,3,17,40,11441
73,-1.0,17,34,124,11442
2,1.0,17,7,26,11443
20,-1.0,8,10,38,11444
39,-1.0,2,8,49,11445
4,-1.0,25,7,36,11446
0,-1.0,10,21,31,11447
0,1.0,12,11,23,11448
31,-1.0,0,10,41,11449
17,1.0,4,14,35,11450
34,-1.0,3,2,39,11451
1,1.0,3,21,25,11452
5,-1.0,3,33,41,11453
0,-1.0,9,11,20,11454
37,-1.0,4,4,45,11455
1,1.0,15,3,19,11456
19,-1.0,2,6,27,11457
21,-1.0,2,3,26,11458
37,-1.0,1,4,42,11459
12,-1.0,3,14,29,11460
17,-1.0,2,9,28,11461
14,1.0,6,7,27,11462
10,-1.0,0,18,28,11463
65,-1.0,5,0,70,11464
14,1.0,21,15,50,11465
42,-1.0,3,0,45,11466
17,-1.0,13,2,32,11467
37,-1.0,5,7,49,11468
22,1.0,2,13,37,11469
5,1.0,2,39,46,11470
11,1.0,9,7,27,11471
18,-1.0,12,58,88,11472
22,-1.0,16,0,38,11473
19,-1.0,4,26,49,11474
45,-1.0,2,3,50,11475
47,1.0,0,3,50,11476
43,1.0,1,4,48,11477
4,1.0,3,35,42,11478
14,-1.0,29,0,43,11479
16,1.0,8,8,32,11480
39,1.0,1,3,43,11481
20,1.0,1,14,35,11482
5,1.0,6,11,22,11483
19,1.0,8,0,27,11484
0,-1.0,7,7,14,11485
18,-1.0,3,16,37,11486
4,-1.0,0,25,29,11487
21,-1.0,5,4,30,11488
14,-1.0,2,16,32,11489
14,1.0,10,15,39,11490
39,1.0,1,8,48,11491
13,1.0,0,21,34,11492
22,-1.0,2,7,31,11493
0,1.0,0,27,27,11494
18,-1.0,4,12,34,11495
51,1.0,1,0,52,11496
44,1.0,32,1,77,11497
28,-1.0,10,0,38,11498
24,-1.0,2,2,28,11499
7,-1.0,17,28,52,11500
7,1.0,25,3,35,11501
35,1.0,3,3,41,11502
21,-1.0,11,17,49,11503
8,1.0,11,5,24,11504
27,-1.0,2,0,29,11505
35,-1.0,4,0,39,11506
17,1.0,0,9,26,11507
9,-1.0,2,9,20,11508
0,-1.0,9,5,14,11509
20,1.0,4,9,33,11510
33,-1.0,0,9,42,11511
48,-1.0,11,0,59,11512
25,1.0,6,8,39,11513
11,1.0,16,10,37,11514
19,-1.0,8,2,29,11515
27,-1.0,4,15,46,11516
3,1.0,9,20,32,11517
2,1.0,6,16,24,11518
13,1.0,3,9,25,11519
70,-1.0,18,28,116,11520
34,-1.0,14,0,48,11521
16,-1.0,16,23,55,11522
27,1.0,4,10,41,11523
19,1.0,1,9,29,11524
16,-1.0,4,22,42,11525
2,-1.0,3,22,27,11526
0,1.0,14,3,17,11527
19,1.0,2,4,25,11528
17,-1.0,1,16,34,11529
36,-1.0,2,5,43,11530
4,1.0,2,11,17,11531
2,-1.0,1,18,21,11532
5,-1.0,10,1,16,11533
62,-1.0,7,14,83,11534
25,1.0,3,12,40,11535
7,1.0,0,15,22,11536
13,-1.0,3,9,25,11537
10,1.0,13,1,24,11538
13,1.0,1,14,28,11539
42,-1.0,3,7,52,11540
12,-1.0,7,12,31,11541
11,1.0,3,16,30,11542
0,-1.0,7,17,24,11543
29,1.0,3,6,38,11544
12,-1.0,14,17,43,11545
17,1.0,15,11,43,11546
15,-1.0,7,8,30,11547
27,-1.0,2,15,44,11548
18,-1.0,1,10,29,11549
11,1.0,2,12,25,11550
20,-1.0,4,1,25,11551
72,1.0,2,0,74,11552
1,-1.0,0,2,3,11553
37,-1.0,10,5,52,11554
23,-1.0,14,7,44,11555
1,-1.0,20,1,22,11556
8,1.0,6,4,18,11557
11,1.0,7,7,25,11558
8,1.0,3,8,19,11559
9,-1.0,4,9,22,11560
0,1.0,1,9,10,11561
1,-1.0,17,4,22,11562
12,1.0,13,8,33,11563
35,-1.0,1,6,42,11564
14,1.0,0,33,47,11565
35,-1.0,15,0,50,11566
3,-1.0,14,0,17,11567
54,-1.0,0,0,54,11568
60,-1.0,0,2,62,11569
61,-1.0,0,1,62,11570
54,-1.0,0,1,55,11571
54,1.0,5,3,62,11572
7,1.0,8,9,24,11573
18,-1.0,7,5,30,11574
3,-1.0,28,3,34,11575
52,-1.0,3,7,62,11576
22,1.0,0,28,50,11577
9,1.0,8,4,21,11578
0,-1.0,10,0,10,11579
0,0.0,5,10,15,11580
15,1.0,13,2,30,11581
28,1.0,1,4,33,11582
18,1.0,4,4,26,11583
4,1.0,20,3,27,11584
3,1.0,2,21,26,11585
19,1.0,17,0,36,11586
36,1.0,6,2,44,11587
5,1.0,8,5,18,11588
32,1.0,7,12,51,11589
15,1.0,3,10,28,11590
10,1.0,2,7,19,11591
13,1.0,5,10,28,11592
0,1.0,13,6,19,11593
3,1.0,1,18,22,11594
59,1.0,12,0,71,11595
19,1.0,7,4,30,11596
5,1.0,7,10,22,11597
16,-1.0,9,24,49,11598
62,-1.0,0,9,71,11599
27,1.0,8,5,40,11600
18,1.0,3,9,30,11601
13,-1.0,10,0,23,11602
24,-1.0,5,2,31,11603
6,1.0,8,6,20,11604
9,1.0,2,12,23,11605
2,-1.0,14,28,44,11606
9,1.0,28,5,42,11607
5,-1.0,7,6,18,11608
1,-1.0,0,15,16,11609
1,1.0,3,19,23,11610
14,1.0,8,18,40,11611
1,-1.0,16,17,34,11612
10,1.0,9,8,27,11613
7,-1.0,12,2,21,11614
11,-1.0,5,8,24,11615
6,1.0,1,10,17,11616
23,-1.0,2,8,33,11617
20,1.0,3,7,30,11618
56,1.0,1,20,77,11619
40,1.0,36,0,76,11620
3,-1.0,5,22,30,11621
18,-1.0,5,5,28,11622
25,-1.0,7,13,45,11623
7,-1.0,4,17,28,11624
58,-1.0,1,22,81,11625
4,-1.0,5,12,21,11626
13,-1.0,3,10,26,11627
24,-1.0,2,8,34,11628
23,-1.0,0,21,44,11629
27,1.0,11,3,41,11630
0,-1.0,0,19,19,11631
23,1.0,5,4,32,11632
46,-1.0,12,6,64,11633
5,1.0,16,16,37,11634
1,1.0,11,11,23,11635
0,1.0,14,1,15,11636
12,-1.0,0,14,26,11637
10,1.0,6,5,21,11638
25,-1.0,2,8,35,11639
1,1.0,18,0,19,11640
7,-1.0,8,19,34,11641
7,-1.0,13,3,23,11642
91,-1.0,50,19,160,11643
6,-1.0,28,3,37,11644
59,-1.0,10,5,74,11645
42,1.0,7,12,61,11646
5,-1.0,17,15,37,11647
17,-1.0,17,0,34,11648
0,1.0,12,6,18,11649
20,-1.0,1,14,35,11650
6,-1.0,10,5,21,11651
9,1.0,7,5,21,11652
16,-1.0,22,0,38,11653
10,-1.0,16,5,31,11654
4,1.0,7,8,19,11655
9,-1.0,0,14,23,11656
20,-1.0,0,4,24,11657
2,1.0,20,3,25,11658
13,1.0,20,11,44,11659
10,-1.0,22,5,37,11660
10,1.0,28,16,54,11661
2,1.0,17,20,39,11662
27,1.0,3,7,37,11663
4,-1.0,10,15,29,11664
8,1.0,6,10,24,11665
13,1.0,2,10,25,11666
6,-1.0,1,13,20,11667
21,-1.0,2,19,42,11668
47,1.0,2,11,60,11669
4,-1.0,10,5,19,11670
96,1.0,0,0,96,11671
1,1.0,8,15,24,11672
13,-1.0,0,20,33,11673
16,1.0,17,5,38,11674
34,-1.0,3,19,56,11675
12,-1.0,20,4,36,11676
0,-1.0,2,10,12,11677
21,1.0,1,5,27,11678
5,-1.0,20,1,26,11679
15,-1.0,7,7,29,11680
17,-1.0,5,7,29,11681
1,1.0,8,10,19,11682
14,-1.0,0,17,31,11683
38,-1.0,7,1,46,11684
28,1.0,5,0,33,11685
1,1.0,15,14,30,11686
27,-1.0,6,5,38,11687
3,-1.0,11,8,22,11688
8,1.0,2,23,33,11689
27,1.0,29,4,60,11690
24,1.0,15,0,39,11691
5,1.0,8,10,23,11692
12,-1.0,2,6,20,11693
25,-1.0,16,8,49,11694
1,1.0,5,22,28,11695
16,1.0,7,5,28,11696
2,-1.0,1,9,12,11697
19,1.0,25,4,48,11698
36,1.0,1,9,46,11699
5,-1.0,6,9,20,11700
24,1.0,8,6,38,11701
24,1.0,8,3,35,11702
16,1.0,6,4,26,11703
20,1.0,8,14,42,11704
21,-1.0,6,7,34,11705
0,-1.0,5,9,14,11706
10,1.0,5,5,20,11707
13,-1.0,0,12,25,11708
11,-1.0,0,12,23,11709
9,1.0,3,9,21,11710
21,-1.0,12,15,48,11711
5,-1.0,6,14,25,11712
56,-1.0,2,4,62,11713
28,-1.0,13,4,45,11714
27,1.0,1,16,44,11715
7,-1.0,2,12,21,11716
27,-1.0,1,4,32,11717
24,1.0,12,10,46,11718
8,-1.0,15,1,24,11719
32,1.0,2,4,38,11720
2,-1.0,2,0,4,11721
21,-1.0,6,5,32,11722
7,1.0,21,6,34,11723
10,1.0,19,0,29,11724
8,1.0,19,4,31,11725
28,-1.0,3,11,42,11726
8,1.0,12,6,26,11727
29,-1.0,13,4,46,11728
41,-1.0,1,6,48,11729
26,1.0,1,26,53,11730
18,1.0,6,8,32,11731
3,1.0,7,12,22,11732
53,-1.0,0,1,54,11733
7,-1.0,13,8,28,11734
31,1.0,3,3,37,11735
42,-1.0,0,0,42,11736
15,-1.0,0,24,39,11737
0,1.0,13,8,21,11738
35,-1.0,3,1,39,11739
11,-1.0,0,16,27,11740
21,-1.0,4,7,32,11741
15,1.0,16,3,34,11742
10,-1.0,4,12,26,11743
16,-1.0,2,12,30,11744
5,-1.0,27,9,41,11745
48,1.0,9,0,57,11746
6,-1.0,4,39,49,11747
28,-1.0,12,0,40,11748
4,1.0,27,6,37,11749
25,-1.0,6,6,37,11750
27,-1.0,0,6,33,11751
32,-1.0,2,11,45,11752
9,1.0,6,10,25,11753
23,1.0,1,6,30,11754
5,1.0,21,14,40,11755
9,-1.0,3,19,31,11756
11,1.0,3,13,27,11757
16,-1.0,6,1,23,11758
8,-1.0,10,3,21,11759
34,-1.0,2,6,42,11760
5,-1.0,12,19,36,11761
0,-1.0,6,13,19,11762
9,-1.0,4,14,27,11763
13,-1.0,1,18,32,11764
9,-1.0,1,25,35,11765
11,1.0,0,20,31,11766
2,-1.0,13,13,28,11767
30,1.0,2,8,40,11768
11,1.0,9,6,26,11769
9,-1.0,11,6,26,11770
23,-1.0,1,5,29,11771
15,1.0,0,18,33,11772
21,1.0,0,13,34,11773
21,-1.0,4,6,31,11774
0,0.0,2,10,12,11775
27,1.0,12,1,40,11776
20,1.0,1,9,30,11777
3,-1.0,29,25,57,11778
13,-1.0,10,3,26,11779
20,-1.0,2,19,41,11780
0,0.0,7,17,24,11781
6,-1.0,7,11,24,11782
0,-1.0,11,2,13,11783
42,1.0,3,0,45,11784
2,1.0,6,19,27,11785
23,-1.0,0,15,38,11786
30,1.0,1,12,43,11787
4,-1.0,15,1,20,11788
35,-1.0,12,8,55,11789
90,1.0,0,0,90,11790
53,1.0,6,2,61,11791
48,1.0,0,7,55,11792
3,1.0,0,35,38,11793
3,1.0,29,15,47,11794
14,-1.0,23,12,49,11795
41,-1.0,5,3,49,11796
13,-1.0,16,9,38,11797
36,1.0,3,7,46,11798
8,-1.0,2,19,29,11799
22,1.0,5,6,33,11800
6,1.0,7,10,23,11801
0,1.0,0,13,13,11802
0,-1.0,5,10,15,11803
1,-1.0,11,9,21,11804
17,1.0,10,6,33,11805
19,-1.0,0,11,30,11806
2,-1.0,18,23,43,11807
39,1.0,15,5,59,11808
26,-1.0,15,1,42,11809
29,-1.0,6,6,41,11810
3,-1.0,1,20,24,11811
6,-1.0,0,18,24,11812
43,1.0,1,1,45,11813
11,-1.0,14,1,26,11814
1,1.0,13,15,29,11815
3,-1.0,3,22,28,11816
14,1.0,3,10,27,11817
17,1.0,7,3,27,11818
27,-1.0,0,12,39,11819
2,-1.0,5,10,17,11820
5,-1.0,14,0,19,11821
27,-1.0,4,8,39,11822
6,1.0,0,21,27,11823
37,1.0,0,1,38,11824
1,1.0,46,6,53,11825
24,1.0,16,2,42,11826
42,1.0,0,1,43,11827
34,1.0,7,0,41,11828
22,-1.0,8,0,30,11829
22,1.0,11,2,35,11830
9,-1.0,2,13,24,11831
23,1.0,2,5,30,11832
6,-1.0,9,1,16,11833
10,1.0,2,17,29,11834
61,-1.0,6,4,71,11835
19,1.0,17,16,52,11836
13,1.0,6,10,29,11837
15,1.0,8,5,28,11838
0,-1.0,1,10,11,11839
10,-1.0,8,1,19,11840
4,-1.0,12,12,28,11841
2,1.0,16,3,21,11842
11,1.0,0,13,24,11843
5,-1.0,19,4,28,11844
29,-1.0,7,3,39,11845
0,1.0,7,7,14,11846
0,-1.0,6,12,18,11847
33,1.0,6,4,43,11848
5,-1.0,16,0,21,11849
22,-1.0,8,17,47,11850
4,-1.0,5,24,33,11851
30,-1.0,3,5,38,11852
54,-1.0,9,9,72,11853
13,1.0,4,10,27,11854
0,-1.0,9,0,9,11855
3,-1.0,0,20,23,11856
28,1.0,6,1,35,11857
29,1.0,2,2,33,11858
19,-1.0,5,18,42,11859
0,-1.0,6,5,11,11860
21,1.0,3,6,30,11861
15,1.0,7,1,23,11862
4,-1.0,15,25,44,11863
4,1.0,5,12,21,11864
16,-1.0,13,1,30,11865
2,-1.0,3,13,18,11866
3,-1.0,2,0,5,11867
4,-1.0,14,0,18,11868
7,1.0,5,33,45,11869
4,-1.0,22,1,27,11870
23,1.0,0,8,31,11871
42,-1.0,2,5,49,11872
15,-1.0,4,12,31,11873
17,-1.0,0,22,39,11874
9,1.0,12,10,31,11875
18,1.0,20,12,50,11876
21,-1.0,7,8,36,11877
0,-1.0,1,11,12,11878
20,1.0,0,6,26,11879
32,-1.0,0,3,35,11880
35,-1.0,1,11,47,11881
14,1.0,6,3,23,11882
19,1.0,6,8,33,11883
26,-1.0,9,6,41,11884
92,-1.0,0,2,94,11885
30,1.0,10,11,51,11886
9,1.0,17,14,40,11887
16,-1.0,22,8,46,11888
21,-1.0,8,4,33,11889
5,-1.0,12,5,22,11890
39,-1.0,4,0,43,11891
4,-1.0,19,12,35,11892
18,-1.0,0,25,43,11893
0,1.0,10,2,12,11894
11,-1.0,3,24,38,11895
16,1.0,1,20,37,11896
21,-1.0,1,13,35,11897
13,-1.0,7,1,21,11898
43,-1.0,3,3,49,11899
38,1.0,4,0,42,11900
29,-1.0,5,5,39,11901
23,-1.0,2,21,46,11902
37,-1.0,0,15,52,11903
20,-1.0,7,6,33,11904
23,-1.0,7,13,43,11905
9,1.0,4,19,32,11906
112,-1.0,15,0,127,11907
64,-1.0,2,16,82,11908
21,1.0,23,0,44,11909
57,1.0,0,0,57,11910
31,1.0,6,6,43,11911
0,-1.0,14,18,32,11912
23,-1.0,6,20,49,11913
11,1.0,10,8,29,11914
14,-1.0,8,8,30,11915
25,1.0,1,3,29,11916
22,1.0,0,3,25,11917
25,-1.0,0,10,35,11918
30,-1.0,1,12,43,11919
0,-1.0,20,8,28,11920
10,1.0,2,24,36,11921
11,1.0,7,11,29,11922
2,1.0,11,6,19,11923
15,-1.0,7,15,37,11924
1,1.0,13,4,18,11925
2,1.0,3,43,48,11926
51,-1.0,10,2,63,11927
3,-1.0,24,12,39,11928
16,1.0,13,6,35,11929
13,1.0,16,5,34,11930
19,1.0,6,5,30,11931
16,1.0,2,12,30,11932
22,-1.0,0,7,29,11933
3,-1.0,11,17,31,11934
12,1.0,8,13,33,11935
13,1.0,10,5,28,11936
7,1.0,30,0,37,11937
26,1.0,4,4,34,11938
5,1.0,8,25,38,11939
16,1.0,7,10,33,11940
4,-1.0,5,15,24,11941
13,-1.0,10,8,31,11942
35,-1.0,3,4,42,11943
24,1.0,7,0,31,11944
13,-1.0,2,5,20,11945
25,1.0,1,7,33,11946
20,1.0,0,73,93,11947
63,-1.0,0,5,68,11948
18,-1.0,5,31,54,11949
6,1.0,19,5,30,11950
26,-1.0,7,14,47,11951
0,-1.0,17,7,24,11952
7,1.0,7,11,25,11953
1,1.0,7,11,19,11954
9,-1.0,27,8,44,11955
35,1.0,7,0,42,11956
33,1.0,0,3,36,11957
9,1.0,14,1,24,11958
9,1.0,4,14,27,11959
14,1.0,4,9,27,11960
7,-1.0,21,0,28,11961
54,1.0,2,7,63,11962
2,-1.0,18,5,25,11963
2,1.0,7,13,22,11964
3,1.0,9,12,24,11965
22,-1.0,2,8,32,11966
1,-1.0,18,13,32,11967
13,-1.0,6,6,25,11968
52,1.0,0,1,53,11969
2,-1.0,16,1,19,11970
11,-1.0,6,6,23,11971
61,-1.0,14,9,84,11972
0,-1.0,3,16,19,11973
5,-1.0,4,16,25,11974
13,-1.0,5,6,24,11975
3,1.0,3,9,15,11976
46,-1.0,1,4,51,11977
23,-1.0,0,17,40,11978
1,-1.0,9,12,22,11979
35,-1.0,9,26,70,11980
41,1.0,0,4,45,11981
16,-1.0,2,13,31,11982
1,-1.0,15,0,16,11983
76,1.0,2,0,78,11984
64,-1.0,0,0,64,11985
77,-1.0,0,0,77,11986
0,-1.0,18,24,42,11987
22,-1.0,25,4,51,11988
6,-1.0,19,9,34,11989
11,-1.0,10,10,31,11990
28,-1.0,2,20,50,11991
3,-1.0,26,5,34,11992
11,-1.0,8,19,38,11993
3,1.0,20,7,30,11994
43,-1.0,6,2,51,11995
7,-1.0,0,48,55,11996
10,1.0,7,5,22,11997
38,-1.0,8,0,46,11998
2,1.0,6,20,28,11999
2,-1.0,29,0,31,12000
7,-1.0,3,14,24,12001
10,-1.0,9,10,29,12002
2,1.0,14,0,16,12003
2,1.0,19,1,22,12004
30,1.0,1,3,34,12005
8,-1.0,3,13,24,12006
35,1.0,15,1,51,12007
36,1.0,18,1,55,12008
32,-1.0,1,3,36,12009
24,-1.0,5,6,35,12010
9,1.0,14,7,30,12011
2,1.0,13,6,21,12012
33,-1.0,16,0,49,12013
10,-1.0,1,18,29,12014
31,1.0,1,2,34,12015
20,1.0,4,12,36,12016
31,1.0,7,6,44,12017
33,-1.0,4,2,39,12018
4,-1.0,41,6,51,12019
17,-1.0,13,10,40,12020
0,0.0,14,7,21,12021
29,-1.0,1,2,32,12022
31,-1.0,1,20,52,12023
189,-1.0,153,115,457,12024
106,1.0,0,33,139,12025
107,1.0,9,0,116,12026
205,1.0,0,5,210,12027
1,-1.0,48,79,128,12028
31,1.0,27,21,79,12029
36,-1.0,4,24,64,12030
96,1.0,1,21,118,12031
43,1.0,5,8,56,12032
28,1.0,4,22,54,12033
92,1.0,0,0,92,12034
45,-1.0,24,0,69,12035
29,1.0,20,20,69,12036
23,-1.0,19,2,44,12037
41,1.0,6,3,50,12038
5,1.0,20,1,26,12039
30,1.0,4,1,35,12040
20,-1.0,13,0,33,12041
11,-1.0,2,13,26,12042
9,1.0,5,5,19,12043
8,-1.0,6,9,23,12044
32,-1.0,6,5,43,12045
7,1.0,15,18,40,12046
27,1.0,6,4,37,12047
4,-1.0,7,3,14,12048
5,1.0,4,9,18,12049
5,-1.0,5,14,24,12050
40,-1.0,9,2,51,12051
10,1.0,7,6,23,12052
78,-1.0,0,14,92,12053
31,1.0,17,6,54,12054
29,-1.0,1,10,40,12055
32,1.0,7,5,44,12056
8,-1.0,10,14,32,12057
6,1.0,7,14,27,12058
8,-1.0,8,7,23,12059
23,1.0,12,4,39,12060
1,-1.0,31,2,34,12061
5,1.0,6,14,25,12062
74,-1.0,14,29,117,12063
21,1.0,2,5,28,12064
22,-1.0,0,10,32,12065
18,1.0,2,7,27,12066
68,-1.0,0,4,72,12067
15,-1.0,6,11,32,12068
7,1.0,15,6,28,12069
9,-1.0,14,3,26,12070
4,-1.0,16,5,25,12071
23,1.0,4,2,29,12072
18,1.0,11,3,32,12073
0,1.0,8,3,11,12074
4,-1.0,3,16,23,12075
11,1.0,7,9,27,12076
16,-1.0,11,15,42,12077
11,1.0,15,0,26,12078
0,1.0,4,1,5,12079
5,-1.0,0,0,5,12080
5,1.0,4,8,17,12081
3,1.0,7,7,17,12082
82,-1.0,0,1,83,12083
54,-1.0,6,3,63,12084
54,-1.0,5,4,63,12085
16,-1.0,7,27,50,12086
5,1.0,43,15,63,12087
26,-1.0,10,5,41,12088
48,-1.0,9,16,73,12089
45,-1.0,10,3,58,12090
37,1.0,0,8,45,12091
5,-1.0,26,5,36,12092
16,-1.0,0,11,27,12093
4,1.0,25,5,34,12094
27,1.0,3,1,31,12095
1,-1.0,0,25,26,12096
14,1.0,20,5,39,12097
36,1.0,2,5,43,12098
9,-1.0,4,7,20,12099
25,-1.0,10,20,55,12100
0,1.0,9,11,20,12101
28,1.0,13,2,43,12102
12,-1.0,0,17,29,12103
29,-1.0,6,2,37,12104
1,1.0,0,12,13,12105
1,1.0,0,24,25,12106
0,0.0,5,11,16,12107
3,1.0,11,5,19,12108
31,-1.0,0,14,45,12109
45,1.0,6,0,51,12110
15,1.0,0,19,34,12111
11,-1.0,4,11,26,12112
14,-1.0,7,0,21,12113
46,1.0,4,0,50,12114
23,1.0,5,2,30,12115
32,-1.0,39,0,71,12116
25,-1.0,0,22,47,12117
22,-1.0,9,8,39,12118
14,-1.0,5,2,21,12119
36,-1.0,2,1,39,12120
28,-1.0,14,3,45,12121
2,1.0,3,22,27,12122
9,-1.0,7,4,20,12123
40,-1.0,1,2,43,12124
25,-1.0,4,12,41,12125
13,-1.0,0,9,22,12126
11,-1.0,8,7,26,12127
2,-1.0,5,13,20,12128
24,-1.0,1,5,30,12129
17,-1.0,11,17,45,12130
0,-1.0,5,0,5,12131
35,1.0,1,2,38,12132
11,-1.0,10,1,22,12133
4,1.0,15,6,25,12134
4,-1.0,3,18,25,12135
0,0.0,3,6,9,12136
9,-1.0,1,16,26,12137
1,1.0,7,9,17,12138
80,-1.0,1,0,81,12139
17,-1.0,13,6,36,12140
36,-1.0,21,0,57,12141
25,1.0,0,10,35,12142
32,1.0,1,10,43,12143
22,-1.0,14,0,36,12144
11,-1.0,4,9,24,12145
10,1.0,21,2,33,12146
2,1.0,7,12,21,12147
5,1.0,17,1,23,12148
13,1.0,13,2,28,12149
19,1.0,16,14,49,12150
12,1.0,16,0,28,12151
10,1.0,3,10,23,12152
5,-1.0,13,6,24,12153
10,-1.0,11,3,24,12154
10,1.0,0,13,23,12155
4,-1.0,14,3,21,12156
10,-1.0,4,14,28,12157
4,-1.0,7,12,23,12158
8,1.0,13,7,28,12159
6,-1.0,3,18,27,12160
1,-1.0,0,22,23,12161
20,1.0,5,8,33,12162
10,1.0,37,5,52,12163
21,1.0,19,0,40,12164
36,-1.0,12,8,56,12165
55,-1.0,2,10,67,12166
31,1.0,2,19,52,12167
61,1.0,0,1,62,12168
15,-1.0,18,5,38,12169
1,-1.0,10,11,22,12170
35,-1.0,0,6,41,12171
8,1.0,4,9,21,12172
34,1.0,1,2,37,12173
19,-1.0,0,9,28,12174
10,-1.0,11,4,25,12175
27,1.0,3,8,38,12176
33,-1.0,37,12,82,12177
1,-1.0,9,17,27,12178
44,1.0,2,3,49,12179
13,1.0,10,4,27,12180
4,-1.0,2,16,22,12181
8,1.0,8,7,23,12182
7,-1.0,11,14,32,12183
0,-1.0,2,11,13,12184
20,1.0,0,7,27,12185
18,-1.0,3,8,29,12186
16,-1.0,7,6,29,12187
43,-1.0,5,3,51,12188
13,1.0,3,14,30,12189
28,-1.0,20,1,49,12190
61,-1.0,5,0,66,12191
18,-1.0,5,32,55,12192
17,1.0,14,6,37,12193
19,1.0,0,23,42,12194
5,1.0,14,7,26,12195
1,-1.0,4,14,19,12196
12,1.0,10,7,29,12197
16,-1.0,3,16,35,12198
16,1.0,9,5,30,12199
33,-1.0,35,9,77,12200
18,-1.0,10,3,31,12201
43,-1.0,1,14,58,12202
34,1.0,3,0,37,12203
2,1.0,23,1,26,12204
40,1.0,2,11,53,12205
5,1.0,9,6,20,12206
7,-1.0,5,12,24,12207
12,-1.0,4,10,26,12208
7,1.0,13,2,22,12209
3,1.0,8,6,17,12210
3,-1.0,7,8,18,12211
4,-1.0,0,13,17,12212
18,-1.0,11,2,31,12213
6,1.0,14,3,23,12214
1,-1.0,9,9,19,12215
5,1.0,7,15,27,12216
20,1.0,10,6,36,12217
13,1.0,8,0,21,12218
3,-1.0,0,24,27,12219
45,1.0,12,2,59,12220
2,-1.0,16,3,21,12221
30,1.0,3,2,35,12222
15,1.0,11,3,29,12223
48,1.0,55,0,103,12224
10,1.0,15,16,41,12225
8,-1.0,10,0,18,12226
8,1.0,22,1,31,12227
16,-1.0,0,20,36,12228
30,-1.0,19,0,49,12229
0,1.0,5,9,14,12230
4,1.0,10,6,20,12231
1,-1.0,6,15,22,12232
7,1.0,7,7,21,12233
11,-1.0,6,10,27,12234
0,0.0,8,10,18,12235
27,1.0,2,5,34,12236
46,1.0,3,6,55,12237
39,1.0,4,4,47,12238
19,1.0,2,9,30,12239
13,-1.0,2,15,30,12240
14,-1.0,8,9,31,12241
12,1.0,2,15,29,12242
26,1.0,13,1,40,12243
11,-1.0,8,15,34,12244
11,-1.0,18,2,31,12245
19,1.0,11,4,34,12246
7,-1.0,16,0,23,12247
31,1.0,22,7,60,12248
60,1.0,0,6,66,12249
1,-1.0,10,21,32,12250
57,-1.0,0,5,62,12251
11,1.0,0,44,55,12252
28,-1.0,8,5,41,12253
17,1.0,1,36,54,12254
1,1.0,20,16,37,12255
39,1.0,7,1,47,12256
7,1.0,12,12,31,12257
2,-1.0,10,21,33,12258
8,-1.0,17,1,26,12259
24,1.0,0,10,34,12260
1,1.0,15,10,26,12261
4,-1.0,14,7,25,12262
9,1.0,1,24,34,12263
2,-1.0,22,8,32,12264
8,1.0,10,5,23,12265
6,-1.0,14,33,53,12266
7,-1.0,3,16,26,12267
1,1.0,19,5,25,12268
14,-1.0,12,3,29,12269
4,1.0,2,13,19,12270
6,-1.0,21,3,30,12271
16,1.0,11,0,27,12272
20,-1.0,9,2,31,12273
26,-1.0,12,3,41,12274
12,1.0,0,16,28,12275
0,1.0,2,20,22,12276
52,1.0,2,2,56,12277
7,1.0,18,7,32,12278
3,-1.0,8,17,28,12279
16,1.0,13,9,38,12280
5,1.0,20,0,25,12281
3,1.0,15,1,19,12282
21,1.0,14,6,41,12283
5,1.0,12,10,27,12284
47,1.0,11,18,76,12285
13,-1.0,11,17,41,12286
6,-1.0,5,10,21,12287
20,-1.0,12,9,41,12288
99,1.0,5,3,107,12289
25,-1.0,1,11,37,12290
56,1.0,3,0,59,12291
5,-1.0,22,5,32,12292
0,0.0,6,3,9,12293
14,1.0,18,1,33,12294
12,-1.0,7,9,28,12295
6,-1.0,20,18,44,12296
55,1.0,0,0,55,12297
9,-1.0,6,11,26,12298
17,1.0,0,8,25,12299
20,-1.0,4,9,33,12300
17,-1.0,2,17,36,12301
6,1.0,17,8,31,12302
60,-1.0,7,15,82,12303
1,-1.0,6,21,28,12304
1,1.0,21,0,22,12305
27,-1.0,17,1,45,12306
32,-1.0,1,11,44,12307
14,1.0,1,23,38,12308
27,-1.0,3,17,47,12309
8,1.0,10,3,21,12310
22,-1.0,9,2,33,12311
0,-1.0,0,13,13,12312
4,1.0,0,17,21,12313
0,-1.0,6,11,17,12314
2,-1.0,16,4,22,12315
6,-1.0,7,15,28,12316
6,-1.0,2,8,16,12317
6,1.0,60,14,80,12318
41,1.0,6,5,52,12319
21,1.0,16,6,43,12320
5,-1.0,26,11,42,12321
1,-1.0,14,9,24,12322
34,-1.0,3,1,38,12323
16,1.0,6,3,25,12324
16,-1.0,3,14,33,12325
6,1.0,16,5,27,12326
56,1.0,7,0,63,12327
9,1.0,13,21,43,12328
17,1.0,14,12,43,12329
64,1.0,22,0,86,12330
2,-1.0,9,17,28,12331
22,-1.0,5,5,32,12332
9,1.0,1,14,24,12333
2,-1.0,38,2,42,12334
14,-1.0,19,1,34,12335
22,-1.0,1,22,45,12336
14,1.0,20,0,34,12337
26,1.0,13,3,42,12338
1,1.0,9,16,26,12339
11,1.0,15,5,31,12340
23,-1.0,5,9,37,12341
2,-1.0,10,18,30,12342
37,-1.0,6,0,43,12343
21,1.0,1,47,69,12344
18,-1.0,8,3,29,12345
110,-1.0,4,29,143,12346
26,-1.0,22,24,72,12347
24,1.0,17,7,48,12348
38,-1.0,9,18,65,12349
17,1.0,87,16,120,12350
2,1.0,17,18,37,12351
174,-1.0,3,50,227,12352
26,1.0,52,120,198,12353
72,1.0,98,40,210,12354
46,1.0,4,26,76,12355
14,1.0,13,44,71,12356
53,1.0,23,14,90,12357
52,1.0,23,0,75,12358
21,-1.0,15,34,70,12359
35,1.0,1,20,56,12360
4,-1.0,9,25,38,12361
54,1.0,38,1,93,12362
26,1.0,24,6,56,12363
0,1.0,51,11,62,12364
37,-1.0,17,0,54,12365
11,1.0,9,12,32,12366
4,1.0,4,20,28,12367
0,-1.0,18,4,22,12368
54,-1.0,12,2,68,12369
14,1.0,7,26,47,12370
82,-1.0,9,12,103,12371
2,-1.0,40,36,78,12372
18,1.0,19,9,46,12373
12,-1.0,5,15,32,12374
16,-1.0,0,27,43,12375
59,1.0,4,20,83,12376
76,-1.0,0,7,83,12377
39,1.0,3,15,57,12378
4,-1.0,4,19,27,12379
1,1.0,15,8,24,12380
42,-1.0,0,4,46,12381
37,-1.0,3,9,49,12382
7,-1.0,20,0,27,12383
43,-1.0,2,20,65,12384
45,-1.0,20,0,65,12385
50,-1.0,0,3,53,12386
23,-1.0,1,34,58,12387
36,1.0,3,25,64,12388
4,1.0,27,22,53,12389
6,1.0,13,7,26,12390
2,-1.0,0,19,21,12391
10,1.0,6,18,34,12392
10,1.0,11,13,34,12393
7,-1.0,10,8,25,12394
22,-1.0,8,5,35,12395
9,-1.0,12,7,28,12396
26,-1.0,3,8,37,12397
13,-1.0,10,10,33,12398
29,1.0,4,4,37,12399
38,1.0,7,0,45,12400
33,-1.0,6,1,40,12401
1,-1.0,12,10,23,12402
8,-1.0,7,12,27,12403
5,-1.0,0,19,24,12404
27,1.0,1,18,46,12405
43,-1.0,0,10,53,12406
3,1.0,10,25,38,12407
4,-1.0,19,7,30,12408
11,-1.0,8,30,49,12409
8,1.0,27,8,43,12410
17,-1.0,0,19,36,12411
27,-1.0,1,7,35,12412
32,-1.0,0,17,49,12413
2,-1.0,0,32,34,12414
48,-1.0,4,2,54,12415
76,1.0,2,35,113,12416
53,-1.0,15,2,70,12417
2,-1.0,2,29,33,12418
56,1.0,10,0,66,12419
7,1.0,0,31,38,12420
13,1.0,37,7,57,12421
4,1.0,0,29,33,12422
25,1.0,6,25,56,12423
30,1.0,0,7,37,12424
10,1.0,14,27,51,12425
31,1.0,4,4,39,12426
26,-1.0,11,4,41,12427
56,-1.0,4,5,65,12428
14,1.0,7,8,29,12429
4,1.0,6,25,35,12430
1,1.0,21,3,25,12431
2,1.0,22,0,24,12432
2,-1.0,10,9,21,12433
1,1.0,8,8,17,12434
66,1.0,0,0,66,12435
30,-1.0,2,16,48,12436
15,-1.0,14,3,32,12437
8,-1.0,4,13,25,12438
24,1.0,7,1,32,12439
38,1.0,8,2,48,12440
42,1.0,7,4,53,12441
15,-1.0,7,5,27,12442
6,-1.0,1,29,36,12443
12,1.0,4,8,24,12444
53,-1.0,3,1,57,12445
0,-1.0,24,4,28,12446
24,1.0,12,14,50,12447
30,-1.0,0,22,52,12448
1,1.0,21,22,44,12449
20,-1.0,6,15,41,12450
9,1.0,5,15,29,12451
3,1.0,19,6,28,12452
9,1.0,5,20,34,12453
6,-1.0,10,10,26,12454
2,-1.0,15,5,22,12455
18,1.0,11,5,34,12456
16,-1.0,7,7,30,12457
47,1.0,1,6,54,12458
2,-1.0,7,19,28,12459
39,-1.0,0,8,47,12460
15,1.0,0,16,31,12461
21,1.0,4,3,28,12462
159,1.0,43,33,235,12463
43,1.0,4,48,95,12464
52,1.0,19,30,101,12465
10,-1.0,55,0,65,12466
65,-1.0,4,1,70,12467
6,-1.0,50,2,58,12468
2,1.0,10,45,57,12469
24,-1.0,8,10,42,12470
9,-1.0,5,22,36,12471
8,-1.0,5,28,41,12472
37,-1.0,14,0,51,12473
15,1.0,0,35,50,12474
41,1.0,5,1,47,12475
15,1.0,24,2,41,12476
27,-1.0,2,11,40,12477
55,1.0,2,4,61,12478
12,-1.0,5,26,43,12479
18,1.0,4,11,33,12480
5,1.0,13,10,28,12481
32,1.0,3,2,37,12482
5,-1.0,13,5,23,12483
63,1.0,1,0,64,12484
14,1.0,14,7,35,12485
4,-1.0,20,1,25,12486
18,1.0,0,20,38,12487
4,-1.0,9,21,34,12488
22,1.0,0,6,28,12489
2,-1.0,23,9,34,12490
75,1.0,17,4,96,12491
5,1.0,1,40,46,12492
30,1.0,9,18,57,12493
31,1.0,0,23,54,12494
78,1.0,13,20,111,12495
24,1.0,0,35,59,12496
64,-1.0,4,1,69,12497
75,1.0,21,16,112,12498
101,1.0,0,1,102,12499
25,-1.0,35,2,62,12500
91,-1.0,0,23,114,12501
55,1.0,12,1,68,12502
18,-1.0,11,22,51,12503
47,-1.0,1,3,51,12504
20,1.0,28,0,48,12505
72,-1.0,4,22,98,12506
47,-1.0,0,15,62,12507
27,1.0,24,3,54,12508
55,1.0,0,4,59,12509
14,1.0,15,2,31,12510
15,1.0,13,15,43,12511
45,-1.0,2,32,79,12512
9,-1.0,5,18,32,12513
4,1.0,4,30,38,12514
40,-1.0,2,11,53,12515
23,-1.0,17,0,40,12516
18,1.0,3,10,31,12517
3,1.0,5,16,24,12518
35,-1.0,4,17,56,12519
38,-1.0,7,0,45,12520
16,-1.0,16,0,32,12521
22,1.0,4,4,30,12522
3,1.0,10,18,31,12523
7,-1.0,17,0,24,12524
11,-1.0,12,3,26,12525
10,-1.0,21,1,32,12526
34,1.0,18,2,54,12527
32,-1.0,15,7,54,12528
32,1.0,3,7,42,12529
0,1.0,1,21,22,12530
14,1.0,22,3,39,12531
24,1.0,7,6,37,12532
4,-1.0,17,7,28,12533
13,1.0,5,11,29,12534
44,-1.0,0,2,46,12535
5,-1.0,5,12,22,12536
22,1.0,10,7,39,12537
5,-1.0,20,9,34,12538
0,1.0,7,24,31,12539
12,-1.0,7,3,22,12540
18,-1.0,9,3,30,12541
22,1.0,12,6,40,12542
24,1.0,3,6,33,12543
3,1.0,13,22,38,12544
0,0.0,10,8,18,12545
8,-1.0,12,10,30,12546
12,1.0,62,29,103,12547
6,-1.0,27,12,45,12548
29,1.0,21,6,56,12549
27,1.0,17,6,50,12550
18,-1.0,9,9,36,12551
0,-1.0,3,24,27,12552
30,1.0,7,10,47,12553
41,-1.0,4,7,52,12554
34,-1.0,1,15,50,12555
14,-1.0,3,25,42,12556
38,-1.0,9,47,94,12557
8,-1.0,8,13,29,12558
54,1.0,1,3,58,12559
78,1.0,3,0,81,12560
3,1.0,9,14,26,12561
24,1.0,0,8,32,12562
36,1.0,2,14,52,12563
20,-1.0,18,7,45,12564
17,1.0,8,7,32,12565
28,1.0,7,4,39,12566
13,1.0,31,7,51,12567
5,-1.0,17,6,28,12568
9,1.0,3,6,18,12569
33,-1.0,2,2,37,12570
30,1.0,1,8,39,12571
29,1.0,1,0,30,12572
33,1.0,0,0,33,12573
30,-1.0,7,1,38,12574
12,-1.0,11,9,32,12575
40,1.0,13,0,53,12576
21,1.0,7,17,45,12577
18,1.0,14,0,32,12578
5,-1.0,19,1,25,12579
5,1.0,20,5,30,12580
34,-1.0,6,5,45,12581
33,-1.0,4,10,47,12582
65,-1.0,0,2,67,12583
24,1.0,8,34,66,12584
14,1.0,27,0,41,12585
7,1.0,23,6,36,12586
27,-1.0,10,2,39,12587
30,1.0,5,3,38,12588
32,1.0,6,23,61,12589
18,-1.0,33,14,65,12590
45,1.0,4,7,56,12591
19,1.0,31,14,64,12592
14,-1.0,7,22,43,12593
16,1.0,25,16,57,12594
24,-1.0,13,6,43,12595
3,1.0,3,24,30,12596
14,1.0,7,7,28,12597
15,-1.0,4,8,27,12598
26,-1.0,4,6,36,12599
30,-1.0,1,13,44,12600
8,-1.0,1,12,21,12601
6,1.0,26,0,32,12602
8,-1.0,2,18,28,12603
1,1.0,17,18,36,12604
10,1.0,17,7,34,12605
1,1.0,5,21,27,12606
29,-1.0,3,7,39,12607
12,-1.0,1,18,31,12608
27,1.0,8,9,44,12609
37,-1.0,5,0,42,12610
5,1.0,12,2,19,12611
21,1.0,20,3,44,12612
4,-1.0,24,0,28,12613
3,1.0,13,11,27,12614
29,-1.0,4,21,54,12615
11,-1.0,3,19,33,12616
21,-1.0,6,11,38,12617
37,-1.0,7,0,44,12618
20,1.0,8,7,35,12619
38,1.0,7,8,53,12620
2,1.0,16,17,35,12621
3,-1.0,7,17,27,12622
32,-1.0,1,5,38,12623
19,1.0,4,7,30,12624
0,1.0,12,4,16,12625
8,-1.0,9,8,25,12626
0,-1.0,2,14,16,12627
24,1.0,2,10,36,12628
14,1.0,5,5,24,12629
26,1.0,2,4,32,12630
36,-1.0,0,3,39,12631
58,-1.0,0,10,68,12632
21,-1.0,1,16,38,12633
63,-1.0,6,8,77,12634
19,1.0,0,20,39,12635
22,1.0,5,3,30,12636
24,-1.0,1,13,38,12637
29,-1.0,3,11,43,12638
51,-1.0,4,12,67,12639
35,1.0,7,34,76,12640
18,-1.0,6,6,30,12641
1,1.0,12,17,30,12642
0,-1.0,2,18,20,12643
2,1.0,14,8,24,12644
21,-1.0,5,5,31,12645
35,1.0,23,1,59,12646
3,1.0,12,5,20,12647
57,-1.0,2,3,62,12648
16,-1.0,7,12,35,12649
2,-1.0,18,2,22,12650
51,-1.0,5,5,61,12651
23,-1.0,4,27,54,12652
26,1.0,16,9,51,12653
16,1.0,14,0,30,12654
8,1.0,10,21,39,12655
3,1.0,5,20,28,12656
10,-1.0,8,9,27,12657
44,-1.0,3,0,47,12658
30,-1.0,14,23,67,12659
16,1.0,3,32,51,12660
8,1.0,20,2,30,12661
5,-1.0,17,0,22,12662
20,1.0,30,3,53,12663
29,-1.0,2,20,51,12664
3,-1.0,23,0,26,12665
37,-1.0,3,0,40,12666
11,1.0,3,15,29,12667
17,-1.0,20,0,37,12668
10,-1.0,8,12,30,12669
10,1.0,5,14,29,12670
28,-1.0,3,8,39,12671
14,-1.0,1,24,39,12672
49,-1.0,3,12,64,12673
3,-1.0,11,11,25,12674
14,1.0,19,3,36,12675
2,1.0,13,8,23,12676
18,1.0,9,10,37,12677
5,-1.0,7,13,25,12678
7,1.0,23,7,37,12679
9,1.0,15,11,35,12680
39,-1.0,1,5,45,12681
43,-1.0,4,10,57,12682
4,-1.0,8,14,26,12683
11,-1.0,0,25,36,12684
45,1.0,5,0,50,12685
10,1.0,14,8,32,12686
56,-1.0,9,13,78,12687
13,-1.0,2,19,34,12688
9,1.0,5,17,31,12689
9,1.0,0,30,39,12690
149,-1.0,0,44,193,12691
52,1.0,12,0,64,12692
16,-1.0,3,17,36,12693
19,-1.0,16,1,36,12694
24,-1.0,0,9,33,12695
11,-1.0,2,18,31,12696
30,-1.0,1,11,42,12697
0,-1.0,36,3,39,12698
25,-1.0,12,0,37,12699
13,1.0,23,0,36,12700
26,1.0,2,12,40,12701
4,-1.0,16,8,28,12702
10,-1.0,13,1,24,12703
16,-1.0,6,5,27,12704
0,-1.0,19,0,19,12705
35,1.0,0,7,42,12706
4,1.0,11,8,23,12707
13,-1.0,9,1,23,12708
10,1.0,2,23,35,12709
47,-1.0,2,4,53,12710
35,1.0,4,2,41,12711
29,-1.0,0,32,61,12712
6,-1.0,13,3,22,12713
9,-1.0,16,2,27,12714
0,-1.0,4,22,26,12715
17,-1.0,14,14,45,12716
5,1.0,11,6,22,12717
14,1.0,9,5,28,12718
21,-1.0,8,2,31,12719
13,1.0,4,16,33,12720
27,-1.0,3,6,36,12721
48,1.0,18,3,69,12722
43,1.0,15,1,59,12723
28,-1.0,11,1,40,12724
5,1.0,11,10,26,12725
42,1.0,5,0,47,12726
3,-1.0,8,15,26,12727
33,-1.0,34,39,106,12728
43,1.0,6,10,59,12729
22,-1.0,16,5,43,12730
48,1.0,0,0,48,12731
9,1.0,5,28,42,12732
29,-1.0,12,12,53,12733
20,1.0,2,15,37,12734
8,1.0,18,4,30,12735
3,-1.0,28,2,33,12736
3,1.0,7,15,25,12737
11,1.0,7,12,30,12738
34,-1.0,4,7,45,12739
21,1.0,0,5,26,12740
13,1.0,0,18,31,12741
41,1.0,6,0,47,12742
4,1.0,6,13,23,12743
1,-1.0,8,12,21,12744
11,1.0,10,4,25,12745
3,-1.0,11,6,20,12746
8,-1.0,3,27,38,12747
9,1.0,4,11,24,12748
18,1.0,13,4,35,12749
38,-1.0,2,7,47,12750
64,-1.0,1,25,90,12751
20,1.0,3,24,47,12752
23,-1.0,7,10,40,12753
13,-1.0,15,8,36,12754
36,1.0,0,6,42,12755
37,-1.0,9,22,68,12756
28,-1.0,8,3,39,12757
26,-1.0,0,10,36,12758
23,-1.0,0,13,36,12759
33,1.0,5,3,41,12760
30,1.0,14,0,44,12761
2,1.0,19,0,21,12762
9,-1.0,6,8,23,12763
15,1.0,1,8,24,12764
0,0.0,6,1,7,12765
22,-1.0,7,4,33,12766
15,1.0,7,4,26,12767
9,1.0,5,16,30,12768
30,1.0,0,6,36,12769
31,-1.0,8,1,40,12770
7,-1.0,6,13,26,12771
1,-1.0,14,5,20,12772
29,1.0,8,23,60,12773
22,-1.0,13,2,37,12774
30,1.0,3,1,34,12775
2,-1.0,13,5,20,12776
16,1.0,20,3,39,12777
39,-1.0,3,1,43,12778
3,-1.0,10,21,34,12779
54,1.0,12,1,67,12780
41,1.0,8,16,65,12781
7,1.0,10,11,28,12782
12,-1.0,8,6,26,12783
2,-1.0,10,13,25,12784
52,1.0,1,1,54,12785
22,1.0,4,3,29,12786
28,1.0,5,2,35,12787
4,1.0,1,18,23,12788
13,-1.0,6,4,23,12789
25,1.0,17,3,45,12790
17,1.0,1,6,24,12791
11,1.0,19,9,39,12792
7,1.0,11,6,24,12793
23,1.0,12,6,41,12794
0,0.0,12,8,20,12795
2,-1.0,0,17,19,12796
6,1.0,15,19,40,12797
11,-1.0,9,10,30,12798
53,-1.0,0,7,60,12799
37,1.0,3,2,42,12800
0,-1.0,18,3,21,12801
14,-1.0,15,1,30,12802
25,-1.0,2,33,60,12803
4,1.0,15,3,22,12804
15,1.0,0,8,23,12805
26,-1.0,0,6,32,12806
18,1.0,2,14,34,12807
17,1.0,12,3,32,12808
1,-1.0,2,22,25,12809
18,-1.0,0,28,46,12810
18,-1.0,9,5,32,12811
29,1.0,0,17,46,12812
17,1.0,4,9,30,12813
1,1.0,15,1,17,12814
0,-1.0,4,7,11,12815
25,1.0,13,6,44,12816
3,1.0,8,9,20,12817
14,1.0,16,0,30,12818
28,1.0,7,5,40,12819
7,-1.0,1,19,27,12820
68,1.0,28,8,104,12821
19,-1.0,9,9,37,12822
7,-1.0,2,25,34,12823
33,-1.0,3,6,42,12824
18,1.0,5,4,27,12825
4,-1.0,8,22,34,12826
5,-1.0,3,20,28,12827
7,-1.0,4,18,29,12828
31,-1.0,0,12,43,12829
3,-1.0,8,13,24,12830
31,-1.0,1,9,41,12831
3,1.0,4,9,16,12832
6,-1.0,15,1,22,12833
1,1.0,8,12,21,12834
63,-1.0,2,7,72,12835
42,-1.0,2,16,60,12836
4,-1.0,8,9,21,12837
19,1.0,4,3,26,12838
3,1.0,1,20,24,12839
1,1.0,12,8,21,12840
7,1.0,10,3,20,12841
18,-1.0,2,13,33,12842
0,-1.0,7,0,7,12843
19,-1.0,5,5,29,12844
19,-1.0,5,3,27,12845
14,1.0,17,5,36,12846
14,1.0,2,13,29,12847
1,1.0,2,24,27,12848
22,1.0,2,14,38,12849
25,-1.0,7,0,32,12850
10,1.0,13,6,29,12851
25,1.0,19,0,44,12852
5,1.0,11,7,23,12853
10,-1.0,12,4,26,12854
20,-1.0,0,13,33,12855
23,-1.0,5,5,33,12856
60,-1.0,0,5,65,12857
25,-1.0,17,16,58,12858
13,-1.0,15,2,30,12859
11,1.0,12,1,24,12860
45,-1.0,6,7,58,12861
55,-1.0,4,2,61,12862
15,-1.0,8,9,32,12863
30,-1.0,27,6,63,12864
67,-1.0,12,6,85,12865
3,-1.0,6,39,48,12866
2,1.0,28,6,36,12867
45,-1.0,0,13,58,12868
3,-1.0,22,4,29,12869
55,-1.0,3,13,71,12870
40,-1.0,0,34,74,12871
4,-1.0,17,39,60,12872
14,1.0,19,12,45,12873
32,-1.0,1,10,43,12874
6,1.0,3,29,38,12875
14,1.0,13,17,44,12876
9,1.0,20,2,31,12877
22,-1.0,18,4,44,12878
6,1.0,11,22,39,12879
15,1.0,9,2,26,12880
20,1.0,1,15,36,12881
12,1.0,3,6,21,12882
17,1.0,0,16,33,12883
8,-1.0,1,18,27,12884
1,1.0,13,3,17,12885
1,-1.0,12,15,28,12886
7,1.0,12,3,22,12887
3,1.0,16,4,23,12888
5,-1.0,26,1,32,12889
11,-1.0,18,3,32,12890
51,-1.0,0,11,62,12891
6,1.0,2,31,39,12892
3,-1.0,10,11,24,12893
30,-1.0,15,0,45,12894
4,-1.0,6,14,24,12895
1,1.0,12,13,26,12896
9,1.0,20,4,33,12897
15,-1.0,1,22,38,12898
24,1.0,44,0,68,12899
15,-1.0,9,4,28,12900
37,-1.0,2,7,46,12901
35,-1.0,13,3,51,12902
6,-1.0,26,8,40,12903
21,-1.0,15,7,43,12904
18,-1.0,8,5,31,12905
35,-1.0,1,1,37,12906
13,1.0,3,10,26,12907
34,1.0,3,6,43,12908
23,1.0,3,10,36,12909
37,1.0,0,3,40,12910
17,1.0,16,3,36,12911
16,-1.0,2,10,28,12912
4,1.0,6,18,28,12913
3,-1.0,24,1,28,12914
9,-1.0,22,0,31,12915
8,1.0,3,16,27,12916
1,-1.0,2,13,16,12917
6,-1.0,28,1,35,12918
49,1.0,8,0,57,12919
52,1.0,2,3,57,12920
43,-1.0,6,15,64,12921
13,1.0,14,5,32,12922
23,1.0,14,2,39,12923
31,1.0,6,8,45,12924
62,-1.0,0,0,62,12925
22,1.0,9,5,36,12926
47,-1.0,18,2,67,12927
39,1.0,0,20,59,12928
11,-1.0,2,21,34,12929
37,1.0,1,16,54,12930
5,1.0,0,16,21,12931
21,1.0,6,6,33,12932
9,-1.0,0,19,28,12933
18,-1.0,20,0,38,12934
10,1.0,15,4,29,12935
5,-1.0,4,22,31,12936
1,-1.0,1,16,18,12937
13,-1.0,2,12,27,12938
2,1.0,0,34,36,12939
1,1.0,6,19,26,12940
29,-1.0,24,1,54,12941
12,-1.0,15,0,27,12942
10,-1.0,13,3,26,12943
43,-1.0,0,8,51,12944
13,1.0,6,15,34,12945
47,-1.0,8,8,63,12946
37,1.0,0,7,44,12947
10,1.0,48,9,67,12948
11,-1.0,21,4,36,12949
30,-1.0,15,3,48,12950
10,1.0,21,0,31,12951
20,1.0,6,10,36,12952
19,1.0,3,5,27,12953
36,1.0,9,5,50,12954
0,1.0,18,3,21,12955
2,-1.0,0,12,14,12956
2,1.0,0,11,13,12957
22,1.0,14,4,40,12958
32,1.0,7,0,39,12959
18,1.0,14,1,33,12960
27,1.0,10,0,37,12961
12,-1.0,14,2,28,12962
103,1.0,9,10,122,12963
22,1.0,6,14,42,12964
24,-1.0,6,13,43,12965
0,1.0,20,5,25,12966
10,1.0,14,5,29,12967
0,-1.0,16,8,24,12968
1,1.0,15,6,22,12969
14,1.0,5,12,31,12970
25,1.0,16,1,42,12971
2,1.0,13,0,15,12972
10,1.0,12,5,27,12973
88,-1.0,2,7,97,12974
92,-1.0,0,19,111,12975
7,1.0,43,6,56,12976
23,-1.0,0,40,63,12977
14,-1.0,16,13,43,12978
32,1.0,17,4,53,12979
21,-1.0,11,12,44,12980
21,-1.0,9,7,37,12981
5,1.0,5,14,24,12982
30,-1.0,3,15,48,12983
55,1.0,8,4,67,12984
37,1.0,39,0,76,12985
2,1.0,19,35,56,12986
7,1.0,6,11,24,12987
73,-1.0,5,2,80,12988
15,1.0,8,7,30,12989
16,1.0,15,6,37,12990
15,1.0,12,20,47,12991
29,-1.0,11,0,40,12992
8,-1.0,9,11,28,12993
4,-1.0,10,11,25,12994
5,-1.0,10,6,21,12995
19,1.0,12,4,35,12996
4,-1.0,9,10,23,12997
35,-1.0,3,10,48,12998
7,1.0,25,0,32,12999
4,1.0,23,0,27,13000
9,1.0,13,2,24,13001
0,1.0,16,4,20,13002
15,1.0,1,15,31,13003
18,1.0,10,4,32,13004
0,1.0,9,8,17,13005
12,-1.0,19,20,51,13006
5,-1.0,30,2,37,13007
7,1.0,12,19,38,13008
19,-1.0,10,6,35,13009
1,1.0,17,5,23,13010
0,0.0,10,9,19,13011
0,1.0,16,5,21,13012
11,-1.0,5,32,48,13013
8,-1.0,8,20,36,13014
5,1.0,4,18,27,13015
12,-1.0,10,8,30,13016
17,-1.0,18,6,41,13017
17,-1.0,5,14,36,13018
16,-1.0,7,13,36,13019
0,-1.0,3,13,16,13020
69,-1.0,0,2,71,13021
23,-1.0,9,4,36,13022
0,1.0,18,6,24,13023
3,1.0,1,24,28,13024
30,-1.0,13,1,44,13025
13,-1.0,3,11,27,13026
4,-1.0,16,0,20,13027
2,1.0,1,14,17,13028
18,-1.0,2,8,28,13029
0,1.0,0,6,6,13030
26,-1.0,3,4,33,13031
20,1.0,2,5,27,13032
7,1.0,12,16,35,13033
40,-1.0,5,3,48,13034
39,-1.0,0,7,46,13035
5,-1.0,22,6,33,13036
49,-1.0,3,11,63,13037
31,-1.0,2,6,39,13038
22,-1.0,0,16,38,13039
20,1.0,8,4,32,13040
53,-1.0,5,6,64,13041
10,1.0,0,12,22,13042
2,-1.0,24,6,32,13043
94,-1.0,5,7,106,13044
17,1.0,10,20,47,13045
26,1.0,0,13,39,13046
12,1.0,20,3,35,13047
12,-1.0,1,14,27,13048
33,-1.0,11,6,50,13049
0,1.0,2,15,17,13050
10,1.0,13,9,32,13051
44,1.0,3,1,48,13052
15,-1.0,15,2,32,13053
4,1.0,0,16,20,13054
1,1.0,21,2,24,13055
1,-1.0,13,3,17,13056
12,-1.0,6,9,27,13057
4,1.0,17,6,27,13058
19,1.0,19,14,52,13059
0,1.0,17,9,26,13060
2,-1.0,24,0,26,13061
12,1.0,16,2,30,13062
18,1.0,9,8,35,13063
3,1.0,5,22,30,13064
55,-1.0,7,4,66,13065
63,-1.0,5,4,72,13066
7,1.0,10,22,39,13067
71,1.0,4,3,78,13068
52,-1.0,5,7,64,13069
62,1.0,3,6,71,13070
26,1.0,6,1,33,13071
4,-1.0,10,36,50,13072
2,1.0,10,21,33,13073
9,1.0,21,8,38,13074
21,1.0,4,11,36,13075
14,-1.0,13,0,27,13076
20,1.0,2,7,29,13077
34,-1.0,0,16,50,13078
68,1.0,0,2,70,13079
19,-1.0,0,13,32,13080
7,-1.0,11,15,33,13081
12,-1.0,9,17,38,13082
15,-1.0,14,1,30,13083
14,1.0,22,0,36,13084
12,-1.0,23,6,41,13085
54,-1.0,1,12,67,13086
4,-1.0,22,0,26,13087
17,-1.0,13,4,34,13088
29,1.0,1,10,40,13089
39,1.0,1,14,54,13090
8,1.0,1,22,31,13091
23,-1.0,4,2,29,13092
20,-1.0,1,8,29,13093
8,-1.0,6,7,21,13094
15,-1.0,2,14,31,13095
17,-1.0,4,12,33,13096
17,-1.0,6,11,34,13097
12,-1.0,1,16,29,13098
14,1.0,0,13,27,13099
32,-1.0,13,2,47,13100
57,1.0,8,14,79,13101
17,1.0,9,12,38,13102
29,1.0,16,0,45,13103
0,1.0,13,9,22,13104
3,1.0,19,0,22,13105
40,-1.0,5,0,45,13106
19,-1.0,4,20,43,13107
10,-1.0,4,9,23,13108
19,1.0,12,13,44,13109
5,1.0,15,9,29,13110
1,-1.0,18,0,19,13111
26,-1.0,1,4,31,13112
18,-1.0,14,1,33,13113
30,-1.0,6,0,36,13114
112,1.0,0,10,122,13115
51,-1.0,6,20,77,13116
43,-1.0,2,8,53,13117
2,-1.0,12,22,36,13118
9,-1.0,17,2,28,13119
14,-1.0,11,3,28,13120
32,1.0,5,3,40,13121
11,-1.0,19,0,30,13122
22,-1.0,16,3,41,13123
29,-1.0,2,7,38,13124
57,1.0,7,2,66,13125
40,-1.0,1,1,42,13126
31,-1.0,14,0,45,13127
10,-1.0,15,12,37,13128
15,1.0,6,5,26,13129
58,1.0,1,7,66,13130
53,-1.0,0,9,62,13131
39,1.0,5,7,51,13132
39,-1.0,1,3,43,13133
5,1.0,15,0,20,13134
13,-1.0,7,10,30,13135
12,-1.0,1,10,23,13136
24,1.0,0,6,30,13137
5,-1.0,11,5,21,13138
17,1.0,1,14,32,13139
51,1.0,4,1,56,13140
38,1.0,2,7,47,13141
5,1.0,22,5,32,13142
31,1.0,30,2,63,13143
29,-1.0,8,8,45,13144
10,1.0,16,3,29,13145
18,-1.0,13,0,31,13146
26,1.0,4,9,39,13147
36,1.0,1,6,43,13148
4,1.0,14,8,26,13149
25,-1.0,7,10,42,13150
47,-1.0,13,13,73,13151
17,1.0,7,10,34,13152
6,1.0,17,2,25,13153
7,1.0,9,9,25,13154
36,-1.0,1,2,39,13155
41,-1.0,1,5,47,13156
5,-1.0,2,21,28,13157
18,-1.0,4,5,27,13158
0,-1.0,4,9,13,13159
16,-1.0,2,19,37,13160
3,-1.0,4,9,16,13161
57,1.0,13,5,75,13162
5,-1.0,7,18,30,13163
3,1.0,12,1,16,13164
30,-1.0,7,0,37,13165
19,1.0,5,21,45,13166
14,-1.0,4,12,30,13167
2,1.0,15,3,20,13168
27,-1.0,3,7,37,13169
15,-1.0,4,11,30,13170
9,-1.0,7,8,24,13171
40,-1.0,3,6,49,13172
17,1.0,11,7,35,13173
21,1.0,1,17,39,13174
34,1.0,0,5,39,13175
61,-1.0,8,5,74,13176
17,-1.0,1,15,33,13177
28,1.0,13,8,49,13178
41,1.0,9,3,53,13179
10,1.0,25,9,44,13180
42,-1.0,1,19,62,13181
2,1.0,21,9,32,13182
31,1.0,2,1,34,13183
3,-1.0,20,3,26,13184
10,1.0,6,9,25,13185
79,1.0,5,3,87,13186
9,1.0,21,4,34,13187
2,-1.0,24,5,31,13188
0,1.0,17,2,19,13189
13,-1.0,12,1,26,13190
8,1.0,1,20,29,13191
15,-1.0,12,0,27,13192
12,1.0,9,3,24,13193
8,-1.0,8,4,20,13194
19,-1.0,3,8,30,13195
10,-1.0,2,10,22,13196
15,-1.0,4,3,22,13197
0,-1.0,0,18,18,13198
0,1.0,0,24,24,13199
41,1.0,3,0,44,13200
5,1.0,4,12,21,13201
34,-1.0,0,38,72,13202
10,-1.0,10,8,28,13203
18,-1.0,3,9,30,13204
19,-1.0,2,8,29,13205
7,1.0,1,14,22,13206
27,-1.0,1,19,47,13207
16,-1.0,8,6,30,13208
37,-1.0,7,1,45,13209
24,-1.0,2,1,27,13210
58,-1.0,4,1,63,13211
22,-1.0,5,36,63,13212
8,-1.0,6,26,40,13213
43,-1.0,0,28,71,13214
30,1.0,0,15,45,13215
66,-1.0,0,7,73,13216
8,1.0,7,28,43,13217
1,1.0,17,8,26,13218
26,1.0,1,9,36,13219
13,-1.0,0,27,40,13220
26,-1.0,7,5,38,13221
4,1.0,3,25,32,13222
1,1.0,15,5,21,13223
12,-1.0,6,22,40,13224
29,-1.0,1,5,35,13225
48,1.0,26,0,74,13226
3,1.0,22,0,25,13227
14,1.0,24,0,38,13228
18,-1.0,13,1,32,13229
22,1.0,16,1,39,13230
17,-1.0,10,1,28,13231
17,1.0,21,24,62,13232
2,-1.0,20,5,27,13233
20,1.0,0,29,49,13234
7,-1.0,3,12,22,13235
25,-1.0,13,0,38,13236
16,-1.0,19,0,35,13237
16,-1.0,14,3,33,13238
41,-1.0,4,0,45,13239
4,-1.0,10,7,21,13240
45,1.0,9,0,54,13241
10,1.0,9,12,31,13242
81,1.0,3,0,84,13243
4,-1.0,13,10,27,13244
10,-1.0,20,2,32,13245
5,1.0,9,9,23,13246
22,1.0,3,5,30,13247
18,-1.0,4,11,33,13248
29,-1.0,2,10,41,13249
17,1.0,6,7,30,13250
9,-1.0,6,15,30,13251
16,-1.0,16,3,35,13252
29,1.0,1,5,35,13253
0,-1.0,3,21,24,13254
2,-1.0,17,1,20,13255
28,-1.0,2,3,33,13256
69,-1.0,7,6,82,13257
19,1.0,9,1,29,13258
23,-1.0,7,8,38,13259
50,-1.0,2,2,54,13260
9,-1.0,23,0,32,13261
12,-1.0,12,2,26,13262
22,1.0,1,9,32,13263
6,-1.0,2,24,32,13264
0,-1.0,14,8,22,13265
16,-1.0,5,3,24,13266
19,1.0,10,6,35,13267
25,1.0,4,1,30,13268
2,1.0,2,17,21,13269
8,-1.0,14,2,24,13270
4,1.0,8,8,20,13271
2,1.0,9,20,31,13272
8,-1.0,13,8,29,13273
2,1.0,3,15,20,13274
3,-1.0,5,13,21,13275
50,-1.0,7,2,59,13276
15,1.0,13,0,28,13277
47,-1.0,2,0,49,13278
16,1.0,19,5,40,13279
109,1.0,4,0,113,13280
11,1.0,5,9,25,13281
18,1.0,6,2,26,13282
3,-1.0,19,3,25,13283
27,-1.0,0,19,46,13284
29,-1.0,0,5,34,13285
2,1.0,3,17,22,13286
29,-1.0,3,4,36,13287
35,1.0,3,0,38,13288
1,1.0,4,17,22,13289
24,-1.0,8,0,32,13290
7,-1.0,0,23,30,13291
10,-1.0,0,20,30,13292
45,-1.0,0,9,54,13293
8,1.0,0,19,27,13294
7,-1.0,19,2,28,13295
10,1.0,2,6,18,13296
0,0.0,1,18,19,13297
7,1.0,4,11,22,13298
20,1.0,0,8,28,13299
10,-1.0,14,12,36,13300
2,-1.0,22,2,26,13301
63,-1.0,4,14,81,13302
2,1.0,31,0,33,13303
3,1.0,5,105,113,13304
4,1.0,7,9,20,13305
55,1.0,1,0,56,13306
6,-1.0,1,19,26,13307
8,-1.0,21,0,29,13308
12,-1.0,1,15,28,13309
40,-1.0,1,12,53,13310
13,1.0,0,20,33,13311
53,1.0,28,2,83,13312
12,1.0,18,5,35,13313
0,-1.0,10,14,24,13314
5,-1.0,14,9,28,13315
29,1.0,1,3,33,13316
12,1.0,0,14,26,13317
15,-1.0,7,18,40,13318
40,-1.0,0,11,51,13319
1,-1.0,5,38,44,13320
2,1.0,8,10,20,13321
17,-1.0,6,12,35,13322
25,-1.0,0,9,34,13323
16,1.0,1,8,25,13324
4,-1.0,6,30,40,13325
16,-1.0,0,19,35,13326
24,-1.0,4,6,34,13327
40,1.0,5,0,45,13328
22,-1.0,1,17,40,13329
12,1.0,0,15,27,13330
14,-1.0,2,8,24,13331
8,-1.0,4,4,16,13332
74,1.0,0,0,74,13333
67,1.0,5,0,72,13334
13,1.0,18,0,31,13335
0,1.0,1,18,19,13336
7,-1.0,8,16,31,13337
13,1.0,7,8,28,13338
5,-1.0,1,23,29,13339
14,1.0,4,7,25,13340
14,-1.0,12,5,31,13341
94,1.0,16,0,110,13342
8,1.0,10,9,27,13343
44,-1.0,12,4,60,13344
21,-1.0,2,9,32,13345
28,-1.0,1,2,31,13346
46,1.0,2,3,51,13347
62,-1.0,5,9,76,13348
31,1.0,2,14,47,13349
21,1.0,1,7,29,13350
10,1.0,7,31,48,13351
7,1.0,20,6,33,13352
11,-1.0,10,13,34,13353
27,1.0,5,3,35,13354
32,1.0,0,6,38,13355
30,-1.0,2,5,37,13356
27,-1.0,12,1,40,13357
87,-1.0,0,11,98,13358
4,-1.0,21,18,43,13359
14,-1.0,20,0,34,13360
7,-1.0,8,9,24,13361
0,0.0,14,1,15,13362
2,-1.0,1,14,17,13363
0,-1.0,23,3,26,13364
13,1.0,3,22,38,13365
1,-1.0,11,11,23,13366
8,-1.0,12,8,28,13367
4,1.0,15,21,40,13368
2,-1.0,2,23,27,13369
56,-1.0,15,14,85,13370
29,1.0,7,9,45,13371
18,-1.0,7,2,27,13372
2,-1.0,4,19,25,13373
7,-1.0,0,21,28,13374
0,0.0,5,1,6,13375
40,-1.0,2,1,43,13376
15,-1.0,2,28,45,13377
13,1.0,6,13,32,13378
16,-1.0,3,11,30,13379
45,1.0,2,4,51,13380
21,1.0,5,11,37,13381
4,1.0,5,10,19,13382
8,-1.0,15,0,23,13383
23,1.0,7,11,41,13384
2,1.0,8,15,25,13385
26,-1.0,2,4,32,13386
20,1.0,1,12,33,13387
4,-1.0,1,0,5,13388
20,-1.0,7,7,34,13389
6,-1.0,6,13,25,13390
26,1.0,29,0,55,13391
23,1.0,9,4,36,13392
24,-1.0,3,4,31,13393
6,1.0,3,19,28,13394
2,1.0,5,11,18,13395
2,-1.0,8,7,17,13396
5,-1.0,16,26,47,13397
10,1.0,25,24,59,13398
2,1.0,6,14,22,13399
13,1.0,16,3,32,13400
42,1.0,1,3,46,13401
18,-1.0,5,17,40,13402
138,1.0,0,0,138,13403
15,1.0,33,11,59,13404
33,-1.0,2,36,71,13405
9,1.0,19,12,40,13406
32,1.0,1,7,40,13407
32,-1.0,6,4,42,13408
19,-1.0,9,3,31,13409
3,-1.0,14,4,21,13410
20,-1.0,5,13,38,13411
4,1.0,1,19,24,13412
1,1.0,16,2,19,13413
5,1.0,6,12,23,13414
71,-1.0,0,1,72,13415
34,-1.0,17,2,53,13416
32,-1.0,0,12,44,13417
45,1.0,1,2,48,13418
6,1.0,23,23,52,13419
1,1.0,10,15,26,13420
14,-1.0,2,13,29,13421
8,1.0,28,11,47,13422
11,1.0,0,26,37,13423
41,-1.0,6,2,49,13424
21,-1.0,3,9,33,13425
20,-1.0,14,0,34,13426
1,1.0,1,28,30,13427
38,-1.0,4,3,45,13428
8,-1.0,23,0,31,13429
0,-1.0,9,7,16,13430
10,1.0,13,7,30,13431
11,-1.0,12,9,32,13432
6,-1.0,12,8,26,13433
7,1.0,5,16,28,13434
15,1.0,14,9,38,13435
7,1.0,7,16,30,13436
60,-1.0,2,2,64,13437
22,1.0,23,0,45,13438
20,1.0,0,12,32,13439
18,-1.0,1,7,26,13440
1,-1.0,3,18,22,13441
4,-1.0,8,7,19,13442
56,-1.0,1,1,58,13443
27,-1.0,0,10,37,13444
14,-1.0,24,0,38,13445
5,1.0,3,17,25,13446
16,-1.0,3,5,24,13447
7,-1.0,7,14,28,13448
13,-1.0,0,18,31,13449
9,1.0,9,6,24,13450
22,-1.0,9,3,34,13451
18,-1.0,12,1,31,13452
21,-1.0,4,1,26,13453
81,-1.0,13,35,129,13454
25,1.0,28,1,54,13455
6,-1.0,11,10,27,13456
23,1.0,10,1,34,13457
36,1.0,3,0,39,13458
12,-1.0,3,16,31,13459
24,-1.0,1,18,43,13460
16,-1.0,10,9,35,13461
3,1.0,18,7,28,13462
25,1.0,16,5,46,13463
2,-1.0,11,11,24,13464
1,1.0,0,22,23,13465
7,1.0,11,5,23,13466
38,1.0,3,2,43,13467
19,-1.0,40,0,59,13468
7,-1.0,25,1,33,13469
13,-1.0,14,10,37,13470
26,1.0,2,5,33,13471
57,1.0,1,2,60,13472
28,1.0,3,4,35,13473
2,1.0,8,23,33,13474
23,-1.0,8,3,34,13475
19,1.0,19,2,40,13476
0,-1.0,4,13,17,13477
5,1.0,12,4,21,13478
17,-1.0,3,15,35,13479
17,1.0,5,6,28,13480
12,-1.0,19,7,38,13481
2,1.0,13,20,35,13482
2,-1.0,10,22,34,13483
10,1.0,12,2,24,13484
0,1.0,19,9,28,13485
18,-1.0,0,15,33,13486
16,-1.0,2,9,27,13487
6,-1.0,3,22,31,13488
31,1.0,2,10,43,13489
12,1.0,9,0,21,13490
14,-1.0,10,9,33,13491
23,-1.0,9,2,34,13492
23,-1.0,3,10,36,13493
30,1.0,1,7,38,13494
1,-1.0,1,24,26,13495
10,1.0,6,11,27,13496
32,-1.0,9,7,48,13497
8,-1.0,17,7,32,13498
4,1.0,18,0,22,13499
5,1.0,19,11,35,13500
0,1.0,19,0,19,13501
62,-1.0,2,2,66,13502
14,1.0,2,18,34,13503
24,-1.0,6,1,31,13504
2,-1.0,17,2,21,13505
11,-1.0,4,14,29,13506
11,1.0,12,8,31,13507
14,1.0,4,6,24,13508
7,1.0,19,3,29,13509
18,1.0,8,4,30,13510
29,1.0,10,6,45,13511
7,1.0,12,10,29,13512
27,1.0,8,1,36,13513
24,1.0,15,2,41,13514
37,1.0,1,6,44,13515
21,1.0,8,4,33,13516
1,-1.0,0,21,22,13517
1,-1.0,4,18,23,13518
4,-1.0,9,9,22,13519
17,-1.0,13,28,58,13520
0,-1.0,0,28,28,13521
9,-1.0,9,5,23,13522
16,-1.0,1,27,44,13523
26,-1.0,4,5,35,13524
6,1.0,5,19,30,13525
34,-1.0,0,3,37,13526
8,1.0,1,19,28,13527
14,-1.0,0,32,46,13528
1,-1.0,8,18,27,13529
1,1.0,7,13,21,13530
8,1.0,15,2,25,13531
3,1.0,7,11,21,13532
48,-1.0,1,3,52,13533
24,1.0,9,1,34,13534
9,-1.0,24,0,33,13535
17,1.0,1,19,37,13536
18,1.0,8,17,43,13537
1,-1.0,9,8,18,13538
4,1.0,0,13,17,13539
3,-1.0,16,1,20,13540
26,1.0,11,3,40,13541
40,-1.0,3,2,45,13542
8,1.0,6,14,28,13543
38,1.0,4,7,49,13544
14,1.0,12,12,38,13545
5,-1.0,17,10,32,13546
23,1.0,7,1,31,13547
48,-1.0,25,4,77,13548
7,1.0,13,6,26,13549
11,-1.0,18,1,30,13550
7,1.0,5,13,25,13551
0,0.0,4,5,9,13552
84,1.0,2,0,86,13553
43,1.0,54,0,97,13554
18,-1.0,12,6,36,13555
6,-1.0,28,6,40,13556
15,-1.0,19,6,40,13557
30,1.0,9,38,77,13558
10,1.0,21,5,36,13559
19,-1.0,6,11,36,13560
12,-1.0,2,14,28,13561
28,-1.0,5,10,43,13562
7,1.0,10,17,34,13563
17,-1.0,11,2,30,13564
2,1.0,1,21,24,13565
1,1.0,18,3,22,13566
22,1.0,8,1,31,13567
26,1.0,3,4,33,13568
53,-1.0,4,6,63,13569
21,1.0,7,0,28,13570
0,0.0,17,5,22,13571
11,-1.0,4,12,27,13572
70,-1.0,3,4,77,13573
29,-1.0,16,4,49,13574
16,-1.0,19,3,38,13575
23,-1.0,4,19,46,13576
8,1.0,16,23,47,13577
93,-1.0,0,0,93,13578
11,-1.0,0,48,59,13579
9,-1.0,21,4,34,13580
2,-1.0,16,14,32,13581
10,1.0,13,11,34,13582
5,1.0,14,6,25,13583
15,1.0,9,6,30,13584
41,-1.0,0,12,53,13585
29,-1.0,2,8,39,13586
30,-1.0,8,6,44,13587
10,-1.0,8,22,40,13588
44,-1.0,2,6,52,13589
46,-1.0,2,2,50,13590
1,-1.0,0,20,21,13591
57,-1.0,5,18,80,13592
31,1.0,9,2,42,13593
28,-1.0,6,6,40,13594
22,1.0,1,19,42,13595
35,-1.0,2,8,45,13596
18,1.0,3,15,36,13597
12,-1.0,7,7,26,13598
4,1.0,17,1,22,13599
6,1.0,30,1,37,13600
2,1.0,10,11,23,13601
12,1.0,0,13,25,13602
3,-1.0,11,4,18,13603
17,1.0,4,20,41,13604
17,1.0,2,9,28,13605
35,1.0,6,7,48,13606
10,1.0,1,12,23,13607
23,-1.0,26,8,57,13608
2,1.0,17,11,30,13609
8,1.0,10,8,26,13610
11,1.0,6,29,46,13611
57,-1.0,3,0,60,13612
14,-1.0,6,41,61,13613
34,1.0,18,0,52,13614
44,1.0,11,2,57,13615
14,-1.0,18,0,32,13616
25,-1.0,5,9,39,13617
62,1.0,5,0,67,13618
2,-1.0,20,0,22,13619
0,1.0,16,2,18,13620
8,-1.0,10,31,49,13621
1,-1.0,6,28,35,13622
9,1.0,4,12,25,13623
12,-1.0,2,12,26,13624
14,-1.0,2,9,25,13625
11,1.0,18,2,31,13626
1,1.0,14,8,23,13627
63,1.0,2,0,65,13628
6,1.0,14,2,22,13629
2,-1.0,12,27,41,13630
3,1.0,14,10,27,13631
1,-1.0,7,31,39,13632
24,-1.0,0,11,35,13633
28,-1.0,0,16,44,13634
18,1.0,7,5,30,13635
2,1.0,0,14,16,13636
0,1.0,3,11,14,13637
11,1.0,2,22,35,13638
3,1.0,3,27,33,13639
14,-1.0,2,15,31,13640
12,-1.0,0,16,28,13641
14,-1.0,14,20,48,13642
40,1.0,2,7,49,13643
20,1.0,2,9,31,13644
26,-1.0,1,5,32,13645
5,1.0,22,2,29,13646
14,-1.0,2,17,33,13647
15,-1.0,0,32,47,13648
11,1.0,16,2,29,13649
7,1.0,2,12,21,13650
12,1.0,17,4,33,13651
9,1.0,2,10,21,13652
27,-1.0,3,3,33,13653
15,1.0,13,1,29,13654
41,1.0,0,3,44,13655
6,1.0,3,10,19,13656
33,-1.0,3,2,38,13657
9,1.0,20,1,30,13658
13,1.0,4,11,28,13659
36,-1.0,0,13,49,13660
31,1.0,5,0,36,13661
42,1.0,0,5,47,13662
8,1.0,18,3,29,13663
28,1.0,9,2,39,13664
6,-1.0,20,1,27,13665
7,1.0,8,11,26,13666
0,-1.0,16,4,20,13667
8,-1.0,10,9,27,13668
28,1.0,5,11,44,13669
11,-1.0,5,11,27,13670
2,1.0,11,4,17,13671
20,1.0,5,6,31,13672
26,1.0,1,7,34,13673
41,-1.0,3,1,45,13674
0,1.0,1,26,27,13675
53,-1.0,0,8,61,13676
21,1.0,3,9,33,13677
29,-1.0,5,0,34,13678
1,1.0,10,11,22,13679
25,-1.0,3,12,40,13680
30,1.0,8,2,40,13681
2,-1.0,0,27,29,13682
31,1.0,13,2,46,13683
2,1.0,30,0,32,13684
11,-1.0,3,17,31,13685
43,-1.0,13,3,59,13686
1,1.0,21,16,38,13687
6,-1.0,16,3,25,13688
6,1.0,9,14,29,13689
12,1.0,14,2,28,13690
18,-1.0,0,16,34,13691
8,1.0,24,2,34,13692
17,-1.0,15,3,35,13693
29,1.0,1,8,38,13694
17,1.0,3,35,55,13695
46,-1.0,0,11,57,13696
13,-1.0,2,16,31,13697
42,1.0,2,0,44,13698
18,-1.0,14,0,32,13699
27,-1.0,3,9,39,13700
0,1.0,10,0,10,13701
4,1.0,4,16,24,13702
28,-1.0,3,24,55,13703
91,-1.0,12,4,107,13704
22,1.0,2,6,30,13705
4,1.0,15,9,28,13706
12,-1.0,3,15,30,13707
9,-1.0,7,5,21,13708
6,1.0,1,18,25,13709
21,1.0,4,6,31,13710
14,1.0,0,19,33,13711
14,1.0,3,9,26,13712
20,-1.0,1,12,33,13713
42,-1.0,0,10,52,13714
2,1.0,0,30,32,13715
22,1.0,2,11,35,13716
1,1.0,2,15,18,13717
18,1.0,3,8,29,13718
31,-1.0,0,3,34,13719
16,1.0,1,15,32,13720
12,-1.0,13,3,28,13721
7,-1.0,11,27,45,13722
8,-1.0,5,20,33,13723
0,-1.0,4,11,15,13724
3,-1.0,9,34,46,13725
7,-1.0,1,23,31,13726
24,1.0,6,5,35,13727
21,-1.0,8,1,30,13728
2,-1.0,2,16,20,13729
25,-1.0,1,42,68,13730
14,1.0,7,5,26,13731
0,-1.0,11,17,28,13732
8,-1.0,8,6,22,13733
29,-1.0,8,3,40,13734
21,-1.0,13,0,34,13735
10,-1.0,1,22,33,13736
23,1.0,2,15,40,13737
13,1.0,3,11,27,13738
27,1.0,0,16,43,13739
9,1.0,5,13,27,13740
8,1.0,12,3,23,13741
10,-1.0,1,14,25,13742
1,1.0,0,17,18,13743
25,-1.0,7,5,37,13744
13,-1.0,13,4,30,13745
5,-1.0,22,2,29,13746
2,-1.0,0,25,27,13747
4,1.0,5,13,22,13748
5,1.0,12,3,20,13749
2,-1.0,7,12,21,13750
21,-1.0,7,26,54,13751
30,-1.0,1,28,59,13752
42,-1.0,1,3,46,13753
14,-1.0,11,5,30,13754
1,-1.0,19,0,20,13755
12,-1.0,0,11,23,13756
31,1.0,2,7,40,13757
3,1.0,7,16,26,13758
0,1.0,2,11,13,13759
52,-1.0,0,2,54,13760
23,-1.0,2,12,37,13761
2,1.0,21,35,58,13762
35,-1.0,10,0,45,13763
33,1.0,5,1,39,13764
38,1.0,0,10,48,13765
79,-1.0,2,3,84,13766
0,1.0,12,13,25,13767
21,-1.0,3,6,30,13768
0,-1.0,15,2,17,13769
5,1.0,8,11,24,13770
0,1.0,16,8,24,13771
1,-1.0,0,16,17,13772
5,1.0,7,35,47,13773
40,-1.0,1,23,64,13774
1,1.0,18,19,38,13775
38,-1.0,3,3,44,13776
31,1.0,0,8,39,13777
12,1.0,23,1,36,13778
27,1.0,5,9,41,13779
13,-1.0,3,17,33,13780
0,0.0,0,12,12,13781
23,1.0,5,25,53,13782
40,1.0,11,12,63,13783
2,-1.0,16,9,27,13784
46,1.0,8,2,56,13785
16,-1.0,13,13,42,13786
10,-1.0,0,16,26,13787
0,1.0,0,17,17,13788
27,1.0,3,4,34,13789
24,1.0,27,0,51,13790
35,-1.0,11,4,50,13791
0,1.0,10,1,11,13792
88,-1.0,0,11,99,13793
38,-1.0,0,63,101,13794
10,1.0,37,8,55,13795
8,1.0,30,5,43,13796
35,-1.0,6,4,45,13797
23,1.0,12,16,51,13798
8,1.0,24,4,36,13799
10,1.0,5,19,34,13800
18,1.0,9,1,28,13801
8,1.0,1,16,25,13802
4,-1.0,1,21,26,13803
12,1.0,16,7,35,13804
13,-1.0,18,7,38,13805
27,-1.0,19,3,49,13806
12,-1.0,11,1,24,13807
20,1.0,17,5,42,13808
4,1.0,6,23,33,13809
18,-1.0,28,11,57,13810
35,-1.0,1,10,46,13811
33,-1.0,5,1,39,13812
1,-1.0,15,2,18,13813
16,-1.0,4,9,29,13814
18,-1.0,9,6,33,13815
26,-1.0,4,12,42,13816
10,-1.0,6,10,26,13817
23,1.0,1,8,32,13818
6,1.0,3,32,41,13819
18,1.0,10,14,42,13820
14,-1.0,9,6,29,13821
1,1.0,6,31,38,13822
15,1.0,23,0,38,13823
34,1.0,2,2,38,13824
15,-1.0,2,11,28,13825
3,-1.0,5,14,22,13826
25,-1.0,0,16,41,13827
1,1.0,23,3,27,13828
28,-1.0,5,3,36,13829
61,1.0,16,0,77,13830
7,-1.0,7,16,30,13831
0,-1.0,0,17,17,13832
33,-1.0,5,4,42,13833
24,1.0,0,4,28,13834
9,1.0,16,2,27,13835
0,1.0,17,5,22,13836
11,1.0,6,11,28,13837
20,-1.0,2,18,40,13838
27,-1.0,1,12,40,13839
50,-1.0,2,0,52,13840
18,1.0,3,11,32,13841
16,-1.0,14,2,32,13842
27,-1.0,0,23,50,13843
25,-1.0,10,1,36,13844
16,1.0,6,9,31,13845
2,1.0,0,22,24,13846
8,-1.0,12,5,25,13847
15,-1.0,11,8,34,13848
34,-1.0,4,1,39,13849
67,1.0,6,0,73,13850
8,-1.0,11,15,34,13851
12,-1.0,8,8,28,13852
29,-1.0,6,0,35,13853
16,1.0,1,13,30,13854
42,1.0,2,1,45,13855
19,1.0,5,28,52,13856
4,1.0,8,14,26,13857
9,-1.0,11,9,29,13858
13,1.0,6,8,27,13859
5,-1.0,11,23,39,13860
16,-1.0,4,14,34,13861
21,1.0,12,6,39,13862
22,-1.0,7,7,36,13863
12,1.0,2,9,23,13864
1,-1.0,2,15,18,13865
8,1.0,2,14,24,13866
33,-1.0,5,17,55,13867
26,1.0,9,1,36,13868
16,-1.0,7,0,23,13869
21,1.0,24,0,45,13870
35,1.0,7,1,43,13871
14,1.0,10,3,27,13872
19,1.0,0,9,28,13873
6,1.0,16,0,22,13874
20,1.0,29,11,60,13875
41,-1.0,10,0,51,13876
23,1.0,0,21,44,13877
42,1.0,13,0,55,13878
19,-1.0,4,24,47,13879
1,-1.0,10,16,27,13880
35,-1.0,2,5,42,13881
0,-1.0,23,2,25,13882
20,1.0,11,1,32,13883
35,1.0,7,3,45,13884
8,-1.0,13,2,23,13885
43,1.0,11,0,54,13886
1,1.0,9,8,18,13887
30,-1.0,0,11,41,13888
5,-1.0,3,21,29,13889
34,-1.0,28,5,67,13890
5,1.0,1,13,19,13891
32,-1.0,29,4,65,13892
0,0.0,16,0,16,13893
5,1.0,4,13,22,13894
23,-1.0,14,32,69,13895
5,-1.0,7,23,35,13896
12,-1.0,2,8,22,13897
0,1.0,4,7,11,13898
51,-1.0,8,20,79,13899
0,-1.0,10,1,11,13900
18,-1.0,1,13,32,13901
2,-1.0,9,13,24,13902
11,-1.0,0,45,56,13903
11,-1.0,0,19,30,13904
5,-1.0,0,24,29,13905
43,1.0,7,2,52,13906
11,-1.0,12,11,34,13907
13,-1.0,3,8,24,13908
55,1.0,3,12,70,13909
12,1.0,5,35,52,13910
7,1.0,2,13,22,13911
19,1.0,11,7,37,13912
4,-1.0,14,10,28,13913
22,1.0,10,1,33,13914
2,-1.0,14,7,23,13915
11,-1.0,15,16,42,13916
14,-1.0,7,7,28,13917
9,1.0,9,12,30,13918
2,-1.0,0,2,4,13919
22,-1.0,12,2,36,13920
8,1.0,8,5,21,13921
10,1.0,3,16,29,13922
0,-1.0,10,6,16,13923
4,-1.0,4,21,29,13924
24,1.0,0,11,35,13925
33,1.0,1,3,37,13926
40,-1.0,3,1,44,13927
2,1.0,9,15,26,13928
2,-1.0,6,13,21,13929
83,1.0,3,14,100,13930
45,1.0,7,0,52,13931
29,-1.0,1,6,36,13932
0,0.0,7,0,7,13933
14,-1.0,8,39,61,13934
27,1.0,11,12,50,13935
0,-1.0,8,8,16,13936
31,-1.0,6,3,40,13937
1,-1.0,3,11,15,13938
34,-1.0,1,21,56,13939
0,1.0,8,19,27,13940
24,-1.0,15,0,39,13941
6,1.0,3,11,20,13942
0,0.0,7,8,15,13943
23,1.0,2,17,42,13944
55,1.0,11,6,72,13945
38,1.0,12,4,54,13946
12,1.0,12,11,35,13947
9,-1.0,8,11,28,13948
103,-1.0,0,1,104,13949
6,1.0,0,15,21,13950
4,-1.0,4,22,30,13951
10,-1.0,6,5,21,13952
25,-1.0,0,15,40,13953
22,-1.0,3,9,34,13954
57,-1.0,0,1,58,13955
0,-1.0,11,1,12,13956
39,-1.0,15,22,76,13957
71,-1.0,3,6,80,13958
37,-1.0,1,8,46,13959
22,-1.0,14,9,45,13960
2,1.0,1,26,29,13961
11,-1.0,14,4,29,13962
28,1.0,10,0,38,13963
9,1.0,11,5,25,13964
23,-1.0,1,8,32,13965
26,-1.0,3,12,41,13966
49,1.0,9,11,69,13967
59,1.0,12,7,78,13968
47,-1.0,2,28,77,13969
34,1.0,6,0,40,13970
4,-1.0,14,15,33,13971
50,-1.0,0,7,57,13972
1,1.0,5,31,37,13973
28,1.0,1,13,42,13974
24,-1.0,4,4,32,13975
4,-1.0,3,17,24,13976
21,1.0,18,0,39,13977
17,-1.0,6,3,26,13978
48,-1.0,3,13,64,13979
15,-1.0,3,11,29,13980
34,-1.0,5,1,40,13981
19,-1.0,6,0,25,13982
4,-1.0,7,8,19,13983
36,1.0,5,3,44,13984
23,-1.0,1,11,35,13985
29,1.0,11,4,44,13986
24,1.0,8,16,48,13987
22,-1.0,8,8,38,13988
40,1.0,0,2,42,13989
15,1.0,17,0,32,13990
1,-1.0,14,15,30,13991
1,-1.0,29,5,35,13992
39,-1.0,0,27,66,13993
56,-1.0,5,10,71,13994
14,1.0,28,2,44,13995
22,1.0,0,13,35,13996
3,1.0,19,5,27,13997
27,1.0,1,5,33,13998
11,-1.0,12,2,25,13999
40,-1.0,0,3,43,14000
21,-1.0,10,0,31,14001
9,1.0,25,9,43,14002
20,1.0,13,3,36,14003
1,-1.0,20,10,31,14004
104,-1.0,0,30,134,14005
8,-1.0,20,6,34,14006
6,-1.0,14,10,30,14007
11,-1.0,8,11,30,14008
16,1.0,5,13,34,14009
48,1.0,3,3,54,14010
2,-1.0,8,9,19,14011
3,1.0,10,10,23,14012
2,-1.0,3,20,25,14013
0,1.0,8,12,20,14014
5,1.0,6,10,21,14015
32,1.0,11,1,44,14016
11,1.0,7,26,44,14017
1,-1.0,1,30,32,14018
44,-1.0,3,9,56,14019
6,-1.0,16,15,37,14020
4,-1.0,10,14,28,14021
8,-1.0,8,11,27,14022
11,1.0,9,8,28,14023
23,-1.0,5,3,31,14024
34,1.0,7,8,49,14025
28,-1.0,1,12,41,14026
15,1.0,14,10,39,14027
26,1.0,4,5,35,14028
5,-1.0,18,7,30,14029
24,-1.0,12,1,37,14030
23,-1.0,9,0,32,14031
17,1.0,2,10,29,14032
16,1.0,5,10,31,14033
92,-1.0,0,0,92,14034
31,-1.0,10,7,48,14035
38,1.0,2,12,52,14036
10,-1.0,21,7,38,14037
38,-1.0,1,9,48,14038
21,-1.0,7,4,32,14039
23,1.0,3,8,34,14040
50,-1.0,1,0,51,14041
18,-1.0,18,2,38,14042
26,-1.0,14,9,49,14043
16,-1.0,18,8,42,14044
25,-1.0,10,4,39,14045
1,-1.0,5,28,34,14046
3,-1.0,16,7,26,14047
12,-1.0,18,0,30,14048
2,1.0,21,5,28,14049
3,1.0,1,27,31,14050
42,-1.0,0,56,98,14051
62,-1.0,13,9,84,14052
50,1.0,1,26,77,14053
40,1.0,10,13,63,14054
31,-1.0,15,1,47,14055
42,-1.0,0,16,58,14056
13,1.0,29,6,48,14057
42,-1.0,10,3,55,14058
6,1.0,26,4,36,14059
24,-1.0,12,4,40,14060
9,1.0,23,7,39,14061
12,1.0,7,22,41,14062
27,1.0,0,14,41,14063
9,-1.0,11,5,25,14064
4,-1.0,6,12,22,14065
8,1.0,5,10,23,14066
15,1.0,10,7,32,14067
10,-1.0,2,12,24,14068
38,-1.0,0,2,40,14069
27,-1.0,0,13,40,14070
2,1.0,0,27,29,14071
5,1.0,17,3,25,14072
29,1.0,5,3,37,14073
14,-1.0,4,17,35,14074
56,1.0,2,4,62,14075
17,-1.0,7,19,43,14076
22,1.0,12,1,35,14077
0,-1.0,13,8,21,14078
3,-1.0,1,22,26,14079
51,1.0,0,2,53,14080
7,1.0,9,22,38,14081
51,1.0,15,0,66,14082
39,-1.0,1,20,60,14083
3,-1.0,23,2,28,14084
28,-1.0,18,1,47,14085
2,-1.0,10,20,32,14086
27,1.0,1,17,45,14087
24,-1.0,0,12,36,14088
24,1.0,5,1,30,14089
12,-1.0,97,0,109,14090
12,1.0,2,17,31,14091
57,1.0,15,0,72,14092
56,-1.0,0,26,82,14093
7,1.0,7,12,26,14094
21,-1.0,21,5,47,14095
23,1.0,8,5,36,14096
0,-1.0,13,16,29,14097
23,-1.0,7,0,30,14098
2,1.0,17,5,24,14099
14,1.0,0,16,30,14100
15,1.0,2,9,26,14101
5,1.0,1,28,34,14102
49,1.0,0,31,80,14103
23,-1.0,0,11,34,14104
23,-1.0,10,4,37,14105
22,-1.0,2,13,37,14106
4,1.0,10,15,29,14107
42,-1.0,8,2,52,14108
10,-1.0,13,15,38,14109
18,-1.0,8,1,27,14110
4,-1.0,1,17,22,14111
30,1.0,9,2,41,14112
40,-1.0,0,9,49,14113
6,1.0,16,3,25,14114
20,1.0,0,9,29,14115
23,1.0,3,3,29,14116
43,-1.0,0,7,50,14117
40,-1.0,17,0,57,14118
16,1.0,14,2,32,14119
25,-1.0,1,21,47,14120
51,-1.0,0,9,60,14121
59,-1.0,15,3,77,14122
16,-1.0,7,4,27,14123
25,-1.0,2,5,32,14124
37,1.0,3,8,48,14125
22,1.0,2,4,28,14126
17,1.0,16,2,35,14127
4,1.0,13,1,18,14128
45,-1.0,1,1,47,14129
13,-1.0,11,4,28,14130
20,-1.0,10,2,32,14131
1,1.0,15,15,31,14132
7,-1.0,24,3,34,14133
30,-1.0,7,4,41,14134
14,1.0,9,10,33,14135
13,-1.0,14,6,33,14136
45,1.0,3,2,50,14137
52,-1.0,14,1,67,14138
89,1.0,2,0,91,14139
28,1.0,1,6,35,14140
7,1.0,1,17,25,14141
26,1.0,3,1,30,14142
41,-1.0,7,11,59,14143
3,-1.0,22,1,26,14144
15,-1.0,11,1,27,14145
140,-1.0,0,0,140,14146
62,-1.0,41,2,105,14147
10,1.0,54,16,80,14148
4,-1.0,30,3,37,14149
60,-1.0,0,20,80,14150
194,-1.0,2,0,196,14151
410,-1.0,0,31,441,14152
494,1.0,55,5,554,14153
118,1.0,1,93,212,14154
71,-1.0,22,25,118,14155
69,1.0,6,1,76,14156
35,-1.0,64,36,135,14157
51,1.0,16,6,73,14158
46,-1.0,9,17,72,14159
20,1.0,2,24,46,14160
11,-1.0,18,14,43,14161
27,-1.0,17,6,50,14162
72,-1.0,0,16,88,14163
5,1.0,40,16,61,14164
90,-1.0,9,0,99,14165
32,1.0,22,27,81,14166
11,-1.0,9,25,45,14167
51,-1.0,1,13,65,14168
112,-1.0,14,2,128,14169
49,1.0,10,1,60,14170
46,1.0,30,5,81,14171
39,1.0,0,21,60,14172
53,1.0,34,0,87,14173
45,1.0,36,4,85,14174
36,1.0,20,1,57,14175
19,1.0,4,20,43,14176
71,1.0,0,2,73,14177
76,-1.0,28,57,161,14178
73,-1.0,0,26,99,14179
29,1.0,39,10,78,14180
0,-1.0,18,36,54,14181
37,-1.0,1,20,58,14182
37,-1.0,17,3,57,14183
1,1.0,8,29,38,14184
8,1.0,28,7,43,14185
9,-1.0,8,15,32,14186
44,-1.0,11,6,61,14187
28,-1.0,29,6,63,14188
72,1.0,2,8,82,14189
29,1.0,6,9,44,14190
14,1.0,12,31,57,14191
9,-1.0,25,6,40,14192
12,-1.0,35,8,55,14193
10,-1.0,13,11,34,14194
12,1.0,18,0,30,14195
6,-1.0,6,15,27,14196
1,1.0,10,14,25,14197
25,-1.0,2,23,50,14198
24,-1.0,0,14,38,14199
2,-1.0,18,8,28,14200
37,-1.0,0,7,44,14201
28,1.0,18,0,46,14202
34,-1.0,10,10,54,14203
14,1.0,26,8,48,14204
2,-1.0,18,9,29,14205
5,-1.0,10,10,25,14206
68,-1.0,0,35,103,14207
66,1.0,14,0,80,14208
12,1.0,37,1,50,14209
18,-1.0,24,3,45,14210
24,1.0,5,4,33,14211
28,1.0,22,0,50,14212
36,-1.0,0,16,52,14213
24,1.0,7,3,34,14214
71,-1.0,7,9,87,14215
37,-1.0,12,1,50,14216
11,1.0,20,2,33,14217
15,-1.0,22,6,43,14218
18,-1.0,1,15,34,14219
49,1.0,7,14,70,14220
5,1.0,2,22,29,14221
45,-1.0,4,2,51,14222
38,-1.0,16,1,55,14223
3,-1.0,31,13,47,14224
19,-1.0,7,10,36,14225
48,1.0,0,5,53,14226
53,1.0,17,14,84,14227
12,1.0,18,12,42,14228
27,-1.0,5,1,33,14229
7,-1.0,9,22,38,14230
38,1.0,23,1,62,14231
23,-1.0,11,16,50,14232
80,-1.0,2,0,82,14233
13,1.0,26,3,42,14234
0,0.0,2,14,16,14235
82,-1.0,15,7,104,14236
4,1.0,27,10,41,14237
18,-1.0,6,12,36,14238
54,-1.0,2,4,60,14239
3,-1.0,20,7,30,14240
27,1.0,5,29,61,14241
22,1.0,16,0,38,14242
55,1.0,50,2,107,14243
35,-1.0,8,8,51,14244
4,-1.0,17,29,50,14245
95,1.0,1,4,100,14246
2,-1.0,12,41,55,14247
6,-1.0,17,17,40,14248
35,-1.0,5,6,46,14249
45,1.0,2,10,57,14250
2,1.0,12,18,32,14251
40,1.0,3,5,48,14252
53,1.0,3,1,57,14253
15,1.0,11,17,43,14254
14,-1.0,31,4,49,14255
94,-1.0,0,5,99,14256
9,1.0,26,1,36,14257
49,1.0,11,2,62,14258
35,1.0,11,0,46,14259
6,1.0,6,18,30,14260
37,1.0,13,7,57,14261
40,1.0,0,19,59,14262
33,-1.0,14,0,47,14263
13,1.0,22,5,40,14264
40,-1.0,7,11,58,14265
20,-1.0,13,4,37,14266
17,-1.0,0,45,62,14267
54,-1.0,4,39,97,14268
8,1.0,0,38,46,14269
24,-1.0,25,10,59,14270
50,-1.0,20,11,81,14271
10,-1.0,15,35,60,14272
18,-1.0,25,5,48,14273
26,1.0,0,17,43,14274
10,-1.0,35,8,53,14275
40,-1.0,8,0,48,14276
16,1.0,28,7,51,14277
190,1.0,2,3,195,14278
46,-1.0,3,6,55,14279
25,-1.0,21,37,83,14280
4,-1.0,27,16,47,14281
32,-1.0,10,16,58,14282
69,1.0,0,1,70,14283
22,1.0,3,24,49,14284
61,1.0,6,4,71,14285
20,1.0,29,2,51,14286
6,1.0,8,33,47,14287
65,1.0,17,0,82,14288
9,-1.0,20,18,47,14289
42,1.0,7,9,58,14290
27,-1.0,12,2,41,14291
19,1.0,3,8,30,14292
75,-1.0,4,23,102,14293
30,-1.0,9,40,79,14294
11,-1.0,16,17,44,14295
34,1.0,2,10,46,14296
61,-1.0,2,3,66,14297
29,1.0,2,12,43,14298
11,-1.0,36,0,47,14299
28,1.0,11,0,39,14300
2,-1.0,10,14,26,14301
22,-1.0,11,0,33,14302
3,1.0,14,12,29,14303
18,1.0,11,17,46,14304
2,-1.0,19,4,25,14305
19,-1.0,21,0,40,14306
6,-1.0,17,9,32,14307
2,-1.0,15,9,26,14308
22,-1.0,22,16,60,14309
9,-1.0,5,11,25,14310
39,-1.0,12,14,65,14311
42,1.0,0,9,51,14312
18,1.0,0,22,40,14313
40,-1.0,5,5,50,14314
9,-1.0,20,2,31,14315
11,-1.0,6,12,29,14316
43,-1.0,1,9,53,14317
11,1.0,11,8,30,14318
18,-1.0,3,33,54,14319
17,1.0,6,8,31,14320
19,1.0,3,10,32,14321
12,1.0,1,22,35,14322
30,-1.0,2,10,42,14323
18,-1.0,6,18,42,14324
31,1.0,5,7,43,14325
29,-1.0,6,10,45,14326
50,1.0,1,2,53,14327
4,-1.0,36,6,46,14328
5,-1.0,0,21,26,14329
23,-1.0,23,11,57,14330
4,1.0,21,2,27,14331
47,1.0,1,5,53,14332
3,-1.0,27,4,34,14333
49,1.0,9,0,58,14334
5,-1.0,13,18,36,14335
27,-1.0,2,10,39,14336
53,-1.0,6,30,89,14337
28,1.0,23,6,57,14338
20,1.0,11,13,44,14339
30,-1.0,10,0,40,14340
10,-1.0,13,6,29,14341
0,-1.0,15,6,21,14342
9,-1.0,14,7,30,14343
16,-1.0,10,3,29,14344
8,-1.0,11,2,21,14345
13,1.0,14,1,28,14346
28,1.0,2,9,39,14347
14,-1.0,5,7,26,14348
22,-1.0,15,3,40,14349
6,-1.0,5,28,39,14350
6,-1.0,17,4,27,14351
8,-1.0,0,21,29,14352
21,1.0,4,7,32,14353
25,-1.0,1,24,50,14354
1,-1.0,0,31,32,14355
9,-1.0,17,0,26,14356
14,1.0,19,0,33,14357
10,1.0,14,3,27,14358
49,-1.0,0,22,71,14359
5,1.0,0,19,24,14360
4,-1.0,0,47,51,14361
1,-1.0,5,13,19,14362
9,1.0,22,3,34,14363
27,1.0,39,0,66,14364
49,-1.0,9,35,93,14365
95,-1.0,1,13,109,14366
16,-1.0,4,57,77,14367
19,-1.0,17,12,48,14368
41,1.0,14,1,56,14369
39,-1.0,8,6,53,14370
88,1.0,14,0,102,14371
35,-1.0,13,0,48,14372
6,-1.0,36,2,44,14373
6,-1.0,4,25,35,14374
34,-1.0,11,16,61,14375
25,1.0,4,25,54,14376
0,1.0,14,10,24,14377
11,1.0,36,0,47,14378
65,1.0,1,2,68,14379
26,-1.0,22,8,56,14380
12,-1.0,8,4,24,14381
6,1.0,0,23,29,14382
41,1.0,5,4,50,14383
21,-1.0,11,0,32,14384
11,-1.0,13,4,28,14385
19,-1.0,11,5,35,14386
19,-1.0,10,11,40,14387
28,1.0,3,5,36,14388
54,-1.0,0,20,74,14389
15,1.0,21,8,44,14390
27,-1.0,4,2,33,14391
28,1.0,3,12,43,14392
22,1.0,7,11,40,14393
40,-1.0,1,6,47,14394
11,1.0,0,15,26,14395
24,1.0,10,23,57,14396
1,1.0,19,8,28,14397
115,-1.0,0,1,116,14398
20,1.0,16,5,41,14399
103,-1.0,1,24,128,14400
84,1.0,16,24,124,14401
31,-1.0,1,21,53,14402
4,1.0,9,28,41,14403
21,1.0,4,27,52,14404
22,-1.0,7,9,38,14405
39,-1.0,21,4,64,14406
36,1.0,1,16,53,14407
48,-1.0,0,2,50,14408
5,1.0,4,44,53,14409
41,-1.0,0,13,54,14410
13,-1.0,1,51,65,14411
62,1.0,2,9,73,14412
66,1.0,0,3,69,14413
18,-1.0,8,25,51,14414
65,-1.0,0,34,99,14415
0,-1.0,5,70,75,14416
4,1.0,2,44,50,14417
37,1.0,0,9,46,14418
1,1.0,63,0,64,14419
14,1.0,7,21,42,14420
3,1.0,22,17,42,14421
12,-1.0,0,29,41,14422
49,-1.0,3,20,72,14423
13,1.0,8,16,37,14424
8,1.0,16,17,41,14425
19,-1.0,9,1,29,14426
35,1.0,4,12,51,14427
28,-1.0,5,0,33,14428
22,-1.0,0,12,34,14429
5,1.0,8,19,32,14430
10,-1.0,15,2,27,14431
28,-1.0,21,3,52,14432
4,1.0,4,18,26,14433
26,-1.0,11,6,43,14434
39,-1.0,15,11,65,14435
19,1.0,16,6,41,14436
6,1.0,4,13,23,14437
9,-1.0,2,22,33,14438
14,1.0,13,4,31,14439
0,1.0,3,33,36,14440
32,1.0,4,9,45,14441
39,1.0,13,4,56,14442
62,1.0,11,15,88,14443
20,-1.0,13,5,38,14444
4,-1.0,14,21,39,14445
44,-1.0,0,3,47,14446
3,1.0,25,2,30,14447
35,1.0,8,6,49,14448
6,-1.0,1,18,25,14449
41,1.0,5,0,46,14450
3,-1.0,35,6,44,14451
26,-1.0,4,13,43,14452
1,-1.0,8,19,28,14453
23,1.0,6,3,32,14454
29,1.0,8,12,49,14455
4,-1.0,23,22,49,14456
31,-1.0,5,5,41,14457
31,1.0,0,26,57,14458
46,1.0,22,2,70,14459
0,1.0,30,24,54,14460
29,-1.0,0,24,53,14461
24,1.0,13,9,46,14462
0,1.0,10,14,24,14463
56,1.0,14,0,70,14464
14,-1.0,29,4,47,14465
14,-1.0,9,13,36,14466
30,1.0,4,8,42,14467
5,1.0,29,0,34,14468
43,1.0,11,3,57,14469
26,1.0,7,3,36,14470
56,1.0,2,5,63,14471
61,-1.0,0,22,83,14472
60,1.0,4,16,80,14473
17,-1.0,0,36,53,14474
60,-1.0,19,5,84,14475
33,-1.0,0,10,43,14476
38,1.0,5,8,51,14477
36,-1.0,6,0,42,14478
12,1.0,18,2,32,14479
29,1.0,5,15,49,14480
31,1.0,5,11,47,14481
14,-1.0,7,10,31,14482
25,-1.0,7,22,54,14483
16,1.0,1,17,34,14484
8,1.0,8,16,32,14485
23,1.0,9,1,33,14486
16,1.0,17,2,35,14487
20,-1.0,4,7,31,14488
7,1.0,12,13,32,14489
25,1.0,9,6,40,14490
6,1.0,10,9,25,14491
1,-1.0,15,10,26,14492
21,-1.0,0,9,30,14493
44,-1.0,0,21,65,14494
9,-1.0,0,28,37,14495
16,1.0,13,12,41,14496
42,-1.0,1,9,52,14497
34,1.0,4,0,38,14498
1,1.0,19,12,32,14499
20,1.0,22,0,42,14500
13,-1.0,0,25,38,14501
7,1.0,4,20,31,14502
20,-1.0,0,18,38,14503
4,-1.0,1,24,29,14504
17,1.0,8,1,26,14505
14,1.0,0,22,36,14506
18,-1.0,27,6,51,14507
31,-1.0,13,12,56,14508
34,-1.0,7,0,41,14509
12,-1.0,11,8,31,14510
12,-1.0,18,10,40,14511
1,-1.0,39,1,41,14512
45,-1.0,1,3,49,14513
15,1.0,14,18,47,14514
39,-1.0,0,23,62,14515
27,-1.0,18,1,46,14516
31,1.0,3,25,59,14517
1,1.0,7,25,33,14518
6,-1.0,3,17,26,14519
96,-1.0,0,70,166,14520
27,1.0,97,26,150,14521
10,1.0,44,18,72,14522
13,1.0,28,24,65,14523
22,-1.0,16,1,39,14524
7,-1.0,21,19,47,14525
19,1.0,4,14,37,14526
45,-1.0,0,12,57,14527
27,-1.0,5,18,50,14528
29,-1.0,8,5,42,14529
3,1.0,18,0,21,14530
11,-1.0,5,30,46,14531
40,1.0,0,8,48,14532
3,1.0,22,4,29,14533
22,-1.0,4,14,40,14534
23,1.0,5,15,43,14535
12,1.0,6,9,27,14536
33,-1.0,2,7,42,14537
39,-1.0,4,23,66,14538
19,1.0,11,0,30,14539
33,-1.0,3,19,55,14540
34,1.0,12,19,65,14541
16,-1.0,17,3,36,14542
14,1.0,7,9,30,14543
24,1.0,7,15,46,14544
20,1.0,15,1,36,14545
18,1.0,2,22,42,14546
56,-1.0,2,0,58,14547
17,-1.0,16,0,33,14548
35,-1.0,8,0,43,14549
9,-1.0,19,5,33,14550
1,1.0,25,10,36,14551
42,-1.0,8,1,51,14552
32,1.0,9,10,51,14553
40,-1.0,0,19,59,14554
12,-1.0,11,29,52,14555
49,-1.0,10,17,76,14556
21,1.0,16,15,52,14557
24,1.0,30,7,61,14558
8,-1.0,19,17,44,14559
40,1.0,1,11,52,14560
24,1.0,1,27,52,14561
12,1.0,6,10,28,14562
32,-1.0,9,10,51,14563
70,1.0,6,10,86,14564
17,1.0,20,20,57,14565
36,-1.0,15,12,63,14566
25,-1.0,0,25,50,14567
30,-1.0,0,33,63,14568
96,-1.0,3,17,116,14569
62,-1.0,17,3,82,14570
41,1.0,12,113,166,14571
16,1.0,43,5,64,14572
24,-1.0,19,8,51,14573
29,1.0,0,9,38,14574
31,-1.0,11,10,52,14575
35,-1.0,2,6,43,14576
20,1.0,9,12,41,14577
12,1.0,23,15,50,14578
4,-1.0,26,11,41,14579
10,-1.0,11,9,30,14580
35,-1.0,4,1,40,14581
16,-1.0,14,20,50,14582
4,1.0,14,24,42,14583
9,-1.0,4,11,24,14584
21,-1.0,7,22,50,14585
15,-1.0,6,20,41,14586
12,1.0,25,24,61,14587
22,1.0,16,4,42,14588
22,1.0,3,23,48,14589
28,-1.0,8,9,45,14590
22,-1.0,2,12,36,14591
22,1.0,0,18,40,14592
27,1.0,0,15,42,14593
15,-1.0,22,2,39,14594
13,-1.0,7,7,27,14595
9,1.0,9,14,32,14596
1,1.0,0,39,40,14597
0,1.0,24,3,27,14598
2,1.0,26,3,31,14599
13,1.0,13,7,33,14600
4,-1.0,20,18,42,14601
8,1.0,16,10,34,14602
48,1.0,0,6,54,14603
38,-1.0,2,20,60,14604
23,1.0,0,29,52,14605
15,1.0,19,31,65,14606
79,-1.0,73,86,238,14607
80,-1.0,0,16,96,14608
134,1.0,25,6,165,14609
17,1.0,29,5,51,14610
45,-1.0,26,20,91,14611
8,1.0,24,26,58,14612
87,-1.0,4,15,106,14613
130,-1.0,6,0,136,14614
55,-1.0,19,14,88,14615
61,-1.0,0,32,93,14616
44,-1.0,0,9,53,14617
21,-1.0,34,4,59,14618
88,-1.0,5,17,110,14619
52,1.0,6,11,69,14620
137,-1.0,0,0,137,14621
15,1.0,4,36,55,14622
11,1.0,0,61,72,14623
58,1.0,21,5,84,14624
46,1.0,14,23,83,14625
74,1.0,0,11,85,14626
16,1.0,17,52,85,14627
28,-1.0,36,1,65,14628
30,1.0,46,10,86,14629
9,-1.0,40,12,61,14630
22,-1.0,13,41,76,14631
59,1.0,7,15,81,14632
1,1.0,23,31,55,14633
54,-1.0,0,6,60,14634
18,-1.0,8,14,40,14635
37,1.0,16,0,53,14636
52,1.0,17,10,79,14637
28,1.0,16,3,47,14638
17,1.0,14,5,36,14639
6,1.0,14,18,38,14640
59,1.0,4,3,66,14641
36,-1.0,0,15,51,14642
30,1.0,0,25,55,14643
10,-1.0,36,26,72,14644
9,1.0,16,15,40,14645
9,1.0,18,2,29,14646
17,-1.0,12,21,50,14647
13,-1.0,7,18,38,14648
31,-1.0,4,20,55,14649
39,1.0,2,13,54,14650
44,-1.0,12,2,58,14651
28,-1.0,15,2,45,14652
23,-1.0,21,9,53,14653
36,1.0,16,5,57,14654
8,1.0,32,19,59,14655
53,1.0,3,0,56,14656
30,-1.0,19,14,63,14657
33,-1.0,8,4,45,14658
77,-1.0,15,1,93,14659
56,-1.0,21,3,80,14660
6,-1.0,25,28,59,14661
15,1.0,15,14,44,14662
43,-1.0,7,2,52,14663
25,1.0,8,38,71,14664
8,-1.0,0,39,47,14665
10,-1.0,20,5,35,14666
22,-1.0,3,24,49,14667
26,1.0,7,9,42,14668
34,-1.0,0,23,57,14669
45,-1.0,3,8,56,14670
25,-1.0,8,37,70,14671
4,-1.0,24,21,49,14672
44,-1.0,23,5,72,14673
39,-1.0,2,14,55,14674
30,1.0,39,10,79,14675
11,-1.0,26,9,46,14676
8,1.0,33,4,45,14677
94,1.0,40,2,136,14678
16,1.0,44,9,69,14679
23,1.0,20,14,57,14680
182,1.0,0,16,198,14681
59,1.0,15,43,117,14682
3,-1.0,8,61,72,14683
4,-1.0,36,4,44,14684
50,-1.0,3,5,58,14685
3,1.0,20,0,23,14686
7,1.0,27,90,124,14687
25,1.0,3,32,60,14688
92,-1.0,0,4,96,14689
37,1.0,15,4,56,14690
68,-1.0,8,0,76,14691
27,1.0,6,24,57,14692
4,1.0,21,26,51,14693
71,-1.0,0,8,79,14694
3,1.0,30,25,58,14695
0,-1.0,21,0,21,14696
52,1.0,25,2,79,14697
9,1.0,22,2,33,14698
31,-1.0,11,12,54,14699
3,1.0,23,2,28,14700
8,-1.0,8,17,33,14701
11,1.0,15,6,32,14702
37,-1.0,7,11,55,14703
29,-1.0,14,17,60,14704
12,-1.0,12,14,38,14705
11,1.0,24,1,36,14706
29,1.0,13,2,44,14707
42,1.0,7,14,63,14708
7,-1.0,10,10,27,14709
4,1.0,4,23,31,14710
72,1.0,10,11,93,14711
6,-1.0,10,17,33,14712
12,-1.0,1,17,30,14713
19,-1.0,0,16,35,14714
8,-1.0,8,21,37,14715
42,1.0,3,4,49,14716
45,-1.0,13,3,61,14717
14,1.0,12,19,45,14718
63,-1.0,5,0,68,14719
3,1.0,8,31,42,14720
3,1.0,29,8,40,14721
24,1.0,5,17,46,14722
72,1.0,26,2,100,14723
1,1.0,11,21,33,14724
36,-1.0,10,3,49,14725
22,-1.0,8,4,34,14726
12,-1.0,33,0,45,14727
34,-1.0,0,24,58,14728
33,1.0,10,20,63,14729
11,1.0,18,17,46,14730
28,1.0,32,9,69,14731
16,1.0,6,13,35,14732
74,1.0,1,0,75,14733
34,-1.0,9,19,62,14734
1,-1.0,3,38,42,14735
46,1.0,7,0,53,14736
18,-1.0,32,9,59,14737
33,1.0,13,0,46,14738
135,-1.0,8,33,176,14739
53,-1.0,20,19,92,14740
14,-1.0,6,38,58,14741
12,-1.0,18,23,53,14742
27,1.0,0,38,65,14743
8,-1.0,16,8,32,14744
71,1.0,31,14,116,14745
18,-1.0,23,0,41,14746
25,1.0,0,15,40,14747
44,1.0,4,15,63,14748
10,1.0,14,15,39,14749
4,-1.0,17,0,21,14750
10,1.0,39,1,50,14751
36,-1.0,1,21,58,14752
20,1.0,6,14,40,14753
12,1.0,28,20,60,14754
14,-1.0,21,4,39,14755
27,1.0,5,22,54,14756
24,1.0,16,4,44,14757
15,1.0,6,6,27,14758
23,1.0,11,1,35,14759
1,1.0,11,12,24,14760
41,-1.0,3,5,49,14761
24,1.0,4,1,29,14762
2,1.0,11,12,25,14763
27,-1.0,20,7,54,14764
12,1.0,12,20,44,14765
19,1.0,0,13,32,14766
1,1.0,10,9,20,14767
27,1.0,12,8,47,14768
28,-1.0,6,4,38,14769
4,1.0,19,1,24,14770
23,1.0,4,21,48,14771
17,1.0,10,12,39,14772
31,1.0,3,7,41,14773
2,1.0,20,8,30,14774
35,1.0,2,3,40,14775
4,-1.0,24,3,31,14776
19,-1.0,22,2,43,14777
13,1.0,11,6,30,14778
26,-1.0,14,0,40,14779
7,1.0,14,17,38,14780
8,-1.0,9,12,29,14781
27,-1.0,8,2,37,14782
7,-1.0,10,18,35,14783
40,1.0,2,2,44,14784
9,-1.0,10,17,36,14785
27,-1.0,1,24,52,14786
27,-1.0,67,46,140,14787
39,1.0,1,58,98,14788
33,1.0,12,7,52,14789
69,-1.0,1,0,70,14790
53,1.0,17,22,92,14791
9,1.0,6,43,58,14792
57,1.0,0,13,70,14793
71,-1.0,3,10,84,14794
3,-1.0,21,19,43,14795
5,-1.0,19,6,30,14796
22,1.0,18,0,40,14797
14,1.0,17,4,35,14798
8,1.0,0,28,36,14799
5,1.0,0,18,23,14800
13,-1.0,16,3,32,14801
19,1.0,11,2,32,14802
53,1.0,2,8,63,14803
9,-1.0,10,20,39,14804
30,-1.0,3,9,42,14805
61,1.0,14,1,76,14806
13,-1.0,4,16,33,14807
26,-1.0,20,2,48,14808
21,-1.0,2,10,33,14809
57,1.0,0,7,64,14810
26,1.0,13,20,59,14811
9,1.0,37,13,59,14812
22,1.0,2,29,53,14813
17,-1.0,28,16,61,14814
1,-1.0,34,15,50,14815
20,-1.0,9,22,51,14816
28,-1.0,27,1,56,14817
34,1.0,3,21,58,14818
14,-1.0,4,28,46,14819
81,-1.0,3,16,100,14820
3,1.0,32,25,60,14821
11,1.0,13,16,40,14822
3,1.0,27,5,35,14823
54,-1.0,12,0,66,14824
27,-1.0,5,16,48,14825
73,-1.0,4,11,88,14826
88,-1.0,0,3,91,14827
8,-1.0,31,3,42,14828
5,1.0,0,36,41,14829
15,-1.0,8,29,52,14830
17,-1.0,11,3,31,14831
88,1.0,0,1,89,14832
52,1.0,0,32,84,14833
29,-1.0,11,15,55,14834
17,-1.0,15,8,40,14835
8,-1.0,0,42,50,14836
23,1.0,1,16,40,14837
30,1.0,6,7,43,14838
154,1.0,0,0,154,14839
9,1.0,22,1,32,14840
1,-1.0,18,35,54,14841
6,1.0,15,5,26,14842
33,-1.0,6,0,39,14843
51,1.0,0,9,60,14844
2,-1.0,15,12,29,14845
45,1.0,6,4,55,14846
9,-1.0,18,0,27,14847
15,-1.0,9,8,32,14848
18,-1.0,12,3,33,14849
15,1.0,21,0,36,14850
7,1.0,3,19,29,14851
33,1.0,3,2,38,14852
29,-1.0,1,14,44,14853
8,1.0,12,5,25,14854
5,-1.0,14,12,31,14855
10,1.0,7,8,25,14856
9,-1.0,11,2,22,14857
25,-1.0,2,22,49,14858
34,1.0,6,2,42,14859
36,-1.0,9,0,45,14860
30,1.0,14,2,46,14861
45,-1.0,5,1,51,14862
13,1.0,23,8,44,14863
0,-1.0,15,21,36,14864
17,1.0,13,0,30,14865
26,-1.0,6,0,32,14866
112,-1.0,0,2,114,14867
24,-1.0,0,21,45,14868
34,1.0,11,11,56,14869
7,-1.0,20,10,37,14870
4,1.0,15,12,31,14871
21,-1.0,0,17,38,14872
3,1.0,13,18,34,14873
11,1.0,3,21,35,14874
7,1.0,10,13,30,14875
0,1.0,4,24,28,14876
22,-1.0,5,6,33,14877
11,-1.0,8,13,32,14878
21,-1.0,4,5,30,14879
15,1.0,1,11,27,14880
11,-1.0,9,5,25,14881
28,1.0,9,3,40,14882
4,1.0,8,10,22,14883
15,1.0,16,0,31,14884
35,1.0,14,2,51,14885
5,-1.0,10,16,31,14886
10,-1.0,3,20,33,14887
62,1.0,1,0,63,14888
42,1.0,10,13,65,14889
35,-1.0,23,5,63,14890
12,1.0,16,5,33,14891
57,-1.0,2,0,59,14892
28,-1.0,13,9,50,14893
38,-1.0,0,24,62,14894
55,1.0,6,15,76,14895
47,-1.0,0,0,47,14896
28,1.0,15,2,45,14897
29,-1.0,10,9,48,14898
61,1.0,1,14,76,14899
19,1.0,26,0,45,14900
10,1.0,6,19,35,14901
4,-1.0,26,1,31,14902
31,1.0,15,4,50,14903
34,1.0,0,7,41,14904
23,1.0,3,47,73,14905
39,1.0,0,5,44,14906
8,1.0,11,10,29,14907
17,-1.0,5,8,30,14908
16,1.0,13,1,30,14909
2,1.0,13,9,24,14910
11,-1.0,11,1,23,14911
7,1.0,10,8,25,14912
24,-1.0,13,0,37,14913
8,1.0,12,7,27,14914
25,-1.0,0,8,33,14915
14,-1.0,7,6,27,14916
0,1.0,20,4,24,14917
15,-1.0,16,0,31,14918
29,-1.0,9,3,41,14919
3,-1.0,13,3,19,14920
19,-1.0,0,10,29,14921
25,-1.0,52,0,77,14922
20,-1.0,8,7,35,14923
17,-1.0,12,14,43,14924
8,1.0,0,36,44,14925
37,-1.0,0,5,42,14926
21,-1.0,4,10,35,14927
2,1.0,5,42,49,14928
17,1.0,8,11,36,14929
19,1.0,1,14,34,14930
14,-1.0,17,3,34,14931
15,-1.0,3,8,26,14932
55,-1.0,0,6,61,14933
11,1.0,10,7,28,14934
5,1.0,19,2,26,14935
36,-1.0,1,48,85,14936
24,-1.0,2,23,49,14937
23,-1.0,4,5,32,14938
1,-1.0,5,25,31,14939
22,-1.0,0,22,44,14940
24,-1.0,25,12,61,14941
11,1.0,29,9,49,14942
21,1.0,9,5,35,14943
2,-1.0,14,10,26,14944
18,1.0,7,6,31,14945
9,-1.0,0,27,36,14946
1,1.0,24,4,29,14947
5,-1.0,6,17,28,14948
46,-1.0,0,10,56,14949
81,-1.0,5,12,98,14950
28,1.0,4,7,39,14951
43,1.0,10,10,63,14952
46,-1.0,3,10,59,14953
23,-1.0,13,2,38,14954
80,-1.0,0,8,88,14955
29,1.0,3,15,47,14956
23,-1.0,16,6,45,14957
26,1.0,24,42,92,14958
59,1.0,8,15,82,14959
17,1.0,40,3,60,14960
83,-1.0,2,9,94,14961
32,-1.0,16,9,57,14962
3,1.0,21,23,47,14963
12,1.0,29,2,43,14964
48,1.0,0,2,50,14965
1,-1.0,5,32,38,14966
0,-1.0,19,7,26,14967
2,-1.0,13,16,31,14968
53,1.0,1,2,56,14969
49,-1.0,14,0,63,14970
21,-1.0,4,13,38,14971
6,-1.0,26,5,37,14972
10,-1.0,12,7,29,14973
19,-1.0,0,20,39,14974
6,1.0,16,10,32,14975
31,1.0,5,16,52,14976
3,1.0,17,18,38,14977
5,1.0,12,9,26,14978
13,1.0,8,4,25,14979
15,1.0,1,12,28,14980
38,-1.0,7,2,47,14981
26,-1.0,2,8,36,14982
10,-1.0,16,3,29,14983
18,1.0,21,1,40,14984
9,1.0,12,14,35,14985
16,-1.0,0,21,37,14986
21,1.0,2,7,30,14987
31,-1.0,10,0,41,14988
55,-1.0,3,4,62,14989
22,-1.0,3,17,42,14990
15,-1.0,1,21,37,14991
16,-1.0,7,8,31,14992
22,-1.0,8,2,32,14993
45,1.0,3,13,61,14994
5,-1.0,7,15,27,14995
25,1.0,13,28,66,14996
65,1.0,5,6,76,14997
21,1.0,4,34,59,14998
3,-1.0,17,12,32,14999
8,-1.0,23,16,47,15000
11,-1.0,12,14,37,15001
55,1.0,13,0,68,15002
10,-1.0,33,0,43,15003
17,1.0,10,21,48,15004
106,-1.0,29,6,141,15005
6,-1.0,13,38,57,15006
32,-1.0,30,1,63,15007
19,1.0,17,8,44,15008
34,-1.0,9,17,60,15009
9,-1.0,1,33,43,15010
43,-1.0,2,46,91,15011
17,1.0,1,24,42,15012
21,1.0,21,1,43,15013
9,1.0,10,11,30,15014
15,-1.0,25,0,40,15015
25,-1.0,3,6,34,15016
25,-1.0,13,1,39,15017
41,1.0,8,6,55,15018
12,-1.0,17,2,31,15019
19,-1.0,20,2,41,15020
1,-1.0,17,11,29,15021
14,-1.0,4,15,33,15022
12,-1.0,4,11,27,15023
8,-1.0,16,10,34,15024
24,1.0,2,18,44,15025
7,1.0,10,9,26,15026
26,-1.0,11,0,37,15027
6,1.0,15,12,33,15028
37,-1.0,6,5,48,15029
4,1.0,15,11,30,15030
19,-1.0,0,14,33,15031
2,-1.0,5,21,28,15032
8,-1.0,13,5,26,15033
13,-1.0,23,2,38,15034
7,-1.0,6,10,23,15035
41,-1.0,24,0,65,15036
7,-1.0,10,34,51,15037
3,-1.0,0,26,29,15038
12,-1.0,19,5,36,15039
26,-1.0,3,23,52,15040
24,1.0,33,1,58,15041
102,1.0,0,0,102,15042
12,-1.0,27,12,51,15043
50,-1.0,0,21,71,15044
6,-1.0,2,27,35,15045
36,1.0,9,2,47,15046
16,-1.0,3,15,34,15047
52,1.0,0,2,54,15048
47,1.0,12,5,64,15049
25,-1.0,3,1,29,15050
28,1.0,8,10,46,15051
5,1.0,6,23,34,15052
7,1.0,5,19,31,15053
0,1.0,16,3,19,15054
9,1.0,14,8,31,15055
37,-1.0,0,14,51,15056
32,-1.0,4,10,46,15057
18,-1.0,9,16,43,15058
12,-1.0,19,15,46,15059
8,1.0,0,25,33,15060
22,1.0,3,6,31,15061
0,0.0,21,13,34,15062
49,-1.0,10,0,59,15063
7,-1.0,14,15,36,15064
76,1.0,31,1,108,15065
47,-1.0,6,13,66,15066
36,-1.0,14,0,50,15067
49,1.0,1,2,52,15068
1,1.0,3,18,22,15069
41,1.0,9,2,52,15070
36,-1.0,41,21,98,15071
7,1.0,32,11,50,15072
29,-1.0,11,4,44,15073
6,-1.0,27,1,34,15074
14,1.0,4,12,30,15075
41,-1.0,13,2,56,15076
0,0.0,21,11,32,15077
6,-1.0,10,15,31,15078
10,1.0,11,22,43,15079
38,-1.0,5,0,43,15080
51,-1.0,1,6,58,15081
34,-1.0,5,12,51,15082
4,1.0,13,9,26,15083
14,-1.0,8,14,36,15084
22,1.0,8,5,35,15085
11,1.0,13,4,28,15086
2,1.0,18,0,20,15087
5,-1.0,22,0,27,15088
12,1.0,6,15,33,15089
6,-1.0,0,21,27,15090
23,1.0,8,2,33,15091
43,1.0,7,0,50,15092
5,1.0,0,23,28,15093
20,-1.0,12,2,34,15094
56,-1.0,2,1,59,15095
10,-1.0,10,12,32,15096
57,-1.0,0,16,73,15097
68,-1.0,1,23,92,15098
52,1.0,1,2,55,15099
37,-1.0,1,22,60,15100
35,-1.0,4,16,55,15101
48,1.0,16,2,66,15102
56,-1.0,3,5,64,15103
54,1.0,7,4,65,15104
68,1.0,2,0,70,15105
80,1.0,9,4,93,15106
6,1.0,28,12,46,15107
11,-1.0,6,39,56,15108
24,1.0,7,9,40,15109
65,1.0,3,2,70,15110
49,1.0,4,10,63,15111
2,-1.0,18,12,32,15112
21,1.0,16,3,40,15113
46,-1.0,4,1,51,15114
3,1.0,6,20,29,15115
6,1.0,24,0,30,15116
9,1.0,6,12,27,15117
19,-1.0,12,9,40,15118
12,-1.0,0,31,43,15119
1,-1.0,22,2,25,15120
12,-1.0,1,12,25,15121
0,1.0,17,12,29,15122
19,1.0,4,11,34,15123
32,-1.0,7,0,39,15124
13,-1.0,14,1,28,15125
30,1.0,15,2,47,15126
21,1.0,17,10,48,15127
49,-1.0,4,5,58,15128
24,-1.0,7,12,43,15129
4,1.0,12,11,27,15130
16,-1.0,1,36,53,15131
9,1.0,17,6,32,15132
21,-1.0,18,11,50,15133
20,1.0,7,19,46,15134
6,-1.0,21,8,35,15135
7,-1.0,6,24,37,15136
71,-1.0,3,0,74,15137
35,1.0,2,12,49,15138
102,-1.0,9,19,130,15139
55,-1.0,1,19,75,15140
14,-1.0,23,4,41,15141
40,-1.0,2,31,73,15142
62,1.0,4,0,66,15143
17,1.0,7,11,35,15144
21,-1.0,16,1,38,15145
17,-1.0,18,1,36,15146
13,1.0,7,10,30,15147
33,1.0,14,12,59,15148
42,1.0,10,0,52,15149
25,1.0,8,24,57,15150
1,1.0,5,16,22,15151
51,-1.0,1,5,57,15152
8,-1.0,0,38,46,15153
5,1.0,5,18,28,15154
28,-1.0,5,7,40,15155
15,-1.0,3,12,30,15156
37,1.0,7,10,54,15157
27,1.0,15,3,45,15158
3,1.0,3,37,43,15159
34,-1.0,5,2,41,15160
25,1.0,14,1,40,15161
3,1.0,4,14,21,15162
52,-1.0,7,0,59,15163
33,-1.0,1,24,58,15164
22,-1.0,21,0,43,15165
36,-1.0,1,20,57,15166
32,1.0,1,11,44,15167
14,1.0,13,25,52,15168
21,1.0,5,4,30,15169
1,1.0,16,8,25,15170
9,1.0,6,20,35,15171
6,1.0,36,1,43,15172
115,-1.0,0,16,131,15173
19,1.0,17,15,51,15174
12,-1.0,17,4,33,15175
0,-1.0,6,36,42,15176
17,1.0,11,21,49,15177
23,1.0,19,1,43,15178
11,-1.0,23,1,35,15179
1,-1.0,11,13,25,15180
58,-1.0,0,3,61,15181
4,1.0,10,9,23,15182
27,1.0,9,5,41,15183
49,-1.0,1,17,67,15184
124,-1.0,6,10,140,15185
78,1.0,4,6,88,15186
1,1.0,28,6,35,15187
50,1.0,29,7,86,15188
35,-1.0,2,10,47,15189
31,1.0,10,3,44,15190
2,-1.0,20,4,26,15191
27,-1.0,13,7,47,15192
28,1.0,10,11,49,15193
32,1.0,10,4,46,15194
26,1.0,17,0,43,15195
23,-1.0,4,7,34,15196
12,1.0,9,6,27,15197
0,-1.0,21,7,28,15198
2,1.0,26,2,30,15199
22,-1.0,11,4,37,15200
25,1.0,18,5,48,15201
39,1.0,20,0,59,15202
11,1.0,23,0,34,15203
8,-1.0,0,25,33,15204
41,1.0,15,1,57,15205
16,1.0,11,14,41,15206
15,1.0,3,16,34,15207
22,1.0,1,6,29,15208
17,1.0,19,11,47,15209
31,-1.0,7,1,39,15210
28,1.0,18,3,49,15211
44,-1.0,11,2,57,15212
29,1.0,1,11,41,15213
82,1.0,2,1,85,15214
38,1.0,2,2,42,15215
23,1.0,27,1,51,15216
1,-1.0,0,57,58,15217
41,1.0,13,0,54,15218
24,1.0,0,27,51,15219
69,-1.0,8,1,78,15220
0,-1.0,6,41,47,15221
15,1.0,7,16,38,15222
11,1.0,11,35,57,15223
9,1.0,1,20,30,15224
17,1.0,10,5,32,15225
2,1.0,17,15,34,15226
26,1.0,8,5,39,15227
3,1.0,3,19,25,15228
16,-1.0,0,18,34,15229
29,-1.0,1,12,42,15230
1,-1.0,14,13,28,15231
26,-1.0,5,17,48,15232
33,1.0,0,6,39,15233
29,1.0,8,3,40,15234
62,1.0,1,5,68,15235
14,1.0,9,31,54,15236
15,1.0,5,7,27,15237
14,1.0,15,1,30,15238
40,-1.0,2,14,56,15239
24,-1.0,12,3,39,15240
28,1.0,0,5,33,15241
31,1.0,0,12,43,15242
29,-1.0,11,13,53,15243
1,1.0,13,7,21,15244
23,-1.0,2,30,55,15245
27,-1.0,3,16,46,15246
64,1.0,1,1,66,15247
23,1.0,3,17,43,15248
44,-1.0,10,0,54,15249
21,-1.0,16,6,43,15250
14,1.0,0,21,35,15251
17,1.0,65,2,84,15252
37,-1.0,8,34,79,15253
48,1.0,1,0,49,15254
11,1.0,18,6,35,15255
45,-1.0,0,0,45,15256
42,-1.0,0,23,65,15257
25,-1.0,27,1,53,15258
131,-1.0,0,13,144,15259
30,1.0,7,13,50,15260
12,1.0,14,54,80,15261
35,-1.0,7,18,60,15262
67,-1.0,1,32,100,15263
18,1.0,4,17,39,15264
25,1.0,1,12,38,15265
14,1.0,3,26,43,15266
12,1.0,18,10,40,15267
6,-1.0,15,5,26,15268
25,1.0,1,16,42,15269
25,1.0,10,9,44,15270
37,1.0,2,20,59,15271
3,1.0,24,7,34,15272
42,1.0,3,1,46,15273
27,1.0,4,3,34,15274
21,-1.0,20,4,45,15275
45,1.0,18,1,64,15276
17,1.0,11,16,44,15277
13,-1.0,14,5,32,15278
13,-1.0,17,14,44,15279
42,1.0,6,2,50,15280
23,-1.0,20,13,56,15281
47,1.0,14,0,61,15282
20,-1.0,16,1,37,15283
43,1.0,4,1,48,15284
24,1.0,21,0,45,15285
29,-1.0,10,6,45,15286
46,1.0,6,7,59,15287
34,1.0,5,10,49,15288
9,1.0,12,6,27,15289
19,1.0,2,21,42,15290
18,1.0,18,1,37,15291
15,1.0,11,1,27,15292
58,1.0,10,0,68,15293
0,-1.0,19,4,23,15294
48,-1.0,0,0,48,15295
38,-1.0,0,29,67,15296
6,-1.0,22,14,42,15297
56,-1.0,8,0,64,15298
5,1.0,25,29,59,15299
7,1.0,13,15,35,15300
44,-1.0,7,3,54,15301
18,1.0,0,28,46,15302
7,1.0,8,12,27,15303
30,-1.0,2,2,34,15304
41,1.0,2,0,43,15305
28,-1.0,14,6,48,15306
14,-1.0,10,6,30,15307
2,-1.0,6,22,30,15308
40,-1.0,1,4,45,15309
21,-1.0,3,11,35,15310
5,-1.0,21,3,29,15311
8,-1.0,1,25,34,15312
21,1.0,5,6,32,15313
8,1.0,9,7,24,15314
13,-1.0,9,3,25,15315
33,1.0,0,1,34,15316
30,-1.0,2,6,38,15317
20,1.0,0,18,38,15318
0,1.0,14,5,19,15319
49,1.0,1,0,50,15320
7,-1.0,0,16,23,15321
47,-1.0,7,0,54,15322
39,-1.0,2,29,70,15323
5,1.0,11,25,41,15324
25,-1.0,28,4,57,15325
45,1.0,11,2,58,15326
22,1.0,24,5,51,15327
30,-1.0,18,0,48,15328
0,-1.0,25,13,38,15329
55,-1.0,8,0,63,15330
20,1.0,27,6,53,15331
42,-1.0,23,2,67,15332
15,-1.0,0,14,29,15333
13,1.0,28,0,41,15334
47,1.0,0,5,52,15335
20,1.0,5,17,42,15336
26,1.0,3,12,41,15337
3,-1.0,19,4,26,15338
17,1.0,15,1,33,15339
8,-1.0,12,6,26,15340
16,1.0,5,6,27,15341
7,1.0,13,5,25,15342
23,1.0,7,7,37,15343
29,1.0,6,2,37,15344
20,-1.0,1,11,32,15345
0,1.0,6,13,19,15346
19,1.0,4,9,32,15347
2,-1.0,17,10,29,15348
47,-1.0,3,3,53,15349
32,-1.0,0,18,50,15350
25,-1.0,13,2,40,15351
7,-1.0,3,34,44,15352
25,1.0,0,22,47,15353
4,1.0,9,12,25,15354
73,-1.0,2,18,93,15355
33,1.0,4,1,38,15356
39,-1.0,0,31,70,15357
41,-1.0,3,12,56,15358
37,1.0,2,22,61,15359
5,-1.0,31,7,43,15360
41,1.0,1,2,44,15361
37,1.0,5,5,47,15362
13,-1.0,11,14,38,15363
0,-1.0,1,18,19,15364
9,-1.0,16,11,36,15365
28,-1.0,1,5,34,15366
23,-1.0,13,3,39,15367
11,1.0,13,12,36,15368
24,-1.0,12,2,38,15369
24,1.0,2,13,39,15370
8,-1.0,13,3,24,15371
19,-1.0,8,0,27,15372
68,-1.0,0,1,69,15373
26,1.0,12,2,40,15374
5,-1.0,21,4,30,15375
35,1.0,27,0,62,15376
0,0.0,5,20,25,15377
9,-1.0,3,20,32,15378
77,1.0,10,0,87,15379
15,-1.0,13,9,37,15380
33,1.0,14,1,48,15381
9,-1.0,7,12,28,15382
28,-1.0,12,2,42,15383
10,-1.0,7,4,21,15384
74,-1.0,0,5,79,15385
33,1.0,23,7,63,15386
28,-1.0,15,0,43,15387
4,-1.0,5,18,27,15388
21,1.0,17,5,43,15389
41,1.0,7,3,51,15390
11,-1.0,24,2,37,15391
24,-1.0,6,0,30,15392
49,1.0,7,0,56,15393
11,-1.0,15,5,31,15394
120,-1.0,0,24,144,15395
19,-1.0,1,10,30,15396
47,-1.0,1,7,55,15397
29,-1.0,10,10,49,15398
7,1.0,1,13,21,15399
2,-1.0,22,4,28,15400
1,1.0,18,1,20,15401
44,1.0,2,16,62,15402
6,1.0,21,4,31,15403
0,1.0,2,18,20,15404
17,1.0,5,18,40,15405
2,1.0,11,13,26,15406
22,1.0,3,7,32,15407
37,-1.0,0,21,58,15408
14,-1.0,5,12,31,15409
9,1.0,6,16,31,15410
25,-1.0,0,19,44,15411
27,-1.0,3,10,40,15412
29,1.0,26,22,77,15413
46,1.0,15,0,61,15414
17,-1.0,2,19,38,15415
70,1.0,3,2,75,15416
0,-1.0,14,21,35,15417
18,1.0,0,16,34,15418
22,1.0,1,7,30,15419
12,1.0,15,0,27,15420
3,1.0,3,17,23,15421
9,-1.0,7,3,19,15422
16,1.0,1,9,26,15423
4,1.0,12,4,20,15424
14,1.0,1,10,25,15425
19,1.0,4,8,31,15426
1,1.0,7,16,24,15427
28,1.0,4,1,33,15428
10,1.0,20,6,36,15429
23,1.0,6,8,37,15430
0,-1.0,24,10,34,15431
9,-1.0,14,9,32,15432
39,-1.0,4,15,58,15433
1,-1.0,42,0,43,15434
34,-1.0,9,9,52,15435
14,-1.0,30,2,46,15436
25,1.0,17,0,42,15437
1,-1.0,32,4,37,15438
18,1.0,4,16,38,15439
4,-1.0,11,5,20,15440
20,-1.0,9,1,30,15441
1,-1.0,4,22,27,15442
23,1.0,9,5,37,15443
26,-1.0,8,1,35,15444
0,0.0,2,19,21,15445
1,1.0,1,31,33,15446
13,-1.0,5,12,30,15447
2,1.0,16,7,25,15448
0,1.0,7,13,20,15449
53,-1.0,0,12,65,15450
5,-1.0,3,27,35,15451
42,-1.0,1,4,47,15452
8,-1.0,0,20,28,15453
40,-1.0,3,20,63,15454
9,-1.0,17,6,32,15455
35,1.0,2,6,43,15456
0,1.0,21,13,34,15457
17,-1.0,5,11,33,15458
0,-1.0,6,22,28,15459
46,1.0,15,19,80,15460
0,0.0,1,38,39,15461
20,-1.0,1,27,48,15462
9,1.0,3,20,32,15463
23,-1.0,11,5,39,15464
14,1.0,15,0,29,15465
12,-1.0,10,9,31,15466
1,-1.0,17,10,28,15467
7,1.0,4,15,26,15468
0,-1.0,11,6,17,15469
31,1.0,3,5,39,15470
38,1.0,5,2,45,15471
9,-1.0,8,7,24,15472
18,-1.0,11,6,35,15473
0,-1.0,4,16,20,15474
11,-1.0,16,4,31,15475
27,-1.0,4,5,36,15476
19,1.0,2,18,39,15477
30,-1.0,4,4,38,15478
16,-1.0,1,10,27,15479
37,-1.0,3,6,46,15480
22,1.0,0,12,34,15481
2,-1.0,26,2,30,15482
31,1.0,9,5,45,15483
2,1.0,19,6,27,15484
15,1.0,5,13,33,15485
12,-1.0,14,12,38,15486
2,1.0,9,10,21,15487
16,1.0,1,10,27,15488
6,1.0,5,18,29,15489
19,-1.0,5,9,33,15490
31,-1.0,0,9,40,15491
4,1.0,9,27,40,15492
34,1.0,13,2,49,15493
30,1.0,10,1,41,15494
23,-1.0,2,4,29,15495
16,-1.0,12,7,35,15496
20,1.0,15,2,37,15497
32,-1.0,4,0,36,15498
13,1.0,2,15,30,15499
19,-1.0,8,10,37,15500
9,-1.0,2,12,23,15501
12,-1.0,16,0,28,15502
11,1.0,4,6,21,15503
5,-1.0,6,8,19,15504
7,-1.0,3,20,30,15505
54,1.0,4,2,60,15506
16,-1.0,5,14,35,15507
9,-1.0,10,33,52,15508
2,1.0,9,27,38,15509
26,-1.0,10,1,37,15510
2,1.0,1,22,25,15511
4,1.0,17,2,23,15512
33,-1.0,1,5,39,15513
9,-1.0,9,4,22,15514
14,-1.0,1,19,34,15515
22,-1.0,8,3,33,15516
25,1.0,2,9,36,15517
50,1.0,2,1,53,15518
36,-1.0,12,24,72,15519
33,-1.0,9,7,49,15520
55,-1.0,2,4,61,15521
2,-1.0,3,27,32,15522
42,-1.0,3,4,49,15523
7,1.0,16,7,30,15524
16,1.0,5,11,32,15525
6,-1.0,8,4,18,15526
5,-1.0,11,8,24,15527
20,-1.0,9,3,32,15528
4,-1.0,32,11,47,15529
9,1.0,8,12,29,15530
27,1.0,1,7,35,15531
27,1.0,0,9,36,15532
20,-1.0,11,0,31,15533
6,1.0,3,28,37,15534
11,-1.0,59,3,73,15535
19,1.0,37,0,56,15536
51,-1.0,8,0,59,15537
0,0.0,10,26,36,15538
3,-1.0,4,24,31,15539
5,1.0,21,0,26,15540
5,1.0,3,13,21,15541
3,-1.0,18,7,28,15542
2,-1.0,2,20,24,15543
36,1.0,0,2,38,15544
3,-1.0,2,22,27,15545
1,-1.0,25,3,29,15546
23,1.0,4,7,34,15547
20,1.0,13,2,35,15548
25,1.0,11,4,40,15549
4,-1.0,12,13,29,15550
12,1.0,0,17,29,15551
2,-1.0,13,9,24,15552
27,1.0,2,4,33,15553
16,1.0,25,2,43,15554
15,-1.0,0,26,41,15555
42,1.0,1,2,45,15556
11,-1.0,20,0,31,15557
32,-1.0,1,8,41,15558
49,1.0,2,4,55,15559
9,1.0,7,17,33,15560
96,1.0,15,4,115,15561
2,1.0,5,17,24,15562
4,-1.0,8,21,33,15563
8,1.0,10,6,24,15564
11,-1.0,23,0,34,15565
2,-1.0,8,22,32,15566
12,-1.0,6,25,43,15567
10,1.0,7,9,26,15568
8,-1.0,16,1,25,15569
3,-1.0,7,15,25,15570
49,1.0,10,0,59,15571
0,1.0,16,1,17,15572
9,1.0,1,21,31,15573
31,1.0,10,0,41,15574
4,1.0,2,16,22,15575
46,1.0,7,2,55,15576
42,-1.0,2,7,51,15577
23,-1.0,2,7,32,15578
16,1.0,17,8,41,15579
58,1.0,0,14,72,15580
14,1.0,12,7,33,15581
29,-1.0,1,4,34,15582
10,-1.0,5,20,35,15583
12,-1.0,18,3,33,15584
20,1.0,4,10,34,15585
18,1.0,11,10,39,15586
16,1.0,2,17,35,15587
5,-1.0,23,0,28,15588
4,-1.0,0,21,25,15589
2,1.0,14,2,18,15590
12,1.0,0,9,21,15591
6,1.0,4,12,22,15592
7,1.0,14,9,30,15593
12,-1.0,10,3,25,15594
37,-1.0,6,10,53,15595
3,-1.0,30,15,48,15596
2,1.0,22,8,32,15597
7,1.0,21,4,32,15598
40,-1.0,1,8,49,15599
2,-1.0,11,16,29,15600
7,1.0,9,8,24,15601
42,-1.0,3,5,50,15602
6,1.0,31,17,54,15603
26,-1.0,7,9,42,15604
7,-1.0,16,2,25,15605
7,1.0,23,2,32,15606
16,1.0,9,3,28,15607
11,1.0,18,4,33,15608
18,1.0,6,3,27,15609
35,1.0,11,1,47,15610
1,-1.0,19,4,24,15611
2,-1.0,21,4,27,15612
17,-1.0,7,0,24,15613
26,-1.0,13,3,42,15614
7,1.0,5,17,29,15615
0,-1.0,8,0,8,15616
18,1.0,18,0,36,15617
24,-1.0,7,46,77,15618
43,1.0,15,11,69,15619
4,1.0,12,12,28,15620
10,-1.0,19,19,48,15621
26,-1.0,5,3,34,15622
20,-1.0,0,16,36,15623
8,-1.0,10,5,23,15624
6,1.0,18,13,37,15625
1,1.0,15,4,20,15626
29,1.0,1,16,46,15627
22,-1.0,9,10,41,15628
26,-1.0,10,2,38,15629
3,-1.0,15,6,24,15630
29,-1.0,3,2,34,15631
18,1.0,2,16,36,15632
4,1.0,30,19,53,15633
16,1.0,18,3,37,15634
5,-1.0,8,12,25,15635
27,-1.0,6,10,43,15636
2,-1.0,9,10,21,15637
31,1.0,8,0,39,15638
17,1.0,3,9,29,15639
9,-1.0,18,4,31,15640
15,-1.0,14,5,34,15641
2,1.0,7,23,32,15642
47,1.0,13,1,61,15643
11,1.0,2,11,24,15644
3,1.0,36,1,40,15645
31,-1.0,3,3,37,15646
13,1.0,2,11,26,15647
38,1.0,16,6,60,15648
50,1.0,17,2,69,15649
12,-1.0,27,0,39,15650
15,1.0,16,2,33,15651
13,1.0,8,9,30,15652
3,1.0,3,18,24,15653
62,1.0,20,0,82,15654
52,-1.0,2,1,55,15655
0,0.0,25,4,29,15656
8,-1.0,15,2,25,15657
1,-1.0,25,5,31,15658
14,-1.0,17,0,31,15659
9,-1.0,8,5,22,15660
27,-1.0,8,1,36,15661
19,1.0,15,5,39,15662
17,1.0,11,1,29,15663
12,-1.0,16,3,31,15664
38,-1.0,1,12,51,15665
2,1.0,4,13,19,15666
35,1.0,9,1,45,15667
14,-1.0,13,1,28,15668
1,1.0,22,0,23,15669
88,1.0,24,77,189,15670
91,-1.0,8,2,101,15671
36,-1.0,27,20,83,15672
18,-1.0,29,18,65,15673
14,-1.0,18,3,35,15674
97,1.0,0,0,97,15675
29,-1.0,37,1,67,15676
9,1.0,26,11,46,15677
31,-1.0,2,15,48,15678
33,1.0,1,8,42,15679
3,-1.0,8,20,31,15680
65,1.0,10,5,80,15681
37,-1.0,23,0,60,15682
40,-1.0,17,15,72,15683
6,-1.0,26,6,38,15684
28,1.0,16,9,53,15685
39,1.0,14,0,53,15686
33,1.0,15,8,56,15687
47,1.0,14,2,63,15688
51,1.0,12,12,75,15689
17,-1.0,49,3,69,15690
30,1.0,1,34,65,15691
55,1.0,2,7,64,15692
40,1.0,2,3,45,15693
70,-1.0,34,4,108,15694
1,1.0,14,34,49,15695
23,1.0,16,1,40,15696
51,-1.0,6,13,70,15697
31,-1.0,11,8,50,15698
4,1.0,1,39,44,15699
17,-1.0,21,7,45,15700
13,1.0,16,0,29,15701
13,1.0,3,23,39,15702
28,1.0,2,10,40,15703
56,1.0,1,16,73,15704
13,-1.0,37,9,59,15705
10,-1.0,29,14,53,15706
10,1.0,8,16,34,15707
31,-1.0,10,9,50,15708
5,-1.0,38,10,53,15709
20,1.0,10,25,55,15710
16,1.0,0,16,32,15711
18,-1.0,5,27,50,15712
4,1.0,4,24,32,15713
37,1.0,4,11,52,15714
27,-1.0,4,13,44,15715
1,1.0,25,6,32,15716
17,-1.0,8,9,34,15717
74,-1.0,7,1,82,15718
11,1.0,29,2,42,15719
19,1.0,15,1,35,15720
45,1.0,11,57,113,15721
9,-1.0,15,7,31,15722
8,-1.0,4,15,27,15723
15,-1.0,14,7,36,15724
23,1.0,3,7,33,15725
49,1.0,2,1,52,15726
18,-1.0,7,30,55,15727
11,-1.0,4,8,23,15728
0,1.0,4,9,13,15729
12,-1.0,3,10,25,15730
2,-1.0,9,9,20,15731
35,1.0,9,2,46,15732
12,-1.0,9,10,31,15733
6,1.0,18,4,28,15734
3,1.0,0,24,27,15735
2,1.0,40,2,44,15736
12,1.0,11,2,25,15737
45,-1.0,3,0,48,15738
19,-1.0,2,7,28,15739
24,1.0,4,8,36,15740
17,-1.0,4,13,34,15741
40,1.0,2,4,46,15742
60,-1.0,1,8,69,15743
16,-1.0,21,20,57,15744
12,1.0,19,0,31,15745
42,1.0,4,12,58,15746
27,-1.0,14,2,43,15747
27,-1.0,4,23,54,15748
51,1.0,3,5,59,15749
23,1.0,3,6,32,15750
20,-1.0,0,43,63,15751
34,-1.0,1,17,52,15752
30,1.0,1,14,45,15753
23,1.0,19,6,48,15754
0,1.0,11,11,22,15755
5,-1.0,12,15,32,15756
0,1.0,5,16,21,15757
37,-1.0,3,8,48,15758
36,1.0,8,1,45,15759
4,-1.0,10,10,24,15760
28,-1.0,8,8,44,15761
5,-1.0,7,8,20,15762
8,1.0,13,8,29,15763
41,-1.0,0,3,44,15764
26,1.0,0,8,34,15765
1,1.0,4,21,26,15766
6,-1.0,13,0,19,15767
51,1.0,2,11,64,15768
9,1.0,12,5,26,15769
12,-1.0,5,9,26,15770
6,1.0,10,14,30,15771
15,-1.0,12,33,60,15772
13,1.0,3,27,43,15773
8,1.0,1,14,23,15774
20,1.0,5,9,34,15775
1,1.0,1,19,21,15776
18,1.0,1,13,32,15777
2,1.0,15,9,26,15778
48,1.0,13,2,63,15779
2,-1.0,12,12,26,15780
17,-1.0,1,13,31,15781
81,1.0,7,3,91,15782
19,-1.0,8,3,30,15783
28,-1.0,1,14,43,15784
1,1.0,18,2,21,15785
14,1.0,9,2,25,15786
12,-1.0,3,9,24,15787
25,-1.0,8,4,37,15788
17,1.0,12,8,37,15789
4,1.0,10,14,28,15790
3,1.0,5,19,27,15791
85,-1.0,0,5,90,15792
57,-1.0,0,13,70,15793
43,1.0,25,8,76,15794
36,-1.0,1,37,74,15795
31,-1.0,0,5,36,15796
4,-1.0,15,3,22,15797
35,-1.0,5,1,41,15798
4,1.0,2,25,31,15799
1,1.0,4,16,21,15800
32,1.0,12,1,45,15801
53,-1.0,0,4,57,15802
29,-1.0,1,9,39,15803
29,-1.0,0,17,46,15804
15,1.0,14,7,36,15805
5,1.0,0,12,17,15806
55,-1.0,2,0,57,15807
92,-1.0,12,0,104,15808
10,-1.0,25,7,42,15809
35,1.0,0,3,38,15810
30,-1.0,0,6,36,15811
2,1.0,2,20,24,15812
10,-1.0,10,1,21,15813
0,0.0,7,2,9,15814
57,1.0,0,4,61,15815
16,1.0,20,7,43,15816
4,1.0,11,11,26,15817
2,-1.0,17,3,22,15818
18,1.0,3,50,71,15819
21,-1.0,14,6,41,15820
13,1.0,11,11,35,15821
43,1.0,12,4,59,15822
3,-1.0,20,0,23,15823
4,-1.0,7,11,22,15824
0,1.0,12,7,19,15825
4,-1.0,9,17,30,15826
67,-1.0,2,0,69,15827
32,-1.0,0,31,63,15828
31,1.0,9,4,44,15829
9,1.0,13,13,35,15830
21,-1.0,9,21,51,15831
9,1.0,11,8,28,15832
19,-1.0,8,1,28,15833
60,-1.0,4,11,75,15834
34,1.0,4,7,45,15835
9,-1.0,10,15,34,15836
8,1.0,9,6,23,15837
4,1.0,0,22,26,15838
42,-1.0,1,15,58,15839
37,1.0,6,3,46,15840
32,-1.0,0,8,40,15841
9,1.0,3,28,40,15842
38,-1.0,0,51,89,15843
49,-1.0,4,6,59,15844
8,1.0,14,13,35,15845
51,1.0,4,0,55,15846
27,1.0,22,1,50,15847
31,1.0,13,15,59,15848
1,1.0,15,17,33,15849
16,1.0,2,8,26,15850
7,1.0,8,21,36,15851
27,-1.0,7,5,39,15852
5,-1.0,10,11,26,15853
4,1.0,11,20,35,15854
0,1.0,12,15,27,15855
20,-1.0,3,9,32,15856
12,-1.0,20,1,33,15857
8,-1.0,15,5,28,15858
26,-1.0,2,11,39,15859
12,-1.0,3,20,35,15860
16,1.0,6,14,36,15861
39,-1.0,2,0,41,15862
17,1.0,11,6,34,15863
12,1.0,2,13,27,15864
15,1.0,2,12,29,15865
12,1.0,15,15,42,15866
60,1.0,4,3,67,15867
28,-1.0,5,14,47,15868
34,-1.0,4,13,51,15869
49,-1.0,3,4,56,15870
8,-1.0,0,33,41,15871
40,1.0,4,22,66,15872
26,-1.0,11,14,51,15873
13,-1.0,2,14,29,15874
32,1.0,4,2,38,15875
51,-1.0,0,3,54,15876
11,1.0,6,14,31,15877
7,1.0,20,11,38,15878
17,-1.0,9,1,27,15879
52,1.0,1,0,53,15880
22,1.0,10,2,34,15881
2,-1.0,2,27,31,15882
0,1.0,7,15,22,15883
26,1.0,4,6,36,15884
37,1.0,10,2,49,15885
43,-1.0,6,5,54,15886
25,1.0,3,4,32,15887
9,-1.0,11,7,27,15888
24,-1.0,11,2,37,15889
17,1.0,10,9,36,15890
7,1.0,7,17,31,15891
66,-1.0,1,5,72,15892
18,1.0,12,29,59,15893
10,1.0,27,22,59,15894
0,1.0,19,17,36,15895
10,1.0,21,1,32,15896
31,1.0,11,1,43,15897
20,1.0,11,16,47,15898
2,1.0,11,14,27,15899
5,1.0,25,5,35,15900
17,1.0,20,0,37,15901
31,1.0,19,0,50,15902
37,-1.0,1,5,43,15903
0,0.0,0,11,11,15904
2,-1.0,9,8,19,15905
8,-1.0,3,14,25,15906
27,1.0,0,10,37,15907
3,1.0,2,17,22,15908
24,-1.0,1,12,37,15909
19,-1.0,0,19,38,15910
42,-1.0,1,8,51,15911
33,1.0,7,2,42,15912
79,-1.0,0,28,107,15913
14,1.0,0,28,42,15914
8,1.0,1,15,24,15915
38,-1.0,0,4,42,15916
10,-1.0,17,2,29,15917
20,1.0,1,5,26,15918
0,-1.0,2,20,22,15919
6,1.0,23,0,29,15920
7,-1.0,18,2,27,15921
36,-1.0,0,25,61,15922
87,-1.0,0,28,115,15923
33,-1.0,0,55,88,15924
17,-1.0,19,3,39,15925
70,1.0,8,2,80,15926
5,1.0,0,27,32,15927
27,-1.0,7,0,34,15928
19,-1.0,5,19,43,15929
23,1.0,5,6,34,15930
38,1.0,15,8,61,15931
9,-1.0,5,15,29,15932
8,1.0,13,11,32,15933
7,-1.0,11,2,20,15934
16,-1.0,0,43,59,15935
9,-1.0,19,14,42,15936
10,-1.0,8,15,33,15937
26,-1.0,13,2,41,15938
39,-1.0,0,15,54,15939
6,-1.0,10,8,24,15940
0,-1.0,24,2,26,15941
24,1.0,8,7,39,15942
11,-1.0,20,1,32,15943
3,-1.0,14,10,27,15944
1,-1.0,16,0,17,15945
31,-1.0,2,11,44,15946
21,-1.0,2,8,31,15947
4,-1.0,5,23,32,15948
1,1.0,1,22,24,15949
18,-1.0,0,23,41,15950
14,1.0,8,11,33,15951
92,-1.0,1,21,114,15952
58,-1.0,0,0,58,15953
19,-1.0,3,13,35,15954
7,1.0,17,0,24,15955
3,-1.0,5,21,29,15956
2,-1.0,16,0,18,15957
3,-1.0,11,7,21,15958
12,1.0,8,8,28,15959
1,1.0,25,7,33,15960
0,1.0,3,1,4,15961
7,-1.0,41,3,51,15962
16,-1.0,11,7,34,15963
7,-1.0,3,17,27,15964
1,-1.0,5,14,20,15965
20,-1.0,13,2,35,15966
33,-1.0,1,10,44,15967
11,-1.0,5,9,25,15968
40,-1.0,5,11,56,15969
26,1.0,1,11,38,15970
25,1.0,11,1,37,15971
24,-1.0,8,1,33,15972
2,1.0,29,3,34,15973
33,-1.0,2,4,39,15974
2,1.0,2,18,22,15975
3,-1.0,1,25,29,15976
2,-1.0,12,11,25,15977
13,-1.0,8,5,26,15978
23,1.0,7,2,32,15979
0,0.0,22,1,23,15980
3,-1.0,3,16,22,15981
8,1.0,19,2,29,15982
7,1.0,8,22,37,15983
24,-1.0,20,4,48,15984
25,1.0,1,4,30,15985
19,-1.0,9,0,28,15986
25,1.0,16,0,41,15987
10,-1.0,0,41,51,15988
39,-1.0,0,3,42,15989
2,1.0,14,10,26,15990
4,-1.0,4,16,24,15991
0,1.0,8,14,22,15992
24,1.0,4,2,30,15993
0,-1.0,11,16,27,15994
54,1.0,8,0,62,15995
5,1.0,2,32,39,15996
7,1.0,3,12,22,15997
7,1.0,0,0,7,15998
15,-1.0,3,10,28,15999
31,-1.0,1,7,39,16000
10,-1.0,13,4,27,16001
68,-1.0,3,3,74,16002
16,-1.0,11,8,35,16003
3,1.0,0,34,37,16004
11,-1.0,4,15,30,16005
17,-1.0,0,20,37,16006
6,-1.0,14,3,23,16007
3,1.0,6,21,30,16008
36,1.0,13,0,49,16009
15,-1.0,4,9,28,16010
2,-1.0,5,18,25,16011
5,-1.0,1,18,24,16012
23,-1.0,5,7,35,16013
3,-1.0,20,4,27,16014
125,1.0,16,0,141,16015
16,1.0,25,0,41,16016
21,-1.0,18,1,40,16017
5,1.0,17,11,33,16018
12,1.0,10,4,26,16019
14,-1.0,2,14,30,16020
68,-1.0,0,0,68,16021
5,-1.0,19,27,51,16022
40,1.0,10,11,61,16023
5,1.0,21,6,32,16024
27,-1.0,24,3,54,16025
9,1.0,2,30,41,16026
26,-1.0,18,6,50,16027
34,-1.0,6,10,50,16028
25,-1.0,11,4,40,16029
43,-1.0,9,8,60,16030
32,1.0,22,0,54,16031
10,-1.0,16,9,35,16032
40,1.0,1,9,50,16033
13,-1.0,21,0,34,16034
26,-1.0,15,53,94,16035
46,1.0,17,10,73,16036
57,-1.0,6,0,63,16037
65,-1.0,10,7,82,16038
55,-1.0,1,14,70,16039
4,1.0,32,20,56,16040
30,-1.0,16,6,52,16041
5,1.0,0,25,30,16042
7,-1.0,15,2,24,16043
19,-1.0,9,7,35,16044
5,1.0,16,0,21,16045
10,1.0,10,11,31,16046
14,-1.0,4,7,25,16047
3,-1.0,3,21,27,16048
47,1.0,6,0,53,16049
4,1.0,11,16,31,16050
14,-1.0,1,16,31,16051
5,1.0,4,11,20,16052
62,-1.0,2,7,71,16053
8,-1.0,9,6,23,16054
19,-1.0,11,12,42,16055
2,1.0,18,22,42,16056
23,-1.0,11,14,48,16057
14,1.0,13,5,32,16058
34,1.0,12,0,46,16059
52,1.0,6,2,60,16060
20,1.0,19,0,39,16061
23,-1.0,2,6,31,16062
1,1.0,30,0,31,16063
8,1.0,2,15,25,16064
12,-1.0,18,59,89,16065
68,1.0,13,2,83,16066
9,-1.0,27,17,53,16067
18,1.0,17,7,42,16068
6,-1.0,6,9,21,16069
4,-1.0,15,6,25,16070
29,-1.0,5,2,36,16071
12,1.0,2,14,28,16072
27,-1.0,10,0,37,16073
18,-1.0,14,5,37,16074
20,-1.0,10,15,45,16075
17,-1.0,11,5,33,16076
10,1.0,1,16,27,16077
3,-1.0,16,10,29,16078
5,1.0,13,11,29,16079
15,1.0,10,2,27,16080
20,-1.0,9,10,39,16081
30,-1.0,6,2,38,16082
12,-1.0,12,11,35,16083
15,1.0,9,10,34,16084
19,1.0,14,1,34,16085
13,-1.0,27,5,45,16086
50,1.0,8,0,58,16087
3,-1.0,57,0,60,16088
64,1.0,0,0,64,16089
65,1.0,2,0,67,16090
19,-1.0,7,7,33,16091
30,-1.0,11,2,43,16092
33,1.0,4,12,49,16093
11,1.0,11,14,36,16094
4,-1.0,19,0,23,16095
28,-1.0,6,0,34,16096
15,-1.0,8,8,31,16097
24,-1.0,1,26,51,16098
49,-1.0,2,3,54,16099
13,1.0,9,10,32,16100
1,-1.0,20,2,23,16101
17,-1.0,1,10,28,16102
25,1.0,0,11,36,16103
23,-1.0,0,8,31,16104
1,1.0,20,3,24,16105
25,-1.0,4,3,32,16106
29,1.0,12,1,42,16107
7,-1.0,14,0,21,16108
20,1.0,0,13,33,16109
41,-1.0,6,1,48,16110
64,-1.0,1,17,82,16111
64,-1.0,8,4,76,16112
7,-1.0,29,10,46,16113
37,1.0,7,6,50,16114
26,1.0,12,1,39,16115
1,-1.0,5,21,27,16116
16,1.0,5,23,44,16117
53,-1.0,1,13,67,16118
21,-1.0,14,1,36,16119
22,-1.0,7,3,32,16120
24,1.0,13,2,39,16121
25,1.0,5,11,41,16122
15,1.0,19,8,42,16123
35,1.0,10,2,47,16124
0,0.0,20,1,21,16125
52,-1.0,0,8,60,16126
55,1.0,7,22,84,16127
7,1.0,8,18,33,16128
6,1.0,2,13,21,16129
9,1.0,14,0,23,16130
35,1.0,1,15,51,16131
7,1.0,12,23,42,16132
32,1.0,6,6,44,16133
32,1.0,10,1,43,16134
18,1.0,0,14,32,16135
49,1.0,0,1,50,16136
42,1.0,6,3,51,16137
67,1.0,8,4,79,16138
21,1.0,13,3,37,16139
71,-1.0,0,28,99,16140
49,-1.0,4,10,63,16141
109,1.0,3,4,116,16142
8,1.0,5,25,38,16143
59,1.0,18,3,80,16144
2,-1.0,0,30,32,16145
15,-1.0,15,15,45,16146
5,-1.0,29,17,51,16147
10,1.0,19,1,30,16148
74,-1.0,8,4,86,16149
40,1.0,11,15,66,16150
89,-1.0,1,2,92,16151
47,-1.0,0,12,59,16152
52,-1.0,0,18,70,16153
56,1.0,27,28,111,16154
13,-1.0,10,18,41,16155
78,-1.0,2,6,86,16156
6,-1.0,4,66,76,16157
28,1.0,0,48,76,16158
7,1.0,18,13,38,16159
55,1.0,17,26,98,16160
1,1.0,13,19,33,16161
18,1.0,47,1,66,16162
22,-1.0,6,11,39,16163
28,-1.0,0,31,59,16164
18,1.0,4,23,45,16165
2,1.0,3,25,30,16166
15,1.0,5,19,39,16167
13,-1.0,0,29,42,16168
17,1.0,12,5,34,16169
6,1.0,11,9,26,16170
25,1.0,4,7,36,16171
3,-1.0,13,4,20,16172
34,1.0,16,0,50,16173
17,-1.0,32,5,54,16174
6,1.0,17,12,35,16175
2,1.0,3,23,28,16176
39,1.0,6,4,49,16177
6,-1.0,12,3,21,16178
29,-1.0,6,8,43,16179
41,1.0,6,16,63,16180
27,-1.0,1,14,42,16181
36,-1.0,1,15,52,16182
18,1.0,4,29,51,16183
15,1.0,9,3,27,16184
11,1.0,14,7,32,16185
23,-1.0,14,0,37,16186
35,1.0,10,1,46,16187
7,-1.0,18,6,31,16188
13,-1.0,12,4,29,16189
16,-1.0,1,12,29,16190
35,-1.0,7,6,48,16191
22,-1.0,0,21,43,16192
1,-1.0,17,5,23,16193
21,1.0,2,19,42,16194
73,1.0,4,2,79,16195
23,-1.0,8,9,40,16196
5,-1.0,23,1,29,16197
2,-1.0,17,8,27,16198
10,1.0,3,13,26,16199
55,1.0,2,26,83,16200
5,-1.0,4,15,24,16201
18,1.0,32,3,53,16202
13,-1.0,10,46,69,16203
35,1.0,0,22,57,16204
17,1.0,5,13,35,16205
30,-1.0,5,2,37,16206
4,1.0,9,9,22,16207
28,-1.0,0,12,40,16208
32,1.0,1,32,65,16209
15,-1.0,4,17,36,16210
28,1.0,0,7,35,16211
4,-1.0,18,5,27,16212
37,-1.0,0,1,38,16213
31,1.0,15,1,47,16214
39,1.0,2,9,50,16215
16,-1.0,20,4,40,16216
1,-1.0,8,22,31,16217
10,1.0,24,4,38,16218
12,1.0,12,5,29,16219
62,-1.0,5,1,68,16220
36,-1.0,5,22,63,16221
39,-1.0,3,8,50,16222
51,-1.0,0,41,92,16223
15,-1.0,0,22,37,16224
16,1.0,10,14,40,16225
4,-1.0,16,11,31,16226
3,-1.0,14,16,33,16227
13,1.0,13,5,31,16228
1,1.0,18,4,23,16229
33,-1.0,5,7,45,16230
60,1.0,1,15,76,16231
22,-1.0,13,0,35,16232
20,-1.0,5,5,30,16233
6,-1.0,9,15,30,16234
6,1.0,11,4,21,16235
80,-1.0,1,7,88,16236
9,-1.0,9,16,34,16237
33,1.0,19,0,52,16238
24,-1.0,9,6,39,16239
9,1.0,7,12,28,16240
23,-1.0,3,8,34,16241
32,-1.0,0,16,48,16242
8,1.0,0,26,34,16243
34,1.0,4,3,41,16244
46,-1.0,4,0,50,16245
20,1.0,3,13,36,16246
10,-1.0,18,3,31,16247
20,-1.0,12,6,38,16248
49,-1.0,0,6,55,16249
9,-1.0,16,20,45,16250
6,1.0,28,2,36,16251
3,1.0,16,2,21,16252
6,1.0,6,12,24,16253
6,1.0,6,20,32,16254
53,1.0,8,6,67,16255
15,-1.0,5,7,27,16256
22,-1.0,18,11,51,16257
8,-1.0,12,2,22,16258
130,-1.0,0,7,137,16259
2,1.0,5,24,31,16260
12,-1.0,16,2,30,16261
10,1.0,1,24,35,16262
17,-1.0,1,12,30,16263
19,-1.0,3,6,28,16264
12,-1.0,8,7,27,16265
15,1.0,13,7,35,16266
48,-1.0,1,12,61,16267
9,-1.0,8,12,29,16268
43,-1.0,0,15,58,16269
25,-1.0,8,5,38,16270
14,-1.0,3,36,53,16271
13,-1.0,9,6,28,16272
8,1.0,22,12,42,16273
0,1.0,22,2,24,16274
4,-1.0,31,2,37,16275
28,1.0,16,0,44,16276
40,-1.0,1,18,59,16277
31,1.0,10,15,56,16278
2,-1.0,21,15,38,16279
49,1.0,0,6,55,16280
8,1.0,27,1,36,16281
58,-1.0,24,36,118,16282
74,-1.0,7,0,81,16283
14,-1.0,23,20,57,16284
8,1.0,22,16,46,16285
17,-1.0,3,16,36,16286
26,-1.0,1,14,41,16287
12,-1.0,22,2,36,16288
3,1.0,6,14,23,16289
14,1.0,11,13,38,16290
2,1.0,12,10,24,16291
21,1.0,5,5,31,16292
31,-1.0,12,3,46,16293
0,-1.0,1,17,18,16294
41,1.0,8,29,78,16295
3,1.0,1,29,33,16296
14,1.0,21,0,35,16297
38,1.0,3,1,42,16298
21,1.0,9,3,33,16299
24,-1.0,3,5,32,16300
78,-1.0,2,5,85,16301
27,1.0,10,5,42,16302
41,-1.0,24,11,76,16303
4,-1.0,24,17,45,16304
8,-1.0,12,14,34,16305
13,-1.0,10,17,40,16306
7,-1.0,1,36,44,16307
1,-1.0,20,8,29,16308
17,1.0,19,0,36,16309
2,1.0,8,20,30,16310
32,-1.0,4,2,38,16311
13,1.0,20,0,33,16312
54,-1.0,6,1,61,16313
35,1.0,12,4,51,16314
33,1.0,8,8,49,16315
51,1.0,23,1,75,16316
54,1.0,4,0,58,16317
6,-1.0,21,0,27,16318
22,-1.0,0,25,47,16319
42,1.0,7,3,52,16320
25,-1.0,12,1,38,16321
18,1.0,8,5,31,16322
28,1.0,5,3,36,16323
18,-1.0,3,5,26,16324
27,1.0,12,0,39,16325
29,1.0,0,7,36,16326
8,-1.0,27,0,35,16327
0,-1.0,0,15,15,16328
1,1.0,0,20,21,16329
4,-1.0,15,11,30,16330
24,-1.0,1,9,34,16331
0,-1.0,14,2,16,16332
110,1.0,54,1,165,16333
37,1.0,8,2,47,16334
2,-1.0,8,16,26,16335
67,-1.0,0,10,77,16336
8,1.0,18,6,32,16337
49,1.0,1,4,54,16338
18,1.0,7,1,26,16339
0,0.0,6,11,17,16340
30,-1.0,3,1,34,16341
22,1.0,7,1,30,16342
7,1.0,24,0,31,16343
5,1.0,7,8,20,16344
25,-1.0,9,4,38,16345
11,1.0,0,18,29,16346
77,-1.0,2,2,81,16347
13,-1.0,7,39,59,16348
29,1.0,7,12,48,16349
76,-1.0,1,0,77,16350
17,-1.0,13,15,45,16351
59,-1.0,1,49,109,16352
14,1.0,30,12,56,16353
46,-1.0,10,5,61,16354
8,1.0,16,24,48,16355
31,1.0,4,15,50,16356
36,-1.0,10,1,47,16357
35,-1.0,11,1,47,16358
102,-1.0,0,10,112,16359
15,-1.0,10,32,57,16360
36,-1.0,4,25,65,16361
81,1.0,4,6,91,16362
10,-1.0,40,14,64,16363
43,-1.0,15,17,75,16364
3,1.0,21,8,32,16365
56,1.0,0,2,58,16366
7,1.0,21,0,28,16367
39,-1.0,2,16,57,16368
19,1.0,13,2,34,16369
63,1.0,3,0,66,16370
9,1.0,14,14,37,16371
10,1.0,27,4,41,16372
12,-1.0,7,14,33,16373
25,1.0,13,1,39,16374
36,-1.0,7,6,49,16375
15,1.0,22,0,37,16376
7,1.0,14,4,25,16377
15,1.0,28,0,43,16378
0,1.0,15,23,38,16379
14,1.0,1,17,32,16380
14,-1.0,15,8,37,16381
6,1.0,2,29,37,16382
9,1.0,2,18,29,16383
4,1.0,1,15,20,16384
31,-1.0,3,9,43,16385
80,-1.0,0,2,82,16386
17,-1.0,10,4,31,16387
10,-1.0,0,65,75,16388
7,1.0,27,3,37,16389
36,-1.0,12,7,55,16390
39,-1.0,13,0,52,16391
31,-1.0,5,6,42,16392
0,-1.0,0,6,6,16393
21,-1.0,8,6,35,16394
5,1.0,17,10,32,16395
25,-1.0,15,0,40,16396
6,1.0,2,22,30,16397
11,-1.0,2,24,37,16398
17,-1.0,13,1,31,16399
15,1.0,1,52,68,16400
19,1.0,5,4,28,16401
24,-1.0,7,1,32,16402
0,1.0,5,11,16,16403
33,-1.0,1,4,38,16404
0,1.0,1,17,18,16405
13,1.0,2,12,27,16406
6,-1.0,7,6,19,16407
81,1.0,2,19,102,16408
32,1.0,4,0,36,16409
23,1.0,3,9,35,16410
11,1.0,3,9,23,16411
48,1.0,15,2,65,16412
80,-1.0,0,6,86,16413
39,1.0,8,4,51,16414
43,1.0,13,5,61,16415
0,-1.0,3,14,17,16416
19,1.0,8,1,28,16417
3,1.0,15,3,21,16418
49,1.0,5,0,54,16419
20,-1.0,9,6,35,16420
1,-1.0,8,31,40,16421
12,1.0,1,13,26,16422
6,1.0,11,10,27,16423
3,1.0,13,17,33,16424
17,-1.0,0,12,29,16425
28,-1.0,4,17,49,16426
20,-1.0,4,11,35,16427
0,0.0,10,11,21,16428
69,1.0,5,2,76,16429
27,1.0,5,1,33,16430
22,1.0,16,2,40,16431
3,1.0,0,32,35,16432
0,1.0,27,10,37,16433
4,1.0,5,17,26,16434
77,1.0,23,0,100,16435
10,-1.0,11,14,35,16436
9,1.0,0,9,18,16437
25,-1.0,5,3,33,16438
3,-1.0,1,27,31,16439
63,-1.0,0,11,74,16440
21,1.0,2,38,61,16441
25,-1.0,1,14,40,16442
1,-1.0,27,1,29,16443
5,-1.0,11,9,25,16444
36,1.0,1,5,42,16445
25,-1.0,1,9,35,16446
14,1.0,4,18,36,16447
16,1.0,44,2,62,16448
62,-1.0,16,4,82,16449
24,1.0,5,22,51,16450
9,1.0,4,18,31,16451
6,1.0,1,21,28,16452
0,-1.0,15,7,22,16453
8,-1.0,6,13,27,16454
19,-1.0,4,7,30,16455
7,1.0,17,4,28,16456
41,-1.0,15,0,56,16457
1,-1.0,5,23,29,16458
23,1.0,3,5,31,16459
14,-1.0,5,6,25,16460
0,0.0,13,7,20,16461
14,-1.0,2,11,27,16462
45,1.0,14,0,59,16463
29,-1.0,15,5,49,16464
12,-1.0,17,1,30,16465
12,1.0,6,8,26,16466
71,-1.0,0,2,73,16467
6,1.0,23,18,47,16468
3,1.0,0,41,44,16469
4,-1.0,17,2,23,16470
5,1.0,8,13,26,16471
39,-1.0,1,1,41,16472
9,-1.0,9,14,32,16473
26,1.0,4,14,44,16474
1,-1.0,26,6,33,16475
19,-1.0,2,10,31,16476
8,-1.0,11,5,24,16477
64,-1.0,0,9,73,16478
12,1.0,4,12,28,16479
6,-1.0,9,12,27,16480
30,-1.0,0,12,42,16481
8,-1.0,11,4,23,16482
0,0.0,1,10,11,16483
6,1.0,12,5,23,16484
22,-1.0,9,0,31,16485
29,1.0,11,3,43,16486
31,-1.0,3,7,41,16487
8,-1.0,42,3,53,16488
4,1.0,14,5,23,16489
5,-1.0,6,12,23,16490
50,1.0,12,5,67,16491
0,-1.0,14,20,34,16492
13,1.0,20,6,39,16493
28,1.0,1,10,39,16494
12,-1.0,3,11,26,16495
5,-1.0,7,12,24,16496
21,1.0,10,1,32,16497
13,-1.0,1,24,38,16498
60,1.0,3,3,66,16499
28,-1.0,4,20,52,16500
4,1.0,4,21,29,16501
0,1.0,11,14,25,16502
23,-1.0,0,39,62,16503
110,-1.0,0,18,128,16504
3,1.0,41,53,97,16505
24,1.0,19,11,54,16506
6,-1.0,15,12,33,16507
37,1.0,33,0,70,16508
2,-1.0,14,11,27,16509
51,1.0,0,15,66,16510
4,-1.0,31,6,41,16511
9,-1.0,1,32,42,16512
16,-1.0,5,12,33,16513
28,1.0,2,17,47,16514
26,1.0,2,7,35,16515
6,1.0,1,15,22,16516
25,1.0,15,0,40,16517
6,1.0,4,17,27,16518
15,1.0,37,3,55,16519
8,1.0,9,8,25,16520
31,1.0,1,3,35,16521
14,-1.0,7,17,38,16522
7,1.0,1,20,28,16523
30,-1.0,9,2,41,16524
10,-1.0,15,8,33,16525
39,1.0,5,8,52,16526
27,1.0,6,9,42,16527
5,1.0,15,7,27,16528
3,-1.0,21,26,50,16529
16,1.0,5,25,46,16530
3,-1.0,6,22,31,16531
2,1.0,6,13,21,16532
26,1.0,0,10,36,16533
3,-1.0,15,14,32,16534
13,1.0,20,5,38,16535
2,1.0,9,29,40,16536
21,1.0,15,10,46,16537
19,1.0,18,4,41,16538
13,1.0,0,14,27,16539
41,-1.0,6,7,54,16540
49,-1.0,3,13,65,16541
24,-1.0,0,30,54,16542
49,-1.0,2,12,63,16543
6,1.0,0,32,38,16544
19,1.0,6,4,29,16545
47,-1.0,0,3,50,16546
10,1.0,12,9,31,16547
23,-1.0,7,4,34,16548
0,-1.0,14,7,21,16549
44,1.0,5,6,55,16550
1,-1.0,14,7,22,16551
66,-1.0,4,3,73,16552
14,1.0,10,7,31,16553
56,-1.0,1,20,77,16554
12,1.0,15,3,30,16555
3,1.0,17,2,22,16556
21,-1.0,9,15,45,16557
42,-1.0,10,2,54,16558
41,-1.0,1,10,52,16559
3,-1.0,11,21,35,16560
17,-1.0,12,19,48,16561
34,-1.0,6,3,43,16562
28,1.0,6,4,38,16563
10,-1.0,30,36,76,16564
33,-1.0,6,14,53,16565
2,1.0,10,29,41,16566
60,1.0,0,2,62,16567
28,1.0,19,4,51,16568
25,-1.0,6,7,38,16569
18,-1.0,12,4,34,16570
67,-1.0,4,9,80,16571
0,-1.0,18,11,29,16572
29,1.0,4,2,35,16573
1,-1.0,13,18,32,16574
17,-1.0,9,0,26,16575
36,1.0,1,1,38,16576
39,1.0,2,4,45,16577
39,-1.0,15,7,61,16578
10,-1.0,16,0,26,16579
14,-1.0,0,26,40,16580
7,1.0,0,20,27,16581
29,-1.0,0,10,39,16582
0,0.0,9,1,10,16583
14,1.0,8,14,36,16584
4,1.0,18,11,33,16585
27,1.0,11,4,42,16586
27,-1.0,6,4,37,16587
86,1.0,3,0,89,16588
63,-1.0,1,28,92,16589
12,-1.0,6,16,34,16590
55,1.0,5,6,66,16591
5,-1.0,5,10,20,16592
8,1.0,23,2,33,16593
23,-1.0,10,0,33,16594
3,-1.0,32,2,37,16595
22,1.0,2,15,39,16596
7,-1.0,7,13,27,16597
46,1.0,5,2,53,16598
18,1.0,12,7,37,16599
23,1.0,1,14,38,16600
11,1.0,1,18,30,16601
0,-1.0,11,8,19,16602
23,-1.0,0,10,33,16603
27,-1.0,3,8,38,16604
64,-1.0,1,0,65,16605
44,-1.0,1,11,56,16606
16,-1.0,20,8,44,16607
30,1.0,2,5,37,16608
5,1.0,2,27,34,16609
10,1.0,12,4,26,16610
23,-1.0,12,2,37,16611
61,-1.0,0,0,61,16612
7,-1.0,0,28,35,16613
4,-1.0,3,19,26,16614
17,1.0,10,1,28,16615
15,-1.0,5,2,22,16616
37,-1.0,7,23,67,16617
13,-1.0,2,13,28,16618
23,1.0,4,8,35,16619
2,-1.0,18,10,30,16620
4,-1.0,9,12,25,16621
17,1.0,8,20,45,16622
40,1.0,3,3,46,16623
23,1.0,13,0,36,16624
3,1.0,9,10,22,16625
2,-1.0,0,24,26,16626
2,-1.0,7,7,16,16627
15,-1.0,1,19,35,16628
7,-1.0,8,12,27,16629
31,-1.0,5,4,40,16630
0,-1.0,2,30,32,16631
30,-1.0,4,7,41,16632
72,-1.0,0,21,93,16633
1,-1.0,9,35,45,16634
10,1.0,7,10,27,16635
34,-1.0,0,17,51,16636
2,1.0,21,3,26,16637
0,1.0,9,4,13,16638
31,-1.0,7,0,38,16639
2,1.0,5,19,26,16640
28,1.0,0,43,71,16641
18,1.0,22,0,40,16642
1,1.0,22,12,35,16643
43,-1.0,4,0,47,16644
47,-1.0,3,1,51,16645
0,-1.0,17,14,31,16646
33,1.0,3,14,50,16647
3,1.0,20,2,25,16648
63,-1.0,0,9,72,16649
14,-1.0,12,6,32,16650
9,-1.0,4,17,30,16651
16,1.0,28,8,52,16652
37,-1.0,2,5,44,16653
1,-1.0,9,19,29,16654
2,1.0,15,7,24,16655
1,-1.0,6,13,20,16656
0,0.0,2,5,7,16657
23,-1.0,2,17,42,16658
47,1.0,3,0,50,16659
62,1.0,0,0,62,16660
0,-1.0,3,33,36,16661
33,1.0,11,5,49,16662
1,1.0,10,10,21,16663
37,-1.0,6,2,45,16664
22,1.0,11,0,33,16665
4,-1.0,13,16,33,16666
136,-1.0,0,16,152,16667
36,-1.0,20,3,59,16668
7,1.0,8,15,30,16669
25,1.0,9,10,44,16670
48,-1.0,3,2,53,16671
14,-1.0,14,5,33,16672
29,-1.0,4,4,37,16673
0,-1.0,4,17,21,16674
1,1.0,1,26,28,16675
6,1.0,14,0,20,16676
14,1.0,6,10,30,16677
25,-1.0,3,17,45,16678
49,1.0,14,0,63,16679
2,-1.0,12,26,40,16680
48,-1.0,1,5,54,16681
12,-1.0,11,14,37,16682
56,-1.0,0,18,74,16683
3,-1.0,6,14,23,16684
4,-1.0,15,9,28,16685
21,1.0,8,2,31,16686
32,1.0,9,3,44,16687
0,1.0,5,8,13,16688
45,-1.0,1,13,59,16689
6,-1.0,5,14,25,16690
39,1.0,8,18,65,16691
13,1.0,24,4,41,16692
6,-1.0,3,23,32,16693
5,1.0,14,13,32,16694
51,1.0,1,1,53,16695
25,1.0,6,9,40,16696
23,1.0,2,8,33,16697
14,-1.0,8,6,28,16698
57,-1.0,2,2,61,16699
9,1.0,0,25,34,16700
32,-1.0,2,1,35,16701
1,1.0,2,29,32,16702
9,-1.0,13,10,32,16703
28,-1.0,3,12,43,16704
33,-1.0,0,14,47,16705
43,1.0,1,20,64,16706
63,1.0,2,2,67,16707
24,1.0,16,1,41,16708
45,-1.0,4,7,56,16709
3,-1.0,9,10,22,16710
20,1.0,11,30,61,16711
3,-1.0,0,0,3,16712
39,-1.0,1,4,44,16713
5,1.0,2,23,30,16714
11,-1.0,30,11,52,16715
6,-1.0,13,4,23,16716
34,-1.0,2,3,39,16717
47,-1.0,9,0,56,16718
12,-1.0,5,31,48,16719
6,1.0,21,2,29,16720
37,-1.0,2,14,53,16721
1,-1.0,19,8,28,16722
8,-1.0,0,17,25,16723
39,-1.0,6,1,46,16724
7,1.0,19,6,32,16725
1,1.0,5,25,31,16726
73,-1.0,0,18,91,16727
11,1.0,7,14,32,16728
4,1.0,11,6,21,16729
26,1.0,7,2,35,16730
8,-1.0,20,1,29,16731
47,-1.0,4,0,51,16732
20,1.0,3,22,45,16733
26,1.0,8,2,36,16734
35,-1.0,12,4,51,16735
1,-1.0,16,12,29,16736
25,1.0,9,0,34,16737
5,-1.0,15,7,27,16738
2,1.0,14,11,27,16739
9,1.0,9,16,34,16740
10,1.0,10,31,51,16741
30,-1.0,0,20,50,16742
31,-1.0,1,16,48,16743
8,-1.0,14,3,25,16744
0,-1.0,29,3,32,16745
2,-1.0,5,23,30,16746
17,1.0,18,3,38,16747
38,1.0,10,4,52,16748
2,-1.0,6,24,32,16749
95,-1.0,0,0,95,16750
26,1.0,25,3,54,16751
8,-1.0,17,0,25,16752
19,-1.0,2,33,54,16753
67,1.0,5,2,74,16754
9,1.0,24,3,36,16755
13,-1.0,7,12,32,16756
3,1.0,26,4,33,16757
19,1.0,19,4,42,16758
2,-1.0,2,15,19,16759
7,-1.0,11,12,30,16760
0,1.0,3,19,22,16761
14,1.0,6,23,43,16762
5,1.0,1,22,28,16763
25,1.0,1,10,36,16764
17,-1.0,12,11,40,16765
19,1.0,6,6,31,16766
30,1.0,14,9,53,16767
35,-1.0,8,7,50,16768
23,-1.0,3,25,51,16769
0,1.0,8,13,21,16770
11,1.0,35,1,47,16771
52,-1.0,12,0,64,16772
54,-1.0,0,7,61,16773
11,-1.0,11,4,26,16774
3,-1.0,2,25,30,16775
46,-1.0,1,6,53,16776
6,-1.0,10,13,29,16777
39,1.0,0,60,99,16778
6,-1.0,15,11,32,16779
37,-1.0,13,2,52,16780
0,-1.0,17,10,27,16781
5,1.0,1,17,23,16782
7,-1.0,4,21,32,16783
13,-1.0,12,11,36,16784
1,1.0,6,28,35,16785
13,1.0,17,1,31,16786
10,-1.0,6,17,33,16787
29,-1.0,4,9,42,16788
11,-1.0,17,1,29,16789
33,-1.0,15,9,57,16790
57,-1.0,12,5,74,16791
83,-1.0,11,12,106,16792
35,-1.0,11,5,51,16793
44,-1.0,1,3,48,16794
24,-1.0,4,19,47,16795
31,-1.0,13,6,50,16796
63,-1.0,15,12,90,16797
65,1.0,19,24,108,16798
39,-1.0,10,5,54,16799
23,-1.0,8,5,36,16800
19,1.0,15,0,34,16801
2,1.0,21,4,27,16802
17,1.0,6,6,29,16803
20,-1.0,3,8,31,16804
2,1.0,0,17,19,16805
31,1.0,13,0,44,16806
40,1.0,3,13,56,16807
25,-1.0,1,10,36,16808
10,-1.0,9,9,28,16809
28,1.0,2,13,43,16810
14,-1.0,1,23,38,16811
55,1.0,0,14,69,16812
14,-1.0,14,3,31,16813
123,-1.0,10,11,144,16814
8,1.0,18,52,78,16815
22,-1.0,3,13,38,16816
76,-1.0,0,10,86,16817
33,1.0,0,17,50,16818
69,1.0,1,2,72,16819
31,-1.0,20,11,62,16820
12,1.0,6,34,52,16821
25,1.0,6,10,41,16822
3,-1.0,14,6,23,16823
2,-1.0,2,34,38,16824
80,-1.0,2,4,86,16825
10,1.0,31,4,45,16826
27,1.0,15,13,55,16827
74,1.0,6,4,84,16828
49,1.0,0,0,49,16829
44,1.0,1,1,46,16830
28,-1.0,0,29,57,16831
6,1.0,0,30,36,16832
0,-1.0,19,17,36,16833
87,-1.0,7,3,97,16834
20,1.0,26,7,53,16835
9,1.0,21,1,31,16836
47,-1.0,17,0,64,16837
59,-1.0,0,1,60,16838
39,-1.0,6,2,47,16839
9,1.0,1,27,37,16840
30,-1.0,13,6,49,16841
6,1.0,2,18,26,16842
12,1.0,9,18,39,16843
4,1.0,7,13,24,16844
3,-1.0,4,16,23,16845
34,1.0,11,3,48,16846
16,1.0,12,2,30,16847
56,1.0,23,4,83,16848
3,-1.0,12,20,35,16849
16,1.0,20,0,36,16850
5,-1.0,3,28,36,16851
11,-1.0,4,22,37,16852
1,1.0,1,25,27,16853
59,-1.0,2,0,61,16854
55,-1.0,2,2,59,16855
12,-1.0,17,5,34,16856
27,1.0,23,0,50,16857
30,1.0,18,30,78,16858
66,1.0,12,6,84,16859
53,1.0,4,2,59,16860
60,1.0,2,2,64,16861
37,-1.0,4,2,43,16862
36,1.0,6,7,49,16863
9,1.0,21,3,33,16864
4,-1.0,16,4,24,16865
5,-1.0,2,17,24,16866
23,1.0,9,6,38,16867
41,1.0,12,1,54,16868
8,1.0,3,19,30,16869
4,1.0,15,14,33,16870
0,0.0,8,8,16,16871
63,-1.0,0,0,63,16872
33,1.0,8,2,43,16873
0,0.0,9,5,14,16874
10,-1.0,17,3,30,16875
30,1.0,0,9,39,16876
24,1.0,23,0,47,16877
32,1.0,8,24,64,16878
3,1.0,14,14,31,16879
32,-1.0,3,11,46,16880
21,-1.0,12,5,38,16881
38,-1.0,11,2,51,16882
17,1.0,13,12,42,16883
32,-1.0,25,19,76,16884
30,1.0,22,24,76,16885
46,1.0,26,0,72,16886
38,1.0,7,2,47,16887
2,1.0,114,0,116,16888
15,-1.0,49,13,77,16889
57,-1.0,8,6,71,16890
31,-1.0,25,10,66,16891
61,1.0,1,2,64,16892
18,1.0,5,10,33,16893
21,1.0,11,7,39,16894
20,-1.0,21,2,43,16895
9,-1.0,11,14,34,16896
6,1.0,7,8,21,16897
23,1.0,17,0,40,16898
40,1.0,9,6,55,16899
32,1.0,20,1,53,16900
38,-1.0,3,5,46,16901
28,1.0,10,14,52,16902
0,-1.0,18,5,23,16903
40,-1.0,6,17,63,16904
16,-1.0,24,0,40,16905
16,1.0,22,3,41,16906
8,-1.0,17,30,55,16907
20,-1.0,16,10,46,16908
10,-1.0,7,8,25,16909
43,1.0,8,27,78,16910
7,1.0,6,14,27,16911
64,-1.0,3,0,67,16912
64,-1.0,0,19,83,16913
62,1.0,1,4,67,16914
25,1.0,3,6,34,16915
6,-1.0,6,12,24,16916
21,-1.0,8,11,40,16917
8,1.0,12,13,33,16918
24,-1.0,13,1,38,16919
6,-1.0,14,9,29,16920
12,-1.0,17,9,38,16921
7,-1.0,17,8,32,16922
10,-1.0,0,22,32,16923
20,-1.0,29,0,49,16924
11,1.0,12,23,46,16925
24,-1.0,20,8,52,16926
25,-1.0,16,18,59,16927
3,1.0,7,28,38,16928
25,-1.0,14,5,44,16929
22,-1.0,27,4,53,16930
29,1.0,28,0,57,16931
62,-1.0,0,4,66,16932
4,-1.0,21,20,45,16933
16,1.0,10,8,34,16934
27,-1.0,7,30,64,16935
13,1.0,23,1,37,16936
30,1.0,21,0,51,16937
3,1.0,23,4,30,16938
7,1.0,0,88,95,16939
35,1.0,23,0,58,16940
43,-1.0,6,24,73,16941
8,-1.0,11,12,31,16942
10,-1.0,0,28,38,16943
12,1.0,16,8,36,16944
6,1.0,3,21,30,16945
10,1.0,4,14,28,16946
12,-1.0,1,20,33,16947
12,-1.0,1,23,36,16948
5,1.0,19,0,24,16949
9,-1.0,7,23,39,16950
18,1.0,20,1,39,16951
7,-1.0,20,3,30,16952
6,-1.0,7,13,26,16953
23,1.0,18,1,42,16954
11,1.0,12,16,39,16955
19,-1.0,12,15,46,16956
42,-1.0,7,41,90,16957
0,1.0,3,29,32,16958
30,-1.0,4,31,65,16959
7,-1.0,16,19,42,16960
41,1.0,7,18,66,16961
41,-1.0,13,0,54,16962
8,-1.0,13,17,38,16963
4,1.0,7,12,23,16964
24,1.0,3,4,31,16965
59,1.0,0,106,165,16966
63,1.0,5,23,91,16967
2,1.0,47,5,54,16968
64,-1.0,4,25,93,16969
19,-1.0,28,2,49,16970
17,1.0,3,50,70,16971
43,1.0,1,14,58,16972
46,1.0,1,6,53,16973
39,-1.0,7,7,53,16974
12,1.0,2,18,32,16975
57,1.0,0,1,58,16976
69,-1.0,13,5,87,16977
69,-1.0,0,14,83,16978
28,-1.0,23,0,51,16979
42,-1.0,9,37,88,16980
20,-1.0,36,7,63,16981
43,-1.0,3,29,75,16982
26,-1.0,21,3,50,16983
30,-1.0,3,87,120,16984
30,1.0,5,38,73,16985
46,-1.0,8,10,64,16986
20,-1.0,31,1,52,16987
32,-1.0,1,35,68,16988
44,1.0,20,28,92,16989
23,-1.0,0,26,49,16990
17,-1.0,36,6,59,16991
25,-1.0,18,27,70,16992
20,-1.0,23,7,50,16993
73,-1.0,13,8,94,16994
8,1.0,18,13,39,16995
10,1.0,2,37,49,16996
2,1.0,18,24,44,16997
59,1.0,13,0,72,16998
27,1.0,3,20,50,16999
36,-1.0,0,37,73,17000
1,-1.0,3,28,32,17001
65,1.0,0,0,65,17002
12,-1.0,9,6,27,17003
25,-1.0,3,11,39,17004
19,-1.0,24,8,51,17005
25,1.0,12,13,50,17006
78,-1.0,0,27,105,17007
47,1.0,3,2,52,17008
47,1.0,10,31,88,17009
18,1.0,25,8,51,17010
25,1.0,10,13,48,17011
76,-1.0,0,0,76,17012
11,1.0,13,22,46,17013
15,1.0,21,3,39,17014
56,-1.0,8,5,69,17015
91,-1.0,0,4,95,17016
28,1.0,3,49,80,17017
69,-1.0,14,0,83,17018
36,-1.0,21,7,64,17019
32,1.0,3,50,85,17020
48,1.0,0,1,49,17021
16,1.0,13,2,31,17022
7,1.0,63,33,103,17023
36,-1.0,5,14,55,17024
4,-1.0,10,24,38,17025
53,-1.0,0,17,70,17026
42,-1.0,15,6,63,17027
23,1.0,23,4,50,17028
34,1.0,1,19,54,17029
3,-1.0,12,7,22,17030
46,-1.0,15,3,64,17031
22,-1.0,16,9,47,17032
5,-1.0,1,27,33,17033
9,-1.0,4,18,31,17034
32,1.0,7,1,40,17035
5,-1.0,20,3,28,17036
32,1.0,15,0,47,17037
12,-1.0,8,9,29,17038
26,-1.0,0,15,41,17039
22,1.0,20,0,42,17040
17,1.0,2,11,30,17041
11,1.0,9,11,31,17042
4,-1.0,1,27,32,17043
19,1.0,16,1,36,17044
83,-1.0,2,0,85,17045
19,1.0,13,31,63,17046
7,-1.0,19,3,29,17047
43,1.0,2,10,55,17048
24,1.0,11,8,43,17049
35,-1.0,3,6,44,17050
3,1.0,23,6,32,17051
3,-1.0,21,9,33,17052
10,-1.0,27,0,37,17053
4,1.0,5,20,29,17054
20,1.0,12,0,32,17055
14,-1.0,8,10,32,17056
5,1.0,17,12,34,17057
3,1.0,29,4,36,17058
14,-1.0,16,5,35,17059
0,0.0,5,78,83,17060
47,1.0,8,0,55,17061
11,-1.0,12,17,40,17062
16,1.0,3,18,37,17063
40,1.0,4,0,44,17064
13,1.0,9,4,26,17065
18,-1.0,15,0,33,17066
46,-1.0,0,1,47,17067
36,-1.0,14,9,59,17068
31,1.0,8,7,46,17069
22,-1.0,3,22,47,17070
6,-1.0,7,20,33,17071
38,1.0,13,0,51,17072
34,-1.0,5,7,46,17073
9,-1.0,9,13,31,17074
36,-1.0,0,45,81,17075
14,-1.0,16,3,33,17076
17,-1.0,8,8,33,17077
52,-1.0,4,5,61,17078
40,1.0,1,10,51,17079
8,-1.0,19,1,28,17080
6,1.0,4,23,33,17081
35,1.0,6,2,43,17082
0,-1.0,19,2,21,17083
21,1.0,2,17,40,17084
9,-1.0,20,3,32,17085
5,1.0,7,11,23,17086
6,-1.0,16,6,28,17087
28,-1.0,2,17,47,17088
3,1.0,9,19,31,17089
17,1.0,10,8,35,17090
6,1.0,36,4,46,17091
27,1.0,0,8,35,17092
73,1.0,1,4,78,17093
18,-1.0,10,16,44,17094
27,1.0,4,7,38,17095
18,-1.0,12,2,32,17096
1,-1.0,9,14,24,17097
14,-1.0,9,2,25,17098
25,1.0,11,0,36,17099
9,-1.0,0,18,27,17100
3,1.0,10,9,22,17101
40,-1.0,1,9,50,17102
41,1.0,1,3,45,17103
17,-1.0,2,11,30,17104
49,1.0,13,0,62,17105
1,1.0,19,4,24,17106
0,1.0,0,8,8,17107
32,1.0,2,26,60,17108
29,1.0,18,8,55,17109
28,1.0,11,4,43,17110
81,-1.0,3,0,84,17111
51,-1.0,0,184,235,17112
13,-1.0,59,26,98,17113
2,1.0,38,13,53,17114
50,1.0,1,9,60,17115
19,-1.0,17,26,62,17116
6,-1.0,9,17,32,17117
6,1.0,15,4,25,17118
16,-1.0,61,28,105,17119
10,1.0,20,18,48,17120
1,-1.0,25,12,38,17121
2,-1.0,14,22,38,17122
35,-1.0,12,6,53,17123
74,-1.0,0,12,86,17124
3,-1.0,12,17,32,17125
20,1.0,9,6,35,17126
16,1.0,6,22,44,17127
10,1.0,13,8,31,17128
19,1.0,2,10,31,17129
1,-1.0,21,17,39,17130
18,1.0,19,3,40,17131
31,-1.0,0,7,38,17132
3,-1.0,30,39,72,17133
44,1.0,3,5,52,17134
5,1.0,18,14,37,17135
35,-1.0,1,13,49,17136
6,1.0,25,0,31,17137
0,-1.0,17,1,18,17138
0,-1.0,20,0,20,17139
50,1.0,1,10,61,17140
18,1.0,29,0,47,17141
6,1.0,26,2,34,17142
17,-1.0,3,13,33,17143
20,-1.0,5,7,32,17144
37,1.0,1,0,38,17145
43,-1.0,2,3,48,17146
5,-1.0,15,5,25,17147
44,-1.0,0,12,56,17148
3,1.0,10,16,29,17149
68,-1.0,12,11,91,17150
20,1.0,2,8,30,17151
13,-1.0,8,15,36,17152
4,-1.0,25,14,43,17153
24,1.0,6,0,30,17154
21,1.0,13,6,40,17155
10,-1.0,11,6,27,17156
3,-1.0,5,18,26,17157
10,-1.0,16,1,27,17158
21,-1.0,7,10,38,17159
31,-1.0,13,2,46,17160
4,1.0,18,1,23,17161
22,-1.0,6,8,36,17162
4,1.0,12,9,25,17163
11,1.0,14,4,29,17164
49,-1.0,0,0,49,17165
28,1.0,7,2,37,17166
27,-1.0,5,39,71,17167
77,-1.0,0,12,89,17168
71,-1.0,0,7,78,17169
24,1.0,4,23,51,17170
6,1.0,6,16,28,17171
2,1.0,31,4,37,17172
21,1.0,17,3,41,17173
37,1.0,20,0,57,17174
26,-1.0,5,4,35,17175
23,1.0,18,6,47,17176
4,-1.0,20,6,30,17177
29,-1.0,1,17,47,17178
28,1.0,0,4,32,17179
26,-1.0,6,6,38,17180
8,-1.0,14,4,26,17181
3,1.0,14,13,30,17182
22,1.0,13,6,41,17183
60,1.0,15,2,77,17184
17,1.0,17,2,36,17185
3,-1.0,3,29,35,17186
15,-1.0,2,20,37,17187
5,1.0,1,25,31,17188
31,-1.0,6,10,47,17189
75,1.0,3,2,80,17190
22,-1.0,15,5,42,17191
16,1.0,11,12,39,17192
37,-1.0,5,6,48,17193
28,-1.0,1,8,37,17194
13,1.0,1,13,27,17195
10,-1.0,8,7,25,17196
42,-1.0,0,12,54,17197
13,-1.0,0,22,35,17198
52,-1.0,0,13,65,17199
9,-1.0,15,3,27,17200
2,-1.0,15,13,30,17201
36,-1.0,7,1,44,17202
46,1.0,3,4,53,17203
3,1.0,11,11,25,17204
37,-1.0,6,15,58,17205
8,-1.0,20,2,30,17206
15,-1.0,15,5,35,17207
51,-1.0,0,6,57,17208
20,1.0,0,21,41,17209
29,-1.0,0,13,42,17210
21,-1.0,6,3,30,17211
29,-1.0,12,7,48,17212
0,0.0,12,0,12,17213
62,-1.0,0,15,77,17214
1,-1.0,6,22,29,17215
26,-1.0,8,5,39,17216
5,1.0,7,6,18,17217
10,1.0,3,14,27,17218
7,1.0,7,8,22,17219
27,1.0,5,11,43,17220
15,-1.0,12,10,37,17221
13,1.0,24,0,37,17222
13,-1.0,8,16,37,17223
4,1.0,28,0,32,17224
19,-1.0,17,4,40,17225
20,-1.0,19,9,48,17226
15,-1.0,0,18,33,17227
1,1.0,9,11,21,17228
26,-1.0,13,1,40,17229
2,1.0,10,10,22,17230
37,-1.0,8,7,52,17231
49,-1.0,0,7,56,17232
50,-1.0,0,4,54,17233
15,1.0,8,20,43,17234
105,-1.0,0,7,112,17235
4,-1.0,4,25,33,17236
35,-1.0,9,0,44,17237
1,-1.0,5,16,22,17238
27,-1.0,5,9,41,17239
30,-1.0,7,2,39,17240
25,-1.0,3,5,33,17241
75,1.0,8,0,83,17242
17,-1.0,19,1,37,17243
21,-1.0,3,31,55,17244
15,-1.0,17,0,32,17245
5,-1.0,15,8,28,17246
50,1.0,3,1,54,17247
13,-1.0,5,13,31,17248
51,-1.0,1,9,61,17249
6,-1.0,1,26,33,17250
35,-1.0,5,7,47,17251
20,-1.0,22,1,43,17252
30,-1.0,7,12,49,17253
76,1.0,8,0,84,17254
31,1.0,7,4,42,17255
61,1.0,13,0,74,17256
28,1.0,0,9,37,17257
15,-1.0,7,4,26,17258
0,-1.0,5,8,13,17259
21,-1.0,0,8,29,17260
2,1.0,17,16,35,17261
20,1.0,1,21,42,17262
33,1.0,0,10,43,17263
15,-1.0,21,0,36,17264
35,-1.0,2,4,41,17265
15,1.0,11,2,28,17266
3,1.0,23,1,27,17267
51,-1.0,3,10,64,17268
11,-1.0,13,9,33,17269
2,-1.0,22,9,33,17270
27,1.0,6,10,43,17271
31,1.0,23,2,56,17272
47,1.0,4,8,59,17273
16,1.0,14,16,46,17274
28,1.0,2,21,51,17275
3,-1.0,41,14,58,17276
11,-1.0,7,25,43,17277
5,1.0,10,16,31,17278
28,1.0,10,1,39,17279
17,1.0,10,11,38,17280
63,1.0,0,0,63,17281
24,-1.0,10,9,43,17282
28,1.0,14,0,42,17283
1,1.0,9,12,22,17284
6,-1.0,11,6,23,17285
37,-1.0,1,7,45,17286
0,1.0,10,16,26,17287
1,1.0,19,1,21,17288
3,1.0,6,9,18,17289
4,1.0,18,7,29,17290
14,1.0,12,6,32,17291
1,-1.0,13,12,26,17292
5,1.0,2,21,28,17293
71,-1.0,0,23,94,17294
23,1.0,24,1,48,17295
3,-1.0,24,2,29,17296
31,-1.0,6,4,41,17297
28,-1.0,0,6,34,17298
52,-1.0,0,15,67,17299
36,-1.0,0,7,43,17300
4,1.0,18,19,41,17301
0,-1.0,21,1,22,17302
28,1.0,3,15,46,17303
5,1.0,10,13,28,17304
12,1.0,16,11,39,17305
89,-1.0,2,10,101,17306
12,-1.0,1,25,38,17307
3,-1.0,1,34,38,17308
26,1.0,37,0,63,17309
15,-1.0,3,17,35,17310
14,-1.0,9,7,30,17311
36,-1.0,7,10,53,17312
13,-1.0,10,11,34,17313
28,1.0,3,6,37,17314
17,-1.0,8,1,26,17315
0,1.0,9,9,18,17316
0,-1.0,14,1,15,17317
4,1.0,3,21,28,17318
30,-1.0,11,28,69,17319
5,-1.0,6,22,33,17320
14,-1.0,13,5,32,17321
0,1.0,6,10,16,17322
8,1.0,3,11,22,17323
22,-1.0,5,7,34,17324
39,1.0,9,19,67,17325
39,1.0,10,0,49,17326
25,1.0,4,3,32,17327
7,1.0,21,2,30,17328
19,-1.0,1,21,41,17329
7,-1.0,14,9,30,17330
50,1.0,1,4,55,17331
5,1.0,3,22,30,17332
63,-1.0,3,14,80,17333
1,-1.0,17,27,45,17334
14,-1.0,0,18,32,17335
54,-1.0,2,6,62,17336
17,1.0,14,21,52,17337
33,1.0,4,4,41,17338
40,1.0,7,1,48,17339
85,-1.0,0,20,105,17340
13,1.0,17,2,32,17341
10,1.0,13,16,39,17342
45,-1.0,1,0,46,17343
19,1.0,0,12,31,17344
39,-1.0,5,1,45,17345
3,-1.0,14,2,19,17346
24,-1.0,19,0,43,17347
18,1.0,2,6,26,17348
14,-1.0,5,10,29,17349
7,1.0,28,0,35,17350
2,-1.0,15,4,21,17351
14,-1.0,8,5,27,17352
1,-1.0,19,1,21,17353
20,-1.0,6,39,65,17354
4,1.0,13,4,21,17355
14,1.0,1,16,31,17356
27,-1.0,1,11,39,17357
3,1.0,4,22,29,17358
67,-1.0,8,3,78,17359
34,1.0,0,12,46,17360
35,-1.0,0,10,45,17361
14,-1.0,4,18,36,17362
1,-1.0,12,6,19,17363
24,1.0,10,4,38,17364
0,0.0,1,3,4,17365
34,-1.0,2,1,37,17366
15,1.0,4,10,29,17367
6,-1.0,19,0,25,17368
17,1.0,17,13,47,17369
13,-1.0,4,28,45,17370
62,-1.0,0,1,63,17371
4,-1.0,16,9,29,17372
20,-1.0,0,29,49,17373
19,1.0,17,5,41,17374
15,-1.0,10,5,30,17375
0,1.0,11,8,19,17376
6,1.0,18,1,25,17377
0,1.0,12,21,33,17378
14,-1.0,29,3,46,17379
24,1.0,0,24,48,17380
15,-1.0,13,10,38,17381
64,-1.0,3,3,70,17382
78,-1.0,1,4,83,17383
15,1.0,38,24,77,17384
59,-1.0,3,8,70,17385
73,-1.0,0,11,84,17386
36,1.0,5,10,51,17387
26,1.0,12,13,51,17388
31,1.0,13,4,48,17389
11,-1.0,16,5,32,17390
8,1.0,17,7,32,17391
21,-1.0,0,25,46,17392
14,1.0,2,21,37,17393
34,-1.0,12,4,50,17394
35,1.0,4,1,40,17395
26,1.0,18,3,47,17396
40,-1.0,9,15,64,17397
0,-1.0,9,13,22,17398
47,-1.0,4,1,52,17399
26,-1.0,16,22,64,17400
137,-1.0,0,1,138,17401
6,1.0,4,29,39,17402
37,-1.0,8,0,45,17403
1,1.0,7,20,28,17404
23,1.0,10,3,36,17405
42,-1.0,0,5,47,17406
49,-1.0,2,5,56,17407
24,1.0,9,7,40,17408
0,-1.0,1,25,26,17409
2,1.0,15,10,27,17410
16,-1.0,6,12,34,17411
30,1.0,2,4,36,17412
24,-1.0,6,3,33,17413
18,-1.0,0,13,31,17414
23,-1.0,0,25,48,17415
13,-1.0,14,3,30,17416
23,-1.0,13,12,48,17417
53,-1.0,0,3,56,17418
45,1.0,0,3,48,17419
15,1.0,21,1,37,17420
20,1.0,15,6,41,17421
18,-1.0,9,4,31,17422
2,1.0,17,6,25,17423
63,-1.0,0,42,105,17424
10,-1.0,0,35,45,17425
33,-1.0,10,6,49,17426
22,1.0,8,16,46,17427
0,0.0,16,5,21,17428
60,1.0,3,2,65,17429
19,1.0,0,26,45,17430
16,1.0,1,16,33,17431
16,1.0,14,4,34,17432
8,-1.0,10,6,24,17433
13,-1.0,1,15,29,17434
14,1.0,8,8,30,17435
31,1.0,2,4,37,17436
42,-1.0,5,18,65,17437
50,1.0,13,7,70,17438
27,-1.0,13,1,41,17439
4,1.0,18,4,26,17440
15,-1.0,11,11,37,17441
5,1.0,13,8,26,17442
5,-1.0,12,9,26,17443
2,1.0,6,31,39,17444
103,1.0,3,23,129,17445
18,-1.0,7,12,37,17446
27,-1.0,0,24,51,17447
9,1.0,18,8,35,17448
24,1.0,7,8,39,17449
34,-1.0,3,16,53,17450
12,-1.0,22,4,38,17451
13,1.0,2,13,28,17452
29,-1.0,1,8,38,17453
39,1.0,1,5,45,17454
32,-1.0,3,0,35,17455
1,-1.0,17,3,21,17456
31,1.0,4,3,38,17457
20,-1.0,13,22,55,17458
15,-1.0,10,9,34,17459
26,-1.0,7,4,37,17460
52,-1.0,1,0,53,17461
0,0.0,9,6,15,17462
30,-1.0,25,10,65,17463
18,-1.0,1,11,30,17464
28,-1.0,6,5,39,17465
6,1.0,17,4,27,17466
53,-1.0,1,1,55,17467
36,-1.0,10,12,58,17468
7,1.0,10,32,49,17469
34,-1.0,0,48,82,17470
10,-1.0,6,9,25,17471
28,-1.0,9,4,41,17472
2,-1.0,15,6,23,17473
8,1.0,8,14,30,17474
37,1.0,8,5,50,17475
3,-1.0,15,0,18,17476
13,1.0,10,3,26,17477
3,1.0,0,20,23,17478
14,1.0,3,13,30,17479
14,-1.0,5,8,27,17480
9,-1.0,10,9,28,17481
14,-1.0,2,10,26,17482
2,-1.0,0,21,23,17483
14,-1.0,17,23,54,17484
22,1.0,5,2,29,17485
18,1.0,17,1,36,17486
37,1.0,7,2,46,17487
13,1.0,0,17,30,17488
5,-1.0,18,6,29,17489
14,1.0,10,37,61,17490
10,1.0,8,12,30,17491
15,-1.0,3,9,27,17492
2,1.0,9,25,36,17493
16,-1.0,3,8,27,17494
42,-1.0,9,0,51,17495
27,-1.0,5,5,37,17496
57,-1.0,1,1,59,17497
11,-1.0,5,28,44,17498
7,-1.0,9,9,25,17499
16,-1.0,16,5,37,17500
1,1.0,4,20,25,17501
7,-1.0,11,5,23,17502
46,-1.0,7,3,56,17503
7,-1.0,23,7,37,17504
0,1.0,0,26,26,17505
18,-1.0,2,10,30,17506
1,-1.0,1,25,27,17507
13,-1.0,1,17,31,17508
17,1.0,9,3,29,17509
3,1.0,0,23,26,17510
68,-1.0,15,3,86,17511
26,-1.0,8,25,59,17512
6,1.0,16,16,38,17513
9,1.0,36,0,45,17514
38,1.0,1,1,40,17515
3,-1.0,12,12,27,17516
42,1.0,9,1,52,17517
15,-1.0,19,1,35,17518
0,0.0,2,9,11,17519
5,1.0,5,19,29,17520
38,1.0,1,2,41,17521
14,-1.0,6,14,34,17522
45,1.0,5,10,60,17523
1,1.0,11,16,28,17524
2,1.0,6,17,25,17525
68,-1.0,0,3,71,17526
7,-1.0,14,14,35,17527
15,-1.0,3,13,31,17528
5,1.0,15,11,31,17529
18,1.0,15,7,40,17530
8,1.0,21,4,33,17531
18,1.0,13,2,33,17532
2,1.0,2,15,19,17533
39,1.0,0,7,46,17534
16,1.0,0,29,45,17535
4,1.0,17,7,28,17536
67,1.0,19,5,91,17537
1,1.0,21,12,34,17538
90,-1.0,0,0,90,17539
19,1.0,3,19,41,17540
6,1.0,16,9,31,17541
41,-1.0,0,20,61,17542
7,-1.0,26,0,33,17543
20,-1.0,8,4,32,17544
4,-1.0,6,8,18,17545
3,1.0,8,10,21,17546
24,1.0,10,1,35,17547
4,1.0,7,27,38,17548
28,1.0,9,5,42,17549
24,-1.0,0,13,37,17550
6,-1.0,5,12,23,17551
13,1.0,9,8,30,17552
20,1.0,16,9,45,17553
57,1.0,5,9,71,17554
16,1.0,28,1,45,17555
17,-1.0,5,10,32,17556
4,1.0,14,6,24,17557
7,-1.0,12,3,22,17558
22,1.0,1,15,38,17559
10,1.0,15,8,33,17560
36,1.0,6,8,50,17561
28,-1.0,7,3,38,17562
24,1.0,9,5,38,17563
10,-1.0,13,5,28,17564
19,1.0,14,2,35,17565
31,-1.0,5,2,38,17566
87,-1.0,10,8,105,17567
59,-1.0,15,0,74,17568
57,1.0,14,21,92,17569
1,1.0,48,8,57,17570
3,-1.0,16,13,32,17571
36,-1.0,7,4,47,17572
5,-1.0,2,16,23,17573
25,1.0,4,10,39,17574
5,-1.0,20,5,30,17575
23,1.0,0,9,32,17576
2,1.0,7,15,24,17577
60,-1.0,1,2,63,17578
30,1.0,14,4,48,17579
21,1.0,9,7,37,17580
13,-1.0,4,11,28,17581
11,1.0,11,4,26,17582
38,-1.0,14,3,55,17583
9,-1.0,17,1,27,17584
1,1.0,23,8,32,17585
62,-1.0,7,0,69,17586
20,1.0,24,12,56,17587
46,-1.0,15,0,61,17588
21,-1.0,0,21,42,17589
34,1.0,0,23,57,17590
4,-1.0,8,16,28,17591
18,-1.0,16,0,34,17592
19,-1.0,4,15,38,17593
34,-1.0,9,8,51,17594
39,-1.0,7,0,46,17595
20,-1.0,16,3,39,17596
11,1.0,16,1,28,17597
15,1.0,2,14,31,17598
46,1.0,8,1,55,17599
5,-1.0,11,14,30,17600
7,-1.0,12,10,29,17601
8,1.0,24,0,32,17602
6,-1.0,9,8,23,17603
49,1.0,4,45,98,17604
4,-1.0,10,21,35,17605
28,1.0,7,1,36,17606
6,1.0,5,14,25,17607
29,-1.0,2,5,36,17608
17,-1.0,13,3,33,17609
15,1.0,0,20,35,17610
18,1.0,16,4,38,17611
25,1.0,3,11,39,17612
22,1.0,0,11,33,17613
21,1.0,7,6,34,17614
40,1.0,3,2,45,17615
4,-1.0,14,1,19,17616
12,-1.0,0,38,50,17617
20,1.0,11,11,42,17618
74,-1.0,6,4,84,17619
4,1.0,9,30,43,17620
33,-1.0,13,8,54,17621
9,1.0,15,14,38,17622
39,-1.0,8,2,49,17623
50,1.0,10,14,74,17624
19,-1.0,11,9,39,17625
39,1.0,2,22,63,17626
14,1.0,26,7,47,17627
36,1.0,3,9,48,17628
8,1.0,15,10,33,17629
4,-1.0,19,16,39,17630
8,-1.0,4,31,43,17631
43,-1.0,2,16,61,17632
36,-1.0,1,6,43,17633
2,-1.0,8,20,30,17634
25,1.0,14,5,44,17635
15,1.0,1,9,25,17636
37,1.0,0,10,47,17637
3,-1.0,5,24,32,17638
10,-1.0,27,1,38,17639
5,-1.0,3,18,26,17640
31,1.0,9,0,40,17641
25,-1.0,8,11,44,17642
30,1.0,4,6,40,17643
16,1.0,6,8,30,17644
28,-1.0,11,4,43,17645
24,1.0,11,6,41,17646
4,-1.0,13,23,40,17647
24,-1.0,2,19,45,17648
46,1.0,16,2,64,17649
38,-1.0,0,6,44,17650
31,-1.0,1,12,44,17651
37,1.0,10,0,47,17652
14,1.0,2,39,55,17653
3,-1.0,14,20,37,17654
14,-1.0,4,10,28,17655
12,-1.0,8,5,25,17656
13,1.0,13,6,32,17657
32,-1.0,8,5,45,17658
17,-1.0,7,7,31,17659
21,-1.0,6,9,36,17660
13,-1.0,14,2,29,17661
18,-1.0,6,10,34,17662
16,-1.0,15,5,36,17663
7,1.0,15,4,26,17664
44,-1.0,5,0,49,17665
17,-1.0,7,3,27,17666
44,-1.0,0,35,79,17667
54,1.0,0,6,60,17668
20,1.0,3,29,52,17669
49,1.0,7,17,73,17670
42,1.0,12,0,54,17671
72,1.0,0,1,73,17672
39,-1.0,3,2,44,17673
49,-1.0,0,17,66,17674
53,-1.0,8,11,72,17675
2,1.0,34,9,45,17676
61,-1.0,0,3,64,17677
62,1.0,34,2,98,17678
23,-1.0,13,10,46,17679
13,-1.0,3,20,36,17680
7,-1.0,22,7,36,17681
32,-1.0,18,11,61,17682
32,1.0,2,11,45,17683
14,1.0,3,11,28,17684
4,1.0,21,1,26,17685
32,-1.0,3,17,52,17686
59,1.0,7,0,66,17687
11,1.0,8,17,36,17688
31,-1.0,9,18,58,17689
1,-1.0,3,25,29,17690
34,1.0,1,13,48,17691
2,1.0,29,6,37,17692
11,1.0,2,24,37,17693
3,1.0,0,25,28,17694
11,1.0,12,22,45,17695
8,-1.0,16,0,24,17696
0,-1.0,3,37,40,17697
178,1.0,34,2,214,17698
26,-1.0,13,34,73,17699
32,-1.0,24,0,56,17700
64,1.0,13,1,78,17701
29,1.0,8,30,67,17702
12,1.0,38,1,51,17703
3,1.0,12,19,34,17704
10,1.0,1,15,26,17705
42,1.0,3,17,62,17706
35,1.0,21,5,61,17707
61,-1.0,32,42,135,17708
16,1.0,26,29,71,17709
51,-1.0,4,29,84,17710
24,-1.0,11,26,61,17711
2,-1.0,37,14,53,17712
64,-1.0,11,0,75,17713
31,-1.0,37,0,68,17714
26,1.0,20,13,59,17715
0,1.0,18,20,38,17716
46,1.0,8,22,76,17717
11,1.0,14,11,36,17718
40,-1.0,0,68,108,17719
28,-1.0,1,17,46,17720
28,-1.0,12,6,46,17721
13,-1.0,26,3,42,17722
27,-1.0,2,21,50,17723
47,1.0,12,16,75,17724
43,-1.0,1,5,49,17725
44,1.0,7,13,64,17726
37,-1.0,15,0,52,17727
0,1.0,3,21,24,17728
12,-1.0,8,24,44,17729
47,1.0,5,5,57,17730
3,1.0,40,10,53,17731
16,-1.0,14,49,79,17732
37,1.0,0,31,68,17733
12,1.0,10,15,37,17734
14,-1.0,7,24,45,17735
60,1.0,1,2,63,17736
8,-1.0,8,15,31,17737
35,-1.0,7,16,58,17738
27,1.0,3,15,45,17739
11,1.0,17,24,52,17740
40,-1.0,3,11,54,17741
16,1.0,6,7,29,17742
24,-1.0,8,8,40,17743
19,-1.0,22,4,45,17744
7,-1.0,21,15,43,17745
20,1.0,4,6,30,17746
47,-1.0,2,9,58,17747
2,-1.0,24,1,27,17748
1,1.0,13,18,32,17749
28,1.0,4,17,49,17750
26,1.0,11,33,70,17751
26,1.0,1,17,44,17752
17,-1.0,1,21,39,17753
48,1.0,2,6,56,17754
8,1.0,18,11,37,17755
8,1.0,8,13,29,17756
166,1.0,14,0,180,17757
61,1.0,8,3,72,17758
6,1.0,19,27,52,17759
35,1.0,5,4,44,17760
23,-1.0,13,6,42,17761
43,-1.0,6,3,52,17762
26,1.0,15,5,46,17763
20,1.0,14,2,36,17764
26,-1.0,1,12,39,17765
41,-1.0,4,12,57,17766
3,-1.0,7,22,32,17767
1,-1.0,12,14,27,17768
1,-1.0,14,4,19,17769
0,1.0,15,8,23,17770
0,-1.0,3,20,23,17771
16,1.0,1,12,29,17772
7,-1.0,14,5,26,17773
7,1.0,3,15,25,17774
26,-1.0,0,25,51,17775
24,-1.0,7,4,35,17776
6,1.0,11,17,34,17777
19,1.0,2,16,37,17778
15,1.0,3,18,36,17779
29,-1.0,13,16,58,17780
15,-1.0,10,3,28,17781
16,-1.0,19,4,39,17782
0,1.0,9,13,22,17783
62,-1.0,0,19,81,17784
27,-1.0,1,27,55,17785
6,1.0,22,8,36,17786
38,-1.0,4,9,51,17787
2,-1.0,21,3,26,17788
14,1.0,13,45,72,17789
62,-1.0,9,24,95,17790
10,1.0,16,12,38,17791
21,1.0,3,24,48,17792
9,1.0,15,6,30,17793
39,1.0,4,10,53,17794
32,-1.0,8,2,42,17795
12,1.0,7,10,29,17796
0,-1.0,3,22,25,17797
11,-1.0,4,13,28,17798
59,1.0,3,80,142,17799
24,-1.0,1,23,48,17800
64,-1.0,0,25,89,17801
34,-1.0,1,65,100,17802
45,1.0,9,5,59,17803
5,1.0,2,26,33,17804
7,1.0,5,12,24,17805
4,1.0,13,6,23,17806
37,-1.0,0,29,66,17807
14,1.0,13,9,36,17808
8,-1.0,9,10,27,17809
7,1.0,5,23,35,17810
0,-1.0,5,19,24,17811
48,-1.0,0,7,55,17812
78,-1.0,0,13,91,17813
40,1.0,4,8,52,17814
32,-1.0,14,5,51,17815
4,1.0,6,29,39,17816
40,1.0,6,0,46,17817
56,1.0,25,3,84,17818
12,-1.0,24,14,50,17819
22,-1.0,8,14,44,17820
48,1.0,1,2,51,17821
18,-1.0,1,21,40,17822
72,-1.0,3,5,80,17823
4,-1.0,3,24,31,17824
10,-1.0,3,18,31,17825
3,1.0,54,1,58,17826
22,-1.0,6,13,41,17827
39,-1.0,10,9,58,17828
20,1.0,10,14,44,17829
3,1.0,16,6,25,17830
21,1.0,3,13,37,17831
3,1.0,14,1,18,17832
37,1.0,3,12,52,17833
23,-1.0,21,8,52,17834
7,1.0,12,6,25,17835
7,1.0,2,17,26,17836
3,-1.0,21,0,24,17837
122,1.0,3,2,127,17838
46,1.0,6,10,62,17839
6,-1.0,48,12,66,17840
4,-1.0,18,7,29,17841
7,1.0,5,29,41,17842
25,1.0,2,13,40,17843
48,1.0,5,0,53,17844
18,1.0,20,5,43,17845
46,1.0,14,40,100,17846
37,-1.0,10,14,61,17847
31,-1.0,1,10,42,17848
50,1.0,5,1,56,17849
9,-1.0,16,6,31,17850
18,-1.0,4,14,36,17851
1,-1.0,17,16,34,17852
19,1.0,5,20,44,17853
20,-1.0,23,3,46,17854
14,1.0,18,12,44,17855
53,-1.0,1,2,56,17856
24,1.0,5,13,42,17857
46,1.0,0,15,61,17858
22,1.0,31,0,53,17859
15,-1.0,23,8,46,17860
10,-1.0,2,24,36,17861
9,-1.0,11,17,37,17862
14,1.0,8,13,35,17863
6,1.0,0,17,23,17864
114,-1.0,33,39,186,17865
12,1.0,27,0,39,17866
30,-1.0,5,15,50,17867
65,-1.0,1,7,73,17868
38,1.0,10,3,51,17869
21,-1.0,1,9,31,17870
6,-1.0,22,3,31,17871
30,1.0,11,0,41,17872
44,1.0,8,4,56,17873
42,1.0,4,1,47,17874
43,-1.0,0,5,48,17875
13,-1.0,4,10,27,17876
4,-1.0,6,19,29,17877
21,1.0,5,12,38,17878
37,-1.0,1,26,64,17879
20,-1.0,8,14,42,17880
1,-1.0,28,0,29,17881
12,1.0,11,14,37,17882
31,-1.0,3,13,47,17883
0,0.0,3,24,27,17884
8,-1.0,3,22,33,17885
38,-1.0,3,1,42,17886
19,-1.0,0,29,48,17887
34,-1.0,23,2,59,17888
1,-1.0,10,24,35,17889
52,-1.0,0,5,57,17890
10,1.0,6,22,38,17891
47,-1.0,1,2,50,17892
9,-1.0,8,20,37,17893
20,1.0,8,8,36,17894
83,-1.0,0,28,111,17895
74,1.0,4,8,86,17896
62,-1.0,12,1,75,17897
3,1.0,14,57,74,17898
5,1.0,33,4,42,17899
18,-1.0,10,14,42,17900
24,1.0,20,6,50,17901
53,1.0,0,2,55,17902
76,1.0,4,6,86,17903
10,-1.0,13,16,39,17904
0,0.0,11,16,27,17905
19,-1.0,6,9,34,17906
4,1.0,24,0,28,17907
10,-1.0,22,8,40,17908
37,1.0,9,3,49,17909
15,-1.0,9,5,29,17910
16,1.0,12,1,29,17911
8,1.0,21,1,30,17912
32,1.0,3,15,50,17913
14,1.0,3,21,38,17914
40,1.0,6,16,62,17915
7,-1.0,0,27,34,17916
78,-1.0,5,0,83,17917
42,1.0,7,0,49,17918
0,-1.0,26,10,36,17919
14,-1.0,11,18,43,17920
21,-1.0,15,0,36,17921
148,-1.0,12,41,201,17922
0,1.0,0,45,45,17923
35,1.0,9,11,55,17924
54,1.0,0,1,55,17925
2,-1.0,4,24,30,17926
37,-1.0,19,2,58,17927
3,-1.0,12,9,24,17928
5,-1.0,24,1,30,17929
20,1.0,5,15,40,17930
0,-1.0,11,0,11,17931
28,1.0,9,7,44,17932
33,1.0,6,0,39,17933
11,1.0,6,18,35,17934
19,1.0,15,10,44,17935
8,-1.0,10,8,26,17936
30,-1.0,12,8,50,17937
45,-1.0,2,5,52,17938
19,1.0,9,15,43,17939
10,-1.0,35,0,45,17940
15,-1.0,11,0,26,17941
43,1.0,23,3,69,17942
15,1.0,19,0,34,17943
42,-1.0,0,14,56,17944
10,-1.0,11,54,75,17945
51,1.0,1,9,61,17946
26,1.0,4,13,43,17947
25,1.0,3,9,37,17948
1,-1.0,7,13,21,17949
9,-1.0,0,43,52,17950
6,1.0,10,12,28,17951
34,-1.0,5,8,47,17952
71,-1.0,1,0,72,17953
32,1.0,10,7,49,17954
16,-1.0,12,13,41,17955
8,-1.0,2,41,51,17956
5,-1.0,1,33,39,17957
5,1.0,11,15,31,17958
8,-1.0,0,26,34,17959
11,1.0,11,2,24,17960
9,-1.0,3,17,29,17961
24,1.0,5,58,87,17962
52,-1.0,4,4,60,17963
1,-1.0,0,19,20,17964
84,1.0,7,5,96,17965
0,1.0,3,18,21,17966
20,1.0,28,1,49,17967
50,-1.0,10,18,78,17968
13,-1.0,1,31,45,17969
8,1.0,11,13,32,17970
31,-1.0,9,7,47,17971
16,1.0,2,15,33,17972
0,1.0,20,2,22,17973
36,1.0,11,5,52,17974
23,-1.0,13,7,43,17975
20,-1.0,12,7,39,17976
46,-1.0,5,0,51,17977
40,-1.0,0,16,56,17978
13,-1.0,6,13,32,17979
2,-1.0,21,6,29,17980
20,1.0,33,0,53,17981
59,-1.0,6,9,74,17982
2,1.0,10,33,45,17983
17,-1.0,1,23,41,17984
1,1.0,7,15,23,17985
9,-1.0,15,1,25,17986
33,-1.0,7,0,40,17987
18,-1.0,13,6,37,17988
4,-1.0,22,2,28,17989
11,1.0,7,10,28,17990
34,-1.0,8,0,42,17991
1,1.0,21,1,23,17992
56,-1.0,3,4,63,17993
6,1.0,9,8,23,17994
15,-1.0,4,31,50,17995
51,-1.0,18,23,92,17996
12,-1.0,3,30,45,17997
42,1.0,4,7,53,17998
25,-1.0,1,16,42,17999
24,-1.0,17,4,45,18000
19,1.0,12,2,33,18001
7,1.0,14,11,32,18002
27,-1.0,0,45,72,18003
44,-1.0,6,0,50,18004
10,-1.0,2,19,31,18005
46,-1.0,15,23,84,18006
34,1.0,9,26,69,18007
45,-1.0,2,2,49,18008
33,-1.0,19,3,55,18009
18,1.0,14,8,40,18010
76,1.0,22,1,99,18011
5,-1.0,21,29,55,18012
27,1.0,37,0,64,18013
50,1.0,0,11,61,18014
8,-1.0,25,10,43,18015
19,-1.0,21,2,42,18016
65,1.0,19,0,84,18017
32,1.0,23,5,60,18018
55,1.0,5,32,92,18019
14,-1.0,18,25,57,18020
34,-1.0,7,7,48,18021
4,1.0,25,3,32,18022
8,-1.0,10,12,30,18023
26,-1.0,17,7,50,18024
35,-1.0,15,2,52,18025
10,-1.0,5,18,33,18026
17,-1.0,31,0,48,18027
32,1.0,1,4,37,18028
3,-1.0,19,13,35,18029
26,-1.0,9,12,47,18030
40,1.0,10,0,50,18031
21,1.0,17,17,55,18032
46,1.0,1,4,51,18033
15,-1.0,21,10,46,18034
60,1.0,2,10,72,18035
30,1.0,10,8,48,18036
43,1.0,2,0,45,18037
19,-1.0,0,34,53,18038
33,-1.0,21,1,55,18039
4,-1.0,25,8,37,18040
17,1.0,17,6,40,18041
4,1.0,14,9,27,18042
82,-1.0,0,9,91,18043
14,1.0,12,5,31,18044
157,-1.0,34,21,212,18045
3,1.0,18,40,61,18046
75,-1.0,0,5,80,18047
41,-1.0,10,17,68,18048
42,1.0,17,20,79,18049
98,-1.0,0,60,158,18050
3,-1.0,58,21,82,18051
9,-1.0,37,3,49,18052
87,-1.0,1,17,105,18053
17,-1.0,13,29,59,18054
47,1.0,28,22,97,18055
74,1.0,28,6,108,18056
7,-1.0,43,5,55,18057
72,1.0,9,1,82,18058
57,-1.0,7,14,78,18059
3,-1.0,32,11,46,18060
14,1.0,19,2,35,18061
18,1.0,28,0,46,18062
17,1.0,10,7,34,18063
3,1.0,10,22,35,18064
16,1.0,14,1,31,18065
15,-1.0,16,1,32,18066
42,1.0,4,2,48,18067
30,1.0,1,17,48,18068
4,-1.0,20,7,31,18069
21,1.0,3,30,54,18070
3,1.0,20,6,29,18071
20,1.0,22,4,46,18072
4,-1.0,6,13,23,18073
64,1.0,3,0,67,18074
1,1.0,40,0,41,18075
6,-1.0,11,32,49,18076
26,1.0,14,0,40,18077
22,-1.0,20,16,58,18078
7,1.0,13,10,30,18079
32,1.0,1,19,52,18080
37,1.0,9,1,47,18081
44,1.0,6,3,53,18082
20,-1.0,35,3,58,18083
3,-1.0,22,5,30,18084
15,-1.0,12,16,43,18085
27,1.0,6,5,38,18086
2,-1.0,24,7,33,18087
38,1.0,16,11,65,18088
2,1.0,24,1,27,18089
78,-1.0,0,37,115,18090
11,-1.0,19,22,52,18091
68,1.0,6,10,84,18092
30,1.0,9,3,42,18093
43,-1.0,2,5,50,18094
4,-1.0,17,3,24,18095
10,1.0,22,1,33,18096
18,1.0,22,2,42,18097
7,1.0,3,30,40,18098
12,1.0,7,13,32,18099
12,-1.0,6,17,35,18100
5,1.0,14,11,30,18101
83,-1.0,0,18,101,18102
21,1.0,10,13,44,18103
26,1.0,6,3,35,18104
74,1.0,12,0,86,18105
14,-1.0,10,16,40,18106
38,1.0,2,45,85,18107
30,-1.0,4,19,53,18108
5,-1.0,22,7,34,18109
20,-1.0,28,4,52,18110
43,-1.0,3,15,61,18111
21,-1.0,13,6,40,18112
11,-1.0,19,12,42,18113
29,1.0,7,4,40,18114
13,-1.0,27,0,40,18115
16,-1.0,6,6,28,18116
31,-1.0,7,2,40,18117
8,1.0,3,12,23,18118
35,-1.0,2,7,44,18119
15,-1.0,15,6,36,18120
30,1.0,13,4,47,18121
17,-1.0,14,1,32,18122
38,-1.0,12,2,52,18123
28,1.0,0,12,40,18124
7,-1.0,14,8,29,18125
42,1.0,13,8,63,18126
71,1.0,3,0,74,18127
17,-1.0,21,12,50,18128
12,-1.0,2,15,29,18129
12,1.0,5,15,32,18130
4,1.0,27,24,55,18131
40,-1.0,30,0,70,18132
4,1.0,7,23,34,18133
25,1.0,11,2,38,18134
6,-1.0,25,3,34,18135
5,-1.0,9,12,26,18136
24,-1.0,12,5,41,18137
40,-1.0,7,7,54,18138
3,1.0,12,9,24,18139
5,-1.0,10,8,23,18140
19,-1.0,12,6,37,18141
37,1.0,9,0,46,18142
9,1.0,0,23,32,18143
40,1.0,10,5,55,18144
6,-1.0,6,17,29,18145
4,1.0,27,1,32,18146
28,-1.0,5,6,39,18147
13,-1.0,17,1,31,18148
12,-1.0,12,21,45,18149
44,1.0,4,5,53,18150
77,-1.0,1,0,78,18151
45,1.0,0,22,67,18152
12,1.0,0,18,30,18153
9,-1.0,19,1,29,18154
15,1.0,1,14,30,18155
105,-1.0,0,14,119,18156
61,-1.0,26,4,91,18157
59,1.0,11,22,92,18158
39,1.0,3,1,43,18159
8,-1.0,14,8,30,18160
37,-1.0,3,11,51,18161
33,-1.0,0,17,50,18162
51,-1.0,5,2,58,18163
18,1.0,15,30,63,18164
38,-1.0,0,18,56,18165
15,1.0,18,7,40,18166
6,-1.0,1,22,29,18167
26,1.0,2,10,38,18168
20,-1.0,5,10,35,18169
18,-1.0,10,1,29,18170
45,-1.0,15,3,63,18171
9,-1.0,22,10,41,18172
39,-1.0,1,6,46,18173
6,1.0,14,11,31,18174
30,1.0,2,13,45,18175
9,1.0,23,1,33,18176
25,1.0,2,16,43,18177
4,1.0,11,12,27,18178
24,-1.0,18,6,48,18179
21,1.0,4,10,35,18180
2,1.0,21,0,23,18181
0,-1.0,19,14,33,18182
20,-1.0,11,2,33,18183
25,-1.0,9,14,48,18184
6,1.0,8,23,37,18185
24,1.0,13,5,42,18186
1,1.0,2,36,39,18187
14,-1.0,1,13,28,18188
40,1.0,7,2,49,18189
49,-1.0,1,11,61,18190
17,1.0,24,0,41,18191
15,-1.0,5,8,28,18192
67,-1.0,0,24,91,18193
8,-1.0,0,32,40,18194
60,-1.0,11,12,83,18195
20,1.0,23,6,49,18196
20,1.0,12,26,58,18197
43,1.0,8,1,52,18198
1,-1.0,19,9,29,18199
0,-1.0,16,5,21,18200
9,-1.0,13,9,31,18201
19,-1.0,9,4,32,18202
29,1.0,9,3,41,18203
7,-1.0,16,9,32,18204
54,-1.0,2,3,59,18205
25,1.0,55,16,96,18206
37,-1.0,0,17,54,18207
39,-1.0,1,10,50,18208
82,1.0,0,17,99,18209
30,-1.0,30,3,63,18210
10,-1.0,25,13,48,18211
8,-1.0,10,23,41,18212
50,1.0,5,2,57,18213
2,1.0,6,28,36,18214
6,-1.0,31,5,42,18215
6,-1.0,12,18,36,18216
18,-1.0,16,2,36,18217
33,-1.0,0,3,36,18218
16,1.0,1,18,35,18219
6,1.0,23,1,30,18220
5,-1.0,26,0,31,18221
66,1.0,9,0,75,18222
7,-1.0,3,28,38,18223
19,1.0,15,3,37,18224
23,-1.0,10,7,40,18225
4,-1.0,1,23,28,18226
7,-1.0,19,5,31,18227
34,-1.0,14,1,49,18228
30,1.0,13,2,45,18229
34,1.0,6,8,48,18230
20,1.0,8,13,41,18231
5,-1.0,6,16,27,18232
3,1.0,20,4,27,18233
2,1.0,16,13,31,18234
52,-1.0,8,25,85,18235
4,-1.0,15,13,32,18236
12,-1.0,16,23,51,18237
29,-1.0,11,6,46,18238
6,1.0,18,2,26,18239
71,1.0,5,2,78,18240
7,1.0,0,18,25,18241
97,1.0,5,0,102,18242
10,1.0,11,5,26,18243
1,-1.0,29,3,33,18244
1,1.0,22,9,32,18245
10,-1.0,8,8,26,18246
31,-1.0,14,12,57,18247
9,1.0,18,25,52,18248
7,1.0,0,24,31,18249
15,-1.0,9,19,43,18250
18,-1.0,16,1,35,18251
75,1.0,1,5,81,18252
25,-1.0,12,5,42,18253
17,1.0,9,8,34,18254
23,-1.0,18,5,46,18255
19,1.0,14,15,48,18256
15,1.0,13,8,36,18257
34,1.0,19,0,53,18258
1,-1.0,16,13,30,18259
15,-1.0,12,11,38,18260
31,1.0,3,28,62,18261
4,-1.0,17,1,22,18262
14,-1.0,15,10,39,18263
20,-1.0,8,11,39,18264
24,1.0,4,19,47,18265
16,1.0,0,15,31,18266
40,1.0,5,2,47,18267
22,1.0,14,1,37,18268
2,1.0,17,2,21,18269
11,-1.0,4,27,42,18270
40,1.0,3,1,44,18271
65,-1.0,0,18,83,18272
13,1.0,10,19,42,18273
7,1.0,2,20,29,18274
13,1.0,9,7,29,18275
41,1.0,2,8,51,18276
89,1.0,1,3,93,18277
0,-1.0,18,20,38,18278
12,1.0,14,8,34,18279
29,-1.0,14,0,43,18280
33,-1.0,4,6,43,18281
47,-1.0,0,17,64,18282
42,1.0,0,7,49,18283
4,1.0,31,18,53,18284
22,1.0,10,4,36,18285
4,1.0,3,17,24,18286
0,1.0,15,9,24,18287
0,-1.0,4,0,4,18288
2,-1.0,12,5,19,18289
13,-1.0,2,7,22,18290
42,1.0,11,3,56,18291
29,-1.0,3,3,35,18292
45,-1.0,15,0,60,18293
30,1.0,9,4,43,18294
13,1.0,5,15,33,18295
5,-1.0,18,8,31,18296
40,-1.0,0,20,60,18297
4,-1.0,11,9,24,18298
21,-1.0,22,2,45,18299
22,-1.0,1,25,48,18300
37,1.0,2,50,89,18301
12,-1.0,0,18,30,18302
7,-1.0,30,0,37,18303
23,-1.0,0,29,52,18304
26,-1.0,1,13,40,18305
7,1.0,20,7,34,18306
2,1.0,12,8,22,18307
29,1.0,9,1,39,18308
13,1.0,17,0,30,18309
8,1.0,4,8,20,18310
14,1.0,11,11,36,18311
36,1.0,1,7,44,18312
47,1.0,7,1,55,18313
26,1.0,5,4,35,18314
3,1.0,14,5,22,18315
47,1.0,37,0,84,18316
0,1.0,14,38,52,18317
3,1.0,20,5,28,18318
16,1.0,7,13,36,18319
5,1.0,14,8,27,18320
26,1.0,2,9,37,18321
26,-1.0,2,5,33,18322
19,1.0,7,7,33,18323
11,-1.0,15,7,33,18324
33,-1.0,3,4,40,18325
33,-1.0,2,21,56,18326
4,-1.0,23,0,27,18327
32,1.0,13,0,45,18328
32,-1.0,0,28,60,18329
11,-1.0,5,12,28,18330
43,-1.0,0,6,49,18331
18,-1.0,5,7,30,18332
28,-1.0,0,21,49,18333
12,1.0,15,5,32,18334
24,-1.0,8,14,46,18335
64,-1.0,0,2,66,18336
8,-1.0,10,16,34,18337
31,-1.0,1,6,38,18338
36,-1.0,1,3,40,18339
20,-1.0,1,22,43,18340
6,1.0,28,9,43,18341
19,1.0,24,0,43,18342
17,1.0,12,13,42,18343
44,1.0,2,11,57,18344
11,-1.0,13,11,35,18345
18,-1.0,10,7,35,18346
66,1.0,13,10,89,18347
31,-1.0,10,6,47,18348
46,-1.0,3,21,70,18349
0,1.0,2,23,25,18350
2,1.0,9,13,24,18351
14,1.0,17,0,31,18352
46,-1.0,0,12,58,18353
64,-1.0,5,11,80,18354
5,-1.0,25,1,31,18355
20,1.0,16,17,53,18356
12,1.0,8,9,29,18357
0,-1.0,5,14,19,18358
41,-1.0,5,1,47,18359
25,-1.0,6,1,32,18360
37,-1.0,0,12,49,18361
5,-1.0,14,4,23,18362
44,-1.0,10,3,57,18363
30,-1.0,6,10,46,18364
24,-1.0,5,13,42,18365
14,-1.0,0,23,37,18366
19,-1.0,7,1,27,18367
64,-1.0,12,23,99,18368
9,1.0,8,42,59,18369
21,-1.0,20,6,47,18370
2,-1.0,28,7,37,18371
17,-1.0,1,19,37,18372
15,-1.0,8,19,42,18373
8,1.0,1,24,33,18374
14,1.0,11,16,41,18375
21,1.0,16,1,38,18376
4,-1.0,16,14,34,18377
6,-1.0,15,17,38,18378
305,1.0,30,0,335,18379
123,1.0,10,28,161,18380
62,-1.0,97,0,159,18381
67,1.0,47,0,114,18382
122,1.0,1,0,123,18383
156,1.0,50,0,206,18384
4,1.0,63,39,106,18385
32,1.0,4,25,61,18386
213,1.0,0,4,217,18387
27,-1.0,52,47,126,18388
61,-1.0,12,48,121,18389
55,1.0,4,9,68,18390
107,1.0,8,0,115,18391
95,1.0,42,10,147,18392
36,-1.0,1,29,66,18393
12,1.0,25,19,56,18394
50,1.0,14,2,66,18395
30,1.0,17,21,68,18396
5,1.0,17,18,40,18397
56,-1.0,3,8,67,18398
31,-1.0,6,92,129,18399
49,-1.0,1,8,58,18400
30,1.0,8,13,51,18401
35,1.0,12,5,52,18402
39,-1.0,4,5,48,18403
40,1.0,9,20,69,18404
18,1.0,4,26,48,18405
21,1.0,0,20,41,18406
50,-1.0,15,14,79,18407
43,1.0,1,7,51,18408
45,1.0,7,11,63,18409
20,-1.0,33,0,53,18410
31,1.0,21,0,52,18411
41,1.0,13,2,56,18412
10,1.0,33,4,47,18413
45,1.0,6,5,56,18414
29,1.0,6,11,46,18415
21,1.0,30,5,56,18416
134,-1.0,0,30,164,18417
13,-1.0,31,34,78,18418
26,-1.0,22,0,48,18419
3,-1.0,48,55,106,18420
101,-1.0,0,10,111,18421
34,1.0,13,33,80,18422
16,1.0,48,0,64,18423
17,1.0,13,20,50,18424
3,1.0,26,7,36,18425
42,-1.0,7,0,49,18426
16,1.0,9,21,46,18427
107,1.0,181,0,288,18428
60,-1.0,16,58,134,18429
9,1.0,26,25,60,18430
152,-1.0,2,40,194,18431
41,1.0,49,9,99,18432
70,1.0,1,2,73,18433
53,-1.0,20,0,73,18434
65,-1.0,4,13,82,18435
40,1.0,0,13,53,18436
11,1.0,29,26,66,18437
2,1.0,18,8,28,18438
2,1.0,20,20,42,18439
18,-1.0,24,11,53,18440
16,-1.0,2,20,38,18441
6,1.0,8,12,26,18442
22,1.0,1,20,43,18443
48,1.0,3,7,58,18444
55,1.0,8,8,71,18445
40,1.0,14,6,60,18446
12,1.0,5,46,63,18447
3,-1.0,17,39,59,18448
27,1.0,1,21,49,18449
21,1.0,3,12,36,18450
23,1.0,26,3,52,18451
2,-1.0,33,15,50,18452
37,-1.0,0,34,71,18453
47,-1.0,15,9,71,18454
11,1.0,5,25,41,18455
31,1.0,0,16,47,18456
40,1.0,20,11,71,18457
7,-1.0,12,7,26,18458
57,-1.0,2,22,81,18459
27,1.0,4,20,51,18460
7,-1.0,6,32,45,18461
27,-1.0,11,19,57,18462
2,-1.0,43,13,58,18463
43,1.0,29,13,85,18464
10,-1.0,1,36,47,18465
26,-1.0,6,7,39,18466
10,-1.0,12,10,32,18467
5,-1.0,8,21,34,18468
42,-1.0,8,9,59,18469
29,1.0,2,19,50,18470
19,1.0,27,0,46,18471
27,-1.0,21,50,98,18472
10,-1.0,16,11,37,18473
5,1.0,9,25,39,18474
37,1.0,21,4,62,18475
11,-1.0,5,24,40,18476
3,1.0,30,2,35,18477
2,1.0,31,13,46,18478
30,-1.0,3,10,43,18479
18,1.0,15,2,35,18480
12,-1.0,13,24,49,18481
15,1.0,13,58,86,18482
51,1.0,26,9,86,18483
68,1.0,34,0,102,18484
4,1.0,11,24,39,18485
54,-1.0,5,6,65,18486
24,1.0,26,0,50,18487
43,-1.0,3,21,67,18488
25,1.0,37,52,114,18489
13,1.0,17,25,55,18490
40,1.0,0,26,66,18491
1,-1.0,33,2,36,18492
16,1.0,11,9,36,18493
7,-1.0,20,8,35,18494
8,1.0,9,34,51,18495
6,1.0,21,20,47,18496
23,1.0,16,2,41,18497
29,-1.0,2,12,43,18498
3,1.0,14,11,28,18499
59,1.0,4,1,64,18500
7,1.0,25,8,40,18501
12,-1.0,15,1,28,18502
33,1.0,7,12,52,18503
4,1.0,32,1,37,18504
15,-1.0,18,1,34,18505
45,1.0,18,0,63,18506
33,-1.0,7,14,54,18507
31,1.0,10,1,42,18508
7,1.0,17,5,29,18509
29,-1.0,4,11,44,18510
9,-1.0,9,19,37,18511
61,1.0,10,0,71,18512
16,1.0,18,0,34,18513
8,1.0,34,0,42,18514
66,-1.0,1,13,80,18515
29,1.0,9,5,43,18516
7,1.0,29,0,36,18517
3,1.0,1,22,26,18518
72,-1.0,0,17,89,18519
14,-1.0,0,21,35,18520
32,-1.0,18,2,52,18521
22,-1.0,11,3,36,18522
29,1.0,5,6,40,18523
1,-1.0,2,14,17,18524
3,-1.0,17,3,23,18525
18,-1.0,4,10,32,18526
23,1.0,1,12,36,18527
45,1.0,9,2,56,18528
4,1.0,3,14,21,18529
9,1.0,6,13,28,18530
29,-1.0,9,6,44,18531
26,1.0,8,1,35,18532
17,-1.0,7,13,37,18533
3,1.0,14,6,23,18534
10,-1.0,14,4,28,18535
65,1.0,9,0,74,18536
26,-1.0,4,8,38,18537
61,1.0,11,0,72,18538
37,1.0,16,10,63,18539
46,1.0,15,13,74,18540
10,1.0,2,27,39,18541
9,-1.0,27,0,36,18542
1,-1.0,18,5,24,18543
32,1.0,60,3,95,18544
18,-1.0,39,12,69,18545
22,1.0,10,10,42,18546
16,-1.0,6,15,37,18547
1,1.0,14,9,24,18548
8,-1.0,0,34,42,18549
1,1.0,18,20,39,18550
86,-1.0,0,18,104,18551
13,-1.0,25,0,38,18552
14,-1.0,9,24,47,18553
34,1.0,15,9,58,18554
46,1.0,14,3,63,18555
14,1.0,2,24,40,18556
22,1.0,3,15,40,18557
4,1.0,5,11,20,18558
47,-1.0,2,3,52,18559
20,1.0,9,9,38,18560
3,-1.0,10,14,27,18561
5,-1.0,1,16,22,18562
6,-1.0,11,18,35,18563
32,1.0,12,0,44,18564
13,1.0,13,9,35,18565
11,1.0,31,0,42,18566
39,-1.0,2,1,42,18567
3,-1.0,13,12,28,18568
19,1.0,6,13,38,18569
41,-1.0,2,42,85,18570
74,1.0,39,0,113,18571
30,1.0,11,3,44,18572
17,-1.0,10,10,37,18573
53,-1.0,12,10,75,18574
7,1.0,9,45,61,18575
10,-1.0,23,14,47,18576
3,-1.0,1,29,33,18577
5,-1.0,16,16,37,18578
7,-1.0,2,21,30,18579
22,1.0,20,11,53,18580
12,1.0,9,9,30,18581
9,1.0,4,16,29,18582
25,1.0,1,8,34,18583
15,1.0,14,2,31,18584
29,1.0,8,4,41,18585
49,-1.0,1,13,63,18586
23,-1.0,3,14,40,18587
53,-1.0,1,12,66,18588
9,1.0,17,5,31,18589
3,1.0,10,13,26,18590
15,-1.0,1,9,25,18591
7,-1.0,4,12,23,18592
1,-1.0,16,25,42,18593
20,-1.0,34,13,67,18594
13,1.0,2,18,33,18595
80,-1.0,0,1,81,18596
24,1.0,12,5,41,18597
5,-1.0,5,16,26,18598
16,-1.0,16,2,34,18599
12,-1.0,22,3,37,18600
52,-1.0,7,4,63,18601
11,-1.0,0,22,33,18602
0,0.0,15,9,24,18603
7,1.0,17,2,26,18604
2,1.0,7,18,27,18605
11,1.0,21,3,35,18606
3,-1.0,2,20,25,18607
11,1.0,17,3,31,18608
74,1.0,4,14,92,18609
69,1.0,1,4,74,18610
7,1.0,14,27,48,18611
32,-1.0,12,20,64,18612
24,-1.0,0,23,47,18613
29,1.0,10,0,39,18614
6,1.0,5,12,23,18615
9,-1.0,5,14,28,18616
60,1.0,36,0,96,18617
25,-1.0,11,13,49,18618
23,1.0,19,2,44,18619
19,-1.0,13,2,34,18620
69,-1.0,4,29,102,18621
16,-1.0,0,24,40,18622
55,-1.0,6,35,96,18623
55,-1.0,0,28,83,18624
57,1.0,21,2,80,18625
24,-1.0,16,14,54,18626
43,1.0,4,6,53,18627
41,1.0,6,7,54,18628
1,-1.0,4,32,37,18629
27,1.0,22,6,55,18630
7,-1.0,10,13,30,18631
20,-1.0,10,16,46,18632
12,1.0,13,7,32,18633
25,-1.0,7,18,50,18634
16,1.0,4,23,43,18635
14,-1.0,17,2,33,18636
22,1.0,7,9,38,18637
41,1.0,15,5,61,18638
10,-1.0,8,14,32,18639
20,-1.0,15,2,37,18640
2,-1.0,17,6,25,18641
45,-1.0,15,11,71,18642
39,-1.0,3,9,51,18643
11,1.0,19,23,53,18644
92,-1.0,0,6,98,18645
21,-1.0,38,0,59,18646
8,-1.0,25,8,41,18647
99,-1.0,1,69,169,18648
11,1.0,47,10,68,18649
77,-1.0,8,0,85,18650
36,1.0,12,34,82,18651
50,1.0,4,33,87,18652
28,1.0,0,28,56,18653
3,1.0,27,21,51,18654
61,-1.0,0,6,67,18655
6,1.0,26,39,71,18656
97,1.0,23,0,120,18657
37,1.0,6,24,67,18658
3,-1.0,3,47,53,18659
62,1.0,3,0,65,18660
98,-1.0,9,19,126,18661
53,1.0,16,12,81,18662
10,1.0,38,0,48,18663
5,1.0,19,24,48,18664
39,1.0,41,2,82,18665
11,-1.0,43,32,86,18666
3,1.0,1,32,36,18667
49,-1.0,15,0,64,18668
19,1.0,5,7,31,18669
36,1.0,10,9,55,18670
0,1.0,10,19,29,18671
5,-1.0,15,6,26,18672
72,1.0,16,2,90,18673
2,-1.0,26,4,32,18674
9,-1.0,15,8,32,18675
21,1.0,2,13,36,18676
7,-1.0,21,8,36,18677
8,1.0,23,9,40,18678
5,-1.0,20,6,31,18679
7,-1.0,24,6,37,18680
3,-1.0,8,23,34,18681
8,1.0,11,16,35,18682
49,-1.0,15,9,73,18683
4,1.0,2,28,34,18684
3,-1.0,7,23,33,18685
54,1.0,5,7,66,18686
22,1.0,16,6,44,18687
14,-1.0,16,6,36,18688
10,-1.0,10,13,33,18689
8,1.0,17,8,33,18690
46,1.0,3,7,56,18691
4,-1.0,44,28,76,18692
1,-1.0,24,8,33,18693
37,-1.0,1,12,50,18694
23,-1.0,17,2,42,18695
10,1.0,12,13,35,18696
7,-1.0,14,3,24,18697
19,-1.0,15,8,42,18698
8,-1.0,15,8,31,18699
15,-1.0,10,20,45,18700
37,-1.0,3,3,43,18701
25,-1.0,40,0,65,18702
10,-1.0,25,47,82,18703
5,1.0,28,3,36,18704
47,-1.0,0,58,105,18705
54,-1.0,5,42,101,18706
14,1.0,26,15,55,18707
37,-1.0,12,5,54,18708
53,1.0,0,4,57,18709
70,1.0,0,2,72,18710
9,-1.0,4,30,43,18711
35,-1.0,0,38,73,18712
9,-1.0,11,20,40,18713
25,-1.0,5,8,38,18714
80,-1.0,1,21,102,18715
13,1.0,23,6,42,18716
7,1.0,7,26,40,18717
24,1.0,14,9,47,18718
24,-1.0,4,13,41,18719
63,-1.0,0,20,83,18720
9,-1.0,16,4,29,18721
15,-1.0,5,32,52,18722
18,1.0,0,44,62,18723
8,1.0,2,19,29,18724
13,1.0,19,0,32,18725
0,1.0,7,23,30,18726
39,-1.0,17,10,66,18727
16,-1.0,4,10,30,18728
21,-1.0,9,12,42,18729
1,1.0,2,20,23,18730
3,1.0,21,6,30,18731
23,1.0,31,0,54,18732
8,-1.0,20,14,42,18733
32,-1.0,28,11,71,18734
8,-1.0,9,15,32,18735
97,-1.0,2,17,116,18736
50,-1.0,18,15,83,18737
44,1.0,18,0,62,18738
18,1.0,5,29,52,18739
48,1.0,8,3,59,18740
50,1.0,7,0,57,18741
25,1.0,19,2,46,18742
6,1.0,12,22,40,18743
47,-1.0,13,0,60,18744
42,1.0,2,4,48,18745
33,1.0,11,1,45,18746
14,1.0,18,5,37,18747
15,-1.0,18,10,43,18748
38,-1.0,1,26,65,18749
7,1.0,9,13,29,18750
52,-1.0,2,2,56,18751
41,1.0,7,12,60,18752
40,1.0,1,7,48,18753
21,-1.0,11,2,34,18754
6,-1.0,5,22,33,18755
33,-1.0,1,9,43,18756
8,1.0,2,17,27,18757
18,-1.0,13,4,35,18758
14,-1.0,4,35,53,18759
35,-1.0,3,7,45,18760
32,-1.0,3,16,51,18761
7,1.0,22,9,38,18762
18,1.0,4,25,47,18763
46,1.0,1,14,61,18764
3,1.0,21,7,31,18765
20,-1.0,4,12,36,18766
18,-1.0,27,0,45,18767
31,-1.0,0,20,51,18768
63,-1.0,0,4,67,18769
19,1.0,31,6,56,18770
34,-1.0,10,4,48,18771
12,1.0,12,2,26,18772
10,-1.0,10,4,24,18773
67,-1.0,0,21,88,18774
42,1.0,27,13,82,18775
16,1.0,6,21,43,18776
8,1.0,15,3,26,18777
31,-1.0,0,11,42,18778
11,-1.0,1,32,44,18779
26,-1.0,2,15,43,18780
53,1.0,3,3,59,18781
1,-1.0,10,10,21,18782
58,1.0,1,0,59,18783
25,1.0,2,7,34,18784
27,1.0,27,0,54,18785
34,1.0,27,0,61,18786
14,-1.0,13,2,29,18787
21,1.0,1,21,43,18788
17,-1.0,14,0,31,18789
12,-1.0,13,0,25,18790
42,1.0,8,8,58,18791
3,1.0,11,12,26,18792
22,1.0,1,14,37,18793
1,1.0,5,17,23,18794
5,-1.0,14,16,35,18795
27,1.0,16,0,43,18796
20,-1.0,19,0,39,18797
14,1.0,14,1,29,18798
23,1.0,0,17,40,18799
37,1.0,22,0,59,18800
10,1.0,13,18,41,18801
13,1.0,15,7,35,18802
0,0.0,24,7,31,18803
2,1.0,10,12,24,18804
19,1.0,35,0,54,18805
21,-1.0,6,22,49,18806
0,1.0,18,10,28,18807
15,1.0,13,14,42,18808
40,1.0,3,6,49,18809
6,-1.0,10,11,27,18810
13,1.0,15,1,29,18811
62,-1.0,0,17,79,18812
12,1.0,14,3,29,18813
2,1.0,27,3,32,18814
23,-1.0,3,3,29,18815
50,-1.0,7,13,70,18816
3,1.0,38,7,48,18817
6,-1.0,6,18,30,18818
22,1.0,19,1,42,18819
30,-1.0,7,9,46,18820
19,1.0,10,1,30,18821
31,1.0,24,0,55,18822
7,1.0,14,18,39,18823
11,-1.0,11,12,34,18824
38,-1.0,14,23,75,18825
24,-1.0,14,1,39,18826
76,-1.0,0,53,129,18827
149,-1.0,0,5,154,18828
111,1.0,9,3,123,18829
13,-1.0,33,0,46,18830
35,1.0,5,18,58,18831
26,-1.0,3,11,40,18832
64,1.0,10,6,80,18833
40,-1.0,1,17,58,18834
31,-1.0,2,28,61,18835
6,1.0,4,28,38,18836
11,1.0,4,13,28,18837
9,1.0,11,7,27,18838
2,1.0,13,15,30,18839
5,-1.0,27,0,32,18840
9,1.0,0,28,37,18841
7,1.0,25,4,36,18842
36,1.0,14,2,52,18843
8,1.0,21,2,31,18844
5,-1.0,9,22,36,18845
32,-1.0,4,8,44,18846
5,1.0,17,5,27,18847
36,-1.0,3,6,45,18848
1,1.0,17,2,20,18849
86,1.0,2,2,90,18850
49,-1.0,22,0,71,18851
3,1.0,20,21,44,18852
18,1.0,10,7,35,18853
55,-1.0,1,45,101,18854
15,1.0,19,25,59,18855
34,1.0,13,0,47,18856
16,1.0,23,4,43,18857
65,1.0,11,2,78,18858
55,-1.0,10,7,72,18859
36,-1.0,23,13,72,18860
18,1.0,1,34,53,18861
2,1.0,13,13,28,18862
16,1.0,4,34,54,18863
16,1.0,4,13,33,18864
19,-1.0,13,3,35,18865
4,-1.0,16,13,33,18866
11,1.0,6,8,25,18867
0,1.0,4,23,27,18868
38,1.0,2,4,44,18869
6,1.0,11,13,30,18870
29,-1.0,12,13,54,18871
0,0.0,5,12,17,18872
12,-1.0,12,4,28,18873
7,-1.0,11,8,26,18874
32,1.0,3,10,45,18875
26,-1.0,5,10,41,18876
8,1.0,15,5,28,18877
11,-1.0,20,6,37,18878
11,-1.0,15,1,27,18879
7,1.0,0,19,26,18880
68,-1.0,0,7,75,18881
23,-1.0,11,36,70,18882
80,-1.0,3,0,83,18883
11,1.0,0,23,34,18884
25,1.0,15,30,70,18885
3,1.0,13,13,29,18886
19,-1.0,0,25,44,18887
25,1.0,5,5,35,18888
27,1.0,8,0,35,18889
2,1.0,17,12,31,18890
7,-1.0,1,29,37,18891
10,1.0,1,19,30,18892
46,1.0,5,1,52,18893
15,1.0,10,8,33,18894
12,-1.0,2,17,31,18895
12,-1.0,9,20,41,18896
17,1.0,0,25,42,18897
17,-1.0,0,17,34,18898
44,-1.0,0,7,51,18899
15,1.0,23,8,46,18900
23,-1.0,14,1,38,18901
9,1.0,9,19,37,18902
53,-1.0,0,18,71,18903
28,-1.0,1,20,49,18904
14,1.0,5,16,35,18905
52,1.0,9,2,63,18906
13,1.0,1,11,25,18907
0,1.0,24,2,26,18908
11,-1.0,7,9,27,18909
7,1.0,18,52,77,18910
3,1.0,28,6,37,18911
54,1.0,0,5,59,18912
33,1.0,7,1,41,18913
24,1.0,6,4,34,18914
28,1.0,3,3,34,18915
38,1.0,6,0,44,18916
12,-1.0,7,23,42,18917
29,1.0,1,17,47,18918
38,1.0,0,5,43,18919
44,1.0,7,1,52,18920
11,1.0,11,5,27,18921
42,-1.0,11,3,56,18922
10,1.0,10,9,29,18923
7,1.0,2,16,25,18924
5,1.0,3,14,22,18925
8,-1.0,1,15,24,18926
48,1.0,12,5,65,18927
64,-1.0,3,7,74,18928
6,1.0,19,0,25,18929
57,1.0,21,28,106,18930
11,1.0,32,4,47,18931
55,-1.0,21,0,76,18932
12,-1.0,0,46,58,18933
22,-1.0,9,1,32,18934
21,1.0,11,0,32,18935
24,-1.0,4,5,33,18936
17,1.0,11,3,31,18937
2,-1.0,14,9,25,18938
38,-1.0,5,14,57,18939
0,1.0,1,22,23,18940
25,1.0,6,1,32,18941
10,-1.0,1,26,37,18942
40,1.0,4,18,62,18943
4,1.0,22,10,36,18944
5,-1.0,1,29,35,18945
1,1.0,31,1,33,18946
56,1.0,0,14,70,18947
0,1.0,2,19,21,18948
11,1.0,27,40,78,18949
42,-1.0,1,30,73,18950
42,1.0,12,9,63,18951
8,1.0,9,15,32,18952
72,1.0,5,1,78,18953
1,-1.0,38,11,50,18954
4,-1.0,13,5,22,18955
0,-1.0,23,7,30,18956
13,1.0,6,6,25,18957
19,1.0,8,10,37,18958
31,1.0,9,1,41,18959
33,1.0,5,2,40,18960
9,-1.0,13,5,27,18961
29,-1.0,5,11,45,18962
45,-1.0,0,7,52,18963
7,1.0,1,39,47,18964
16,1.0,39,5,60,18965
37,-1.0,7,6,50,18966
6,-1.0,18,5,29,18967
43,-1.0,6,20,69,18968
24,-1.0,0,36,60,18969
16,1.0,29,5,50,18970
47,-1.0,0,1,48,18971
21,1.0,0,30,51,18972
9,-1.0,9,9,27,18973
13,-1.0,9,7,29,18974
25,-1.0,0,13,38,18975
41,-1.0,5,2,48,18976
10,-1.0,13,31,54,18977
27,1.0,17,7,51,18978
9,-1.0,2,20,31,18979
33,-1.0,2,17,52,18980
0,1.0,1,35,36,18981
8,1.0,20,8,36,18982
18,-1.0,2,15,35,18983
15,1.0,1,16,32,18984
15,1.0,6,14,35,18985
16,1.0,6,25,47,18986
118,-1.0,0,32,150,18987
5,1.0,23,15,43,18988
16,1.0,30,2,48,18989
8,1.0,7,9,24,18990
11,-1.0,28,5,44,18991
14,-1.0,0,22,36,18992
18,1.0,1,18,37,18993
21,-1.0,13,12,46,18994
30,-1.0,3,8,41,18995
78,-1.0,2,29,109,18996
23,1.0,14,0,37,18997
20,-1.0,3,11,34,18998
16,1.0,13,7,36,18999
54,1.0,6,7,67,19000
36,1.0,2,9,47,19001
60,1.0,1,1,62,19002
22,1.0,3,29,54,19003
25,-1.0,17,7,49,19004
41,-1.0,11,2,54,19005
16,-1.0,12,12,40,19006
27,1.0,39,4,70,19007
34,1.0,4,12,50,19008
26,1.0,15,0,41,19009
1,1.0,23,2,26,19010
29,-1.0,6,5,40,19011
20,-1.0,8,0,28,19012
9,1.0,14,17,40,19013
3,-1.0,11,13,27,19014
19,1.0,9,7,35,19015
69,-1.0,0,39,108,19016
57,-1.0,1,3,61,19017
21,-1.0,24,4,49,19018
36,1.0,0,8,44,19019
5,-1.0,5,15,25,19020
12,-1.0,6,3,21,19021
29,1.0,1,12,42,19022
32,1.0,0,19,51,19023
18,-1.0,3,24,45,19024
54,-1.0,2,13,69,19025
16,-1.0,0,34,50,19026
34,1.0,6,28,68,19027
1,-1.0,16,8,25,19028
8,-1.0,7,8,23,19029
18,1.0,15,10,43,19030
44,1.0,1,2,47,19031
33,1.0,0,5,38,19032
0,1.0,12,14,26,19033
34,-1.0,5,3,42,19034
26,1.0,12,8,46,19035
23,1.0,6,5,34,19036
29,-1.0,10,12,51,19037
21,-1.0,11,5,37,19038
9,1.0,19,13,41,19039
1,-1.0,8,20,29,19040
13,1.0,4,13,30,19041
46,1.0,11,2,59,19042
11,1.0,7,13,31,19043
50,-1.0,1,6,57,19044
17,-1.0,15,5,37,19045
8,1.0,9,17,34,19046
8,-1.0,8,8,24,19047
26,1.0,6,9,41,19048
0,0.0,12,3,15,19049
5,1.0,13,15,33,19050
26,1.0,24,3,53,19051
20,1.0,1,8,29,19052
14,1.0,8,9,31,19053
25,-1.0,21,36,82,19054
26,-1.0,10,12,48,19055
21,-1.0,0,23,44,19056
12,-1.0,0,23,35,19057
41,1.0,6,1,48,19058
1,1.0,19,0,20,19059
56,1.0,0,1,57,19060
74,1.0,4,0,78,19061
34,1.0,5,1,40,19062
23,-1.0,9,3,35,19063
2,-1.0,7,30,39,19064
6,-1.0,0,27,33,19065
8,1.0,12,11,31,19066
13,-1.0,10,14,37,19067
29,1.0,5,5,39,19068
14,-1.0,4,9,27,19069
9,-1.0,6,10,25,19070
23,-1.0,1,20,44,19071
0,-1.0,8,9,17,19072
6,1.0,10,10,26,19073
12,1.0,22,2,36,19074
54,1.0,7,0,61,19075
16,-1.0,9,2,27,19076
67,-1.0,2,15,84,19077
41,-1.0,8,7,56,19078
24,1.0,21,5,50,19079
28,-1.0,3,5,36,19080
6,1.0,12,8,26,19081
43,-1.0,3,2,48,19082
12,-1.0,5,24,41,19083
28,-1.0,3,14,45,19084
13,1.0,14,24,51,19085
34,1.0,6,7,47,19086
35,1.0,14,5,54,19087
54,-1.0,3,2,59,19088
34,1.0,0,16,50,19089
4,1.0,6,12,22,19090
0,1.0,10,6,16,19091
32,1.0,13,2,47,19092
15,-1.0,17,12,44,19093
31,-1.0,2,19,52,19094
0,-1.0,27,2,29,19095
37,1.0,11,20,68,19096
0,1.0,6,19,25,19097
32,1.0,2,10,44,19098
6,-1.0,15,6,27,19099
25,-1.0,2,11,38,19100
30,-1.0,3,2,35,19101
20,1.0,9,10,39,19102
1,1.0,19,9,29,19103
23,-1.0,3,16,42,19104
28,1.0,7,7,42,19105
11,-1.0,17,3,31,19106
53,1.0,13,1,67,19107
31,1.0,22,0,53,19108
24,-1.0,4,2,30,19109
31,1.0,6,0,37,19110
2,-1.0,15,2,19,19111
4,-1.0,10,26,40,19112
17,1.0,11,5,33,19113
35,1.0,8,0,43,19114
7,1.0,2,23,32,19115
26,-1.0,17,0,43,19116
3,1.0,3,20,26,19117
72,1.0,2,6,80,19118
0,0.0,4,19,23,19119
48,-1.0,10,18,76,19120
4,1.0,12,40,56,19121
12,-1.0,5,12,29,19122
8,-1.0,17,3,28,19123
0,1.0,14,4,18,19124
22,-1.0,3,19,44,19125
64,-1.0,1,7,72,19126
37,-1.0,17,6,60,19127
17,1.0,17,16,50,19128
20,1.0,25,1,46,19129
14,-1.0,0,24,38,19130
31,-1.0,8,8,47,19131
1,-1.0,26,2,29,19132
18,-1.0,18,32,68,19133
15,1.0,3,15,33,19134
13,1.0,14,3,30,19135
3,1.0,24,1,28,19136
43,-1.0,2,9,54,19137
10,1.0,10,6,26,19138
19,-1.0,0,52,71,19139
19,-1.0,10,15,44,19140
11,-1.0,4,21,36,19141
10,1.0,4,9,23,19142
5,1.0,2,16,23,19143
40,-1.0,14,10,64,19144
7,1.0,2,14,23,19145
8,-1.0,1,13,22,19146
0,1.0,0,9,9,19147
8,-1.0,18,1,27,19148
8,-1.0,6,28,42,19149
12,1.0,6,12,30,19150
0,1.0,3,31,34,19151
41,-1.0,2,20,63,19152
22,1.0,2,18,42,19153
22,1.0,2,17,41,19154
6,1.0,1,14,21,19155
5,1.0,13,6,24,19156
32,1.0,12,15,59,19157
18,-1.0,8,0,26,19158
1,1.0,1,29,31,19159
5,1.0,13,4,22,19160
50,-1.0,3,24,77,19161
6,-1.0,12,10,28,19162
15,1.0,11,32,58,19163
37,1.0,0,12,49,19164
36,1.0,0,7,43,19165
50,-1.0,3,0,53,19166
15,1.0,27,16,58,19167
68,1.0,1,0,69,19168
12,-1.0,24,1,37,19169
9,-1.0,1,22,32,19170
7,-1.0,10,4,21,19171
32,1.0,16,0,48,19172
33,-1.0,20,5,58,19173
0,0.0,2,7,9,19174
25,-1.0,4,5,34,19175
40,-1.0,6,25,71,19176
32,1.0,1,3,36,19177
14,1.0,20,4,38,19178
50,1.0,0,2,52,19179
48,1.0,2,0,50,19180
74,-1.0,19,29,122,19181
35,1.0,0,9,44,19182
1,-1.0,5,20,26,19183
2,-1.0,1,23,26,19184
3,1.0,9,23,35,19185
26,1.0,6,2,34,19186
2,1.0,24,0,26,19187
11,1.0,16,7,34,19188
30,1.0,6,2,38,19189
21,-1.0,0,19,40,19190
71,-1.0,0,18,89,19191
3,1.0,7,21,31,19192
34,-1.0,1,12,47,19193
25,1.0,12,1,38,19194
20,1.0,0,25,45,19195
38,-1.0,4,1,43,19196
17,1.0,6,5,28,19197
21,1.0,9,4,34,19198
10,1.0,18,13,41,19199
16,-1.0,4,12,32,19200
21,1.0,9,8,38,19201
38,1.0,7,20,65,19202
7,1.0,19,4,30,19203
8,1.0,17,0,25,19204
29,1.0,16,1,46,19205
11,-1.0,11,9,31,19206
13,-1.0,15,13,41,19207
30,-1.0,3,3,36,19208
31,1.0,10,6,47,19209
18,1.0,14,5,37,19210
122,-1.0,2,18,142,19211
12,1.0,17,5,34,19212
20,-1.0,8,2,30,19213
17,1.0,14,3,34,19214
25,1.0,13,10,48,19215
17,-1.0,11,4,32,19216
2,1.0,4,19,25,19217
13,1.0,16,4,33,19218
35,1.0,17,0,52,19219
18,1.0,4,10,32,19220
3,1.0,22,10,35,19221
8,1.0,4,22,34,19222
14,1.0,6,8,28,19223
2,1.0,10,8,20,19224
16,1.0,4,8,28,19225
29,-1.0,18,8,55,19226
12,1.0,7,17,36,19227
3,1.0,19,8,30,19228
38,1.0,8,4,50,19229
2,-1.0,5,16,23,19230
7,-1.0,10,7,24,19231
72,-1.0,8,4,84,19232
31,-1.0,3,18,52,19233
13,1.0,18,6,37,19234
1,-1.0,12,12,25,19235
12,-1.0,12,9,33,19236
36,1.0,5,2,43,19237
5,-1.0,1,24,30,19238
19,1.0,16,2,37,19239
6,-1.0,0,19,25,19240
45,1.0,8,5,58,19241
29,-1.0,3,18,50,19242
2,1.0,28,1,31,19243
3,-1.0,13,19,35,19244
0,1.0,8,8,16,19245
1,-1.0,26,7,34,19246
4,1.0,3,23,30,19247
24,1.0,1,11,36,19248
0,-1.0,13,0,13,19249
25,-1.0,5,5,35,19250
1,-1.0,20,3,24,19251
15,1.0,7,5,27,19252
9,-1.0,13,7,29,19253
5,1.0,12,14,31,19254
12,-1.0,7,11,30,19255
9,1.0,4,15,28,19256
35,-1.0,0,7,42,19257
3,1.0,6,25,34,19258
34,-1.0,14,3,51,19259
19,-1.0,4,12,35,19260
41,-1.0,1,14,56,19261
11,-1.0,29,14,54,19262
20,-1.0,2,8,30,19263
28,-1.0,0,18,46,19264
13,1.0,0,24,37,19265
2,1.0,8,17,27,19266
5,-1.0,8,10,23,19267
39,-1.0,1,23,63,19268
28,-1.0,2,12,42,19269
25,1.0,0,37,62,19270
9,-1.0,2,19,30,19271
1,-1.0,0,3,4,19272
68,1.0,13,0,81,19273
18,1.0,8,29,55,19274
25,-1.0,2,7,34,19275
8,-1.0,22,9,39,19276
0,0.0,1,4,5,19277
55,-1.0,4,1,60,19278
9,1.0,11,6,26,19279
0,-1.0,0,7,7,19280
39,-1.0,13,5,57,19281
14,1.0,9,7,30,19282
59,-1.0,20,21,100,19283
47,-1.0,0,14,61,19284
23,-1.0,0,34,57,19285
26,1.0,3,18,47,19286
0,0.0,7,9,16,19287
20,-1.0,10,4,34,19288
39,1.0,11,5,55,19289
24,-1.0,3,12,39,19290
102,1.0,14,0,116,19291
16,1.0,19,0,35,19292
0,1.0,15,5,20,19293
45,-1.0,0,10,55,19294
9,1.0,13,8,30,19295
1,1.0,9,19,29,19296
30,-1.0,4,9,43,19297
36,-1.0,12,3,51,19298
39,1.0,4,0,43,19299
11,-1.0,20,7,38,19300
10,-1.0,15,7,32,19301
22,1.0,16,8,46,19302
2,-1.0,19,10,31,19303
7,-1.0,35,12,54,19304
81,1.0,9,0,90,19305
19,1.0,11,20,50,19306
5,-1.0,16,10,31,19307
68,1.0,7,6,81,19308
21,-1.0,43,10,74,19309
25,-1.0,5,11,41,19310
14,-1.0,21,0,35,19311
27,1.0,5,7,39,19312
2,1.0,46,0,48,19313
25,1.0,6,12,43,19314
11,1.0,20,0,31,19315
16,-1.0,14,11,41,19316
62,1.0,30,0,92,19317
3,-1.0,13,9,25,19318
16,-1.0,15,8,39,19319
18,1.0,1,12,31,19320
7,1.0,15,8,30,19321
24,1.0,5,7,36,19322
32,1.0,0,12,44,19323
85,1.0,1,0,86,19324
2,-1.0,1,0,3,19325
39,-1.0,0,4,43,19326
19,-1.0,14,20,53,19327
44,1.0,4,14,62,19328
0,1.0,3,0,3,19329
51,-1.0,2,2,55,19330
2,-1.0,0,18,20,19331
12,-1.0,12,1,25,19332
55,1.0,0,1,56,19333
17,-1.0,8,13,38,19334
18,1.0,15,24,57,19335
19,1.0,12,9,40,19336
2,-1.0,24,2,28,19337
26,-1.0,13,58,97,19338
47,-1.0,0,9,56,19339
7,-1.0,16,16,39,19340
27,-1.0,9,25,61,19341
4,1.0,24,4,32,19342
7,1.0,12,7,26,19343
33,-1.0,5,2,40,19344
2,-1.0,7,13,22,19345
11,1.0,12,18,41,19346
5,1.0,0,45,50,19347
11,1.0,20,18,49,19348
7,1.0,11,9,27,19349
10,-1.0,8,11,29,19350
27,1.0,5,5,37,19351
35,-1.0,1,8,44,19352
24,1.0,7,5,36,19353
5,-1.0,27,13,45,19354
4,1.0,18,9,31,19355
22,-1.0,4,13,39,19356
62,-1.0,1,0,63,19357
35,-1.0,5,5,45,19358
19,-1.0,1,19,39,19359
40,1.0,2,5,47,19360
9,-1.0,20,48,77,19361
54,1.0,7,8,69,19362
7,-1.0,5,17,29,19363
48,1.0,13,0,61,19364
11,-1.0,20,5,36,19365
17,-1.0,16,1,34,19366
43,-1.0,25,2,70,19367
8,-1.0,4,19,31,19368
6,-1.0,17,6,29,19369
5,-1.0,17,2,24,19370
21,-1.0,19,19,59,19371
39,1.0,4,5,48,19372
30,1.0,26,1,57,19373
20,1.0,12,2,34,19374
24,1.0,0,7,31,19375
0,-1.0,6,15,21,19376
3,1.0,6,17,26,19377
78,-1.0,0,0,78,19378
28,1.0,1,22,51,19379
19,-1.0,12,1,32,19380
3,1.0,12,13,28,19381
12,-1.0,7,10,29,19382
24,-1.0,7,6,37,19383
4,-1.0,0,24,28,19384
9,1.0,1,18,28,19385
16,1.0,1,19,36,19386
47,1.0,0,4,51,19387
3,-1.0,15,20,38,19388
16,1.0,5,16,37,19389
17,-1.0,0,13,30,19390
39,1.0,0,1,40,19391
25,1.0,2,8,35,19392
63,1.0,4,0,67,19393
55,-1.0,3,0,58,19394
21,-1.0,0,12,33,19395
12,1.0,24,12,48,19396
3,1.0,15,7,25,19397
100,-1.0,0,25,125,19398
12,1.0,7,6,25,19399
18,-1.0,8,7,33,19400
3,-1.0,14,9,26,19401
52,1.0,7,0,59,19402
72,-1.0,21,0,93,19403
45,1.0,2,6,53,19404
8,1.0,21,7,36,19405
18,-1.0,9,7,34,19406
27,-1.0,0,25,52,19407
29,-1.0,7,4,40,19408
9,1.0,8,19,36,19409
6,-1.0,18,2,26,19410
11,-1.0,17,7,35,19411
43,1.0,5,0,48,19412
17,-1.0,11,1,29,19413
12,1.0,7,8,27,19414
8,-1.0,17,6,31,19415
7,-1.0,2,29,38,19416
37,1.0,0,6,43,19417
4,-1.0,23,3,30,19418
11,-1.0,8,18,37,19419
94,-1.0,0,28,122,19420
3,-1.0,6,26,35,19421
124,1.0,2,10,136,19422
16,1.0,46,19,81,19423
22,-1.0,6,9,37,19424
118,-1.0,0,22,140,19425
22,1.0,11,25,58,19426
32,1.0,8,11,51,19427
84,1.0,0,0,84,19428
73,-1.0,3,0,76,19429
45,1.0,1,25,71,19430
17,1.0,34,1,52,19431
21,1.0,24,17,62,19432
8,1.0,32,0,40,19433
15,1.0,15,8,38,19434
2,1.0,25,11,38,19435
11,-1.0,7,15,33,19436
12,-1.0,11,18,41,19437
21,1.0,16,5,42,19438
31,-1.0,6,2,39,19439
15,-1.0,16,4,35,19440
75,-1.0,1,15,91,19441
11,-1.0,13,8,32,19442
3,1.0,1,38,42,19443
41,1.0,11,10,62,19444
38,-1.0,14,1,53,19445
8,1.0,3,36,47,19446
18,1.0,19,6,43,19447
17,1.0,13,15,45,19448
7,1.0,12,4,23,19449
13,-1.0,4,9,26,19450
7,-1.0,7,10,24,19451
14,1.0,14,13,41,19452
25,1.0,9,4,38,19453
4,1.0,28,12,44,19454
37,-1.0,5,8,50,19455
7,-1.0,7,18,32,19456
23,1.0,18,11,52,19457
32,1.0,1,1,34,19458
0,0.0,4,25,29,19459
38,1.0,15,5,58,19460
29,-1.0,0,8,37,19461
65,1.0,3,4,72,19462
39,1.0,0,9,48,19463
22,1.0,0,17,39,19464
77,-1.0,4,3,84,19465
31,-1.0,10,5,46,19466
34,1.0,9,1,44,19467
29,1.0,61,0,90,19468
65,1.0,2,2,69,19469
14,1.0,10,9,33,19470
14,-1.0,6,19,39,19471
2,1.0,15,8,25,19472
20,1.0,7,5,32,19473
7,1.0,15,10,32,19474
19,1.0,3,9,31,19475
35,1.0,25,1,61,19476
7,-1.0,14,2,23,19477
34,-1.0,10,3,47,19478
3,1.0,14,4,21,19479
29,-1.0,20,69,118,19480
29,1.0,22,2,53,19481
43,1.0,3,4,50,19482
21,-1.0,9,11,41,19483
24,1.0,11,0,35,19484
9,1.0,7,15,31,19485
2,1.0,8,11,21,19486
6,-1.0,5,17,28,19487
3,-1.0,0,23,26,19488
19,1.0,9,8,36,19489
41,1.0,2,7,50,19490
26,-1.0,6,10,42,19491
32,1.0,9,1,42,19492
9,1.0,14,2,25,19493
28,1.0,35,0,63,19494
23,1.0,9,8,40,19495
20,1.0,8,12,40,19496
9,-1.0,13,2,24,19497
13,-1.0,9,5,27,19498
8,-1.0,10,7,25,19499
19,-1.0,7,8,34,19500
6,1.0,19,1,26,19501
60,1.0,21,4,85,19502
46,1.0,6,2,54,19503
11,1.0,12,5,28,19504
1,1.0,4,31,36,19505
5,1.0,19,6,30,19506
13,-1.0,13,3,29,19507
30,1.0,8,19,57,19508
34,-1.0,15,25,74,19509
25,1.0,7,8,40,19510
5,1.0,19,8,32,19511
21,1.0,21,2,44,19512
9,-1.0,8,9,26,19513
8,1.0,5,12,25,19514
70,-1.0,0,8,78,19515
31,-1.0,1,15,47,19516
9,-1.0,6,19,34,19517
14,1.0,14,2,30,19518
21,1.0,10,3,34,19519
10,-1.0,11,13,34,19520
22,-1.0,1,13,36,19521
66,1.0,12,8,86,19522
15,1.0,7,9,31,19523
67,-1.0,0,5,72,19524
69,1.0,2,6,77,19525
10,-1.0,17,4,31,19526
32,-1.0,4,4,40,19527
58,-1.0,0,44,102,19528
41,-1.0,0,59,100,19529
5,-1.0,19,11,35,19530
39,1.0,10,3,52,19531
19,1.0,40,2,61,19532
1,-1.0,41,4,46,19533
3,-1.0,16,9,28,19534
12,-1.0,5,10,27,19535
21,1.0,2,8,31,19536
53,1.0,13,23,89,19537
122,-1.0,4,17,143,19538
4,-1.0,13,17,34,19539
1,1.0,15,31,47,19540
74,1.0,20,4,98,19541
12,-1.0,1,31,44,19542
26,1.0,0,11,37,19543
3,1.0,21,0,24,19544
12,-1.0,3,25,40,19545
0,1.0,7,18,25,19546
0,1.0,11,13,24,19547
49,-1.0,17,24,90,19548
10,1.0,10,13,33,19549
9,1.0,42,1,52,19550
21,1.0,13,4,38,19551
77,-1.0,20,7,104,19552
14,1.0,16,21,51,19553
16,1.0,8,5,29,19554
25,1.0,9,8,42,19555
22,1.0,9,1,32,19556
1,1.0,23,4,28,19557
6,-1.0,18,1,25,19558
1,-1.0,19,2,22,19559
8,1.0,6,34,48,19560
12,1.0,17,19,48,19561
34,1.0,3,2,39,19562
119,-1.0,0,33,152,19563
2,-1.0,26,8,36,19564
3,1.0,4,32,39,19565
20,1.0,4,8,32,19566
32,1.0,11,2,45,19567
4,-1.0,11,7,22,19568
3,1.0,18,6,27,19569
39,-1.0,15,0,54,19570
57,-1.0,0,11,68,19571
0,1.0,0,29,29,19572
19,-1.0,4,10,33,19573
61,-1.0,0,25,86,19574
32,1.0,33,2,67,19575
28,1.0,26,2,56,19576
57,-1.0,0,20,77,19577
17,1.0,9,18,44,19578
55,1.0,6,3,64,19579
39,1.0,8,10,57,19580
0,-1.0,25,12,37,19581
8,-1.0,22,5,35,19582
5,1.0,9,15,29,19583
1,1.0,11,17,29,19584
15,1.0,11,18,44,19585
31,-1.0,0,8,39,19586
2,-1.0,6,16,24,19587
11,-1.0,13,3,27,19588
0,1.0,20,16,36,19589
0,-1.0,12,11,23,19590
33,-1.0,10,3,46,19591
4,-1.0,6,17,27,19592
35,1.0,12,2,49,19593
44,1.0,26,1,71,19594
1,-1.0,21,3,25,19595
48,-1.0,0,5,53,19596
26,-1.0,0,105,131,19597
3,1.0,27,13,43,19598
17,-1.0,3,12,32,19599
12,1.0,7,7,26,19600
36,-1.0,24,1,61,19601
14,-1.0,11,4,29,19602
0,1.0,10,10,20,19603
59,-1.0,5,0,64,19604
23,-1.0,18,10,51,19605
22,-1.0,8,12,42,19606
61,-1.0,1,10,72,19607
30,1.0,1,26,57,19608
7,-1.0,1,26,34,19609
64,-1.0,8,9,81,19610
28,1.0,6,8,42,19611
1,-1.0,6,16,23,19612
53,-1.0,0,22,75,19613
0,1.0,17,10,27,19614
4,1.0,12,14,30,19615
15,1.0,13,5,33,19616
24,-1.0,3,20,47,19617
25,1.0,3,8,36,19618
4,-1.0,2,17,23,19619
14,-1.0,5,18,37,19620
57,-1.0,0,2,59,19621
10,1.0,10,18,38,19622
7,-1.0,16,8,31,19623
23,-1.0,11,13,47,19624
9,-1.0,3,25,37,19625
20,1.0,1,17,38,19626
3,-1.0,15,42,60,19627
34,-1.0,7,10,51,19628
49,-1.0,0,85,134,19629
27,-1.0,17,16,60,19630
6,1.0,9,39,54,19631
41,-1.0,20,1,62,19632
51,-1.0,3,7,61,19633
9,1.0,36,21,66,19634
5,1.0,7,24,36,19635
4,-1.0,0,39,43,19636
50,1.0,1,25,76,19637
8,-1.0,24,4,36,19638
23,1.0,7,17,47,19639
2,-1.0,16,22,40,19640
16,1.0,23,11,50,19641
10,-1.0,28,7,45,19642
18,1.0,15,5,38,19643
7,-1.0,11,18,36,19644
11,-1.0,18,0,29,19645
11,1.0,16,4,31,19646
14,-1.0,13,4,31,19647
13,1.0,14,0,27,19648
36,-1.0,0,24,60,19649
32,-1.0,9,9,50,19650
15,-1.0,1,35,51,19651
15,1.0,4,23,42,19652
58,1.0,2,3,63,19653
3,1.0,8,23,34,19654
10,-1.0,2,22,34,19655
4,1.0,16,34,54,19656
3,1.0,15,28,46,19657
12,1.0,4,14,30,19658
44,-1.0,1,21,66,19659
25,-1.0,3,21,49,19660
9,-1.0,15,22,46,19661
16,1.0,8,9,33,19662
25,1.0,16,15,56,19663
53,-1.0,13,0,66,19664
11,-1.0,15,11,37,19665
3,1.0,5,43,51,19666
43,-1.0,0,14,57,19667
35,1.0,5,11,51,19668
51,1.0,9,1,61,19669
29,-1.0,4,15,48,19670
22,1.0,15,5,42,19671
53,-1.0,117,0,170,19672
8,1.0,52,63,123,19673
63,-1.0,15,51,129,19674
18,1.0,9,22,49,19675
16,1.0,6,19,41,19676
45,1.0,1,3,49,19677
15,1.0,26,1,42,19678
49,-1.0,2,4,55,19679
17,-1.0,18,16,51,19680
36,-1.0,2,7,45,19681
32,-1.0,6,9,47,19682
28,1.0,11,3,42,19683
23,-1.0,2,18,43,19684
10,-1.0,12,12,34,19685
31,1.0,3,8,42,19686
11,1.0,5,7,23,19687
15,1.0,6,16,37,19688
18,-1.0,13,2,33,19689
10,-1.0,4,16,30,19690
14,-1.0,11,7,32,19691
4,1.0,7,10,21,19692
32,1.0,17,1,50,19693
16,1.0,30,1,47,19694
6,1.0,18,6,30,19695
24,-1.0,11,4,39,19696
54,1.0,1,1,56,19697
32,-1.0,4,3,39,19698
49,-1.0,12,0,61,19699
19,-1.0,33,1,53,19700
2,1.0,28,41,71,19701
47,-1.0,16,5,68,19702
83,-1.0,18,0,101,19703
12,1.0,0,58,70,19704
22,-1.0,21,7,50,19705
53,-1.0,0,27,80,19706
244,-1.0,0,0,244,19707
95,-1.0,38,0,133,19708
149,-1.0,13,24,186,19709
197,1.0,0,33,230,19710
20,-1.0,43,2,65,19711
171,1.0,16,0,187,19712
12,1.0,42,0,54,19713
10,-1.0,22,32,64,19714
62,-1.0,25,0,87,19715
20,1.0,32,15,67,19716
78,1.0,12,0,90,19717
55,-1.0,1,10,66,19718
25,-1.0,22,3,50,19719
9,1.0,25,10,44,19720
18,-1.0,31,2,51,19721
43,-1.0,16,47,106,19722
48,-1.0,1,30,79,19723
21,1.0,24,1,46,19724
35,-1.0,24,3,62,19725
65,-1.0,2,29,96,19726
16,1.0,28,12,56,19727
58,-1.0,0,6,64,19728
16,1.0,16,32,64,19729
82,1.0,1,7,90,19730
19,1.0,33,18,70,19731
53,-1.0,12,7,72,19732
17,-1.0,7,18,42,19733
32,1.0,17,5,54,19734
15,-1.0,6,12,33,19735
32,-1.0,11,18,61,19736
14,1.0,11,12,37,19737
77,-1.0,2,3,82,19738
21,-1.0,24,0,45,19739
14,1.0,1,42,57,19740
14,1.0,29,2,45,19741
0,-1.0,14,14,28,19742
8,1.0,19,1,28,19743
39,1.0,3,0,42,19744
49,1.0,18,0,67,19745
4,1.0,17,17,38,19746
21,-1.0,10,45,76,19747
58,1.0,14,13,85,19748
5,-1.0,14,25,44,19749
2,1.0,18,13,33,19750
92,-1.0,3,0,95,19751
54,-1.0,13,16,83,19752
24,1.0,30,2,56,19753
60,1.0,11,8,79,19754
11,-1.0,9,16,36,19755
9,-1.0,1,21,31,19756
80,1.0,0,2,82,19757
54,1.0,9,11,74,19758
17,-1.0,13,21,51,19759
37,1.0,0,11,48,19760
24,1.0,12,20,56,19761
39,-1.0,7,12,58,19762
4,-1.0,1,71,76,19763
22,-1.0,0,19,41,19764
53,1.0,9,0,62,19765
10,-1.0,33,12,55,19766
65,1.0,0,6,71,19767
32,1.0,32,4,68,19768
32,-1.0,21,1,54,19769
2,-1.0,22,24,48,19770
83,-1.0,0,15,98,19771
48,1.0,0,9,57,19772
62,1.0,0,7,69,19773
8,-1.0,9,13,30,19774
18,1.0,0,33,51,19775
122,-1.0,6,0,128,19776
47,-1.0,1,11,59,19777
66,1.0,1,1,68,19778
71,-1.0,8,12,91,19779
28,1.0,19,14,61,19780
48,1.0,2,7,57,19781
5,1.0,9,26,40,19782
10,1.0,11,24,45,19783
6,1.0,14,16,36,19784
25,1.0,8,16,49,19785
14,1.0,1,15,30,19786
28,-1.0,9,7,44,19787
13,-1.0,5,16,34,19788
48,-1.0,8,2,58,19789
0,1.0,28,6,34,19790
52,1.0,2,1,55,19791
8,-1.0,26,1,35,19792
87,-1.0,1,5,93,19793
32,-1.0,3,54,89,19794
11,1.0,6,25,42,19795
76,-1.0,2,23,101,19796
15,-1.0,5,10,30,19797
36,1.0,7,8,51,19798
75,-1.0,25,0,100,19799
39,-1.0,0,5,44,19800
18,-1.0,22,4,44,19801
59,-1.0,2,32,93,19802
70,1.0,26,27,123,19803
61,-1.0,0,17,78,19804
29,1.0,4,13,46,19805
40,1.0,4,19,63,19806
15,1.0,32,4,51,19807
1,1.0,21,14,36,19808
14,-1.0,12,22,48,19809
44,-1.0,11,4,59,19810
99,1.0,9,7,115,19811
75,1.0,4,0,79,19812
34,1.0,60,1,95,19813
25,1.0,44,1,70,19814
12,-1.0,35,0,47,19815
26,1.0,63,0,89,19816
55,-1.0,20,0,75,19817
10,-1.0,9,24,43,19818
51,1.0,2,35,88,19819
13,-1.0,15,10,38,19820
31,-1.0,1,5,37,19821
8,1.0,16,7,31,19822
51,-1.0,5,20,76,19823
12,1.0,6,29,47,19824
22,1.0,12,13,47,19825
3,-1.0,3,25,31,19826
34,1.0,7,1,42,19827
13,-1.0,3,19,35,19828
52,1.0,4,13,69,19829
82,1.0,0,6,88,19830
25,-1.0,17,3,45,19831
13,-1.0,21,11,45,19832
17,-1.0,0,28,45,19833
43,1.0,1,2,46,19834
8,1.0,27,0,35,19835
28,1.0,1,17,46,19836
7,-1.0,2,38,47,19837
17,1.0,0,13,30,19838
7,1.0,26,1,34,19839
0,-1.0,8,12,20,19840
79,-1.0,2,0,81,19841
35,-1.0,17,13,65,19842
41,1.0,1,30,72,19843
16,-1.0,23,18,57,19844
9,-1.0,23,5,37,19845
13,1.0,15,23,51,19846
21,1.0,23,8,52,19847
22,1.0,4,9,35,19848
62,-1.0,0,7,69,19849
64,1.0,3,12,79,19850
33,1.0,12,20,65,19851
37,-1.0,3,2,42,19852
12,1.0,0,38,50,19853
35,-1.0,7,14,56,19854
43,-1.0,0,4,47,19855
22,-1.0,29,152,203,19856
42,1.0,35,42,119,19857
110,1.0,39,4,153,19858
55,1.0,3,13,71,19859
12,1.0,1,37,50,19860
35,-1.0,1,21,57,19861
3,1.0,32,6,41,19862
7,-1.0,13,18,38,19863
45,1.0,37,8,90,19864
0,-1.0,42,5,47,19865
58,-1.0,0,2,60,19866
7,1.0,9,38,54,19867
5,-1.0,24,15,44,19868
65,-1.0,7,0,72,19869
15,1.0,3,11,29,19870
1,-1.0,22,15,38,19871
20,-1.0,4,21,45,19872
48,1.0,8,1,57,19873
36,-1.0,8,10,54,19874
5,1.0,4,22,31,19875
4,-1.0,5,20,29,19876
32,1.0,18,3,53,19877
11,1.0,13,6,30,19878
68,1.0,18,0,86,19879
35,1.0,25,4,64,19880
11,1.0,34,0,45,19881
13,-1.0,18,5,36,19882
19,-1.0,13,1,33,19883
9,1.0,11,33,53,19884
12,1.0,6,14,32,19885
14,-1.0,3,22,39,19886
21,1.0,13,13,47,19887
91,1.0,22,4,117,19888
77,-1.0,10,10,97,19889
38,-1.0,5,10,53,19890
14,-1.0,20,18,52,19891
18,1.0,7,18,43,19892
10,1.0,47,0,57,19893
33,1.0,11,4,48,19894
6,-1.0,45,14,65,19895
19,1.0,14,0,33,19896
41,1.0,6,11,58,19897
69,-1.0,1,3,73,19898
151,-1.0,0,35,186,19899
5,-1.0,16,12,33,19900
10,-1.0,36,12,58,19901
88,-1.0,0,9,97,19902
4,1.0,15,7,26,19903
100,-1.0,0,8,108,19904
47,1.0,16,3,66,19905
20,-1.0,3,17,40,19906
27,-1.0,6,19,52,19907
17,1.0,12,11,40,19908
18,1.0,22,5,45,19909
33,1.0,4,8,45,19910
33,-1.0,4,8,45,19911
8,-1.0,8,14,30,19912
5,-1.0,22,8,35,19913
16,-1.0,9,13,38,19914
60,-1.0,0,1,61,19915
7,1.0,1,54,62,19916
12,-1.0,8,11,31,19917
4,1.0,2,21,27,19918
8,1.0,9,10,27,19919
17,1.0,1,23,41,19920
5,1.0,1,23,29,19921
27,-1.0,6,6,39,19922
8,1.0,27,3,38,19923
8,-1.0,27,2,37,19924
58,-1.0,16,2,76,19925
5,-1.0,12,11,28,19926
106,-1.0,0,0,106,19927
30,-1.0,41,8,79,19928
34,-1.0,1,181,216,19929
49,-1.0,44,6,99,19930
129,-1.0,14,43,186,19931
28,-1.0,30,55,113,19932
23,-1.0,50,10,83,19933
49,1.0,17,5,71,19934
124,-1.0,29,32,185,19935
55,1.0,6,24,85,19936
26,1.0,12,34,72,19937
6,-1.0,14,23,43,19938
62,1.0,1,19,82,19939
26,1.0,49,5,80,19940
2,1.0,43,0,45,19941
38,1.0,0,47,85,19942
14,-1.0,43,24,81,19943
51,1.0,0,6,57,19944
26,1.0,25,22,73,19945
51,-1.0,19,21,91,19946
44,1.0,64,1,109,19947
39,1.0,3,6,48,19948
15,-1.0,30,12,57,19949
7,1.0,25,16,48,19950
9,-1.0,14,39,62,19951
1,-1.0,59,16,76,19952
107,-1.0,0,23,130,19953
52,1.0,20,19,91,19954
81,-1.0,2,1,84,19955
18,-1.0,5,39,62,19956
54,1.0,24,7,85,19957
303,1.0,0,0,303,19958
92,1.0,10,22,124,19959
47,1.0,16,60,123,19960
96,-1.0,6,9,111,19961
9,1.0,54,0,63,19962
69,-1.0,2,4,75,19963
4,1.0,40,70,114,19964
10,-1.0,0,43,53,19965
59,-1.0,1,5,65,19966
30,1.0,14,23,67,19967
64,-1.0,45,0,109,19968
4,1.0,20,38,62,19969
51,-1.0,19,8,78,19970
5,1.0,26,35,66,19971
39,1.0,25,11,75,19972
28,-1.0,0,35,63,19973
58,-1.0,0,7,65,19974
4,-1.0,20,15,39,19975
54,1.0,1,24,79,19976
6,1.0,15,17,38,19977
48,1.0,17,0,65,19978
26,1.0,9,23,58,19979
2,-1.0,19,25,46,19980
67,-1.0,5,10,82,19981
7,1.0,11,24,42,19982
22,-1.0,16,2,40,19983
44,1.0,37,0,81,19984
9,1.0,22,7,38,19985
65,1.0,18,2,85,19986
22,1.0,11,1,34,19987
53,-1.0,8,14,75,19988
37,1.0,6,8,51,19989
55,-1.0,5,15,75,19990
9,1.0,21,14,44,19991
4,-1.0,37,10,51,19992
35,1.0,54,0,89,19993
36,-1.0,3,11,50,19994
47,1.0,5,3,55,19995
20,-1.0,9,5,34,19996
60,-1.0,11,1,72,19997
117,1.0,0,2,119,19998
19,-1.0,36,0,55,19999
22,-1.0,20,0,42,20000
2,-1.0,31,9,42,20001
17,-1.0,2,32,51,20002
16,-1.0,22,1,39,20003
36,1.0,22,0,58,20004
21,-1.0,22,6,49,20005
52,-1.0,8,7,67,20006
57,-1.0,22,18,97,20007
18,-1.0,0,35,53,20008
19,1.0,12,49,80,20009
50,-1.0,2,16,68,20010
58,1.0,5,39,102,20011
19,1.0,22,26,67,20012
35,1.0,18,15,68,20013
25,-1.0,11,14,50,20014
14,-1.0,8,34,56,20015
17,1.0,14,14,45,20016
8,-1.0,29,2,39,20017
20,1.0,9,40,69,20018
38,-1.0,0,35,73,20019
19,-1.0,10,17,46,20020
16,-1.0,25,8,49,20021
37,-1.0,0,186,223,20022
140,-1.0,0,12,152,20023
6,1.0,69,22,97,20024
64,1.0,13,3,80,20025
20,-1.0,24,12,56,20026
57,-1.0,0,17,74,20027
12,1.0,33,7,52,20028
66,-1.0,4,6,76,20029
75,-1.0,0,9,84,20030
64,1.0,20,33,117,20031
48,-1.0,0,6,54,20032
22,1.0,6,16,44,20033
6,-1.0,32,6,44,20034
37,-1.0,20,17,74,20035
37,-1.0,4,17,58,20036
55,-1.0,9,39,103,20037
120,-1.0,0,18,138,20038
101,-1.0,15,50,166,20039
172,-1.0,3,0,175,20040
61,1.0,5,55,121,20041
86,1.0,14,18,118,20042
2,-1.0,52,44,98,20043
10,1.0,12,65,87,20044
15,1.0,4,41,60,20045
24,1.0,78,1,103,20046
119,-1.0,4,10,133,20047
16,-1.0,62,1,79,20048
44,1.0,16,3,63,20049
32,-1.0,35,15,82,20050
14,1.0,17,8,39,20051
48,1.0,34,10,92,20052
32,-1.0,9,21,62,20053
16,1.0,4,16,36,20054
154,1.0,5,0,159,20055
23,1.0,114,20,157,20056
54,1.0,5,12,71,20057
54,-1.0,16,32,102,20058
49,-1.0,7,34,90,20059
55,1.0,10,31,96,20060
23,1.0,19,33,75,20061
13,-1.0,32,18,63,20062
62,-1.0,4,4,70,20063
14,-1.0,49,5,68,20064
15,1.0,48,15,78,20065
18,1.0,9,13,40,20066
21,-1.0,25,3,49,20067
17,-1.0,24,32,73,20068
45,1.0,7,18,70,20069
63,1.0,26,15,104,20070
47,1.0,8,17,72,20071
1,-1.0,34,26,61,20072
95,-1.0,0,5,100,20073
10,-1.0,37,10,57,20074
88,-1.0,0,33,121,20075
36,-1.0,51,0,87,20076
34,1.0,10,4,48,20077
122,-1.0,1,21,144,20078
19,1.0,22,29,70,20079
215,-1.0,6,57,278,20080
162,-1.0,64,8,234,20081
104,1.0,9,49,162,20082
9,-1.0,29,65,103,20083
40,1.0,10,17,67,20084
111,-1.0,4,3,118,20085
45,1.0,13,41,99,20086
89,1.0,3,11,103,20087
72,-1.0,8,17,97,20088
57,1.0,9,11,77,20089
109,1.0,0,3,112,20090
11,-1.0,33,25,69,20091
160,-1.0,0,97,257,20092
159,-1.0,0,65,224,20093
48,-1.0,92,16,156,20094
222,-1.0,14,0,236,20095
146,1.0,29,0,175,20096
113,1.0,10,97,220,20097
48,1.0,56,64,168,20098
13,1.0,109,18,140,20099
162,1.0,57,3,222,20100
144,-1.0,10,53,207,20101
131,1.0,0,10,141,20102
21,-1.0,40,54,115,20103
24,-1.0,26,18,68,20104
64,1.0,21,30,115,20105
77,-1.0,45,3,125,20106
51,1.0,15,5,71,20107
90,-1.0,4,23,117,20108
38,1.0,33,16,87,20109
88,1.0,0,2,90,20110
120,1.0,14,15,149,20111
33,-1.0,51,60,144,20112
80,-1.0,1,2,83,20113
4,1.0,60,7,71,20114
17,-1.0,2,73,92,20115
43,-1.0,82,21,146,20116
23,-1.0,26,14,63,20117
23,-1.0,0,62,85,20118
48,-1.0,22,38,108,20119
49,-1.0,23,11,83,20120
4,1.0,21,22,47,20121
46,-1.0,0,29,75,20122
46,1.0,60,2,108,20123
23,-1.0,43,5,71,20124
39,-1.0,29,58,126,20125
3,1.0,21,34,58,20126
9,-1.0,38,14,61,20127
37,1.0,8,19,64,20128
104,-1.0,10,7,121,20129
18,-1.0,29,22,69,20130
71,-1.0,26,0,97,20131
231,1.0,30,5,266,20132
46,-1.0,15,38,99,20133
25,1.0,39,49,113,20134
82,-1.0,25,33,140,20135
34,1.0,22,40,96,20136
23,1.0,0,38,61,20137
81,-1.0,1,0,82,20138
40,1.0,43,8,91,20139
43,1.0,0,61,104,20140
33,-1.0,0,24,57,20141
49,1.0,18,8,75,20142
31,-1.0,27,4,62,20143
56,-1.0,27,12,95,20144
33,-1.0,18,16,67,20145
79,-1.0,13,8,100,20146
38,1.0,18,4,60,20147
98,-1.0,56,4,158,20148
19,-1.0,33,24,76,20149
90,-1.0,0,29,119,20150
145,-1.0,27,5,177,20151
6,-1.0,69,28,103,20152
101,-1.0,16,36,153,20153
238,1.0,15,0,253,20154
145,-1.0,3,19,167,20155
56,1.0,92,1,149,20156
15,1.0,29,31,75,20157
54,1.0,13,70,137,20158
10,-1.0,7,51,68,20159
269,-1.0,0,0,269,20160
79,1.0,24,60,163,20161
2,-1.0,16,50,68,20162
118,-1.0,7,10,135,20163
45,1.0,2,24,71,20164
35,1.0,6,26,67,20165
22,-1.0,6,16,44,20166
561,-1.0,17,29,607,20167
118,-1.0,123,108,349,20168
121,1.0,18,89,228,20169
234,1.0,192,2,428,20170
229,1.0,11,6,246,20171
2,1.0,97,117,216,20172
19,-1.0,73,44,136,20173
253,1.0,0,4,257,20174
39,-1.0,22,91,152,20175
105,-1.0,78,38,221,20176
28,1.0,35,75,138,20177
51,1.0,55,2,108,20178
11,-1.0,34,43,88,20179
26,1.0,7,64,97,20180
128,1.0,6,3,137,20181
66,-1.0,36,30,132,20182
21,1.0,11,59,91,20183
29,-1.0,34,30,93,20184
40,1.0,12,73,125,20185
9,1.0,1,46,56,20186
122,-1.0,33,1,156,20187
94,-1.0,3,35,132,20188
75,-1.0,52,36,163,20189
5,1.0,60,54,119,20190
73,-1.0,56,9,138,20191
37,1.0,24,2,63,20192
63,-1.0,0,12,75,20193
8,1.0,16,131,155,20194
27,-1.0,3,64,94,20195
58,1.0,25,14,97,20196
125,1.0,7,0,132,20197
48,-1.0,4,14,66,20198
66,1.0,0,38,104,20199
54,-1.0,28,4,86,20200
7,1.0,43,0,50,20201
25,-1.0,9,12,46,20202
48,1.0,9,2,59,20203
51,-1.0,20,3,74,20204
29,1.0,19,0,48,20205
64,1.0,13,0,77,20206
28,-1.0,10,9,47,20207
69,-1.0,2,19,90,20208
6,1.0,25,18,49,20209
41,-1.0,9,14,64,20210
36,1.0,47,5,88,20211
70,1.0,0,22,92,20212
83,1.0,36,4,123,20213
40,-1.0,55,5,100,20214
8,1.0,11,29,48,20215
6,-1.0,34,8,48,20216
74,-1.0,4,74,152,20217
72,-1.0,9,2,83,20218
110,-1.0,16,20,146,20219
3,1.0,51,42,96,20220
19,1.0,14,30,63,20221
32,-1.0,14,12,58,20222
92,-1.0,2,9,103,20223
59,1.0,26,62,147,20224
45,-1.0,24,19,88,20225
109,-1.0,1,11,121,20226
56,1.0,21,58,135,20227
103,1.0,16,96,215,20228
125,-1.0,38,6,169,20229
5,-1.0,53,14,72,20230
25,-1.0,16,37,78,20231
71,-1.0,8,16,95,20232
179,-1.0,0,0,179,20233
67,-1.0,0,162,229,20234
267,-1.0,0,16,283,20235
59,-1.0,30,37,126,20236
89,1.0,6,28,123,20237
64,-1.0,15,7,86,20238
67,1.0,20,9,96,20239
132,-1.0,108,23,263,20240
112,-1.0,17,40,169,20241
22,-1.0,139,0,161,20242
86,-1.0,35,28,149,20243
14,-1.0,99,29,142,20244
13,1.0,99,16,128,20245
102,-1.0,0,13,115,20246
19,-1.0,44,55,118,20247
192,-1.0,19,0,211,20248
70,1.0,34,39,143,20249
73,-1.0,68,5,146,20250
20,-1.0,59,5,84,20251
30,1.0,16,60,106,20252
207,1.0,14,0,221,20253
22,-1.0,66,33,121,20254
77,-1.0,13,15,105,20255
115,1.0,8,4,127,20256
119,-1.0,55,8,182,20257
36,-1.0,17,74,127,20258
55,-1.0,17,4,76,20259
10,-1.0,21,81,112,20260
70,-1.0,0,17,87,20261
59,-1.0,31,0,90,20262
3,-1.0,33,35,71,20263
77,1.0,17,9,103,20264
54,-1.0,61,9,124,20265
86,-1.0,25,19,130,20266
64,-1.0,0,37,101,20267
96,-1.0,3,3,102,20268
7,-1.0,46,29,82,20269
9,-1.0,76,24,109,20270
18,1.0,13,67,98,20271
36,-1.0,52,12,100,20272
87,-1.0,17,8,112,20273
98,-1.0,0,44,142,20274
184,1.0,29,4,217,20275
128,-1.0,20,16,164,20276
26,1.0,68,0,94,20277
129,-1.0,8,6,143,20278
16,-1.0,36,51,103,20279
40,1.0,43,9,92,20280
8,1.0,51,27,86,20281
87,-1.0,0,37,124,20282
101,-1.0,1,11,113,20283
48,-1.0,0,43,91,20284
214,1.0,17,2,233,20285
63,-1.0,9,21,93,20286
92,-1.0,69,6,167,20287
13,-1.0,85,8,106,20288
112,1.0,8,2,122,20289
15,1.0,8,96,119,20290
3,-1.0,8,52,63,20291
63,1.0,81,0,144,20292
72,-1.0,7,41,120,20293
35,1.0,32,11,78,20294
171,-1.0,9,3,183,20295
3,1.0,62,64,129,20296
13,1.0,34,39,86,20297
116,-1.0,0,31,147,20298
125,1.0,15,4,144,20299
100,1.0,35,39,174,20300
103,-1.0,27,5,135,20301
8,-1.0,62,12,82,20302
6,-1.0,42,39,87,20303
53,1.0,0,44,97,20304
16,-1.0,24,34,74,20305
143,-1.0,2,3,148,20306
70,-1.0,34,0,104,20307
193,-1.0,3,51,247,20308
72,-1.0,46,29,147,20309
92,1.0,30,21,143,20310
55,1.0,15,59,129,20311
177,1.0,0,7,184,20312
16,1.0,21,42,79,20313
284,-1.0,35,79,398,20314
269,-1.0,0,34,303,20315
234,1.0,24,101,359,20316
14,-1.0,21,90,125,20317
67,1.0,6,119,192,20318
19,1.0,4,75,98,20319
57,-1.0,89,32,178,20320
52,-1.0,10,51,113,20321
29,1.0,84,0,113,20322
50,1.0,13,0,63,20323
82,1.0,37,30,149,20324
105,1.0,166,0,271,20325
113,-1.0,82,5,200,20326
19,-1.0,63,16,98,20327
15,-1.0,39,23,77,20328
78,1.0,70,27,175,20329
6,-1.0,0,64,70,20330
60,-1.0,10,4,74,20331
74,1.0,45,2,121,20332
18,1.0,14,52,84,20333
105,1.0,10,13,128,20334
200,1.0,5,0,205,20335
95,1.0,276,0,371,20336
649,1.0,0,1,650,20337
403,-1.0,69,66,538,20338
9,-1.0,51,170,230,20339
31,-1.0,30,57,118,20340
265,1.0,0,77,342,20341
19,-1.0,90,41,150,20342
96,-1.0,13,41,150,20343
117,-1.0,79,15,211,20344
75,1.0,77,0,152,20345
173,-1.0,0,95,268,20346
200,-1.0,5,24,229,20347
100,1.0,49,28,177,20348
8,-1.0,86,29,123,20349
25,1.0,101,6,132,20350
133,1.0,41,17,191,20351
50,1.0,62,16,128,20352
64,-1.0,27,29,120,20353
86,-1.0,28,82,196,20354
8,1.0,85,18,111,20355
22,1.0,95,3,120,20356
193,1.0,0,1,194,20357
5,-1.0,46,66,117,20358
100,1.0,56,1,157,20359
231,1.0,22,17,270,20360
240,-1.0,0,0,240,20361
193,-1.0,3,28,224,20362
87,1.0,105,0,192,20363
45,1.0,24,44,113,20364
71,1.0,69,65,205,20365
79,-1.0,0,84,163,20366
78,-1.0,52,13,143,20367
156,1.0,12,0,168,20368
249,1.0,28,8,285,20369
229,1.0,77,0,306,20370
92,1.0,9,99,200,20371
107,-1.0,102,2,211,20372
229,1.0,70,0,299,20373
123,-1.0,6,89,218,20374
29,-1.0,78,13,120,20375
186,-1.0,27,65,278,20376
253,-1.0,2,35,290,20377
53,1.0,49,40,142,20378
4,1.0,11,134,149,20379
30,1.0,155,46,231,20380
1,-1.0,128,17,146,20381
188,-1.0,63,0,251,20382
66,1.0,23,103,192,20383
72,-1.0,0,92,164,20384
132,-1.0,12,12,156,20385
118,-1.0,2,21,141,20386
125,1.0,1,9,135,20387
18,1.0,13,82,113,20388
259,1.0,77,160,496,20389
198,1.0,59,0,257,20390
407,-1.0,0,0,407,20391
236,-1.0,77,9,322,20392
159,1.0,11,66,236,20393
29,-1.0,125,66,220,20394
15,1.0,102,104,221,20395
37,1.0,51,32,120,20396
222,1.0,8,0,230,20397
48,1.0,8,138,194,20398
57,1.0,107,0,164,20399
2,1.0,81,80,163,20400
42,-1.0,30,46,118,20401
78,-1.0,69,11,158,20402
112,1.0,33,0,145,20403
83,1.0,62,1,146,20404
89,-1.0,7,93,189,20405
125,-1.0,2,0,127,20406
59,1.0,16,21,96,20407
33,1.0,36,42,111,20408
8,1.0,62,12,82,20409
3,1.0,31,18,52,20410
79,1.0,25,31,135,20411
78,-1.0,0,11,89,20412
77,1.0,74,1,152,20413
3,1.0,68,36,107,20414
154,1.0,0,17,171,20415
33,1.0,14,89,136,20416
35,1.0,74,6,115,20417
111,1.0,17,39,167,20418
18,-1.0,62,15,95,20419
76,-1.0,14,32,122,20420
104,1.0,15,2,121,20421
110,1.0,51,0,161,20422
97,1.0,13,27,137,20423
122,1.0,11,12,145,20424
189,1.0,31,1,221,20425
11,1.0,10,105,126,20426
112,1.0,0,111,223,20427
148,-1.0,45,27,220,20428
102,-1.0,16,54,172,20429
88,1.0,17,15,120,20430
82,1.0,39,1,122,20431
110,1.0,9,59,178,20432
45,1.0,51,42,138,20433
75,-1.0,16,36,127,20434
4,-1.0,80,72,156,20435
56,1.0,4,8,68,20436
28,-1.0,74,20,122,20437
75,1.0,10,23,108,20438
243,1.0,7,13,263,20439
89,-1.0,22,0,111,20440
141,1.0,59,7,207,20441
127,-1.0,28,81,236,20442
400,-1.0,0,55,455,20443
117,-1.0,116,68,301,20444
137,-1.0,0,12,149,20445
260,-1.0,57,0,317,20446
108,1.0,128,20,256,20447
173,-1.0,60,1,234,20448
208,1.0,66,8,282,20449
303,1.0,0,9,312,20450
156,-1.0,26,89,271,20451
34,-1.0,86,0,120,20452
121,1.0,7,93,221,20453
270,1.0,23,2,295,20454
160,-1.0,74,0,234,20455
22,1.0,56,42,120,20456
164,1.0,2,0,166,20457
71,-1.0,0,48,119,20458
41,1.0,11,48,100,20459
158,1.0,0,18,176,20460
139,-1.0,0,0,139,20461
0,1.0,37,82,119,20462
449,1.0,164,0,613,20463
377,-1.0,26,26,429,20464
194,-1.0,233,18,445,20465
388,-1.0,10,0,398,20466
83,1.0,90,134,307,20467
151,-1.0,145,6,302,20468
7,-1.0,103,9,119,20469
93,-1.0,2,170,265,20470
105,1.0,101,23,229,20471
257,-1.0,8,15,280,20472
96,1.0,17,82,195,20473
49,-1.0,7,66,122,20474
171,-1.0,3,0,174,20475
29,-1.0,43,62,134,20476
103,1.0,0,102,205,20477
149,1.0,0,102,251,20478
213,1.0,14,107,334,20479
140,-1.0,30,64,234,20480
175,1.0,27,12,214,20481
169,1.0,10,14,193,20482
206,-1.0,5,79,290,20483
14,-1.0,106,67,187,20484
13,-1.0,69,32,114,20485
83,1.0,63,5,151,20486
167,1.0,55,3,225,20487
37,1.0,29,81,147,20488
68,-1.0,13,44,125,20489
44,1.0,32,30,106,20490
134,1.0,0,14,148,20491
21,-1.0,40,64,125,20492
82,1.0,43,5,130,20493
135,-1.0,26,0,161,20494
101,-1.0,23,44,168,20495
35,-1.0,37,77,149,20496
162,1.0,11,6,179,20497
67,-1.0,4,75,146,20498
63,-1.0,99,8,170,20499
159,1.0,0,47,206,20500
34,1.0,3,68,105,20501
70,-1.0,45,15,130,20502
191,1.0,3,0,194,20503
73,1.0,35,13,121,20504
87,-1.0,9,35,131,20505
33,1.0,78,0,111,20506
27,1.0,38,16,81,20507
27,-1.0,44,16,87,20508
60,1.0,82,0,142,20509
19,1.0,17,49,85,20510
49,1.0,46,9,104,20511
27,1.0,51,47,125,20512
106,1.0,6,5,117,20513
50,1.0,38,28,116,20514
68,-1.0,6,84,158,20515
108,1.0,6,51,165,20516
171,-1.0,37,18,226,20517
132,-1.0,0,102,234,20518
111,1.0,41,47,199,20519
17,-1.0,92,16,125,20520
13,-1.0,106,31,150,20521
17,-1.0,61,71,149,20522
57,-1.0,27,5,89,20523
177,1.0,5,5,187,20524
107,1.0,6,12,125,20525
105,-1.0,104,23,232,20526
25,1.0,25,137,187,20527
28,1.0,17,95,140,20528
10,-1.0,45,123,178,20529
79,-1.0,39,7,125,20530
286,-1.0,14,119,419,20531
252,-1.0,4,27,283,20532
100,1.0,65,41,206,20533
149,1.0,11,8,168,20534
44,-1.0,4,50,98,20535
6,1.0,45,10,61,20536
121,1.0,0,40,161,20537
632,1.0,68,0,700,20538
39,-1.0,152,98,289,20539
116,-1.0,70,116,302,20540
72,-1.0,0,135,207,20541
147,-1.0,0,84,231,20542
149,-1.0,99,0,248,20543
76,-1.0,56,46,178,20544
30,-1.0,40,83,153,20545
44,1.0,60,28,132,20546
46,1.0,143,4,193,20547
111,1.0,5,36,152,20548
28,-1.0,80,11,119,20549
25,-1.0,6,73,104,20550
21,1.0,56,47,124,20551
150,1.0,9,35,194,20552
24,1.0,26,73,123,20553
1,1.0,68,23,92,20554
107,-1.0,39,11,157,20555
99,-1.0,45,32,176,20556
82,1.0,33,8,123,20557
32,1.0,11,70,113,20558
32,-1.0,21,39,92,20559
63,1.0,6,15,84,20560
23,1.0,15,34,72,20561
9,-1.0,7,20,36,20562
37,-1.0,26,22,85,20563
158,1.0,13,60,231,20564
88,1.0,20,0,108,20565
32,-1.0,33,27,92,20566
37,-1.0,33,59,129,20567
64,1.0,20,2,86,20568
45,1.0,6,22,73,20569
95,-1.0,3,0,98,20570
84,1.0,3,4,91,20571
42,1.0,43,9,94,20572
20,1.0,40,0,60,20573
36,-1.0,5,66,107,20574
16,1.0,0,47,63,20575
183,1.0,0,0,183,20576
119,1.0,13,20,152,20577
58,1.0,35,22,115,20578
140,1.0,16,0,156,20579
69,-1.0,53,0,122,20580
170,1.0,0,0,170,20581
14,-1.0,32,44,90,20582
59,1.0,26,0,85,20583
208,1.0,0,0,208,20584
5,1.0,60,47,112,20585
39,1.0,31,24,94,20586
203,-1.0,2,7,212,20587
18,1.0,136,15,169,20588
225,1.0,45,71,341,20589
61,-1.0,24,59,144,20590
33,1.0,14,83,130,20591
105,1.0,0,27,132,20592
63,-1.0,69,45,177,20593
20,-1.0,69,57,146,20594
131,1.0,34,0,165,20595
31,1.0,41,102,174,20596
35,1.0,1,27,63,20597
123,1.0,6,0,129,20598
285,-1.0,17,2,304,20599
122,1.0,0,0,122,20600
25,-1.0,39,28,92,20601
29,1.0,23,4,56,20602
65,1.0,37,1,103,20603
24,1.0,25,0,49,20604
38,-1.0,1,46,85,20605
1,1.0,52,129,182,20606
126,-1.0,0,14,140,20607
22,-1.0,22,7,51,20608
16,1.0,30,30,76,20609
13,-1.0,5,58,76,20610
324,-1.0,51,0,375,20611
207,1.0,45,70,322,20612
245,1.0,0,75,320,20613
41,1.0,88,50,179,20614
21,-1.0,62,15,98,20615
92,1.0,0,62,154,20616
90,-1.0,66,23,179,20617
177,1.0,8,4,189,20618
184,1.0,3,3,190,20619
69,1.0,85,65,219,20620
8,1.0,46,73,127,20621
141,1.0,7,7,155,20622
108,1.0,32,4,144,20623
9,-1.0,109,5,123,20624
170,-1.0,15,0,185,20625
100,1.0,4,204,308,20626
14,-1.0,16,107,137,20627
41,1.0,57,10,108,20628
192,-1.0,0,22,214,20629
28,-1.0,22,77,127,20630
5,-1.0,10,100,115,20631
56,-1.0,52,13,121,20632
134,-1.0,0,17,151,20633
110,1.0,34,91,235,20634
21,1.0,71,11,103,20635
118,-1.0,21,4,143,20636
3,1.0,46,51,100,20637
194,-1.0,22,3,219,20638
129,1.0,0,1,130,20639
200,1.0,77,5,282,20640
30,1.0,52,31,113,20641
13,-1.0,44,57,114,20642
92,1.0,3,35,130,20643
41,1.0,99,6,146,20644
99,1.0,46,5,150,20645
56,1.0,14,21,91,20646
106,-1.0,0,82,188,20647
40,-1.0,2,51,93,20648
41,1.0,40,7,88,20649
17,1.0,54,4,75,20650
93,1.0,0,32,125,20651
60,-1.0,31,14,105,20652
39,1.0,19,47,105,20653
13,-1.0,38,26,77,20654
63,-1.0,0,90,153,20655
14,1.0,49,54,117,20656
1,1.0,60,9,70,20657
204,-1.0,1,0,205,20658
203,-1.0,0,79,282,20659
65,-1.0,107,7,179,20660
37,-1.0,60,94,191,20661
99,1.0,96,0,195,20662
86,-1.0,78,26,190,20663
66,-1.0,37,34,137,20664
49,1.0,21,5,75,20665
162,-1.0,6,86,254,20666
20,1.0,49,16,85,20667
152,1.0,115,18,285,20668
35,1.0,29,65,129,20669
99,-1.0,30,3,132,20670
123,1.0,0,0,123,20671
111,1.0,86,0,197,20672
14,-1.0,87,0,101,20673
54,1.0,7,55,116,20674
133,1.0,9,6,148,20675
202,1.0,9,5,216,20676
17,1.0,9,112,138,20677
254,-1.0,0,52,306,20678
3,-1.0,60,71,134,20679
67,-1.0,0,12,79,20680
31,-1.0,34,8,73,20681
82,1.0,22,25,129,20682
30,1.0,53,2,85,20683
153,1.0,159,0,312,20684
57,-1.0,15,125,197,20685
85,1.0,13,12,110,20686
113,1.0,49,0,162,20687
6,1.0,7,84,97,20688
182,-1.0,16,7,205,20689
75,1.0,35,0,110,20690
31,-1.0,29,27,87,20691
80,-1.0,43,23,146,20692
54,-1.0,56,39,149,20693
173,1.0,118,166,457,20694
469,-1.0,38,44,551,20695
87,1.0,68,134,289,20696
124,1.0,78,108,310,20697
123,-1.0,90,1,214,20698
144,-1.0,56,18,218,20699
107,1.0,45,2,154,20700
173,-1.0,38,54,265,20701
25,-1.0,75,100,200,20702
146,-1.0,30,0,176,20703
266,-1.0,56,0,322,20704
245,1.0,55,3,303,20705
212,-1.0,18,0,230,20706
201,-1.0,21,5,227,20707
37,-1.0,93,53,183,20708
72,1.0,102,8,182,20709
113,1.0,202,45,360,20710
128,1.0,32,3,163,20711
56,-1.0,13,65,134,20712
14,1.0,35,30,79,20713
131,-1.0,35,22,188,20714
136,1.0,14,1,151,20715
172,1.0,17,40,229,20716
2,-1.0,104,54,160,20717
60,-1.0,10,68,138,20718
19,-1.0,88,0,107,20719
1,-1.0,3,81,85,20720
25,-1.0,78,9,112,20721
24,1.0,66,0,90,20722
83,-1.0,43,21,147,20723
12,-1.0,59,27,98,20724
54,-1.0,68,3,125,20725
38,-1.0,62,3,103,20726
8,-1.0,84,18,110,20727
13,1.0,48,19,80,20728
48,-1.0,25,26,99,20729
125,-1.0,5,19,149,20730
59,1.0,72,14,145,20731
37,-1.0,44,15,96,20732
116,-1.0,5,0,121,20733
59,1.0,75,58,192,20734
48,1.0,4,62,114,20735
126,1.0,73,6,205,20736
124,1.0,59,8,191,20737
81,1.0,13,89,183,20738
27,1.0,34,56,117,20739
15,1.0,16,112,143,20740
53,1.0,0,60,113,20741
18,1.0,0,82,100,20742
64,1.0,4,33,101,20743
92,1.0,42,0,134,20744
56,-1.0,47,66,169,20745
182,1.0,0,7,189,20746
361,-1.0,4,27,392,20747
48,-1.0,28,68,144,20748
77,-1.0,86,4,167,20749
45,-1.0,58,16,119,20750
23,-1.0,62,1,86,20751
67,1.0,106,4,177,20752
132,-1.0,0,29,161,20753
83,1.0,5,16,104,20754
30,1.0,24,43,97,20755
21,-1.0,13,57,91,20756
144,1.0,0,144,288,20757
70,-1.0,50,65,185,20758
80,-1.0,34,57,171,20759
228,1.0,7,65,300,20760
66,1.0,27,106,199,20761
1,-1.0,98,23,122,20762
1,1.0,88,50,139,20763
39,1.0,11,68,118,20764
8,1.0,65,57,130,20765
32,1.0,48,26,106,20766
128,-1.0,5,18,151,20767
22,-1.0,59,45,126,20768
12,-1.0,3,76,91,20769
105,1.0,12,0,117,20770
23,1.0,37,30,90,20771
25,1.0,75,0,100,20772
105,1.0,0,45,150,20773
32,-1.0,10,42,84,20774
10,-1.0,65,12,87,20775
10,1.0,49,65,124,20776
5,1.0,9,56,70,20777
39,-1.0,17,17,73,20778
105,-1.0,16,7,128,20779
34,1.0,12,5,51,20780
64,-1.0,0,33,97,20781
29,-1.0,15,26,70,20782
29,-1.0,6,16,51,20783
47,-1.0,1,6,54,20784
55,1.0,55,0,110,20785
69,1.0,15,1,85,20786
44,-1.0,8,0,52,20787
64,-1.0,1,41,106,20788
98,-1.0,10,0,108,20789
7,-1.0,23,11,41,20790
33,1.0,14,18,65,20791
49,1.0,15,23,87,20792
8,-1.0,46,23,77,20793
27,-1.0,8,25,60,20794
20,-1.0,0,19,39,20795
20,-1.0,35,32,87,20796
58,-1.0,2,0,60,20797
71,1.0,20,2,93,20798
5,1.0,11,46,62,20799
92,-1.0,4,7,103,20800
44,-1.0,15,26,85,20801
31,1.0,1,21,53,20802
21,1.0,29,4,54,20803
14,-1.0,13,34,61,20804
35,-1.0,3,30,68,20805
20,1.0,29,28,77,20806
6,-1.0,30,13,49,20807
113,-1.0,2,13,128,20808
8,1.0,29,11,48,20809
66,1.0,9,36,111,20810
38,-1.0,55,32,125,20811
74,1.0,11,0,85,20812
25,-1.0,6,31,62,20813
40,-1.0,2,32,74,20814
4,-1.0,20,20,44,20815
59,-1.0,59,7,125,20816
20,1.0,18,38,76,20817
115,-1.0,0,5,120,20818
200,-1.0,1,0,201,20819
68,1.0,27,5,100,20820
19,1.0,11,56,86,20821
47,-1.0,1,55,103,20822
97,1.0,32,34,163,20823
21,1.0,0,52,73,20824
103,-1.0,0,13,116,20825
18,1.0,13,49,80,20826
12,1.0,14,14,40,20827
191,-1.0,0,89,280,20828
19,-1.0,26,65,110,20829
163,-1.0,0,50,213,20830
63,-1.0,32,16,111,20831
78,1.0,23,0,101,20832
147,1.0,8,1,156,20833
2,1.0,67,1,70,20834
78,1.0,0,61,139,20835
61,-1.0,35,38,134,20836
48,-1.0,1,73,122,20837
25,-1.0,19,10,54,20838
14,1.0,23,35,72,20839
107,1.0,4,3,114,20840
44,1.0,32,60,136,20841
19,-1.0,29,15,63,20842
79,1.0,25,1,105,20843
17,1.0,14,24,55,20844
57,-1.0,22,25,104,20845
61,-1.0,11,35,107,20846
4,1.0,42,3,49,20847
40,1.0,15,20,75,20848
40,-1.0,3,35,78,20849
81,-1.0,11,9,101,20850
40,1.0,15,26,81,20851
48,1.0,44,0,92,20852
25,1.0,43,3,71,20853
69,1.0,9,1,79,20854
87,1.0,28,2,117,20855
32,1.0,26,27,85,20856
2,-1.0,15,48,65,20857
29,1.0,9,17,55,20858
3,-1.0,58,8,69,20859
26,1.0,10,30,66,20860
35,1.0,20,7,62,20861
45,1.0,42,19,106,20862
75,-1.0,27,0,102,20863
1,-1.0,48,15,64,20864
18,1.0,34,0,52,20865
40,1.0,39,0,79,20866
6,-1.0,52,11,69,20867
52,1.0,27,0,79,20868
47,-1.0,13,19,79,20869
10,1.0,30,19,59,20870
35,-1.0,14,0,49,20871
64,-1.0,14,12,90,20872
1,1.0,29,33,63,20873
50,1.0,7,18,75,20874
11,-1.0,28,18,57,20875
24,1.0,3,22,49,20876
41,-1.0,22,2,65,20877
53,1.0,4,38,95,20878
36,-1.0,0,22,58,20879
30,1.0,16,13,59,20880
77,1.0,79,0,156,20881
40,1.0,15,30,85,20882
33,1.0,38,0,71,20883
24,-1.0,50,15,89,20884
32,-1.0,38,9,79,20885
26,-1.0,33,30,89,20886
46,1.0,1,21,68,20887
69,1.0,10,17,96,20888
57,-1.0,51,1,109,20889
32,1.0,40,11,83,20890
10,-1.0,38,12,60,20891
41,1.0,11,35,87,20892
85,-1.0,2,4,91,20893
38,-1.0,33,14,85,20894
12,1.0,38,25,75,20895
51,-1.0,0,40,91,20896
22,-1.0,6,30,58,20897
62,-1.0,0,16,78,20898
192,-1.0,12,67,271,20899
55,-1.0,0,39,94,20900
55,-1.0,2,38,95,20901
89,-1.0,1,18,108,20902
14,1.0,30,53,97,20903
92,-1.0,6,2,100,20904
66,-1.0,16,17,99,20905
76,-1.0,35,15,126,20906
112,1.0,18,7,137,20907
8,-1.0,3,54,65,20908
55,-1.0,62,0,117,20909
9,1.0,25,38,72,20910
35,1.0,7,27,69,20911
33,-1.0,16,9,58,20912
17,-1.0,33,15,65,20913
14,1.0,16,14,44,20914
98,-1.0,18,0,116,20915
5,-1.0,42,39,86,20916
8,-1.0,1,41,50,20917
77,-1.0,8,15,100,20918
51,-1.0,23,4,78,20919
7,-1.0,26,52,85,20920
16,-1.0,55,2,73,20921
38,-1.0,29,15,82,20922
25,1.0,43,7,75,20923
54,1.0,13,1,68,20924
26,1.0,24,4,54,20925
0,-1.0,4,18,22,20926
29,-1.0,16,6,51,20927
12,-1.0,22,22,56,20928
17,1.0,2,39,58,20929
33,-1.0,5,10,48,20930
20,1.0,31,4,55,20931
35,1.0,1,26,62,20932
61,1.0,19,24,104,20933
56,-1.0,16,0,72,20934
27,-1.0,2,28,57,20935
19,1.0,8,8,35,20936
21,-1.0,15,9,45,20937
79,-1.0,13,15,107,20938
31,-1.0,1,19,51,20939
49,-1.0,0,1,50,20940
28,1.0,14,30,72,20941
14,-1.0,19,14,47,20942
54,-1.0,18,6,78,20943
8,1.0,15,34,57,20944
16,-1.0,1,28,45,20945
39,1.0,20,11,70,20946
14,-1.0,0,40,54,20947
67,-1.0,1,8,76,20948
8,-1.0,8,38,54,20949
40,-1.0,8,9,57,20950
63,1.0,5,0,68,20951
3,-1.0,49,10,62,20952
11,-1.0,23,32,66,20953
38,-1.0,27,11,76,20954
33,1.0,17,11,61,20955
18,1.0,32,1,51,20956
32,-1.0,1,21,54,20957
9,1.0,10,26,45,20958
82,1.0,15,20,117,20959
2,-1.0,66,39,107,20960
6,-1.0,10,27,43,20961
4,1.0,17,20,41,20962
5,1.0,23,3,31,20963
536,-1.0,0,50,586,20964
53,-1.0,31,67,151,20965
48,1.0,85,7,140,20966
59,-1.0,8,10,77,20967
50,-1.0,18,26,94,20968
74,1.0,20,1,95,20969
139,1.0,6,7,152,20970
42,-1.0,81,37,160,20971
81,-1.0,9,38,128,20972
54,-1.0,6,28,88,20973
18,1.0,27,20,65,20974
93,1.0,11,2,106,20975
29,-1.0,51,6,86,20976
52,-1.0,2,3,57,20977
35,1.0,22,13,70,20978
34,-1.0,7,6,47,20979
71,-1.0,3,12,86,20980
2,-1.0,65,2,69,20981
31,-1.0,1,17,49,20982
4,-1.0,22,20,46,20983
63,1.0,1,6,70,20984
13,-1.0,33,8,54,20985
35,1.0,42,27,104,20986
89,1.0,19,3,111,20987
44,-1.0,12,13,69,20988
3,1.0,20,25,48,20989
22,-1.0,3,32,57,20990
27,-1.0,19,22,68,20991
14,1.0,45,10,69,20992
36,-1.0,28,14,78,20993
42,1.0,5,2,49,20994
2,-1.0,45,9,56,20995
15,-1.0,15,10,40,20996
40,1.0,28,3,71,20997
3,-1.0,49,0,52,20998
48,-1.0,20,5,73,20999
23,-1.0,1,32,56,21000
9,1.0,23,18,50,21001
19,1.0,23,19,61,21002
4,-1.0,28,41,73,21003
55,1.0,5,7,67,21004
1,-1.0,30,19,50,21005
20,1.0,36,0,56,21006
21,-1.0,4,14,39,21007
1,-1.0,31,5,37,21008
12,1.0,14,34,60,21009
14,1.0,14,12,40,21010
166,1.0,34,0,200,21011
25,-1.0,51,10,86,21012
38,-1.0,20,10,68,21013
91,-1.0,27,0,118,21014
46,-1.0,20,25,91,21015
57,-1.0,31,1,89,21016
52,-1.0,19,69,140,21017
22,-1.0,3,52,77,21018
9,-1.0,20,19,48,21019
15,1.0,30,12,57,21020
5,-1.0,32,49,86,21021
65,-1.0,4,9,78,21022
52,1.0,4,28,84,21023
46,1.0,19,9,74,21024
29,-1.0,48,0,77,21025
53,1.0,5,8,66,21026
126,-1.0,0,5,131,21027
21,-1.0,27,4,52,21028
41,1.0,8,5,54,21029
8,1.0,26,3,37,21030
25,-1.0,133,51,209,21031
48,-1.0,90,57,195,21032
102,-1.0,43,30,175,21033
114,1.0,0,16,130,21034
151,1.0,3,14,168,21035
42,-1.0,3,25,70,21036
5,1.0,17,43,65,21037
17,1.0,15,29,61,21038
18,-1.0,17,30,65,21039
23,1.0,11,42,76,21040
70,-1.0,23,32,125,21041
52,-1.0,29,10,91,21042
47,-1.0,49,5,101,21043
26,1.0,16,43,85,21044
72,1.0,16,12,100,21045
77,-1.0,4,6,87,21046
51,1.0,10,21,82,21047
31,1.0,24,11,66,21048
45,1.0,10,44,99,21049
0,0.0,26,24,50,21050
111,1.0,24,8,143,21051
1,1.0,39,21,61,21052
69,1.0,17,0,86,21053
12,1.0,28,19,59,21054
60,1.0,2,4,66,21055
53,-1.0,25,5,83,21056
39,1.0,0,39,78,21057
51,1.0,14,0,65,21058
35,-1.0,18,2,55,21059
20,-1.0,2,32,54,21060
1,-1.0,30,10,41,21061
62,1.0,0,1,63,21062
20,1.0,7,12,39,21063
28,1.0,8,17,53,21064
59,1.0,14,2,75,21065
26,-1.0,6,37,69,21066
63,1.0,7,6,76,21067
37,1.0,24,0,61,21068
21,-1.0,2,15,38,21069
2,-1.0,6,53,61,21070
87,1.0,27,0,114,21071
12,1.0,35,27,74,21072
17,1.0,16,10,43,21073
7,-1.0,42,16,65,21074
35,-1.0,20,9,64,21075
26,1.0,3,44,73,21076
74,1.0,6,20,100,21077
33,1.0,26,15,74,21078
16,1.0,13,38,67,21079
9,1.0,15,35,59,21080
91,1.0,18,20,129,21081
7,-1.0,11,44,62,21082
83,-1.0,3,21,107,21083
42,1.0,25,35,102,21084
90,1.0,12,24,126,21085
0,1.0,3,48,51,21086
6,-1.0,3,36,45,21087
19,1.0,41,8,68,21088
5,-1.0,18,13,36,21089
85,1.0,12,2,99,21090
52,1.0,20,33,105,21091
17,1.0,36,25,78,21092
0,0.0,0,28,28,21093
93,1.0,10,11,114,21094
7,-1.0,14,16,37,21095
46,1.0,27,11,84,21096
73,-1.0,4,4,81,21097
30,-1.0,15,18,63,21098
36,1.0,12,21,69,21099
135,1.0,85,49,269,21100
45,-1.0,35,17,97,21101
269,1.0,0,7,276,21102
18,-1.0,167,12,197,21103
104,1.0,0,42,146,21104
195,1.0,12,45,252,21105
160,1.0,10,15,185,21106
57,1.0,18,53,128,21107
110,-1.0,20,12,142,21108
40,1.0,0,107,147,21109
25,-1.0,38,36,99,21110
103,1.0,0,0,103,21111
128,1.0,7,12,147,21112
221,1.0,27,25,273,21113
99,-1.0,63,31,193,21114
22,-1.0,82,16,120,21115
104,-1.0,31,53,188,21116
27,1.0,66,23,116,21117
146,-1.0,31,14,191,21118
16,-1.0,107,55,178,21119
85,1.0,0,86,171,21120
74,-1.0,0,32,106,21121
43,-1.0,3,40,86,21122
48,1.0,32,45,125,21123
36,1.0,0,54,90,21124
97,1.0,20,0,117,21125
5,1.0,10,62,77,21126
110,-1.0,10,33,153,21127
191,-1.0,1,52,244,21128
117,-1.0,40,14,171,21129
203,-1.0,5,19,227,21130
142,1.0,85,65,292,21131
2,1.0,39,81,122,21132
125,1.0,55,48,228,21133
128,-1.0,13,12,153,21134
84,1.0,18,5,107,21135
11,1.0,44,7,62,21136
63,-1.0,0,30,93,21137
30,1.0,0,39,69,21138
1,1.0,48,53,102,21139
115,-1.0,7,29,151,21140
112,-1.0,63,18,193,21141
103,1.0,22,52,177,21142
20,-1.0,8,59,87,21143
18,-1.0,6,69,93,21144
157,1.0,3,1,161,21145
17,-1.0,31,40,88,21146
103,-1.0,29,15,147,21147
64,1.0,38,0,102,21148
21,-1.0,54,26,101,21149
49,-1.0,0,36,85,21150
9,1.0,15,39,63,21151
52,-1.0,52,25,129,21152
90,-1.0,1,11,102,21153
39,1.0,4,92,135,21154
84,-1.0,1,6,91,21155
83,-1.0,18,11,112,21156
20,1.0,34,25,79,21157
11,1.0,62,16,89,21158
122,1.0,47,5,174,21159
21,-1.0,8,61,90,21160
38,-1.0,1,60,99,21161
25,-1.0,4,40,69,21162
48,1.0,10,33,91,21163
65,1.0,43,23,131,21164
7,1.0,96,28,131,21165
48,-1.0,0,20,68,21166
46,1.0,21,8,75,21167
106,-1.0,42,0,148,21168
21,1.0,13,28,62,21169
42,-1.0,11,9,62,21170
60,1.0,1,5,66,21171
15,-1.0,0,19,34,21172
6,1.0,9,26,41,21173
82,1.0,71,67,220,21174
41,-1.0,90,49,180,21175
56,1.0,14,62,132,21176
92,1.0,30,0,122,21177
13,1.0,55,35,103,21178
18,-1.0,8,58,84,21179
45,-1.0,62,17,124,21180
105,-1.0,27,22,154,21181
55,1.0,30,0,85,21182
101,1.0,13,3,117,21183
79,-1.0,17,0,96,21184
47,1.0,11,10,68,21185
3,1.0,64,26,93,21186
16,-1.0,0,35,51,21187
44,-1.0,0,15,59,21188
55,-1.0,4,5,64,21189
17,1.0,40,1,58,21190
149,-1.0,0,2,151,21191
88,-1.0,45,0,133,21192
71,1.0,10,2,83,21193
1,1.0,26,83,110,21194
49,1.0,26,10,85,21195
5,-1.0,32,34,71,21196
16,-1.0,6,31,53,21197
97,1.0,16,0,113,21198
103,1.0,12,0,115,21199
104,1.0,34,0,138,21200
68,-1.0,14,5,87,21201
68,1.0,6,0,74,21202
23,1.0,47,0,70,21203
16,1.0,15,44,75,21204
85,-1.0,12,12,109,21205
14,-1.0,27,34,75,21206
86,1.0,8,1,95,21207
24,1.0,38,3,65,21208
56,-1.0,1,2,59,21209
47,1.0,0,18,65,21210
34,1.0,34,0,68,21211
5,1.0,1,31,37,21212
41,-1.0,11,6,58,21213
48,1.0,24,5,77,21214
27,1.0,34,0,61,21215
78,1.0,0,3,81,21216
54,1.0,0,3,57,21217
82,-1.0,0,18,100,21218
17,1.0,31,0,48,21219
38,1.0,30,0,68,21220
10,-1.0,1,30,41,21221
68,-1.0,1,21,90,21222
3,-1.0,30,31,64,21223
93,-1.0,11,1,105,21224
38,1.0,4,24,66,21225
29,-1.0,12,3,44,21226
38,-1.0,0,16,54,21227
69,1.0,20,39,128,21228
44,-1.0,28,10,82,21229
29,1.0,14,12,55,21230
9,-1.0,12,9,30,21231
62,-1.0,7,12,81,21232
17,-1.0,2,42,61,21233
62,1.0,25,20,107,21234
10,1.0,22,34,66,21235
5,1.0,3,28,36,21236
23,1.0,50,4,77,21237
17,1.0,22,4,43,21238
77,1.0,7,1,85,21239
41,1.0,20,6,67,21240
57,1.0,15,1,73,21241
17,-1.0,8,6,31,21242
12,-1.0,4,13,29,21243
22,1.0,38,129,189,21244
194,-1.0,0,0,194,21245
95,-1.0,49,10,154,21246
124,-1.0,0,5,129,21247
17,-1.0,66,21,104,21248
24,-1.0,82,5,111,21249
49,1.0,23,35,107,21250
94,-1.0,25,0,119,21251
59,1.0,2,8,69,21252
2,1.0,8,46,56,21253
55,1.0,44,2,101,21254
29,-1.0,42,18,89,21255
18,-1.0,33,0,51,21256
20,-1.0,21,21,62,21257
37,1.0,36,1,74,21258
23,1.0,12,32,67,21259
67,1.0,0,1,68,21260
64,1.0,58,0,122,21261
22,-1.0,42,36,100,21262
76,-1.0,3,2,81,21263
6,1.0,14,41,61,21264
33,1.0,15,2,50,21265
48,1.0,8,6,62,21266
37,1.0,50,0,87,21267
23,1.0,15,17,55,21268
54,-1.0,0,32,86,21269
13,1.0,20,45,78,21270
129,1.0,6,6,141,21271
6,-1.0,54,17,77,21272
39,1.0,73,5,117,21273
34,-1.0,45,18,97,21274
43,-1.0,48,14,105,21275
38,-1.0,28,0,66,21276
60,1.0,3,5,68,21277
3,-1.0,32,10,45,21278
23,-1.0,19,16,58,21279
4,-1.0,33,3,40,21280
83,-1.0,5,0,88,21281
14,1.0,16,6,36,21282
10,1.0,39,0,49,21283
11,1.0,22,53,86,21284
2,-1.0,34,8,44,21285
22,-1.0,5,16,43,21286
13,1.0,11,19,43,21287
9,-1.0,39,1,49,21288
107,-1.0,0,0,107,21289
10,-1.0,39,17,66,21290
24,-1.0,24,2,50,21291
25,1.0,5,35,65,21292
44,-1.0,26,21,91,21293
1,1.0,51,25,77,21294
12,-1.0,1,41,54,21295
1,1.0,18,23,42,21296
23,-1.0,42,2,67,21297
21,-1.0,35,2,58,21298
51,1.0,9,24,84,21299
6,-1.0,7,35,48,21300
16,1.0,17,19,52,21301
75,1.0,28,0,103,21302
17,-1.0,7,39,63,21303
66,1.0,1,12,79,21304
13,-1.0,43,28,84,21305
40,1.0,6,19,65,21306
3,1.0,21,10,34,21307
65,-1.0,53,67,185,21308
21,-1.0,61,17,99,21309
65,-1.0,59,11,135,21310
33,1.0,32,33,98,21311
76,1.0,1,18,95,21312
45,-1.0,1,16,62,21313
104,1.0,16,3,123,21314
47,1.0,18,33,98,21315
35,1.0,2,40,77,21316
26,1.0,21,16,63,21317
1,1.0,3,58,62,21318
11,1.0,7,46,64,21319
10,-1.0,37,11,58,21320
6,1.0,8,41,55,21321
51,1.0,0,22,73,21322
35,-1.0,4,13,52,21323
2,1.0,12,25,39,21324
16,1.0,20,12,48,21325
20,-1.0,15,7,42,21326
4,1.0,10,62,76,21327
1,1.0,11,19,31,21328
6,1.0,19,14,39,21329
21,1.0,19,14,54,21330
25,-1.0,4,24,53,21331
8,1.0,3,31,42,21332
62,-1.0,11,3,76,21333
60,-1.0,2,0,62,21334
22,1.0,11,10,43,21335
17,1.0,6,37,60,21336
32,-1.0,14,2,48,21337
61,1.0,5,1,67,21338
0,0.0,23,6,29,21339
5,1.0,15,13,33,21340
33,-1.0,2,3,38,21341
8,-1.0,3,28,39,21342
9,-1.0,31,3,43,21343
84,-1.0,12,5,101,21344
42,1.0,7,6,55,21345
32,-1.0,5,3,40,21346
12,1.0,9,42,63,21347
22,-1.0,15,21,58,21348
68,-1.0,0,26,94,21349
62,-1.0,46,4,112,21350
28,1.0,35,14,77,21351
59,1.0,0,20,79,21352
25,-1.0,26,24,75,21353
75,-1.0,12,0,87,21354
96,-1.0,0,38,134,21355
25,1.0,25,0,50,21356
72,-1.0,49,5,126,21357
30,-1.0,13,24,67,21358
157,-1.0,0,0,157,21359
93,-1.0,12,11,116,21360
106,-1.0,1,61,168,21361
58,-1.0,6,40,104,21362
15,-1.0,1,82,98,21363
31,1.0,14,56,101,21364
15,-1.0,9,50,74,21365
2,1.0,24,26,52,21366
66,-1.0,0,31,97,21367
38,1.0,18,27,83,21368
23,-1.0,3,23,49,21369
46,-1.0,20,17,83,21370
25,1.0,4,22,51,21371
18,1.0,12,11,41,21372
42,1.0,10,11,63,21373
17,-1.0,151,18,186,21374
24,1.0,40,21,85,21375
23,1.0,56,6,85,21376
68,1.0,29,41,138,21377
144,1.0,6,5,155,21378
12,-1.0,117,13,142,21379
41,-1.0,105,6,152,21380
44,-1.0,32,11,87,21381
15,1.0,65,10,90,21382
51,-1.0,7,26,84,21383
85,1.0,20,12,117,21384
7,-1.0,18,30,55,21385
72,1.0,5,2,79,21386
32,-1.0,67,0,99,21387
31,-1.0,4,29,64,21388
15,-1.0,37,9,61,21389
9,-1.0,23,12,44,21390
31,1.0,15,31,77,21391
60,1.0,6,11,77,21392
25,-1.0,18,25,68,21393
0,1.0,18,26,44,21394
66,1.0,27,23,116,21395
8,1.0,65,0,73,21396
77,1.0,15,3,95,21397
60,1.0,15,36,111,21398
70,-1.0,27,6,103,21399
10,-1.0,24,51,85,21400
15,1.0,21,18,54,21401
28,-1.0,2,16,46,21402
38,-1.0,12,17,67,21403
59,1.0,10,10,79,21404
37,1.0,18,34,89,21405
5,1.0,2,35,42,21406
63,1.0,8,1,72,21407
17,1.0,21,16,54,21408
21,1.0,3,51,75,21409
34,-1.0,2,28,64,21410
23,-1.0,39,3,65,21411
40,-1.0,17,8,65,21412
4,-1.0,48,8,60,21413
46,-1.0,4,35,85,21414
81,1.0,5,6,92,21415
21,1.0,10,36,67,21416
42,1.0,44,6,92,21417
5,1.0,33,33,71,21418
20,-1.0,9,38,67,21419
34,-1.0,22,20,76,21420
57,1.0,16,3,76,21421
42,-1.0,3,8,53,21422
30,-1.0,12,3,45,21423
13,1.0,19,29,61,21424
20,-1.0,14,9,43,21425
12,1.0,6,44,62,21426
32,-1.0,9,4,45,21427
22,1.0,6,12,40,21428
44,1.0,24,2,70,21429
59,1.0,34,4,97,21430
63,-1.0,0,8,71,21431
9,1.0,14,25,48,21432
18,-1.0,21,9,48,21433
63,-1.0,4,45,112,21434
2,1.0,13,47,62,21435
45,1.0,46,7,98,21436
7,1.0,45,8,60,21437
39,1.0,0,23,62,21438
76,-1.0,32,8,116,21439
36,1.0,25,51,112,21440
22,1.0,0,42,64,21441
32,-1.0,20,28,80,21442
6,-1.0,6,24,36,21443
11,-1.0,23,50,84,21444
57,1.0,17,11,85,21445
41,-1.0,1,62,104,21446
21,1.0,36,7,64,21447
24,-1.0,25,6,55,21448
75,-1.0,11,69,155,21449
45,1.0,29,35,109,21450
30,-1.0,25,20,75,21451
106,-1.0,2,0,108,21452
90,-1.0,38,22,150,21453
13,1.0,34,51,98,21454
33,1.0,115,20,168,21455
113,-1.0,0,15,128,21456
34,1.0,12,36,82,21457
52,1.0,9,3,64,21458
22,-1.0,39,6,67,21459
22,1.0,31,20,73,21460
35,1.0,51,1,87,21461
82,1.0,0,5,87,21462
64,-1.0,1,2,67,21463
41,-1.0,2,23,66,21464
23,-1.0,44,27,94,21465
39,-1.0,22,9,70,21466
6,-1.0,36,9,51,21467
15,1.0,12,29,56,21468
103,-1.0,28,0,131,21469
6,1.0,33,41,80,21470
6,-1.0,19,22,47,21471
41,-1.0,26,0,67,21472
17,1.0,19,16,52,21473
52,-1.0,0,19,71,21474
27,1.0,20,14,61,21475
34,1.0,6,15,55,21476
36,1.0,15,1,52,21477
29,1.0,6,37,72,21478
1,-1.0,32,12,45,21479
33,-1.0,1,23,57,21480
5,-1.0,10,32,47,21481
58,-1.0,4,16,78,21482
6,1.0,14,14,34,21483
8,1.0,36,4,48,21484
19,-1.0,31,13,63,21485
27,1.0,23,22,72,21486
23,1.0,19,0,42,21487
17,1.0,1,32,50,21488
5,1.0,4,50,59,21489
34,1.0,27,23,84,21490
1,-1.0,28,22,51,21491
1,-1.0,12,45,58,21492
65,1.0,11,0,76,21493
31,-1.0,37,9,77,21494
19,1.0,18,17,54,21495
25,-1.0,36,1,62,21496
39,1.0,22,0,61,21497
2,1.0,33,28,63,21498
65,1.0,2,12,79,21499
16,-1.0,24,17,57,21500
50,1.0,10,10,70,21501
67,1.0,5,23,95,21502
28,1.0,3,11,42,21503
9,1.0,20,13,42,21504
5,1.0,7,27,39,21505
235,-1.0,0,66,301,21506
68,1.0,8,77,153,21507
33,1.0,62,12,107,21508
90,-1.0,29,18,137,21509
133,-1.0,1,6,140,21510
25,1.0,77,8,110,21511
64,1.0,2,14,80,21512
7,-1.0,58,11,76,21513
76,1.0,10,5,91,21514
16,1.0,4,46,66,21515
34,-1.0,0,41,75,21516
20,-1.0,16,23,59,21517
67,1.0,0,2,69,21518
2,-1.0,27,33,62,21519
38,-1.0,5,3,46,21520
28,1.0,36,2,66,21521
14,1.0,2,28,44,21522
29,1.0,9,0,38,21523
59,-1.0,10,0,69,21524
2,-1.0,42,8,52,21525
60,-1.0,1,30,91,21526
47,-1.0,44,1,92,21527
23,1.0,29,11,63,21528
86,-1.0,0,5,91,21529
13,1.0,3,43,59,21530
13,-1.0,36,7,56,21531
37,1.0,12,17,66,21532
46,1.0,0,13,59,21533
27,-1.0,12,13,52,21534
47,1.0,30,3,80,21535
42,-1.0,35,0,77,21536
18,-1.0,2,23,43,21537
7,-1.0,23,18,48,21538
16,-1.0,1,29,46,21539
25,1.0,6,21,52,21540
21,-1.0,18,0,39,21541
33,1.0,30,3,66,21542
38,1.0,17,0,55,21543
8,-1.0,28,14,50,21544
64,1.0,11,7,82,21545
17,-1.0,1,20,38,21546
22,-1.0,1,19,42,21547
15,1.0,10,16,41,21548
34,1.0,38,0,72,21549
4,1.0,52,4,60,21550
78,1.0,2,1,81,21551
18,-1.0,32,22,72,21552
11,1.0,15,35,61,21553
30,-1.0,6,31,67,21554
111,-1.0,0,0,111,21555
59,-1.0,20,1,80,21556
28,1.0,50,28,106,21557
1,1.0,24,17,42,21558
52,1.0,4,5,61,21559
15,1.0,15,3,33,21560
4,-1.0,13,19,36,21561
58,1.0,30,53,141,21562
105,-1.0,0,22,127,21563
9,-1.0,33,49,91,21564
52,1.0,9,33,94,21565
45,1.0,21,3,69,21566
26,1.0,22,28,76,21567
17,-1.0,3,47,67,21568
2,1.0,30,3,35,21569
11,1.0,14,28,53,21570
23,-1.0,16,14,53,21571
29,-1.0,8,17,54,21572
11,1.0,27,5,43,21573
14,1.0,2,22,38,21574
4,1.0,24,15,43,21575
2,1.0,13,24,39,21576
3,1.0,0,42,45,21577
30,1.0,6,14,50,21578
13,1.0,21,7,41,21579
26,1.0,10,5,41,21580
2,-1.0,19,14,35,21581
33,-1.0,11,15,59,21582
26,1.0,14,9,49,21583
5,-1.0,10,18,33,21584
4,-1.0,29,6,39,21585
13,1.0,12,10,35,21586
16,-1.0,4,11,31,21587
20,-1.0,14,16,50,21588
50,-1.0,1,34,85,21589
44,-1.0,0,46,90,21590
8,1.0,43,3,54,21591
7,-1.0,14,10,31,21592
46,-1.0,30,8,84,21593
3,-1.0,34,9,46,21594
27,-1.0,15,12,54,21595
7,1.0,35,17,59,21596
9,1.0,2,28,39,21597
48,1.0,1,9,58,21598
46,-1.0,0,5,51,21599
16,-1.0,0,16,32,21600
49,1.0,13,4,66,21601
2,-1.0,41,2,45,21602
15,1.0,1,37,53,21603
11,-1.0,25,17,53,21604
21,1.0,12,10,43,21605
87,1.0,13,9,109,21606
12,1.0,6,40,58,21607
1,-1.0,21,12,34,21608
45,1.0,34,0,79,21609
52,-1.0,8,28,88,21610
65,-1.0,0,9,74,21611
15,1.0,4,35,54,21612
4,-1.0,20,10,34,21613
32,1.0,0,28,60,21614
9,1.0,33,10,52,21615
43,1.0,11,1,55,21616
9,-1.0,20,9,38,21617
7,1.0,3,20,30,21618
54,1.0,5,139,198,21619
64,-1.0,5,51,120,21620
73,-1.0,37,0,110,21621
47,1.0,8,35,90,21622
73,-1.0,14,20,107,21623
49,-1.0,17,7,73,21624
19,1.0,30,21,70,21625
36,1.0,20,14,70,21626
16,1.0,33,0,49,21627
22,1.0,3,41,66,21628
24,1.0,12,22,58,21629
16,1.0,24,24,64,21630
13,1.0,13,32,58,21631
4,1.0,25,22,51,21632
53,1.0,7,0,60,21633
41,1.0,85,3,129,21634
99,1.0,34,3,136,21635
7,1.0,15,53,75,21636
55,-1.0,14,0,69,21637
49,1.0,3,12,64,21638
28,1.0,11,10,49,21639
20,1.0,15,12,47,21640
33,1.0,4,30,67,21641
2,1.0,47,0,49,21642
58,-1.0,26,5,89,21643
13,1.0,1,41,55,21644
69,-1.0,2,3,74,21645
48,1.0,0,34,82,21646
16,1.0,19,13,48,21647
25,-1.0,0,33,58,21648
14,-1.0,7,16,37,21649
27,1.0,7,23,57,21650
48,1.0,0,18,66,21651
31,-1.0,6,14,51,21652
76,1.0,10,1,87,21653
1,-1.0,27,15,43,21654
5,-1.0,24,0,29,21655
10,-1.0,7,11,28,21656
7,1.0,6,19,32,21657
25,1.0,18,8,51,21658
53,1.0,28,1,82,21659
25,-1.0,18,30,73,21660
11,-1.0,18,5,34,21661
17,-1.0,13,33,63,21662
51,1.0,15,10,76,21663
88,-1.0,6,3,97,21664
22,-1.0,2,23,47,21665
30,-1.0,33,23,86,21666
4,1.0,22,50,76,21667
16,1.0,5,29,50,21668
0,-1.0,28,16,44,21669
8,1.0,46,0,54,21670
18,1.0,31,0,49,21671
44,1.0,10,19,73,21672
49,1.0,31,0,80,21673
1,1.0,14,32,47,21674
11,-1.0,9,30,50,21675
57,1.0,12,0,69,21676
6,1.0,29,3,38,21677
38,1.0,9,32,79,21678
38,1.0,6,5,49,21679
40,-1.0,2,5,47,21680
16,1.0,15,3,34,21681
56,-1.0,0,30,86,21682
36,1.0,26,3,65,21683
28,1.0,7,11,46,21684
5,-1.0,5,133,143,21685
5,1.0,2,55,62,21686
13,1.0,30,6,49,21687
29,1.0,21,36,86,21688
0,-1.0,37,4,41,21689
0,-1.0,8,38,46,21690
34,1.0,14,1,49,21691
23,1.0,19,7,49,21692
42,1.0,15,10,67,21693
4,-1.0,12,18,34,21694
19,-1.0,0,30,49,21695
10,1.0,4,20,34,21696
34,-1.0,16,6,56,21697
30,1.0,1,10,41,21698
4,-1.0,29,3,36,21699
16,1.0,10,11,37,21700
6,-1.0,35,0,41,21701
6,-1.0,4,23,33,21702
25,-1.0,7,7,39,21703
67,-1.0,0,9,76,21704
26,1.0,0,35,61,21705
37,1.0,11,13,61,21706
19,-1.0,9,8,36,21707
4,1.0,9,23,36,21708
12,1.0,4,18,34,21709
5,1.0,16,5,26,21710
21,-1.0,2,27,50,21711
34,1.0,8,4,46,21712
1,1.0,2,41,44,21713
46,1.0,2,11,59,21714
19,-1.0,21,7,47,21715
48,-1.0,6,8,62,21716
3,-1.0,0,48,51,21717
49,-1.0,1,18,68,21718
22,-1.0,3,38,63,21719
22,1.0,29,19,70,21720
40,-1.0,15,2,57,21721
19,-1.0,4,34,57,21722
47,1.0,3,10,60,21723
26,1.0,17,7,50,21724
57,1.0,7,0,64,21725
23,1.0,0,35,58,21726
2,1.0,10,18,30,21727
5,1.0,3,43,51,21728
11,-1.0,37,2,50,21729
24,1.0,23,3,50,21730
40,-1.0,14,26,80,21731
41,1.0,3,41,85,21732
70,1.0,0,4,74,21733
54,-1.0,12,9,75,21734
14,1.0,18,0,32,21735
40,-1.0,7,3,50,21736
42,-1.0,0,6,48,21737
12,1.0,4,17,33,21738
11,-1.0,38,26,75,21739
114,1.0,15,26,155,21740
13,-1.0,26,35,74,21741
51,-1.0,13,24,88,21742
29,1.0,6,36,71,21743
24,-1.0,6,53,83,21744
45,1.0,16,29,90,21745
22,-1.0,12,25,59,21746
25,1.0,0,14,39,21747
14,-1.0,38,11,63,21748
55,-1.0,3,10,68,21749
9,-1.0,33,4,46,21750
28,1.0,7,16,51,21751
5,-1.0,41,1,47,21752
7,-1.0,14,6,27,21753
2,-1.0,29,6,37,21754
34,1.0,11,7,52,21755
18,-1.0,21,3,42,21756
13,1.0,2,24,39,21757
31,1.0,17,9,57,21758
10,1.0,9,13,32,21759
23,1.0,8,11,42,21760
5,-1.0,13,30,48,21761
15,-1.0,19,4,38,21762
33,-1.0,0,26,59,21763
34,1.0,4,9,47,21764
3,-1.0,17,24,44,21765
1,-1.0,15,11,27,21766
36,1.0,20,0,56,21767
12,1.0,6,25,43,21768
13,1.0,7,20,40,21769
51,1.0,18,19,88,21770
53,1.0,15,5,73,21771
24,-1.0,3,19,46,21772
51,1.0,14,2,67,21773
7,1.0,18,21,46,21774
49,1.0,6,45,100,21775
53,-1.0,0,29,82,21776
47,-1.0,0,19,66,21777
75,1.0,24,22,121,21778
7,-1.0,27,10,44,21779
21,-1.0,30,6,57,21780
5,1.0,23,24,52,21781
4,1.0,25,0,29,21782
49,1.0,2,19,70,21783
8,1.0,13,13,34,21784
106,-1.0,3,1,110,21785
19,1.0,22,19,60,21786
68,-1.0,25,3,96,21787
40,-1.0,4,33,77,21788
13,1.0,15,22,50,21789
15,-1.0,36,28,79,21790
29,-1.0,0,36,65,21791
36,1.0,0,29,65,21792
16,-1.0,43,6,65,21793
22,1.0,0,38,60,21794
19,1.0,21,12,52,21795
14,1.0,34,0,48,21796
41,-1.0,2,13,56,21797
78,-1.0,0,12,90,21798
10,1.0,25,6,41,21799
35,1.0,26,0,61,21800
165,1.0,10,0,175,21801
9,-1.0,52,9,70,21802
41,1.0,5,37,83,21803
32,1.0,30,0,62,21804
39,-1.0,5,17,61,21805
37,1.0,20,7,64,21806
47,-1.0,3,17,67,21807
3,-1.0,14,37,54,21808
78,1.0,0,25,103,21809
29,-1.0,9,15,53,21810
1,-1.0,37,15,53,21811
52,1.0,6,1,59,21812
24,1.0,18,1,43,21813
6,-1.0,14,26,46,21814
25,-1.0,27,7,59,21815
26,1.0,9,32,67,21816
35,-1.0,3,13,51,21817
34,-1.0,0,15,49,21818
4,1.0,31,21,56,21819
14,-1.0,2,26,42,21820
21,1.0,21,10,52,21821
2,1.0,0,24,26,21822
8,-1.0,13,11,32,21823
23,1.0,25,3,51,21824
18,1.0,11,13,42,21825
69,-1.0,0,11,80,21826
5,1.0,22,8,35,21827
28,1.0,2,20,50,21828
29,1.0,18,0,47,21829
9,-1.0,8,10,27,21830
56,1.0,1,10,67,21831
4,-1.0,17,15,36,21832
29,-1.0,1,22,52,21833
3,1.0,27,6,36,21834
50,-1.0,8,27,85,21835
45,1.0,10,1,56,21836
26,-1.0,3,5,34,21837
17,1.0,10,24,51,21838
53,-1.0,0,21,74,21839
60,1.0,8,5,73,21840
66,-1.0,0,0,66,21841
25,-1.0,22,0,47,21842
46,1.0,0,7,53,21843
4,-1.0,6,26,36,21844
3,1.0,4,20,27,21845
17,-1.0,0,41,58,21846
0,-1.0,8,36,44,21847
38,1.0,1,10,49,21848
7,-1.0,12,61,80,21849
71,-1.0,0,44,115,21850
44,-1.0,2,14,60,21851
32,-1.0,8,6,46,21852
50,-1.0,27,2,79,21853
3,-1.0,1,99,103,21854
61,-1.0,34,21,116,21855
19,-1.0,32,13,64,21856
19,1.0,36,17,72,21857
17,-1.0,42,2,61,21858
22,-1.0,7,22,51,21859
43,1.0,19,2,64,21860
34,1.0,32,2,68,21861
49,1.0,0,13,62,21862
9,1.0,6,33,48,21863
9,-1.0,18,21,48,21864
5,1.0,30,4,39,21865
5,1.0,4,30,39,21866
15,-1.0,13,3,31,21867
39,-1.0,3,7,49,21868
2,1.0,15,17,34,21869
25,1.0,19,5,49,21870
25,1.0,18,1,44,21871
32,1.0,8,0,40,21872
16,-1.0,10,0,26,21873
34,-1.0,2,13,49,21874
33,1.0,6,1,40,21875
19,1.0,2,20,41,21876
15,-1.0,0,30,45,21877
15,1.0,20,1,36,21878
35,-1.0,16,2,53,21879
46,1.0,0,3,49,21880
9,1.0,25,22,56,21881
14,-1.0,17,7,38,21882
3,1.0,2,26,31,21883
16,1.0,21,14,51,21884
0,1.0,18,12,30,21885
39,1.0,15,1,55,21886
22,-1.0,8,13,43,21887
1,1.0,30,3,34,21888
28,1.0,12,2,42,21889
28,1.0,13,16,57,21890
8,-1.0,17,19,44,21891
7,1.0,2,18,27,21892
3,-1.0,25,1,29,21893
29,-1.0,3,14,46,21894
6,-1.0,8,18,32,21895
37,-1.0,22,3,62,21896
31,1.0,12,9,52,21897
18,1.0,40,12,70,21898
37,1.0,8,0,45,21899
49,1.0,71,19,139,21900
90,1.0,23,0,113,21901
1,1.0,26,31,58,21902
2,1.0,40,5,47,21903
1,1.0,17,19,37,21904
3,1.0,25,12,40,21905
9,1.0,7,37,53,21906
0,0.0,11,30,41,21907
22,1.0,5,16,43,21908
19,1.0,1,17,37,21909
10,-1.0,14,8,32,21910
17,1.0,1,18,36,21911
12,-1.0,6,21,39,21912
15,-1.0,16,2,33,21913
22,1.0,7,8,37,21914
4,1.0,20,2,26,21915
7,1.0,9,27,43,21916
20,1.0,17,1,38,21917
14,1.0,3,18,35,21918
5,-1.0,6,19,30,21919
29,1.0,14,3,46,21920
8,-1.0,15,9,32,21921
5,-1.0,14,19,38,21922
42,1.0,4,3,49,21923
7,1.0,16,2,25,21924
56,1.0,2,2,60,21925
16,1.0,7,39,62,21926
58,1.0,6,4,68,21927
5,-1.0,4,27,36,21928
27,-1.0,1,28,56,21929
40,-1.0,4,13,57,21930
21,-1.0,0,30,51,21931
53,-1.0,7,2,62,21932
25,1.0,20,24,69,21933
59,1.0,0,15,74,21934
19,1.0,15,16,50,21935
67,1.0,13,19,99,21936
8,-1.0,26,6,40,21937
22,1.0,1,36,59,21938
39,1.0,10,4,53,21939
13,1.0,19,7,39,21940
9,1.0,13,12,34,21941
2,1.0,6,35,43,21942
28,1.0,28,8,64,21943
1,1.0,26,5,32,21944
5,1.0,1,20,26,21945
13,-1.0,13,12,38,21946
33,1.0,11,3,47,21947
9,-1.0,7,14,30,21948
10,1.0,5,11,26,21949
4,-1.0,20,4,28,21950
30,1.0,0,10,40,21951
3,-1.0,22,6,31,21952
22,1.0,21,9,52,21953
82,-1.0,1,10,93,21954
14,1.0,32,0,46,21955
5,-1.0,0,32,37,21956
36,-1.0,1,27,64,21957
45,-1.0,1,40,86,21958
20,-1.0,35,0,55,21959
31,-1.0,24,5,60,21960
27,-1.0,3,32,62,21961
63,1.0,33,2,98,21962
14,-1.0,19,6,39,21963
7,1.0,11,25,43,21964
15,-1.0,25,5,45,21965
16,-1.0,0,30,46,21966
33,-1.0,5,12,50,21967
40,1.0,2,27,69,21968
10,-1.0,18,15,43,21969
2,1.0,21,13,36,21970
58,1.0,7,6,71,21971
21,-1.0,33,7,61,21972
13,-1.0,19,9,41,21973
18,-1.0,12,20,50,21974
48,-1.0,19,0,67,21975
22,1.0,5,11,38,21976
18,-1.0,1,24,43,21977
71,-1.0,4,11,86,21978
196,1.0,0,0,196,21979
39,-1.0,9,8,56,21980
36,-1.0,1,10,47,21981
197,-1.0,0,0,197,21982
7,1.0,31,36,74,21983
26,1.0,32,23,81,21984
14,-1.0,13,40,67,21985
16,1.0,3,35,54,21986
57,-1.0,13,3,73,21987
44,-1.0,23,0,67,21988
45,-1.0,0,17,62,21989
11,-1.0,20,12,43,21990
49,1.0,8,2,59,21991
10,1.0,13,28,51,21992
31,-1.0,12,5,48,21993
59,1.0,13,2,74,21994
4,1.0,29,15,48,21995
12,1.0,5,27,44,21996
1,-1.0,33,10,44,21997
4,-1.0,22,9,35,21998
44,1.0,2,2,48,21999
66,-1.0,6,7,79,22000
23,1.0,12,15,50,22001
7,-1.0,23,19,49,22002
8,-1.0,3,25,36,22003
5,1.0,8,18,31,22004
26,-1.0,8,13,47,22005
2,1.0,6,24,32,22006
1,1.0,8,25,34,22007
5,-1.0,15,29,49,22008
5,-1.0,18,9,32,22009
5,1.0,17,6,28,22010
0,1.0,4,26,30,22011
16,1.0,37,1,54,22012
29,-1.0,3,31,63,22013
28,-1.0,12,3,43,22014
33,1.0,0,12,45,22015
60,-1.0,1,21,82,22016
4,-1.0,8,17,29,22017
25,-1.0,12,18,55,22018
28,1.0,8,12,48,22019
39,-1.0,4,8,51,22020
7,-1.0,5,23,35,22021
21,-1.0,8,3,32,22022
23,-1.0,11,20,54,22023
51,1.0,0,11,62,22024
35,-1.0,10,5,50,22025
56,1.0,0,5,61,22026
11,-1.0,14,13,38,22027
65,1.0,25,8,98,22028
66,-1.0,20,1,87,22029
62,-1.0,5,12,79,22030
26,1.0,32,28,86,22031
45,1.0,14,8,67,22032
41,1.0,0,21,62,22033
22,-1.0,1,14,37,22034
106,-1.0,1,16,123,22035
4,-1.0,21,41,66,22036
68,-1.0,0,2,70,22037
19,-1.0,25,19,63,22038
60,1.0,0,35,95,22039
62,1.0,5,6,73,22040
32,-1.0,39,13,84,22041
1,-1.0,28,29,58,22042
17,1.0,5,8,30,22043
29,1.0,3,12,44,22044
26,1.0,27,1,54,22045
41,-1.0,0,11,52,22046
2,-1.0,31,0,33,22047
16,1.0,6,16,38,22048
20,1.0,6,21,47,22049
36,-1.0,5,1,42,22050
38,-1.0,1,21,60,22051
54,-1.0,1,13,68,22052
44,1.0,8,0,52,22053
22,1.0,17,2,41,22054
62,1.0,0,27,89,22055
20,-1.0,8,23,51,22056
10,1.0,10,17,37,22057
33,1.0,38,6,77,22058
32,1.0,8,8,48,22059
15,-1.0,29,3,47,22060
67,1.0,25,0,92,22061
6,1.0,30,18,54,22062
7,-1.0,3,30,40,22063
37,-1.0,14,16,67,22064
20,1.0,7,6,33,22065
0,-1.0,23,8,31,22066
12,-1.0,17,7,36,22067
39,1.0,20,3,62,22068
65,-1.0,5,4,74,22069
6,1.0,20,33,59,22070
7,-1.0,37,5,49,22071
55,-1.0,0,22,77,22072
11,-1.0,39,14,64,22073
3,1.0,10,38,51,22074
56,-1.0,4,13,73,22075
28,-1.0,31,3,62,22076
61,-1.0,40,0,101,22077
16,-1.0,2,40,58,22078
22,-1.0,0,55,77,22079
15,-1.0,49,7,71,22080
3,-1.0,52,7,62,22081
72,-1.0,8,7,87,22082
5,1.0,38,48,91,22083
70,-1.0,0,9,79,22084
12,1.0,21,31,64,22085
28,-1.0,1,22,51,22086
20,1.0,11,3,34,22087
14,1.0,25,16,55,22088
23,1.0,1,11,35,22089
148,-1.0,5,50,203,22090
22,-1.0,29,57,108,22091
35,-1.0,50,6,91,22092
3,-1.0,0,65,68,22093
2,-1.0,14,45,61,22094
18,1.0,29,29,76,22095
20,1.0,2,55,77,22096
50,1.0,12,1,63,22097
141,1.0,56,4,201,22098
34,1.0,3,58,95,22099
34,1.0,35,5,74,22100
64,1.0,16,21,101,22101
27,-1.0,10,36,73,22102
68,1.0,16,3,87,22103
75,1.0,4,11,90,22104
53,-1.0,27,30,110,22105
12,1.0,1,64,77,22106
70,-1.0,4,1,75,22107
59,1.0,18,13,90,22108
25,1.0,12,4,41,22109
56,1.0,11,1,68,22110
16,-1.0,48,10,74,22111
32,1.0,21,18,71,22112
25,-1.0,8,40,73,22113
11,-1.0,34,4,49,22114
34,-1.0,29,13,76,22115
29,-1.0,1,13,43,22116
70,1.0,3,31,104,22117
22,-1.0,24,14,60,22118
21,1.0,31,0,52,22119
8,1.0,13,26,47,22120
8,-1.0,8,22,38,22121
31,-1.0,43,4,78,22122
29,-1.0,15,1,45,22123
5,1.0,19,16,40,22124
6,-1.0,7,24,37,22125
23,1.0,7,47,77,22126
29,-1.0,22,0,51,22127
14,1.0,19,10,43,22128
25,-1.0,2,37,64,22129
18,-1.0,0,37,55,22130
45,-1.0,18,1,64,22131
32,-1.0,15,0,47,22132
24,1.0,15,12,51,22133
76,1.0,15,14,105,22134
9,-1.0,39,8,56,22135
6,1.0,33,1,40,22136
65,-1.0,5,14,84,22137
4,-1.0,27,13,44,22138
28,1.0,3,28,59,22139
3,-1.0,22,18,43,22140
45,-1.0,11,10,66,22141
61,-1.0,3,1,65,22142
66,-1.0,2,40,108,22143
5,-1.0,65,22,92,22144
72,-1.0,39,16,127,22145
23,1.0,31,38,92,22146
79,1.0,20,16,115,22147
29,-1.0,8,40,77,22148
7,-1.0,24,10,41,22149
108,1.0,0,10,118,22150
4,-1.0,60,28,92,22151
3,-1.0,29,23,55,22152
19,1.0,9,26,54,22153
1,-1.0,41,14,56,22154
39,1.0,5,2,46,22155
32,-1.0,0,95,127,22156
105,1.0,33,26,164,22157
75,-1.0,5,24,104,22158
45,1.0,2,45,92,22159
36,-1.0,17,2,55,22160
40,1.0,12,2,54,22161
11,1.0,18,25,54,22162
13,1.0,57,1,71,22163
46,1.0,13,1,60,22164
42,-1.0,40,6,88,22165
23,-1.0,15,14,52,22166
10,1.0,21,21,52,22167
28,-1.0,7,4,39,22168
0,-1.0,7,28,35,22169
8,-1.0,0,40,48,22170
39,-1.0,11,11,61,22171
39,-1.0,6,20,65,22172
12,1.0,32,1,45,22173
7,-1.0,43,1,51,22174
29,1.0,10,1,40,22175
2,-1.0,27,22,51,22176
49,1.0,7,1,57,22177
7,1.0,7,21,35,22178
30,-1.0,14,2,46,22179
2,-1.0,0,40,42,22180
13,-1.0,19,19,51,22181
26,-1.0,5,19,50,22182
30,1.0,41,0,71,22183
15,1.0,2,23,40,22184
62,1.0,7,8,77,22185
17,-1.0,2,20,39,22186
35,1.0,25,0,60,22187
37,-1.0,6,9,52,22188
29,-1.0,13,11,53,22189
12,1.0,30,40,82,22190
33,1.0,0,14,47,22191
18,-1.0,27,1,46,22192
12,1.0,12,15,39,22193
27,-1.0,16,0,43,22194
15,1.0,10,21,46,22195
3,-1.0,23,7,33,22196
0,-1.0,50,3,53,22197
2,1.0,32,7,41,22198
16,-1.0,31,0,47,22199
19,-1.0,1,18,38,22200
31,1.0,2,16,49,22201
43,1.0,3,13,59,22202
72,-1.0,0,6,78,22203
29,1.0,6,21,56,22204
69,-1.0,44,12,125,22205
3,1.0,14,43,60,22206
58,-1.0,21,0,79,22207
8,1.0,27,11,46,22208
59,1.0,2,0,61,22209
57,-1.0,0,0,57,22210
16,-1.0,28,3,47,22211
29,-1.0,0,20,49,22212
22,-1.0,24,8,54,22213
36,1.0,25,22,83,22214
0,-1.0,32,0,32,22215
7,-1.0,10,11,28,22216
15,1.0,15,6,36,22217
1,1.0,27,0,28,22218
12,-1.0,12,13,37,22219
37,1.0,11,5,53,22220
22,-1.0,10,4,36,22221
1,-1.0,3,23,27,22222
51,-1.0,6,15,72,22223
5,1.0,9,31,45,22224
12,1.0,7,15,34,22225
50,1.0,3,7,60,22226
3,-1.0,9,13,25,22227
20,1.0,2,14,36,22228
10,-1.0,15,3,28,22229
0,-1.0,11,21,32,22230
68,-1.0,0,36,104,22231
17,1.0,4,48,69,22232
12,-1.0,9,8,29,22233
46,-1.0,0,19,65,22234
33,1.0,14,0,47,22235
79,-1.0,3,5,87,22236
16,1.0,3,40,59,22237
48,-1.0,0,17,65,22238
13,-1.0,38,10,61,22239
15,-1.0,0,21,36,22240
31,1.0,1,8,40,22241
8,-1.0,32,14,54,22242
85,1.0,14,13,112,22243
8,1.0,14,29,51,22244
21,-1.0,39,2,62,22245
93,1.0,20,0,113,22246
40,1.0,27,0,67,22247
9,-1.0,37,6,52,22248
16,-1.0,11,14,41,22249
10,-1.0,3,26,39,22250
1,-1.0,31,13,45,22251
14,-1.0,25,9,48,22252
21,-1.0,17,11,49,22253
35,-1.0,6,19,60,22254
49,1.0,9,3,61,22255
19,-1.0,4,21,44,22256
8,-1.0,11,23,42,22257
38,-1.0,0,13,51,22258
31,1.0,14,9,54,22259
8,1.0,27,5,40,22260
17,-1.0,6,28,51,22261
11,1.0,22,12,45,22262
65,-1.0,0,0,65,22263
9,-1.0,0,35,44,22264
8,1.0,1,32,41,22265
6,-1.0,19,8,33,22266
2,1.0,24,13,39,22267
8,-1.0,21,2,31,22268
26,1.0,9,13,48,22269
6,-1.0,26,11,43,22270
49,-1.0,11,9,69,22271
32,1.0,14,9,55,22272
25,1.0,3,18,46,22273
2,1.0,8,26,36,22274
19,1.0,22,6,47,22275
27,-1.0,14,5,46,22276
27,1.0,7,7,41,22277
11,-1.0,24,4,39,22278
31,-1.0,0,15,46,22279
10,-1.0,35,1,46,22280
56,-1.0,6,2,64,22281
12,1.0,14,21,47,22282
1,-1.0,34,0,35,22283
23,-1.0,27,0,50,22284
25,-1.0,26,4,55,22285
31,1.0,2,31,64,22286
40,-1.0,6,6,52,22287
21,1.0,3,33,57,22288
13,1.0,5,19,37,22289
17,-1.0,31,15,63,22290
66,-1.0,0,9,75,22291
6,1.0,8,38,52,22292
25,1.0,17,7,49,22293
33,-1.0,4,24,61,22294
35,-1.0,14,7,56,22295
103,-1.0,0,9,112,22296
54,-1.0,8,16,78,22297
31,1.0,28,1,60,22298
52,-1.0,0,9,61,22299
35,1.0,12,36,83,22300
63,1.0,3,4,70,22301
11,1.0,11,47,69,22302
4,-1.0,19,24,47,22303
23,1.0,20,1,44,22304
27,-1.0,26,7,60,22305
1,1.0,32,5,38,22306
33,1.0,6,25,64,22307
3,1.0,22,14,39,22308
7,-1.0,17,4,28,22309
12,-1.0,24,2,38,22310
2,1.0,15,16,33,22311
1,-1.0,2,33,36,22312
7,-1.0,29,0,36,22313
40,1.0,18,0,58,22314
47,-1.0,2,11,60,22315
17,-1.0,14,6,37,22316
11,1.0,8,22,41,22317
39,1.0,14,1,54,22318
7,-1.0,40,18,65,22319
35,-1.0,17,14,66,22320
7,1.0,13,16,36,22321
28,-1.0,2,21,51,22322
9,-1.0,24,2,35,22323
45,1.0,11,5,61,22324
31,1.0,31,1,63,22325
5,-1.0,7,17,29,22326
20,-1.0,28,8,56,22327
28,1.0,18,8,54,22328
105,1.0,19,0,124,22329
46,1.0,58,0,104,22330
4,1.0,32,33,69,22331
85,1.0,49,1,135,22332
16,-1.0,59,42,117,22333
19,1.0,13,49,81,22334
46,-1.0,1,13,60,22335
85,1.0,0,2,87,22336
35,1.0,11,28,74,22337
53,-1.0,0,19,72,22338
103,-1.0,0,6,109,22339
74,1.0,2,3,79,22340
4,1.0,52,6,62,22341
291,-1.0,0,24,315,22342
53,-1.0,82,4,139,22343
31,-1.0,26,33,90,22344
11,1.0,92,15,118,22345
73,-1.0,11,32,116,22346
51,1.0,22,0,73,22347
11,-1.0,30,22,63,22348
75,1.0,11,0,86,22349
20,-1.0,2,31,53,22350
2,-1.0,26,20,48,22351
48,-1.0,0,9,57,22352
38,1.0,19,9,66,22353
19,1.0,19,0,38,22354
73,1.0,0,1,74,22355
22,-1.0,3,18,43,22356
53,-1.0,2,14,69,22357
43,1.0,6,21,70,22358
8,-1.0,8,10,26,22359
3,-1.0,20,8,31,22360
1,-1.0,1,45,47,22361
23,1.0,17,2,42,22362
9,1.0,15,8,32,22363
21,-1.0,38,7,66,22364
43,1.0,1,8,52,22365
57,-1.0,5,2,64,22366
3,1.0,12,18,33,22367
23,-1.0,7,7,37,22368
52,-1.0,11,0,63,22369
17,-1.0,11,11,39,22370
33,1.0,30,18,81,22371
12,1.0,28,7,47,22372
8,-1.0,0,37,45,22373
25,1.0,3,40,68,22374
41,1.0,22,6,69,22375
20,1.0,29,12,61,22376
5,-1.0,2,39,46,22377
18,-1.0,18,13,49,22378
13,1.0,22,0,35,22379
7,1.0,29,20,56,22380
26,1.0,7,7,40,22381
93,-1.0,6,15,114,22382
3,1.0,10,32,45,22383
2,1.0,25,12,39,22384
57,1.0,11,1,69,22385
28,-1.0,1,10,39,22386
29,-1.0,4,18,51,22387
28,1.0,1,7,36,22388
23,-1.0,4,11,38,22389
69,-1.0,8,7,84,22390
79,1.0,0,23,102,22391
12,1.0,2,32,46,22392
13,-1.0,16,24,53,22393
9,-1.0,11,45,65,22394
85,1.0,13,24,122,22395
46,1.0,14,30,90,22396
6,1.0,16,24,46,22397
30,1.0,30,6,66,22398
44,-1.0,0,16,60,22399
4,-1.0,28,9,41,22400
47,-1.0,11,3,61,22401
3,1.0,16,18,37,22402
14,1.0,10,6,30,22403
11,1.0,5,19,35,22404
5,-1.0,5,20,30,22405
21,1.0,5,8,34,22406
17,1.0,21,0,38,22407
21,-1.0,6,1,28,22408
0,-1.0,29,1,30,22409
20,-1.0,10,23,53,22410
6,-1.0,11,19,36,22411
29,-1.0,10,8,47,22412
30,1.0,10,13,53,22413
54,-1.0,3,5,62,22414
27,-1.0,5,27,59,22415
9,1.0,31,26,66,22416
10,-1.0,14,13,37,22417
44,-1.0,15,0,59,22418
33,1.0,0,18,51,22419
34,1.0,20,4,58,22420
1,-1.0,29,25,55,22421
5,1.0,13,22,40,22422
12,-1.0,15,13,40,22423
33,-1.0,10,7,50,22424
5,1.0,3,15,23,22425
17,1.0,15,24,56,22426
216,-1.0,0,20,236,22427
23,1.0,6,30,59,22428
74,1.0,15,0,89,22429
30,1.0,19,3,52,22430
74,-1.0,6,23,103,22431
0,1.0,24,43,67,22432
5,1.0,20,6,31,22433
27,-1.0,21,14,62,22434
1,-1.0,0,39,40,22435
10,1.0,15,2,27,22436
5,1.0,17,23,45,22437
22,1.0,2,35,59,22438
11,1.0,2,20,33,22439
52,-1.0,19,17,88,22440
4,1.0,15,8,27,22441
1,-1.0,32,3,36,22442
30,-1.0,8,10,48,22443
1,-1.0,4,26,31,22444
36,1.0,12,15,63,22445
1,-1.0,25,20,46,22446
24,-1.0,4,7,35,22447
12,1.0,36,2,50,22448
62,1.0,4,1,67,22449
24,-1.0,5,15,44,22450
41,-1.0,1,4,46,22451
48,-1.0,2,3,53,22452
25,1.0,1,15,41,22453
17,1.0,20,1,38,22454
24,1.0,3,23,50,22455
13,-1.0,8,13,34,22456
34,-1.0,20,5,59,22457
11,1.0,27,1,39,22458
98,1.0,11,2,111,22459
21,1.0,11,45,77,22460
2,-1.0,0,45,47,22461
11,1.0,32,13,56,22462
73,-1.0,1,23,97,22463
3,-1.0,21,16,40,22464
36,-1.0,12,1,49,22465
20,1.0,2,20,42,22466
54,1.0,1,0,55,22467
51,-1.0,1,20,72,22468
0,1.0,5,24,29,22469
6,1.0,33,5,44,22470
71,-1.0,0,89,160,22471
98,-1.0,0,21,119,22472
2,1.0,25,38,65,22473
112,-1.0,0,17,129,22474
89,-1.0,0,49,138,22475
171,-1.0,16,0,187,22476
29,1.0,14,106,149,22477
65,-1.0,32,31,128,22478
23,1.0,42,22,87,22479
28,1.0,24,27,79,22480
18,1.0,13,45,76,22481
13,-1.0,37,8,58,22482
8,-1.0,21,33,62,22483
24,-1.0,22,5,51,22484
9,-1.0,16,33,58,22485
114,-1.0,0,8,122,22486
8,1.0,33,2,43,22487
32,-1.0,5,43,80,22488
1,1.0,5,44,50,22489
48,-1.0,17,0,65,22490
28,1.0,1,28,57,22491
3,-1.0,9,26,38,22492
65,-1.0,0,15,80,22493
26,1.0,4,21,51,22494
42,1.0,10,3,55,22495
13,1.0,19,2,34,22496
3,1.0,19,31,53,22497
29,1.0,8,8,45,22498
25,1.0,5,24,54,22499
20,-1.0,21,11,52,22500
19,1.0,9,13,41,22501
54,1.0,7,3,64,22502
11,-1.0,1,28,40,22503
12,1.0,0,21,33,22504
1,-1.0,38,7,46,22505
12,-1.0,10,16,38,22506
45,-1.0,6,5,56,22507
18,-1.0,10,8,36,22508
35,-1.0,8,9,52,22509
1,-1.0,3,57,61,22510
26,1.0,24,2,52,22511
25,-1.0,15,5,45,22512
101,1.0,18,1,120,22513
12,1.0,13,22,47,22514
13,1.0,34,1,48,22515
44,-1.0,8,19,71,22516
20,1.0,11,12,43,22517
5,1.0,40,3,48,22518
66,-1.0,12,16,94,22519
37,1.0,11,0,48,22520
20,1.0,13,5,38,22521
14,-1.0,27,3,44,22522
13,-1.0,0,42,55,22523
19,1.0,17,28,64,22524
35,-1.0,6,0,41,22525
3,1.0,15,30,48,22526
23,-1.0,4,24,51,22527
18,1.0,13,20,51,22528
16,-1.0,46,129,191,22529
77,-1.0,46,3,126,22530
50,-1.0,8,15,73,22531
24,-1.0,0,75,99,22532
77,1.0,1,1,79,22533
41,1.0,44,0,85,22534
76,1.0,0,1,77,22535
36,1.0,8,25,69,22536
79,1.0,16,14,109,22537
1,-1.0,20,18,39,22538
82,1.0,5,2,89,22539
67,1.0,17,0,84,22540
4,-1.0,17,18,39,22541
13,-1.0,38,4,55,22542
42,1.0,5,9,56,22543
2,-1.0,13,49,64,22544
23,1.0,7,26,56,22545
79,-1.0,8,4,91,22546
56,-1.0,0,20,76,22547
23,-1.0,24,21,68,22548
38,-1.0,39,24,101,22549
36,1.0,2,16,54,22550
3,-1.0,38,9,50,22551
15,1.0,13,23,51,22552
26,1.0,3,17,46,22553
16,1.0,13,21,50,22554
2,1.0,13,19,34,22555
36,-1.0,1,1,38,22556
28,1.0,17,4,49,22557
35,-1.0,16,3,54,22558
12,-1.0,8,23,43,22559
46,-1.0,0,34,80,22560
19,1.0,5,48,72,22561
27,1.0,4,13,44,22562
42,-1.0,13,5,60,22563
4,1.0,20,14,38,22564
36,-1.0,11,26,73,22565
12,-1.0,0,61,73,22566
4,1.0,0,51,55,22567
75,-1.0,31,11,117,22568
28,1.0,13,27,68,22569
24,1.0,15,9,48,22570
60,-1.0,4,5,69,22571
9,-1.0,12,41,62,22572
79,1.0,18,10,107,22573
16,1.0,33,27,76,22574
9,1.0,9,30,48,22575
67,-1.0,3,0,70,22576
9,1.0,34,2,45,22577
7,-1.0,4,31,42,22578
17,1.0,9,29,55,22579
34,-1.0,2,10,46,22580
10,1.0,1,46,57,22581
29,1.0,7,16,52,22582
6,-1.0,33,15,54,22583
158,1.0,19,23,200,22584
31,1.0,71,0,102,22585
27,-1.0,18,9,54,22586
41,1.0,12,22,75,22587
8,1.0,22,28,58,22588
10,1.0,3,34,47,22589
12,1.0,19,21,52,22590
20,1.0,16,20,56,22591
14,-1.0,40,2,56,22592
20,-1.0,3,26,49,22593
16,-1.0,0,31,47,22594
75,-1.0,1,1,77,22595
8,1.0,20,38,66,22596
25,1.0,11,34,70,22597
10,1.0,33,1,44,22598
23,1.0,13,9,45,22599
27,-1.0,12,12,51,22600
4,1.0,16,26,46,22601
4,1.0,18,16,38,22602
50,1.0,20,1,71,22603
16,1.0,16,0,32,22604
4,-1.0,27,7,38,22605
25,-1.0,14,0,39,22606
61,1.0,4,1,66,22607
4,1.0,17,14,35,22608
8,-1.0,19,5,32,22609
16,-1.0,6,20,42,22610
36,-1.0,1,14,51,22611
13,1.0,30,1,44,22612
23,1.0,15,6,44,22613
24,1.0,5,10,39,22614
3,-1.0,20,13,36,22615
5,-1.0,25,10,40,22616
30,1.0,18,1,49,22617
107,1.0,30,0,137,22618
14,-1.0,34,19,67,22619
2,1.0,26,6,34,22620
131,1.0,0,1,132,22621
14,-1.0,22,32,68,22622
85,1.0,33,5,123,22623
41,-1.0,1,11,53,22624
16,1.0,12,21,49,22625
48,-1.0,32,28,108,22626
4,1.0,8,43,55,22627
21,1.0,3,34,58,22628
21,-1.0,16,34,71,22629
13,1.0,12,4,29,22630
38,1.0,36,2,76,22631
2,1.0,46,15,63,22632
72,1.0,53,52,177,22633
3,-1.0,19,36,58,22634
24,1.0,17,20,61,22635
4,-1.0,20,19,43,22636
35,1.0,14,0,49,22637
15,-1.0,29,5,49,22638
1,-1.0,5,33,39,22639
22,-1.0,0,32,54,22640
6,1.0,18,5,29,22641
3,-1.0,22,12,37,22642
8,1.0,16,6,30,22643
11,-1.0,21,0,32,22644
21,1.0,6,16,43,22645
13,-1.0,1,21,35,22646
31,-1.0,2,18,51,22647
7,-1.0,20,11,38,22648
23,1.0,4,4,31,22649
32,1.0,31,0,63,22650
5,1.0,0,28,33,22651
9,1.0,0,22,31,22652
59,-1.0,22,0,81,22653
13,1.0,18,5,36,22654
12,-1.0,11,27,50,22655
49,-1.0,12,6,67,22656
41,1.0,10,5,56,22657
108,-1.0,2,2,112,22658
27,-1.0,47,0,74,22659
53,-1.0,20,16,89,22660
28,-1.0,1,37,66,22661
5,-1.0,26,28,59,22662
1,1.0,39,3,43,22663
23,-1.0,13,17,53,22664
33,1.0,32,116,181,22665
3,1.0,22,53,78,22666
87,1.0,0,23,110,22667
9,-1.0,9,43,61,22668
4,-1.0,46,16,66,22669
5,-1.0,33,5,43,22670
31,1.0,13,26,70,22671
2,-1.0,3,29,34,22672
90,1.0,9,23,122,22673
170,-1.0,27,38,235,22674
27,-1.0,1,20,48,22675
23,1.0,28,52,103,22676
13,-1.0,31,19,63,22677
69,-1.0,33,4,106,22678
50,-1.0,0,59,109,22679
97,-1.0,0,10,107,22680
26,1.0,8,60,94,22681
18,-1.0,35,0,53,22682
9,-1.0,5,31,45,22683
23,-1.0,0,22,45,22684
5,-1.0,12,23,40,22685
51,1.0,15,3,69,22686
26,1.0,11,18,55,22687
31,-1.0,36,1,68,22688
13,1.0,11,16,40,22689
32,1.0,10,3,45,22690
25,1.0,31,2,58,22691
58,-1.0,6,3,67,22692
20,1.0,3,27,50,22693
23,1.0,10,12,45,22694
31,1.0,14,0,45,22695
23,-1.0,3,7,33,22696
16,-1.0,4,33,53,22697
0,-1.0,10,29,39,22698
16,1.0,20,19,55,22699
4,-1.0,32,1,37,22700
14,-1.0,19,9,42,22701
2,1.0,14,17,33,22702
14,-1.0,36,13,63,22703
8,-1.0,21,8,37,22704
2,-1.0,3,26,31,22705
0,-1.0,13,15,28,22706
30,-1.0,31,0,61,22707
51,1.0,8,1,60,22708
58,1.0,17,29,104,22709
12,-1.0,32,3,47,22710
1,1.0,32,13,46,22711
23,-1.0,25,21,69,22712
20,1.0,33,1,54,22713
22,1.0,33,5,60,22714
8,-1.0,18,8,34,22715
28,-1.0,19,23,70,22716
5,-1.0,4,18,27,22717
75,1.0,2,2,79,22718
39,-1.0,21,1,61,22719
149,1.0,51,0,200,22720
33,-1.0,5,40,78,22721
30,-1.0,6,26,62,22722
32,1.0,18,2,52,22723
19,1.0,19,5,43,22724
14,-1.0,37,0,51,22725
16,1.0,2,22,40,22726
12,-1.0,12,7,31,22727
8,-1.0,8,25,41,22728
3,-1.0,23,4,30,22729
30,-1.0,1,4,35,22730
16,1.0,15,0,31,22731
30,-1.0,0,23,53,22732
36,1.0,6,15,57,22733
16,1.0,18,2,36,22734
19,-1.0,9,2,30,22735
21,1.0,12,5,38,22736
22,1.0,23,2,47,22737
34,-1.0,1,39,74,22738
2,1.0,11,20,33,22739
2,-1.0,14,18,34,22740
27,1.0,18,15,60,22741
4,-1.0,11,8,23,22742
15,1.0,23,7,45,22743
32,-1.0,24,6,62,22744
83,-1.0,2,19,104,22745
16,-1.0,14,16,46,22746
6,-1.0,4,30,40,22747
60,1.0,1,10,71,22748
12,1.0,1,26,39,22749
42,-1.0,11,5,58,22750
36,1.0,7,0,43,22751
10,-1.0,12,14,36,22752
40,1.0,31,2,73,22753
21,-1.0,2,13,36,22754
37,-1.0,2,17,56,22755
23,-1.0,5,10,38,22756
33,1.0,3,5,41,22757
3,1.0,25,20,48,22758
85,-1.0,10,11,106,22759
7,-1.0,24,18,49,22760
10,1.0,11,26,47,22761
43,-1.0,0,46,89,22762
25,-1.0,10,0,35,22763
53,1.0,16,0,69,22764
13,1.0,26,5,44,22765
2,1.0,0,28,30,22766
32,1.0,22,2,56,22767
6,1.0,21,13,40,22768
40,1.0,6,1,47,22769
54,1.0,2,10,66,22770
107,1.0,9,2,118,22771
5,-1.0,41,7,53,22772
13,1.0,12,19,44,22773
33,-1.0,16,4,53,22774
3,1.0,11,15,29,22775
21,1.0,13,0,34,22776
6,1.0,0,16,22,22777
39,1.0,8,2,49,22778
7,1.0,26,16,49,22779
8,-1.0,9,18,35,22780
19,-1.0,12,8,39,22781
19,1.0,11,8,38,22782
32,1.0,6,7,45,22783
6,1.0,13,8,27,22784
15,-1.0,8,20,43,22785
66,1.0,13,0,79,22786
21,1.0,29,0,50,22787
79,1.0,11,17,107,22788
23,1.0,26,0,49,22789
5,1.0,6,35,46,22790
60,1.0,2,0,62,22791
73,1.0,61,0,134,22792
98,-1.0,2,37,137,22793
10,1.0,17,53,80,22794
26,1.0,3,31,60,22795
16,1.0,19,24,59,22796
86,-1.0,5,0,91,22797
27,1.0,15,21,63,22798
8,1.0,16,28,52,22799
47,1.0,25,12,84,22800
11,-1.0,23,14,48,22801
24,1.0,6,9,39,22802
17,1.0,24,3,44,22803
14,1.0,27,15,56,22804
20,-1.0,33,7,60,22805
0,-1.0,10,16,26,22806
102,1.0,7,31,140,22807
16,-1.0,12,23,51,22808
5,1.0,19,27,51,22809
21,1.0,1,19,41,22810
27,1.0,29,3,59,22811
0,0.0,43,8,51,22812
3,-1.0,8,42,53,22813
19,-1.0,22,16,57,22814
39,1.0,1,12,52,22815
38,1.0,0,9,47,22816
5,-1.0,13,22,40,22817
1,1.0,8,21,30,22818
7,-1.0,0,25,32,22819
17,1.0,27,3,47,22820
24,-1.0,4,15,43,22821
15,1.0,0,24,39,22822
24,1.0,6,11,41,22823
3,1.0,13,23,39,22824
58,-1.0,1,2,61,22825
35,1.0,20,4,59,22826
6,-1.0,10,29,45,22827
2,-1.0,12,24,38,22828
15,1.0,19,1,35,22829
38,-1.0,6,20,64,22830
46,1.0,14,1,61,22831
26,1.0,17,1,44,22832
30,1.0,6,3,39,22833
18,-1.0,3,23,44,22834
6,1.0,7,26,39,22835
15,-1.0,10,21,46,22836
3,1.0,44,9,56,22837
21,1.0,13,5,39,22838
22,-1.0,8,7,37,22839
36,1.0,8,11,55,22840
17,1.0,3,14,34,22841
38,1.0,1,7,46,22842
18,-1.0,33,12,63,22843
76,1.0,4,101,181,22844
19,-1.0,55,9,83,22845
16,-1.0,0,22,38,22846
12,-1.0,0,35,47,22847
37,-1.0,20,14,71,22848
36,1.0,17,8,61,22849
31,1.0,0,14,45,22850
29,1.0,30,1,60,22851
19,1.0,4,25,48,22852
1,-1.0,4,20,25,22853
70,1.0,4,0,74,22854
4,1.0,46,12,62,22855
46,-1.0,13,1,60,22856
47,-1.0,4,8,59,22857
29,1.0,12,7,48,22858
32,1.0,16,5,53,22859
3,-1.0,3,32,38,22860
1,-1.0,19,5,25,22861
33,1.0,12,5,50,22862
34,-1.0,21,6,61,22863
22,-1.0,9,27,58,22864
48,-1.0,1,16,65,22865
15,1.0,19,2,36,22866
9,-1.0,17,3,29,22867
41,-1.0,0,4,45,22868
22,1.0,4,22,48,22869
24,1.0,15,11,50,22870
19,-1.0,3,15,37,22871
2,-1.0,16,17,35,22872
3,1.0,1,26,30,22873
5,1.0,15,14,34,22874
7,1.0,12,15,34,22875
22,-1.0,22,3,47,22876
45,1.0,19,0,64,22877
5,1.0,17,20,42,22878
6,-1.0,12,12,30,22879
57,-1.0,0,30,87,22880
14,1.0,31,3,48,22881
28,1.0,4,11,43,22882
40,1.0,12,3,55,22883
87,1.0,2,0,89,22884
16,1.0,16,2,34,22885
6,1.0,23,5,34,22886
22,-1.0,16,4,42,22887
5,-1.0,11,40,56,22888
260,1.0,3,0,263,22889
28,-1.0,27,9,64,22890
1,1.0,22,20,43,22891
108,1.0,16,0,124,22892
39,-1.0,4,12,55,22893
28,-1.0,24,5,57,22894
8,1.0,10,13,31,22895
36,1.0,8,0,44,22896
13,1.0,11,3,27,22897
3,-1.0,31,14,48,22898
20,-1.0,4,18,42,22899
11,1.0,9,13,33,22900
34,-1.0,3,12,49,22901
5,1.0,11,14,30,22902
49,1.0,2,10,61,22903
12,1.0,2,16,30,22904
43,1.0,3,2,48,22905
6,-1.0,7,30,43,22906
1,1.0,20,12,33,22907
27,1.0,34,1,62,22908
21,1.0,1,8,30,22909
22,-1.0,19,0,41,22910
24,1.0,2,8,34,22911
46,1.0,6,12,64,22912
26,1.0,48,0,74,22913
8,1.0,5,32,45,22914
19,1.0,13,6,38,22915
35,-1.0,1,20,56,22916
50,1.0,9,11,70,22917
22,1.0,11,7,40,22918
4,1.0,16,4,24,22919
130,-1.0,0,1,131,22920
14,-1.0,13,19,46,22921
39,-1.0,1,52,92,22922
45,-1.0,0,18,63,22923
47,1.0,0,30,77,22924
15,-1.0,39,6,60,22925
24,-1.0,9,22,55,22926
26,1.0,4,8,38,22927
61,1.0,16,6,83,22928
30,1.0,25,0,55,22929
29,1.0,12,19,60,22930
14,-1.0,8,25,47,22931
56,-1.0,2,16,74,22932
40,-1.0,13,0,53,22933
20,-1.0,22,0,42,22934
10,1.0,9,24,43,22935
24,-1.0,3,13,40,22936
4,-1.0,22,39,65,22937
66,-1.0,14,36,116,22938
119,1.0,9,27,155,22939
60,1.0,13,0,73,22940
13,1.0,6,44,63,22941
2,-1.0,38,14,54,22942
33,1.0,18,18,69,22943
48,-1.0,6,0,54,22944
6,-1.0,12,24,42,22945
48,-1.0,0,12,60,22946
34,1.0,11,4,49,22947
5,1.0,25,4,34,22948
23,1.0,15,1,39,22949
18,-1.0,1,23,42,22950
23,1.0,3,24,50,22951
25,-1.0,5,4,34,22952
5,-1.0,16,22,43,22953
24,1.0,6,15,45,22954
1,1.0,26,6,33,22955
16,-1.0,2,23,41,22956
54,1.0,4,1,59,22957
32,1.0,0,23,55,22958
5,1.0,15,24,44,22959
3,1.0,41,0,44,22960
7,-1.0,9,41,57,22961
47,1.0,1,19,67,22962
10,1.0,5,12,27,22963
1,-1.0,31,0,32,22964
3,1.0,10,19,32,22965
23,-1.0,30,1,54,22966
17,1.0,7,7,31,22967
32,1.0,4,19,55,22968
19,-1.0,23,1,43,22969
5,1.0,25,1,31,22970
0,1.0,7,9,16,22971
9,1.0,34,13,56,22972
147,1.0,0,0,147,22973
23,-1.0,27,18,68,22974
16,-1.0,29,4,49,22975
44,-1.0,9,9,62,22976
0,0.0,31,13,44,22977
94,-1.0,9,0,103,22978
11,1.0,20,9,40,22979
27,1.0,11,41,79,22980
25,-1.0,1,30,56,22981
5,1.0,28,2,35,22982
10,-1.0,7,15,32,22983
12,-1.0,18,7,37,22984
24,-1.0,0,16,40,22985
15,1.0,11,4,30,22986
5,1.0,19,5,29,22987
13,-1.0,20,2,35,22988
6,1.0,0,20,26,22989
19,-1.0,5,7,31,22990
9,1.0,2,23,34,22991
4,-1.0,26,3,33,22992
45,1.0,2,11,58,22993
4,-1.0,24,4,32,22994
22,1.0,0,10,32,22995
1,1.0,14,22,37,22996
9,-1.0,4,16,29,22997
12,1.0,8,12,32,22998
20,1.0,20,7,47,22999
2,1.0,21,10,33,23000
94,-1.0,2,12,108,23001
16,-1.0,12,19,47,23002
104,-1.0,9,0,113,23003
1,-1.0,20,0,21,23004
59,-1.0,20,7,86,23005
139,1.0,1,17,157,23006
4,-1.0,35,15,54,23007
44,-1.0,5,2,51,23008
132,-1.0,11,0,143,23009
39,-1.0,55,2,96,23010
22,1.0,22,0,44,23011
47,1.0,2,2,51,23012
18,-1.0,35,3,56,23013
28,1.0,6,13,47,23014
19,-1.0,19,18,56,23015
17,1.0,14,10,41,23016
21,-1.0,7,9,37,23017
0,1.0,1,28,29,23018
47,-1.0,0,6,53,23019
5,-1.0,16,8,29,23020
9,-1.0,16,13,38,23021
48,-1.0,0,18,66,23022
3,-1.0,21,21,45,23023
14,1.0,14,36,64,23024
48,-1.0,4,15,67,23025
75,-1.0,1,5,81,23026
1,1.0,35,15,51,23027
42,1.0,11,7,60,23028
27,-1.0,16,3,46,23029
8,-1.0,30,0,38,23030
27,-1.0,3,12,42,23031
44,-1.0,5,11,60,23032
32,-1.0,28,10,70,23033
12,1.0,2,23,37,23034
2,-1.0,39,0,41,23035
19,1.0,0,31,50,23036
36,-1.0,6,11,53,23037
17,1.0,21,1,39,23038
19,1.0,0,10,29,23039
12,-1.0,5,17,34,23040
37,-1.0,5,21,63,23041
11,1.0,8,16,35,23042
22,1.0,12,8,42,23043
63,1.0,4,9,76,23044
11,1.0,27,2,40,23045
25,1.0,14,27,66,23046
38,1.0,28,9,75,23047
32,-1.0,2,23,57,23048
34,1.0,2,6,42,23049
29,1.0,4,28,61,23050
62,-1.0,3,9,74,23051
30,-1.0,15,7,52,23052
9,1.0,3,31,43,23053
4,1.0,43,0,47,23054
27,-1.0,17,0,44,23055
42,-1.0,4,9,55,23056
2,1.0,21,16,39,23057
27,1.0,60,5,92,23058
33,1.0,36,2,71,23059
32,-1.0,22,1,55,23060
22,1.0,26,16,64,23061
7,-1.0,1,35,43,23062
81,-1.0,12,5,98,23063
8,1.0,32,11,51,23064
33,-1.0,18,10,61,23065
39,-1.0,0,33,72,23066
30,-1.0,1,36,67,23067
8,1.0,11,19,38,23068
75,-1.0,1,4,80,23069
41,1.0,8,13,62,23070
23,-1.0,4,22,49,23071
13,1.0,1,22,36,23072
6,-1.0,9,19,34,23073
45,1.0,0,2,47,23074
24,-1.0,12,9,45,23075
2,1.0,16,11,29,23076
5,1.0,22,10,37,23077
6,-1.0,12,13,31,23078
39,1.0,1,11,51,23079
10,1.0,2,28,40,23080
3,-1.0,12,15,30,23081
2,-1.0,12,13,27,23082
21,-1.0,11,15,47,23083
9,-1.0,1,34,44,23084
20,1.0,2,17,39,23085
7,-1.0,0,24,31,23086
9,-1.0,17,14,40,23087
10,1.0,33,0,43,23088
34,-1.0,30,10,74,23089
6,1.0,28,1,35,23090
36,1.0,11,3,50,23091
3,1.0,17,9,29,23092
19,-1.0,20,3,42,23093
0,-1.0,29,28,57,23094
5,1.0,14,18,37,23095
55,-1.0,0,15,70,23096
12,-1.0,10,32,54,23097
11,1.0,9,31,51,23098
14,-1.0,12,7,33,23099
8,1.0,4,20,32,23100
28,-1.0,32,27,87,23101
46,1.0,8,0,54,23102
25,-1.0,32,40,97,23103
4,1.0,52,1,57,23104
11,-1.0,1,38,50,23105
11,-1.0,37,20,68,23106
68,-1.0,0,20,88,23107
14,1.0,21,25,60,23108
38,1.0,6,8,52,23109
14,1.0,21,1,36,23110
4,1.0,19,15,38,23111
24,1.0,2,16,42,23112
2,-1.0,19,7,28,23113
0,0.0,0,22,22,23114
9,-1.0,22,4,35,23115
6,-1.0,12,16,34,23116
34,-1.0,10,9,53,23117
13,1.0,4,20,37,23118
9,1.0,8,16,33,23119
108,-1.0,0,24,132,23120
44,1.0,13,24,81,23121
59,-1.0,2,35,96,23122
49,-1.0,34,3,86,23123
10,1.0,32,7,49,23124
51,1.0,2,3,56,23125
17,1.0,18,16,51,23126
8,-1.0,18,15,41,23127
61,-1.0,6,13,80,23128
28,-1.0,20,14,62,23129
41,-1.0,0,32,73,23130
22,1.0,22,16,60,23131
48,1.0,6,8,62,23132
12,1.0,4,27,43,23133
31,1.0,1,20,52,23134
53,-1.0,2,6,61,23135
28,1.0,17,14,59,23136
4,1.0,16,11,31,23137
74,-1.0,3,3,80,23138
9,-1.0,53,0,62,23139
76,-1.0,2,26,104,23140
29,1.0,0,51,80,23141
24,1.0,21,1,46,23142
52,1.0,40,1,93,23143
27,-1.0,9,15,51,23144
6,-1.0,14,20,40,23145
83,-1.0,0,5,88,23146
55,1.0,26,1,82,23147
19,-1.0,12,28,59,23148
19,1.0,16,33,68,23149
1,1.0,82,34,117,23150
55,-1.0,15,19,89,23151
40,1.0,15,0,55,23152
89,-1.0,2,4,95,23153
21,1.0,25,12,58,23154
43,1.0,28,2,73,23155
116,1.0,9,0,125,23156
39,1.0,10,21,70,23157
5,1.0,52,0,57,23158
2,1.0,10,26,38,23159
20,-1.0,21,1,42,23160
4,1.0,14,7,25,23161
41,-1.0,15,10,66,23162
34,-1.0,3,25,62,23163
43,1.0,1,15,59,23164
7,-1.0,13,15,35,23165
11,-1.0,12,13,36,23166
28,1.0,6,15,49,23167
49,1.0,13,2,64,23168
5,1.0,15,6,26,23169
22,-1.0,7,19,48,23170
28,-1.0,3,7,38,23171
13,1.0,14,15,42,23172
1,1.0,17,1,19,23173
15,1.0,17,5,37,23174
72,-1.0,0,5,77,23175
28,-1.0,1,25,54,23176
51,-1.0,16,2,69,23177
43,-1.0,22,0,65,23178
47,1.0,5,13,65,23179
41,-1.0,15,6,62,23180
28,-1.0,0,28,56,23181
62,-1.0,31,9,102,23182
33,-1.0,18,23,74,23183
23,1.0,22,23,68,23184
16,1.0,11,27,54,23185
12,-1.0,35,2,49,23186
15,1.0,17,17,49,23187
43,-1.0,2,11,56,23188
54,-1.0,24,6,84,23189
43,-1.0,19,4,66,23190
18,-1.0,21,11,50,23191
31,1.0,27,19,77,23192
12,-1.0,44,0,56,23193
36,-1.0,6,6,48,23194
32,-1.0,29,0,61,23195
47,-1.0,0,20,67,23196
15,-1.0,8,25,48,23197
17,1.0,47,3,67,23198
33,1.0,0,15,48,23199
19,1.0,49,1,69,23200
26,-1.0,15,6,47,23201
5,1.0,12,28,45,23202
18,-1.0,2,28,48,23203
108,1.0,6,15,129,23204
86,-1.0,12,3,101,23205
26,1.0,0,48,74,23206
48,1.0,22,0,70,23207
26,-1.0,15,5,46,23208
55,-1.0,30,25,110,23209
47,1.0,21,1,69,23210
30,-1.0,26,4,60,23211
9,1.0,15,53,77,23212
24,-1.0,14,9,47,23213
58,1.0,9,0,67,23214
7,-1.0,20,31,58,23215
53,1.0,10,0,63,23216
14,1.0,20,16,50,23217
6,-1.0,13,19,38,23218
25,-1.0,17,19,61,23219
7,-1.0,28,5,40,23220
4,1.0,13,12,29,23221
27,-1.0,22,0,49,23222
35,-1.0,2,1,38,23223
3,1.0,22,7,32,23224
22,-1.0,1,20,43,23225
16,1.0,15,1,32,23226
6,-1.0,20,12,38,23227
50,1.0,8,5,63,23228
3,-1.0,2,23,28,23229
36,-1.0,15,1,52,23230
38,1.0,3,15,56,23231
25,1.0,7,10,42,23232
15,-1.0,16,6,37,23233
6,-1.0,2,25,33,23234
57,1.0,3,1,61,23235
21,-1.0,26,1,48,23236
13,-1.0,15,19,47,23237
12,-1.0,32,2,46,23238
12,-1.0,0,36,48,23239
7,1.0,15,12,34,23240
9,1.0,16,7,32,23241
14,1.0,24,21,59,23242
16,1.0,4,29,49,23243
23,-1.0,23,22,68,23244
73,-1.0,0,7,80,23245
5,-1.0,21,19,45,23246
12,1.0,29,16,57,23247
64,1.0,12,3,79,23248
80,1.0,0,0,80,23249
5,1.0,44,0,49,23250
20,1.0,18,7,45,23251
72,-1.0,0,26,98,23252
22,1.0,8,36,66,23253
16,-1.0,14,6,36,23254
98,1.0,11,13,122,23255
39,-1.0,16,14,69,23256
27,-1.0,11,2,40,23257
3,-1.0,13,14,30,23258
18,1.0,18,2,38,23259
7,1.0,24,1,32,23260
13,-1.0,11,3,27,23261
2,1.0,2,28,32,23262
13,1.0,21,0,34,23263
69,-1.0,0,1,70,23264
3,1.0,23,8,34,23265
16,-1.0,2,25,43,23266
12,-1.0,21,12,45,23267
5,1.0,13,9,27,23268
8,1.0,0,21,29,23269
12,-1.0,4,17,33,23270
15,1.0,5,18,38,23271
13,-1.0,15,6,34,23272
32,-1.0,12,7,51,23273
19,1.0,18,16,53,23274
51,-1.0,1,10,62,23275
12,1.0,20,13,45,23276
39,1.0,16,9,64,23277
38,-1.0,10,0,48,23278
86,1.0,4,10,100,23279
4,1.0,19,50,73,23280
41,-1.0,0,10,51,23281
9,1.0,6,19,34,23282
36,-1.0,18,3,57,23283
47,1.0,7,12,66,23284
1,1.0,17,12,30,23285
33,1.0,8,7,48,23286
55,-1.0,0,1,56,23287
44,-1.0,5,4,53,23288
24,1.0,13,10,47,23289
46,-1.0,10,8,64,23290
39,-1.0,5,13,57,23291
9,-1.0,2,36,47,23292
24,1.0,5,37,66,23293
51,-1.0,7,4,62,23294
1,1.0,2,32,35,23295
13,1.0,14,8,35,23296
10,-1.0,24,5,39,23297
26,-1.0,2,19,47,23298
18,-1.0,8,21,47,23299
25,1.0,0,21,46,23300
8,1.0,12,29,49,23301
234,1.0,110,0,344,23302
92,1.0,3,27,122,23303
5,1.0,43,27,75,23304
34,1.0,6,42,82,23305
59,1.0,5,27,91,23306
0,1.0,0,49,49,23307
57,-1.0,4,5,66,23308
26,1.0,5,24,55,23309
22,1.0,15,29,66,23310
30,1.0,10,6,46,23311
26,1.0,11,1,38,23312
23,1.0,12,10,45,23313
58,1.0,3,1,62,23314
19,1.0,25,15,59,23315
3,1.0,1,36,40,23316
35,-1.0,6,13,54,23317
20,1.0,22,2,44,23318
10,-1.0,19,14,43,23319
36,-1.0,3,40,79,23320
4,-1.0,23,8,35,23321
172,1.0,20,7,199,23322
4,-1.0,93,55,152,23323
15,1.0,32,25,72,23324
15,-1.0,11,38,64,23325
17,1.0,19,5,41,23326
27,-1.0,7,22,56,23327
57,-1.0,16,5,78,23328
19,1.0,13,7,39,23329
43,1.0,5,7,55,23330
15,-1.0,2,22,39,23331
34,-1.0,18,0,52,23332
16,-1.0,23,25,64,23333
23,1.0,1,24,48,23334
52,1.0,2,9,63,23335
18,1.0,18,21,57,23336
20,1.0,28,20,68,23337
7,1.0,31,31,69,23338
13,-1.0,13,26,52,23339
0,-1.0,26,7,33,23340
39,1.0,0,16,55,23341
37,1.0,9,8,54,23342
26,-1.0,14,4,44,23343
48,1.0,19,0,67,23344
3,-1.0,53,2,58,23345
100,1.0,20,2,122,23346
28,1.0,30,3,61,23347
42,-1.0,16,18,76,23348
84,1.0,21,13,118,23349
76,1.0,0,19,95,23350
74,-1.0,32,18,124,23351
118,1.0,21,0,139,23352
49,-1.0,19,0,68,23353
17,-1.0,30,39,86,23354
5,-1.0,35,50,90,23355
66,1.0,0,10,76,23356
6,-1.0,7,57,70,23357
117,1.0,0,8,125,23358
6,1.0,18,30,54,23359
6,-1.0,48,2,56,23360
31,-1.0,18,0,49,23361
20,-1.0,43,9,72,23362
39,1.0,18,54,111,23363
2,1.0,54,13,69,23364
115,-1.0,0,10,125,23365
39,1.0,15,2,56,23366
27,1.0,9,27,63,23367
34,1.0,5,28,67,23368
36,-1.0,6,7,49,23369
60,-1.0,3,13,76,23370
4,1.0,20,31,55,23371
61,-1.0,0,14,75,23372
30,-1.0,13,3,46,23373
46,-1.0,15,5,66,23374
42,1.0,13,1,56,23375
15,-1.0,36,6,57,23376
18,-1.0,31,3,52,23377
12,1.0,11,31,54,23378
55,-1.0,0,5,60,23379
32,-1.0,0,23,55,23380
12,-1.0,4,27,43,23381
15,-1.0,27,4,46,23382
30,1.0,23,14,67,23383
30,1.0,0,14,44,23384
7,1.0,20,12,39,23385
10,1.0,8,33,51,23386
48,-1.0,6,2,56,23387
54,-1.0,2,2,58,23388
5,-1.0,11,13,29,23389
33,1.0,7,7,47,23390
6,-1.0,29,4,39,23391
19,1.0,0,49,68,23392
44,1.0,14,1,59,23393
7,1.0,18,9,34,23394
6,1.0,31,4,41,23395
51,1.0,1,5,57,23396
74,-1.0,34,7,115,23397
25,1.0,4,27,56,23398
25,1.0,4,29,58,23399
42,1.0,4,5,51,23400
52,-1.0,20,0,72,23401
40,1.0,3,14,57,23402
45,1.0,43,0,88,23403
39,1.0,9,10,58,23404
30,1.0,9,16,55,23405
83,-1.0,1,3,87,23406
117,-1.0,0,9,126,23407
40,1.0,4,9,53,23408
39,1.0,8,13,60,23409
52,1.0,10,21,83,23410
100,-1.0,0,21,121,23411
70,-1.0,0,13,83,23412
16,1.0,6,37,59,23413
15,1.0,0,49,64,23414
22,-1.0,13,5,40,23415
61,1.0,43,15,119,23416
40,-1.0,5,28,73,23417
45,-1.0,31,3,79,23418
39,1.0,33,8,80,23419
79,-1.0,13,20,112,23420
0,-1.0,5,28,33,23421
20,1.0,9,20,49,23422
18,1.0,14,2,34,23423
29,1.0,21,1,51,23424
0,-1.0,3,34,37,23425
29,-1.0,14,9,52,23426
8,1.0,14,21,43,23427
40,1.0,7,10,57,23428
22,-1.0,11,5,38,23429
34,1.0,19,1,54,23430
4,1.0,7,16,27,23431
16,-1.0,7,15,38,23432
34,1.0,8,2,44,23433
61,-1.0,1,11,73,23434
19,-1.0,7,9,35,23435
24,-1.0,14,5,43,23436
4,-1.0,12,25,41,23437
9,1.0,10,20,39,23438
52,-1.0,3,8,63,23439
22,-1.0,1,23,46,23440
44,-1.0,2,27,73,23441
14,-1.0,7,20,41,23442
33,1.0,0,38,71,23443
3,-1.0,22,27,52,23444
26,1.0,18,0,44,23445
10,-1.0,20,13,43,23446
82,1.0,0,16,98,23447
10,-1.0,21,12,43,23448
185,-1.0,0,0,185,23449
33,-1.0,0,66,99,23450
31,-1.0,45,0,76,23451
114,-1.0,0,180,294,23452
37,1.0,82,38,157,23453
16,1.0,61,15,92,23454
88,-1.0,0,20,108,23455
119,1.0,1,36,156,23456
54,1.0,30,0,84,23457
80,1.0,35,18,133,23458
28,-1.0,39,45,112,23459
25,1.0,2,40,67,23460
18,1.0,49,20,87,23461
14,-1.0,14,40,68,23462
2,-1.0,25,26,53,23463
72,1.0,19,30,121,23464
66,1.0,15,0,81,23465
39,1.0,1,53,93,23466
66,-1.0,15,0,81,23467
44,-1.0,0,26,70,23468
11,-1.0,44,11,66,23469
40,1.0,20,23,83,23470
30,1.0,36,25,91,23471
2,1.0,47,6,55,23472
7,-1.0,0,41,48,23473
0,-1.0,19,11,30,23474
25,-1.0,20,4,49,23475
38,-1.0,38,10,86,23476
20,-1.0,7,21,48,23477
123,1.0,20,13,156,23478
22,1.0,26,65,113,23479
38,-1.0,23,34,95,23480
47,-1.0,19,9,75,23481
45,1.0,8,0,53,23482
12,1.0,20,8,40,23483
59,1.0,20,22,101,23484
30,-1.0,7,8,45,23485
3,1.0,21,30,54,23486
25,-1.0,11,11,47,23487
64,-1.0,0,20,84,23488
16,-1.0,0,49,65,23489
24,1.0,2,45,71,23490
53,-1.0,31,3,87,23491
31,-1.0,26,18,75,23492
28,1.0,7,15,50,23493
18,1.0,16,15,49,23494
40,-1.0,1,13,54,23495
3,1.0,30,24,57,23496
31,1.0,18,9,58,23497
59,1.0,12,9,80,23498
8,-1.0,3,30,41,23499
0,0.0,21,6,27,23500
35,1.0,23,17,75,23501
54,1.0,13,0,67,23502
16,1.0,27,0,43,23503
79,1.0,11,19,109,23504
25,-1.0,32,12,69,23505
3,1.0,36,10,49,23506
10,-1.0,14,18,42,23507
29,1.0,17,2,48,23508
9,-1.0,41,7,57,23509
0,1.0,29,7,36,23510
5,1.0,27,24,56,23511
20,-1.0,32,4,56,23512
30,-1.0,4,17,51,23513
63,1.0,6,2,71,23514
28,1.0,2,14,44,23515
10,1.0,4,24,38,23516
100,-1.0,0,12,112,23517
43,-1.0,1,12,56,23518
13,1.0,15,37,65,23519
29,1.0,1,19,49,23520
13,1.0,1,25,39,23521
2,1.0,16,10,28,23522
40,1.0,12,1,53,23523
24,-1.0,7,10,41,23524
17,1.0,9,32,58,23525
2,-1.0,11,12,25,23526
0,1.0,33,1,34,23527
26,-1.0,14,5,45,23528
46,-1.0,0,21,67,23529
20,1.0,18,3,41,23530
111,-1.0,0,4,115,23531
31,-1.0,30,3,64,23532
43,1.0,21,1,65,23533
22,1.0,23,22,67,23534
71,-1.0,5,0,76,23535
17,1.0,18,25,60,23536
12,-1.0,21,4,37,23537
2,1.0,19,22,43,23538
14,1.0,73,41,128,23539
42,1.0,3,25,70,23540
12,1.0,15,22,49,23541
15,1.0,15,5,35,23542
1,1.0,16,29,46,23543
41,1.0,0,9,50,23544
6,1.0,20,2,28,23545
9,1.0,8,10,27,23546
47,1.0,28,1,76,23547
1,-1.0,23,10,34,23548
16,-1.0,39,0,55,23549
34,1.0,2,8,44,23550
42,1.0,1,6,49,23551
29,-1.0,0,12,41,23552
32,1.0,14,0,46,23553
47,1.0,11,0,58,23554
9,1.0,2,26,37,23555
8,-1.0,15,7,30,23556
29,1.0,7,19,55,23557
19,1.0,8,29,56,23558
71,1.0,4,0,75,23559
12,1.0,64,2,78,23560
63,1.0,0,1,64,23561
17,-1.0,57,0,74,23562
5,-1.0,47,3,55,23563
37,-1.0,8,6,51,23564
53,1.0,7,6,66,23565
16,1.0,3,8,27,23566
23,1.0,2,14,39,23567
16,-1.0,39,11,66,23568
19,-1.0,9,11,39,23569
4,1.0,15,13,32,23570
46,1.0,1,5,52,23571
31,-1.0,26,2,59,23572
120,1.0,9,11,140,23573
8,-1.0,19,25,52,23574
98,-1.0,1,0,99,23575
97,-1.0,0,21,118,23576
15,1.0,64,0,79,23577
41,1.0,36,10,87,23578
10,-1.0,30,0,40,23579
16,1.0,11,15,42,23580
60,1.0,0,16,76,23581
4,1.0,22,5,31,23582
1,-1.0,15,18,34,23583
12,-1.0,5,23,40,23584
2,1.0,0,35,37,23585
38,1.0,18,0,56,23586
30,1.0,0,49,79,23587
1,1.0,6,27,34,23588
10,1.0,5,20,35,23589
27,1.0,7,22,56,23590
2,1.0,23,21,46,23591
6,1.0,15,10,31,23592
11,1.0,6,21,38,23593
1,-1.0,18,6,25,23594
28,1.0,0,26,54,23595
23,1.0,5,10,38,23596
14,-1.0,28,5,47,23597
13,-1.0,4,25,42,23598
23,1.0,13,5,41,23599
46,1.0,2,19,67,23600
2,-1.0,9,23,34,23601
16,-1.0,12,2,30,23602
16,1.0,0,24,40,23603
74,-1.0,2,30,106,23604
19,-1.0,0,58,77,23605
22,1.0,5,23,50,23606
25,1.0,4,24,53,23607
50,1.0,21,0,71,23608
41,-1.0,7,1,49,23609
14,-1.0,19,42,75,23610
20,-1.0,0,33,53,23611
4,1.0,12,19,35,23612
78,-1.0,0,1,79,23613
63,1.0,3,12,78,23614
39,1.0,22,9,70,23615
7,-1.0,14,32,53,23616
29,1.0,2,20,51,23617
62,1.0,18,0,80,23618
19,-1.0,24,7,50,23619
19,1.0,5,11,35,23620
49,1.0,32,1,82,23621
12,-1.0,40,2,54,23622
11,-1.0,17,36,64,23623
22,-1.0,18,13,53,23624
34,1.0,1,15,50,23625
32,1.0,0,37,69,23626
41,1.0,19,32,92,23627
45,1.0,16,2,63,23628
8,-1.0,5,15,28,23629
33,1.0,16,3,52,23630
94,-1.0,3,4,101,23631
8,1.0,18,33,59,23632
28,1.0,23,0,51,23633
5,-1.0,23,4,32,23634
50,-1.0,1,7,58,23635
35,1.0,20,39,94,23636
38,-1.0,13,1,52,23637
9,1.0,14,22,45,23638
12,-1.0,0,33,45,23639
60,-1.0,13,2,75,23640
1,1.0,24,3,28,23641
1,1.0,17,35,53,23642
40,-1.0,24,10,74,23643
25,1.0,16,17,58,23644
64,1.0,5,0,69,23645
43,1.0,1,5,49,23646
10,-1.0,3,21,34,23647
43,-1.0,1,18,62,23648
24,1.0,7,16,47,23649
6,1.0,23,7,36,23650
31,1.0,17,0,48,23651
12,1.0,4,16,32,23652
33,1.0,4,3,40,23653
7,-1.0,25,7,39,23654
33,-1.0,9,14,56,23655
27,1.0,2,6,35,23656
15,-1.0,21,1,37,23657
3,-1.0,18,24,45,23658
4,-1.0,20,16,40,23659
62,1.0,16,1,79,23660
12,-1.0,24,12,48,23661
11,1.0,8,8,27,23662
24,1.0,7,2,33,23663
43,-1.0,1,26,70,23664
1,1.0,18,22,41,23665
26,1.0,1,18,45,23666
97,-1.0,2,0,99,23667
19,1.0,21,11,51,23668
54,-1.0,3,1,58,23669
65,-1.0,0,6,71,23670
27,1.0,14,41,82,23671
29,1.0,9,27,65,23672
3,1.0,2,25,30,23673
18,1.0,10,22,50,23674
77,1.0,0,41,118,23675
5,-1.0,2,50,57,23676
39,-1.0,1,9,49,23677
8,-1.0,15,11,34,23678
22,-1.0,30,14,66,23679
39,-1.0,1,19,59,23680
38,1.0,20,23,81,23681
40,1.0,17,2,59,23682
14,1.0,8,22,44,23683
25,1.0,0,16,41,23684
18,-1.0,20,1,39,23685
11,-1.0,22,1,34,23686
12,1.0,28,0,40,23687
1,-1.0,13,22,36,23688
6,-1.0,13,9,28,23689
24,1.0,9,13,46,23690
30,-1.0,12,5,47,23691
2,-1.0,6,26,34,23692
38,1.0,5,1,44,23693
16,-1.0,18,10,44,23694
7,1.0,18,8,33,23695
17,1.0,18,1,36,23696
3,-1.0,18,2,23,23697
0,1.0,13,18,31,23698
52,1.0,5,0,57,23699
10,1.0,20,11,41,23700
23,1.0,0,22,45,23701
4,-1.0,9,19,32,23702
57,1.0,9,0,66,23703
7,-1.0,18,10,35,23704
11,-1.0,9,32,52,23705
8,1.0,0,29,37,23706
8,-1.0,15,6,29,23707
17,1.0,19,3,39,23708
19,1.0,48,11,78,23709
8,-1.0,0,46,54,23710
4,1.0,27,8,39,23711
2,-1.0,8,19,29,23712
49,1.0,14,3,66,23713
21,1.0,11,1,33,23714
10,1.0,14,11,35,23715
17,-1.0,8,10,35,23716
6,-1.0,14,2,22,23717
33,-1.0,4,5,42,23718
35,-1.0,28,9,72,23719
52,-1.0,25,5,82,23720
52,1.0,15,11,78,23721
35,1.0,16,22,73,23722
46,-1.0,7,10,63,23723
23,1.0,2,10,35,23724
8,-1.0,11,21,40,23725
51,-1.0,8,5,64,23726
33,1.0,14,7,54,23727
14,-1.0,35,1,50,23728
4,1.0,19,2,25,23729
47,1.0,6,1,54,23730
2,1.0,22,14,38,23731
76,1.0,0,5,81,23732
12,-1.0,10,25,47,23733
49,-1.0,3,2,54,23734
60,1.0,0,3,63,23735
21,-1.0,9,0,30,23736
28,1.0,19,5,52,23737
3,-1.0,25,13,41,23738
27,-1.0,6,18,51,23739
18,-1.0,33,7,58,23740
112,-1.0,0,0,112,23741
9,1.0,17,35,61,23742
26,1.0,4,36,66,23743
66,-1.0,12,2,80,23744
11,-1.0,16,24,51,23745
68,-1.0,0,11,79,23746
30,-1.0,21,7,58,23747
11,-1.0,6,40,57,23748
36,1.0,11,21,68,23749
11,-1.0,5,22,38,23750
7,-1.0,1,52,60,23751
60,1.0,51,1,112,23752
18,1.0,19,22,59,23753
9,1.0,33,5,47,23754
40,-1.0,26,1,67,23755
1,-1.0,33,4,38,23756
8,-1.0,18,28,54,23757
73,-1.0,7,0,80,23758
13,-1.0,29,16,58,23759
34,1.0,47,3,84,23760
35,-1.0,26,1,62,23761
20,-1.0,22,4,46,23762
8,-1.0,3,49,60,23763
1,1.0,17,30,48,23764
13,1.0,14,10,37,23765
26,1.0,49,38,113,23766
54,1.0,11,42,107,23767
9,-1.0,22,20,51,23768
40,1.0,14,3,57,23769
42,1.0,1,18,61,23770
3,-1.0,31,19,53,23771
58,1.0,5,35,98,23772
37,-1.0,7,2,46,23773
11,-1.0,22,7,40,23774
9,1.0,28,0,37,23775
14,1.0,12,4,30,23776
77,1.0,0,7,84,23777
23,1.0,6,28,57,23778
48,1.0,6,24,78,23779
33,1.0,11,19,63,23780
50,-1.0,20,0,70,23781
26,1.0,12,19,57,23782
36,1.0,4,11,51,23783
1,-1.0,20,20,41,23784
10,-1.0,37,0,47,23785
34,-1.0,16,22,72,23786
3,-1.0,32,0,35,23787
62,1.0,7,1,70,23788
24,-1.0,9,3,36,23789
47,-1.0,14,9,70,23790
22,-1.0,46,3,71,23791
31,-1.0,18,3,52,23792
11,-1.0,20,18,49,23793
30,1.0,16,4,50,23794
10,1.0,1,25,36,23795
17,1.0,6,51,74,23796
22,-1.0,31,13,66,23797
12,1.0,25,1,38,23798
92,-1.0,0,12,104,23799
12,-1.0,28,22,62,23800
36,1.0,12,12,60,23801
8,1.0,23,22,53,23802
10,1.0,10,25,45,23803
25,1.0,15,1,41,23804
1,1.0,26,4,31,23805
42,-1.0,17,19,78,23806
26,1.0,14,2,42,23807
59,1.0,18,0,77,23808
55,1.0,14,15,84,23809
66,1.0,17,1,84,23810
60,1.0,0,0,60,23811
20,-1.0,42,1,63,23812
37,-1.0,15,38,90,23813
13,1.0,27,27,67,23814
47,1.0,13,29,89,23815
15,-1.0,27,19,61,23816
33,1.0,6,6,45,23817
33,-1.0,25,6,64,23818
13,1.0,17,51,81,23819
3,1.0,7,29,39,23820
28,-1.0,19,6,53,23821
79,-1.0,0,1,80,23822
33,1.0,18,19,70,23823
7,1.0,57,3,67,23824
30,-1.0,10,26,66,23825
20,-1.0,5,26,51,23826
24,-1.0,9,20,53,23827
8,1.0,8,21,37,23828
13,1.0,14,4,31,23829
29,-1.0,24,35,88,23830
22,-1.0,42,3,67,23831
80,1.0,5,0,85,23832
16,-1.0,24,5,45,23833
27,1.0,5,24,56,23834
29,-1.0,2,23,54,23835
23,-1.0,15,10,48,23836
24,1.0,22,0,46,23837
35,-1.0,10,17,62,23838
89,-1.0,1,22,112,23839
7,-1.0,16,35,58,23840
11,-1.0,14,24,49,23841
30,1.0,15,1,46,23842
7,1.0,30,1,38,23843
54,-1.0,5,9,68,23844
24,1.0,11,16,51,23845
30,1.0,6,10,46,23846
43,1.0,24,1,68,23847
27,1.0,9,4,40,23848
9,-1.0,22,2,33,23849
25,-1.0,26,9,60,23850
17,1.0,0,37,54,23851
14,-1.0,5,23,42,23852
21,1.0,10,6,37,23853
9,-1.0,8,16,33,23854
0,1.0,9,15,24,23855
32,1.0,20,2,54,23856
26,-1.0,6,5,37,23857
0,-1.0,6,18,24,23858
19,1.0,20,0,39,23859
57,-1.0,1,0,58,23860
15,1.0,10,26,51,23861
5,-1.0,21,9,35,23862
59,-1.0,12,2,73,23863
7,1.0,10,29,46,23864
3,1.0,20,10,33,23865
36,1.0,2,18,56,23866
8,1.0,35,0,43,23867
17,-1.0,16,5,38,23868
15,-1.0,11,22,48,23869
8,-1.0,20,9,37,23870
21,1.0,18,17,56,23871
14,-1.0,5,17,36,23872
11,1.0,9,10,30,23873
17,-1.0,3,11,31,23874
16,1.0,21,0,37,23875
58,1.0,13,5,76,23876
6,-1.0,10,21,37,23877
29,-1.0,41,4,74,23878
18,-1.0,0,36,54,23879
4,1.0,22,16,42,23880
5,-1.0,13,7,25,23881
61,1.0,2,1,64,23882
26,-1.0,9,13,48,23883
26,1.0,1,21,48,23884
11,1.0,30,18,59,23885
12,1.0,31,42,85,23886
45,-1.0,0,27,72,23887
24,1.0,34,16,74,23888
18,1.0,6,50,74,23889
37,-1.0,10,8,55,23890
65,-1.0,0,5,70,23891
29,-1.0,7,9,45,23892
1,1.0,26,11,38,23893
4,-1.0,20,0,24,23894
17,1.0,17,22,56,23895
12,-1.0,15,14,41,23896
13,-1.0,25,3,41,23897
24,1.0,16,8,48,23898
55,-1.0,3,2,60,23899
4,-1.0,16,10,30,23900
40,1.0,4,2,46,23901
26,-1.0,10,9,45,23902
8,-1.0,9,20,37,23903
21,1.0,1,15,37,23904
8,-1.0,9,17,34,23905
0,-1.0,1,22,23,23906
2,1.0,21,2,25,23907
53,1.0,44,0,97,23908
26,1.0,1,12,39,23909
24,-1.0,15,8,47,23910
2,-1.0,23,2,27,23911
21,1.0,19,2,42,23912
29,-1.0,10,17,56,23913
18,-1.0,18,1,37,23914
46,1.0,0,21,67,23915
0,-1.0,27,14,41,23916
22,-1.0,19,18,59,23917
14,-1.0,25,15,54,23918
33,-1.0,5,6,44,23919
43,1.0,15,14,72,23920
34,1.0,17,2,53,23921
48,1.0,2,9,59,23922
18,1.0,1,17,36,23923
19,1.0,24,13,56,23924
20,-1.0,15,27,62,23925
13,1.0,7,29,49,23926
4,1.0,13,19,36,23927
29,-1.0,11,11,51,23928
56,-1.0,12,7,75,23929
13,-1.0,23,5,41,23930
24,1.0,0,20,44,23931
25,1.0,0,12,37,23932
24,-1.0,13,7,44,23933
1,-1.0,1,18,20,23934
17,1.0,20,2,39,23935
35,1.0,6,6,47,23936
25,1.0,13,7,45,23937
8,1.0,13,15,36,23938
21,-1.0,9,5,35,23939
35,-1.0,4,6,45,23940
40,-1.0,1,20,61,23941
100,-1.0,0,9,109,23942
20,-1.0,7,33,60,23943
32,-1.0,43,8,83,23944
26,1.0,9,14,49,23945
8,1.0,44,7,59,23946
25,1.0,16,7,48,23947
26,-1.0,18,13,57,23948
12,-1.0,29,12,53,23949
5,1.0,6,34,45,23950
25,1.0,24,40,89,23951
76,1.0,12,4,92,23952
14,-1.0,18,8,40,23953
31,-1.0,11,2,44,23954
33,1.0,3,7,43,23955
21,1.0,0,14,35,23956
15,-1.0,11,6,32,23957
3,1.0,22,2,27,23958
14,-1.0,12,10,36,23959
48,1.0,27,0,75,23960
16,-1.0,9,8,33,23961
35,1.0,2,2,39,23962
18,1.0,8,8,34,23963
23,1.0,7,14,44,23964
5,1.0,4,17,26,23965
37,1.0,17,0,54,23966
19,1.0,18,9,46,23967
44,1.0,4,2,50,23968
2,-1.0,8,14,24,23969
50,-1.0,0,23,73,23970
11,1.0,9,15,35,23971
26,1.0,15,7,48,23972
5,-1.0,17,7,29,23973
1,1.0,21,10,32,23974
2,1.0,12,13,27,23975
19,-1.0,0,26,45,23976
16,-1.0,24,6,46,23977
2,1.0,21,11,34,23978
31,1.0,12,12,55,23979
41,-1.0,0,5,46,23980
7,-1.0,28,6,41,23981
62,1.0,13,3,78,23982
6,-1.0,18,19,43,23983
2,1.0,9,23,34,23984
46,1.0,3,14,63,23985
9,1.0,20,6,35,23986
18,-1.0,12,13,43,23987
9,-1.0,16,9,34,23988
14,1.0,15,10,39,23989
47,-1.0,15,2,64,23990
13,-1.0,13,9,35,23991
7,1.0,39,11,57,23992
10,1.0,13,4,27,23993
50,1.0,4,0,54,23994
9,1.0,8,15,32,23995
29,-1.0,8,10,47,23996
15,-1.0,14,0,29,23997
30,-1.0,10,11,51,23998
1,-1.0,11,17,29,23999
32,-1.0,17,6,55,24000
31,-1.0,7,22,60,24001
6,1.0,2,32,40,24002
24,1.0,3,13,40,24003
13,1.0,15,6,34,24004
27,-1.0,46,4,77,24005
48,1.0,5,21,74,24006
42,-1.0,7,1,50,24007
26,-1.0,27,11,64,24008
11,-1.0,11,14,36,24009
44,1.0,5,16,65,24010
9,-1.0,23,10,42,24011
3,-1.0,19,24,46,24012
14,-1.0,19,0,33,24013
3,-1.0,5,15,23,24014
16,1.0,3,9,28,24015
13,-1.0,12,12,37,24016
20,-1.0,14,20,54,24017
22,1.0,0,14,36,24018
18,1.0,0,19,37,24019
0,-1.0,2,23,25,24020
5,1.0,24,0,29,24021
1,-1.0,21,0,22,24022
10,-1.0,13,2,25,24023
18,-1.0,5,21,44,24024
15,-1.0,24,25,64,24025
12,1.0,13,17,42,24026
3,-1.0,4,23,30,24027
2,-1.0,11,19,32,24028
17,1.0,8,6,31,24029
28,-1.0,6,2,36,24030
32,-1.0,0,26,58,24031
15,1.0,14,1,30,24032
6,1.0,38,0,44,24033
46,-1.0,0,38,84,24034
19,1.0,4,18,41,24035
8,-1.0,2,33,43,24036
10,1.0,5,15,30,24037
24,1.0,2,12,38,24038
15,1.0,14,0,29,24039
7,-1.0,1,22,30,24040
18,1.0,23,1,42,24041
5,1.0,1,34,40,24042
21,1.0,0,15,36,24043
15,1.0,17,10,42,24044
21,1.0,10,21,52,24045
33,1.0,16,0,49,24046
15,1.0,1,18,34,24047
17,-1.0,34,8,59,24048
9,1.0,9,9,27,24049
11,1.0,6,20,37,24050
11,1.0,17,2,30,24051
28,-1.0,22,2,52,24052
13,-1.0,1,19,33,24053
12,1.0,11,7,30,24054
4,-1.0,2,24,30,24055
56,-1.0,2,2,60,24056
9,1.0,13,9,31,24057
17,1.0,2,13,32,24058
1,1.0,25,4,30,24059
10,-1.0,20,3,33,24060
14,-1.0,1,28,43,24061
25,1.0,10,7,42,24062
36,1.0,19,1,56,24063
37,-1.0,14,3,54,24064
33,1.0,25,34,92,24065
2,-1.0,20,6,28,24066
24,1.0,5,16,45,24067
27,-1.0,11,4,42,24068
25,-1.0,9,9,43,24069
23,1.0,3,26,52,24070
28,-1.0,5,4,37,24071
13,-1.0,18,3,34,24072
42,1.0,0,6,48,24073
31,1.0,3,12,46,24074
1,-1.0,2,19,22,24075
3,-1.0,14,8,25,24076
23,1.0,1,21,45,24077
6,-1.0,4,17,27,24078
31,1.0,1,11,43,24079
24,-1.0,2,12,38,24080
7,-1.0,6,16,29,24081
14,1.0,2,10,26,24082
67,1.0,11,3,81,24083
17,-1.0,11,6,34,24084
20,1.0,14,3,37,24085
27,-1.0,9,4,40,24086
32,1.0,9,0,41,24087
3,1.0,24,4,31,24088
9,-1.0,18,2,29,24089
83,-1.0,4,0,87,24090
11,-1.0,20,9,40,24091
93,-1.0,10,0,103,24092
13,-1.0,32,9,54,24093
44,1.0,4,22,70,24094
46,-1.0,0,7,53,24095
18,1.0,3,21,42,24096
58,-1.0,1,4,63,24097
36,-1.0,4,19,59,24098
1,-1.0,9,29,39,24099
1,-1.0,5,22,28,24100
40,-1.0,9,5,54,24101
22,1.0,8,2,32,24102
27,1.0,0,12,39,24103
90,-1.0,3,4,97,24104
16,1.0,3,15,34,24105
39,1.0,2,1,42,24106
19,-1.0,8,11,38,24107
13,-1.0,0,24,37,24108
2,1.0,6,18,26,24109
10,-1.0,9,14,33,24110
9,-1.0,17,12,38,24111
24,-1.0,7,8,39,24112
2,1.0,33,1,36,24113
56,1.0,5,8,69,24114
1,-1.0,29,15,45,24115
5,1.0,29,5,39,24116
17,1.0,7,12,36,24117
17,-1.0,12,8,37,24118
5,-1.0,17,8,30,24119
12,-1.0,6,13,31,24120
20,-1.0,12,1,33,24121
21,-1.0,12,3,36,24122
0,1.0,0,20,20,24123
62,-1.0,0,10,72,24124
34,1.0,7,5,46,24125
25,1.0,7,11,43,24126
16,-1.0,15,2,33,24127
13,1.0,15,3,31,24128
12,-1.0,32,6,50,24129
36,1.0,2,7,45,24130
18,1.0,11,8,37,24131
18,-1.0,15,5,38,24132
35,-1.0,19,4,58,24133
4,-1.0,6,25,35,24134
9,1.0,28,6,43,24135
1,-1.0,11,22,34,24136
10,1.0,27,1,38,24137
22,-1.0,6,18,46,24138
34,1.0,9,3,46,24139
24,1.0,4,9,37,24140
7,1.0,31,6,44,24141
11,-1.0,13,29,53,24142
27,-1.0,19,1,47,24143
21,-1.0,5,7,33,24144
31,1.0,9,3,43,24145
64,-1.0,5,10,79,24146
34,-1.0,1,26,61,24147
9,1.0,8,37,54,24148
12,-1.0,23,12,47,24149
8,1.0,7,12,27,24150
24,1.0,2,6,32,24151
3,1.0,24,0,27,24152
62,-1.0,3,2,67,24153
21,1.0,14,5,40,24154
51,-1.0,4,0,55,24155
59,-1.0,2,12,73,24156
29,1.0,5,19,53,24157
14,1.0,8,15,37,24158
5,-1.0,17,18,40,24159
2,-1.0,4,22,28,24160
24,-1.0,11,10,45,24161
67,1.0,4,0,71,24162
51,1.0,3,3,57,24163
13,-1.0,3,34,50,24164
26,1.0,3,8,37,24165
27,-1.0,0,30,57,24166
16,-1.0,0,38,54,24167
25,-1.0,13,10,48,24168
23,1.0,1,28,52,24169
3,-1.0,20,6,29,24170
40,-1.0,6,4,50,24171
26,-1.0,0,20,46,24172
34,-1.0,0,11,45,24173
25,-1.0,0,14,39,24174
9,1.0,9,7,25,24175
9,1.0,18,19,46,24176
54,1.0,3,14,71,24177
2,1.0,21,6,29,24178
30,1.0,15,0,45,24179
6,1.0,8,13,27,24180
2,1.0,0,20,22,24181
36,-1.0,8,0,44,24182
35,-1.0,1,0,36,24183
24,-1.0,21,6,51,24184
22,-1.0,3,14,39,24185
28,1.0,5,6,39,24186
25,1.0,7,5,37,24187
52,1.0,8,20,80,24188
5,-1.0,29,11,45,24189
32,1.0,13,7,52,24190
22,-1.0,6,14,42,24191
15,1.0,5,10,30,24192
2,-1.0,30,0,32,24193
26,1.0,9,3,38,24194
67,-1.0,14,2,83,24195
14,-1.0,11,11,36,24196
8,1.0,17,28,53,24197
2,1.0,15,24,41,24198
34,1.0,21,0,55,24199
55,1.0,4,0,59,24200
7,-1.0,9,20,36,24201
36,1.0,3,4,43,24202
36,1.0,12,1,49,24203
2,-1.0,24,3,29,24204
25,1.0,0,8,33,24205
1,-1.0,4,19,24,24206
34,1.0,15,5,54,24207
9,-1.0,16,1,26,24208
1,-1.0,16,10,27,24209
22,-1.0,2,31,55,24210
35,-1.0,1,17,53,24211
22,-1.0,0,31,53,24212
10,-1.0,10,7,27,24213
21,-1.0,7,12,40,24214
40,1.0,8,0,48,24215
26,-1.0,1,16,43,24216
24,1.0,17,2,43,24217
22,1.0,1,16,39,24218
37,-1.0,6,31,74,24219
18,-1.0,2,22,42,24220
72,-1.0,0,29,101,24221
5,1.0,14,17,36,24222
129,-1.0,1,50,180,24223
48,1.0,30,10,88,24224
21,-1.0,9,25,55,24225
42,1.0,4,9,55,24226
6,-1.0,31,0,37,24227
127,-1.0,8,3,138,24228
35,-1.0,18,53,106,24229
1,-1.0,18,27,46,24230
43,1.0,0,38,81,24231
169,-1.0,0,36,205,24232
19,1.0,49,0,68,24233
81,-1.0,4,5,90,24234
38,1.0,9,13,60,24235
45,1.0,7,6,58,24236
31,1.0,11,10,52,24237
28,-1.0,7,22,57,24238
1,-1.0,8,33,42,24239
18,1.0,4,24,46,24240
44,1.0,5,12,61,24241
66,-1.0,13,0,79,24242
6,1.0,18,15,39,24243
16,1.0,17,1,34,24244
9,-1.0,22,15,46,24245
10,1.0,8,19,37,24246
48,-1.0,30,3,81,24247
5,1.0,23,4,32,24248
32,1.0,2,20,54,24249
2,1.0,4,27,33,24250
41,-1.0,7,3,51,24251
51,1.0,20,0,71,24252
20,1.0,6,3,29,24253
5,-1.0,6,31,42,24254
29,-1.0,12,0,41,24255
38,1.0,4,9,51,24256
23,-1.0,15,0,38,24257
11,-1.0,24,0,35,24258
39,-1.0,1,14,54,24259
4,1.0,24,5,33,24260
10,1.0,15,12,37,24261
0,0.0,7,30,37,24262
24,1.0,22,10,56,24263
8,-1.0,11,9,28,24264
8,1.0,23,1,32,24265
5,1.0,20,2,27,24266
7,1.0,19,15,41,24267
23,1.0,10,9,42,24268
49,1.0,4,17,70,24269
11,-1.0,17,6,34,24270
6,1.0,14,13,33,24271
30,-1.0,20,13,63,24272
7,-1.0,5,25,37,24273
12,1.0,13,12,37,24274
7,1.0,15,7,29,24275
17,-1.0,2,33,52,24276
2,-1.0,10,15,27,24277
74,1.0,0,14,88,24278
15,1.0,4,30,49,24279
13,1.0,2,26,41,24280
14,1.0,36,0,50,24281
52,1.0,3,3,58,24282
38,-1.0,22,2,62,24283
103,1.0,15,0,118,24284
8,1.0,15,18,41,24285
15,1.0,3,48,66,24286
5,1.0,19,3,27,24287
7,-1.0,22,4,33,24288
31,1.0,0,29,60,24289
5,1.0,14,33,52,24290
22,-1.0,12,8,42,24291
63,-1.0,4,8,75,24292
38,1.0,4,13,55,24293
8,1.0,12,10,30,24294
1,-1.0,21,1,23,24295
19,1.0,4,13,36,24296
5,1.0,12,21,38,24297
25,-1.0,14,1,40,24298
1,1.0,17,4,22,24299
8,1.0,7,15,30,24300
0,0.0,12,9,21,24301
21,1.0,7,7,35,24302
9,1.0,20,5,34,24303
30,-1.0,8,17,55,24304
2,1.0,29,0,31,24305
21,-1.0,0,27,48,24306
3,1.0,15,17,35,24307
19,-1.0,10,19,48,24308
28,1.0,2,22,52,24309
49,1.0,5,8,62,24310
16,-1.0,23,4,43,24311
17,1.0,7,14,38,24312
56,1.0,7,3,66,24313
40,1.0,15,1,56,24314
44,1.0,1,4,49,24315
44,1.0,12,2,58,24316
7,1.0,27,50,84,24317
25,1.0,23,1,49,24318
12,1.0,30,11,53,24319
15,-1.0,17,7,39,24320
15,1.0,20,0,35,24321
2,-1.0,13,23,38,24322
28,1.0,7,13,48,24323
14,1.0,12,14,40,24324
3,-1.0,17,2,22,24325
21,-1.0,6,32,59,24326
61,-1.0,1,2,64,24327
8,1.0,25,1,34,24328
5,1.0,8,7,20,24329
8,1.0,10,10,28,24330
19,1.0,12,8,39,24331
103,-1.0,6,14,123,24332
23,1.0,12,13,48,24333
73,1.0,21,9,103,24334
12,-1.0,10,4,26,24335
45,1.0,13,4,62,24336
20,-1.0,9,32,61,24337
18,-1.0,5,25,48,24338
22,1.0,11,3,36,24339
10,-1.0,6,30,46,24340
1,-1.0,35,4,40,24341
27,1.0,15,2,44,24342
21,1.0,7,31,59,24343
1,1.0,20,20,41,24344
22,1.0,24,1,47,24345
35,1.0,1,12,48,24346
2,1.0,7,22,31,24347
1,-1.0,2,28,31,24348
33,1.0,1,11,45,24349
27,-1.0,2,7,36,24350
29,-1.0,4,10,43,24351
14,-1.0,5,11,30,24352
15,1.0,18,3,36,24353
1,-1.0,18,8,27,24354
45,-1.0,1,4,50,24355
194,-1.0,0,17,211,24356
24,1.0,20,29,73,24357
16,-1.0,8,44,68,24358
13,-1.0,12,8,33,24359
16,-1.0,8,20,44,24360
32,1.0,12,6,50,24361
7,-1.0,9,27,43,24362
6,-1.0,1,27,34,24363
14,-1.0,14,2,30,24364
8,-1.0,24,0,32,24365
97,-1.0,1,0,98,24366
42,-1.0,0,15,57,24367
40,-1.0,1,16,57,24368
43,1.0,16,7,66,24369
1,1.0,29,0,30,24370
17,1.0,17,4,38,24371
38,-1.0,0,14,52,24372
30,1.0,6,9,45,24373
15,-1.0,17,5,37,24374
48,1.0,7,6,61,24375
1,-1.0,15,14,30,24376
52,1.0,10,0,62,24377
32,1.0,17,0,49,24378
11,1.0,2,15,28,24379
2,-1.0,20,20,42,24380
82,1.0,0,56,138,24381
12,-1.0,14,9,35,24382
3,-1.0,12,8,23,24383
13,1.0,11,18,42,24384
5,-1.0,0,25,30,24385
5,-1.0,8,14,27,24386
11,-1.0,1,19,31,24387
22,-1.0,1,7,30,24388
31,-1.0,5,10,46,24389
12,1.0,17,2,31,24390
5,1.0,10,9,24,24391
33,1.0,2,7,42,24392
15,1.0,16,33,64,24393
11,1.0,7,24,42,24394
13,1.0,18,2,33,24395
20,1.0,5,11,36,24396
4,-1.0,27,10,41,24397
3,1.0,4,24,31,24398
17,-1.0,12,10,39,24399
3,1.0,8,13,24,24400
23,1.0,1,31,55,24401
52,-1.0,1,3,56,24402
19,1.0,10,8,37,24403
6,-1.0,14,4,24,24404
44,1.0,8,8,60,24405
6,-1.0,24,3,33,24406
20,-1.0,0,21,41,24407
57,1.0,21,0,78,24408
3,1.0,10,21,34,24409
39,1.0,11,22,72,24410
43,-1.0,39,0,82,24411
43,-1.0,2,22,67,24412
32,1.0,3,17,52,24413
22,-1.0,34,3,59,24414
30,1.0,12,5,47,24415
12,1.0,19,5,36,24416
5,1.0,11,60,76,24417
70,-1.0,4,10,84,24418
47,-1.0,19,4,70,24419
46,-1.0,12,0,58,24420
24,1.0,13,8,45,24421
107,-1.0,0,15,122,24422
23,1.0,32,1,56,24423
17,-1.0,16,2,35,24424
25,-1.0,1,13,39,24425
6,1.0,14,15,35,24426
3,-1.0,16,11,30,24427
12,1.0,28,2,42,24428
12,-1.0,24,6,42,24429
41,1.0,22,7,70,24430
14,1.0,11,7,32,24431
9,1.0,11,9,29,24432
20,1.0,6,8,34,24433
8,-1.0,0,36,44,24434
39,1.0,7,0,46,24435
19,-1.0,15,2,36,24436
41,-1.0,5,10,56,24437
3,1.0,25,4,32,24438
1,-1.0,16,16,33,24439
44,-1.0,0,18,62,24440
2,1.0,26,20,48,24441
19,1.0,11,1,31,24442
29,-1.0,12,10,51,24443
1,-1.0,8,28,37,24444
13,1.0,7,24,44,24445
74,1.0,20,0,94,24446
15,1.0,16,7,38,24447
9,1.0,29,13,51,24448
24,1.0,6,12,42,24449
35,-1.0,9,7,51,24450
29,1.0,0,37,66,24451
31,-1.0,8,7,46,24452
12,1.0,12,12,36,24453
0,0.0,1,33,34,24454
21,1.0,7,4,32,24455
16,-1.0,5,17,38,24456
25,-1.0,10,3,38,24457
65,1.0,5,0,70,24458
8,-1.0,11,13,32,24459
20,-1.0,10,3,33,24460
26,-1.0,4,18,48,24461
62,1.0,1,8,71,24462
4,1.0,14,14,32,24463
36,1.0,0,4,40,24464
20,1.0,18,2,40,24465
9,-1.0,27,5,41,24466
26,-1.0,21,4,51,24467
69,1.0,15,38,122,24468
16,-1.0,12,0,28,24469
105,-1.0,4,10,119,24470
24,1.0,35,9,68,24471
41,1.0,11,18,70,24472
28,-1.0,23,4,55,24473
5,-1.0,12,3,20,24474
1,1.0,23,5,29,24475
17,1.0,2,15,34,24476
14,1.0,8,23,45,24477
10,1.0,7,16,33,24478
21,1.0,13,2,36,24479
35,1.0,4,6,45,24480
6,-1.0,9,9,24,24481
13,1.0,3,17,33,24482
21,-1.0,8,0,29,24483
18,-1.0,5,11,34,24484
36,-1.0,4,4,44,24485
18,-1.0,18,4,40,24486
5,-1.0,21,2,28,24487
76,-1.0,4,25,105,24488
53,-1.0,15,14,82,24489
37,1.0,8,10,55,24490
4,-1.0,22,16,42,24491
35,-1.0,10,10,55,24492
41,-1.0,0,27,68,24493
19,1.0,23,11,53,24494
40,1.0,6,5,51,24495
52,1.0,7,12,71,24496
8,-1.0,29,5,42,24497
3,-1.0,0,46,49,24498
24,-1.0,6,30,60,24499
45,1.0,21,0,66,24500
30,1.0,10,16,56,24501
56,-1.0,0,2,58,24502
37,1.0,3,4,44,24503
5,1.0,15,8,28,24504
5,-1.0,14,5,24,24505
8,1.0,1,17,26,24506
1,-1.0,1,22,24,24507
39,-1.0,2,7,48,24508
39,-1.0,4,16,59,24509
11,-1.0,3,23,37,24510
4,-1.0,18,14,36,24511
82,-1.0,13,2,97,24512
16,-1.0,26,29,71,24513
4,1.0,22,14,40,24514
6,-1.0,7,23,36,24515
20,-1.0,11,21,52,24516
1,1.0,13,24,38,24517
3,1.0,24,14,41,24518
15,-1.0,0,16,31,24519
69,-1.0,1,18,88,24520
49,1.0,0,19,68,24521
62,-1.0,4,1,67,24522
20,-1.0,29,2,51,24523
75,-1.0,0,6,81,24524
63,1.0,8,0,71,24525
64,1.0,2,1,67,24526
3,-1.0,1,32,36,24527
54,1.0,13,12,79,24528
16,1.0,32,1,49,24529
0,1.0,6,24,30,24530
22,-1.0,14,19,55,24531
149,-1.0,26,9,184,24532
64,1.0,11,28,103,24533
67,1.0,14,19,100,24534
64,-1.0,3,25,92,24535
51,1.0,2,5,58,24536
31,1.0,28,0,59,24537
17,1.0,27,0,44,24538
5,-1.0,8,26,39,24539
60,-1.0,13,8,81,24540
26,-1.0,36,10,72,24541
28,-1.0,0,26,54,24542
9,-1.0,0,36,45,24543
39,1.0,1,17,57,24544
35,1.0,14,24,73,24545
19,-1.0,31,10,60,24546
7,1.0,14,2,23,24547
29,-1.0,0,18,47,24548
36,1.0,6,12,54,24549
13,-1.0,21,18,52,24550
23,1.0,8,8,39,24551
35,-1.0,6,1,42,24552
12,-1.0,19,4,35,24553
13,1.0,8,22,43,24554
16,1.0,8,14,38,24555
31,1.0,15,3,49,24556
17,1.0,4,16,37,24557
3,-1.0,19,5,27,24558
1,-1.0,30,0,31,24559
25,-1.0,5,12,42,24560
41,-1.0,5,0,46,24561
11,1.0,15,22,48,24562
7,-1.0,28,8,43,24563
3,1.0,13,8,24,24564
69,-1.0,2,0,71,24565
14,1.0,2,32,48,24566
25,-1.0,1,18,44,24567
6,1.0,17,23,46,24568
78,1.0,54,1,133,24569
4,-1.0,26,24,54,24570
27,-1.0,20,0,47,24571
4,1.0,13,21,38,24572
34,-1.0,11,0,45,24573
7,1.0,13,23,43,24574
34,-1.0,2,16,52,24575
15,-1.0,11,5,31,24576
55,1.0,21,3,79,24577
3,-1.0,11,22,36,24578
126,-1.0,0,0,126,24579
36,1.0,8,15,59,24580
10,-1.0,4,42,56,24581
5,-1.0,18,2,25,24582
11,-1.0,21,2,34,24583
6,-1.0,20,11,37,24584
5,-1.0,8,16,29,24585
10,-1.0,13,17,40,24586
8,1.0,18,2,28,24587
51,-1.0,0,8,59,24588
29,1.0,20,5,54,24589
39,1.0,3,5,47,24590
11,1.0,4,12,27,24591
45,-1.0,1,22,68,24592
3,1.0,8,28,39,24593
9,1.0,12,16,37,24594
12,-1.0,13,2,27,24595
45,-1.0,0,4,49,24596
31,1.0,2,6,39,24597
16,-1.0,13,9,38,24598
20,1.0,18,1,39,24599
19,1.0,12,1,32,24600
24,1.0,14,12,50,24601
39,-1.0,11,12,62,24602
13,-1.0,6,19,38,24603
3,-1.0,14,18,35,24604
51,1.0,17,0,68,24605
47,-1.0,8,15,70,24606
43,-1.0,0,12,55,24607
50,1.0,6,1,57,24608
0,-1.0,27,10,37,24609
14,1.0,21,2,37,24610
22,-1.0,21,3,46,24611
29,1.0,16,16,61,24612
14,-1.0,5,20,39,24613
42,1.0,5,1,48,24614
4,1.0,23,4,31,24615
21,-1.0,19,1,41,24616
32,-1.0,2,17,51,24617
19,1.0,12,20,51,24618
35,1.0,6,4,45,24619
7,-1.0,12,11,30,24620
34,-1.0,11,2,47,24621
8,-1.0,16,4,28,24622
23,1.0,11,3,37,24623
10,-1.0,1,20,31,24624
4,1.0,29,8,41,24625
86,1.0,8,8,102,24626
17,1.0,4,18,39,24627
33,1.0,12,0,45,24628
25,1.0,0,20,45,24629
8,-1.0,25,4,37,24630
11,-1.0,11,18,40,24631
24,1.0,6,13,43,24632
1,1.0,26,0,27,24633
22,-1.0,8,9,39,24634
37,-1.0,7,10,54,24635
36,1.0,8,12,56,24636
7,1.0,2,26,35,24637
82,-1.0,4,8,94,24638
34,-1.0,0,13,47,24639
26,-1.0,0,27,53,24640
110,-1.0,20,11,141,24641
28,1.0,32,22,82,24642
63,1.0,7,3,73,24643
11,1.0,8,9,28,24644
3,-1.0,48,1,52,24645
45,-1.0,4,28,77,24646
17,-1.0,8,15,40,24647
0,1.0,7,16,23,24648
24,-1.0,1,17,42,24649
15,-1.0,16,10,41,24650
16,1.0,15,2,33,24651
48,-1.0,2,11,61,24652
8,-1.0,26,15,49,24653
28,1.0,21,0,49,24654
24,-1.0,22,28,74,24655
14,1.0,1,22,37,24656
9,-1.0,6,18,33,24657
48,-1.0,3,17,68,24658
16,1.0,24,4,44,24659
0,1.0,4,18,22,24660
15,1.0,3,19,37,24661
5,-1.0,17,77,99,24662
13,-1.0,9,10,32,24663
41,1.0,3,28,72,24664
1,-1.0,14,17,32,24665
5,1.0,7,14,26,24666
25,-1.0,12,12,49,24667
36,1.0,7,2,45,24668
0,1.0,24,4,28,24669
41,-1.0,3,20,64,24670
2,-1.0,4,29,35,24671
36,1.0,51,8,95,24672
25,-1.0,3,75,103,24673
21,-1.0,2,21,44,24674
49,1.0,13,5,67,24675
7,1.0,10,15,32,24676
62,1.0,34,0,96,24677
32,-1.0,10,26,68,24678
14,1.0,1,26,41,24679
3,-1.0,40,10,53,24680
13,1.0,25,0,38,24681
0,1.0,8,33,41,24682
40,-1.0,11,0,51,24683
2,1.0,9,21,32,24684
9,-1.0,1,26,36,24685
48,-1.0,0,8,56,24686
17,-1.0,8,53,78,24687
7,1.0,21,25,53,24688
21,1.0,26,0,47,24689
19,-1.0,1,14,34,24690
42,1.0,20,4,66,24691
10,1.0,2,29,41,24692
21,1.0,12,60,93,24693
4,-1.0,3,21,28,24694
1,-1.0,7,32,40,24695
5,-1.0,23,16,44,24696
33,1.0,8,4,45,24697
30,-1.0,7,19,56,24698
2,1.0,20,10,32,24699
41,-1.0,4,4,49,24700
3,1.0,7,22,32,24701
13,1.0,19,3,35,24702
37,1.0,5,9,51,24703
27,-1.0,2,9,38,24704
52,-1.0,3,17,72,24705
10,1.0,6,17,33,24706
8,-1.0,21,4,33,24707
12,-1.0,11,4,27,24708
47,1.0,8,1,56,24709
11,1.0,17,1,29,24710
11,1.0,1,19,31,24711
14,-1.0,2,21,37,24712
3,-1.0,13,18,34,24713
70,1.0,9,0,79,24714
29,1.0,10,15,54,24715
28,1.0,14,1,43,24716
12,-1.0,3,22,37,24717
18,1.0,6,9,33,24718
4,1.0,2,20,26,24719
24,-1.0,8,12,44,24720
19,-1.0,0,27,46,24721
23,-1.0,6,6,35,24722
21,-1.0,3,21,45,24723
12,-1.0,3,13,28,24724
20,1.0,17,7,44,24725
15,1.0,11,11,37,24726
83,1.0,4,0,87,24727
2,1.0,9,17,28,24728
32,-1.0,9,3,44,24729
5,-1.0,13,8,26,24730
0,-1.0,10,9,19,24731
53,-1.0,2,10,65,24732
19,1.0,9,10,38,24733
3,-1.0,4,20,27,24734
12,-1.0,17,3,32,24735
38,-1.0,3,12,53,24736
0,-1.0,15,19,34,24737
19,-1.0,0,32,51,24738
9,1.0,4,30,43,24739
15,1.0,6,13,34,24740
1,-1.0,7,21,29,24741
17,1.0,18,2,37,24742
40,-1.0,8,5,53,24743
47,1.0,19,18,84,24744
18,1.0,6,14,38,24745
19,1.0,1,18,38,24746
2,-1.0,3,17,22,24747
4,-1.0,0,30,34,24748
8,1.0,7,20,35,24749
19,1.0,1,30,50,24750
13,-1.0,11,8,32,24751
5,-1.0,8,15,28,24752
16,1.0,8,4,28,24753
8,1.0,14,7,29,24754
11,-1.0,14,7,32,24755
39,1.0,10,9,58,24756
36,-1.0,1,7,44,24757
16,-1.0,0,36,52,24758
88,-1.0,0,47,135,24759
65,-1.0,13,7,85,24760
16,1.0,23,23,62,24761
49,-1.0,2,32,83,24762
17,1.0,22,25,64,24763
13,-1.0,15,12,40,24764
111,-1.0,0,12,123,24765
3,-1.0,1,59,63,24766
13,1.0,24,15,52,24767
53,1.0,4,22,79,24768
26,1.0,8,3,37,24769
17,1.0,3,22,42,24770
11,-1.0,6,20,37,24771
8,1.0,32,3,43,24772
30,-1.0,11,1,42,24773
16,-1.0,7,31,54,24774
39,-1.0,8,21,68,24775
31,-1.0,7,33,71,24776
11,1.0,13,14,38,24777
32,-1.0,20,11,63,24778
54,-1.0,1,11,66,24779
25,-1.0,2,24,51,24780
20,1.0,0,49,69,24781
52,1.0,20,1,73,24782
7,1.0,0,38,45,24783
3,1.0,15,13,31,24784
2,-1.0,16,15,33,24785
35,1.0,5,15,55,24786
29,-1.0,2,9,40,24787
11,-1.0,11,0,22,24788
8,-1.0,5,13,26,24789
3,1.0,23,0,26,24790
11,-1.0,7,8,26,24791
65,1.0,2,4,71,24792
40,-1.0,3,22,65,24793
8,1.0,7,36,51,24794
27,1.0,14,1,42,24795
10,-1.0,21,0,31,24796
3,1.0,23,10,36,24797
85,1.0,3,8,96,24798
1,1.0,17,11,29,24799
25,1.0,0,24,49,24800
30,-1.0,1,14,45,24801
8,-1.0,12,3,23,24802
15,1.0,12,7,34,24803
73,1.0,29,1,103,24804
15,-1.0,15,4,34,24805
5,1.0,6,16,27,24806
24,1.0,21,7,52,24807
2,-1.0,10,16,28,24808
15,-1.0,5,12,32,24809
12,1.0,9,7,28,24810
10,1.0,18,1,29,24811
5,-1.0,0,31,36,24812
29,1.0,9,2,40,24813
8,-1.0,8,16,32,24814
18,-1.0,4,13,35,24815
35,-1.0,0,12,47,24816
5,1.0,9,17,31,24817
22,1.0,21,38,81,24818
7,1.0,21,8,36,24819
14,1.0,10,11,35,24820
1,1.0,7,14,22,24821
52,-1.0,3,26,81,24822
23,1.0,44,1,68,24823
7,-1.0,16,11,34,24824
35,-1.0,3,0,38,24825
24,1.0,11,4,39,24826
7,1.0,9,18,34,24827
1,-1.0,20,13,34,24828
32,-1.0,2,9,43,24829
0,0.0,1,13,14,24830
0,-1.0,2,17,19,24831
32,-1.0,0,9,41,24832
6,-1.0,19,16,41,24833
58,1.0,13,0,71,24834
0,0.0,13,9,22,24835
13,-1.0,5,8,26,24836
45,1.0,22,2,69,24837
5,1.0,15,2,22,24838
12,-1.0,11,11,34,24839
16,-1.0,5,9,30,24840
10,1.0,4,13,27,24841
8,1.0,9,19,36,24842
13,1.0,8,40,61,24843
7,-1.0,2,34,43,24844
6,1.0,12,9,27,24845
11,1.0,2,36,49,24846
20,-1.0,0,14,34,24847
36,1.0,7,1,44,24848
16,-1.0,10,19,45,24849
20,1.0,14,4,38,24850
51,-1.0,2,5,58,24851
9,-1.0,0,25,34,24852
8,-1.0,5,21,34,24853
14,-1.0,0,48,62,24854
11,-1.0,19,11,41,24855
20,-1.0,4,14,38,24856
15,-1.0,7,9,31,24857
15,-1.0,1,12,28,24858
1,1.0,20,0,21,24859
5,1.0,14,10,29,24860
16,1.0,21,8,45,24861
17,1.0,24,1,42,24862
34,-1.0,4,9,47,24863
7,1.0,4,30,41,24864
11,-1.0,2,20,33,24865
18,1.0,8,12,38,24866
0,-1.0,15,5,20,24867
2,1.0,1,30,33,24868
30,1.0,7,24,61,24869
6,1.0,8,15,29,24870
15,1.0,0,17,32,24871
25,1.0,6,2,33,24872
17,-1.0,14,18,49,24873
9,-1.0,17,9,35,24874
0,1.0,2,17,19,24875
11,-1.0,13,7,31,24876
7,1.0,2,24,33,24877
0,1.0,3,22,25,24878
0,-1.0,29,5,34,24879
43,-1.0,1,15,59,24880
10,1.0,1,21,32,24881
19,-1.0,23,3,45,24882
59,1.0,22,4,85,24883
1,-1.0,27,23,51,24884
75,-1.0,0,23,98,24885
24,1.0,21,13,58,24886
14,1.0,29,10,53,24887
42,-1.0,0,8,50,24888
1,-1.0,6,14,21,24889
43,-1.0,1,0,44,24890
6,1.0,9,32,47,24891
30,-1.0,1,8,39,24892
7,-1.0,2,28,37,24893
70,-1.0,8,9,87,24894
36,-1.0,29,3,68,24895
39,1.0,2,44,85,24896
56,-1.0,1,7,64,24897
43,-1.0,0,56,99,24898
84,-1.0,1,2,87,24899
26,-1.0,32,16,74,24900
128,1.0,10,1,139,24901
73,-1.0,4,0,77,24902
26,1.0,3,29,58,24903
18,1.0,6,18,42,24904
52,1.0,0,13,65,24905
40,-1.0,3,15,58,24906
12,1.0,0,22,34,24907
33,-1.0,7,10,50,24908
17,-1.0,13,14,44,24909
87,-1.0,0,6,93,24910
3,-1.0,0,82,85,24911
30,-1.0,19,8,57,24912
0,1.0,27,12,39,24913
37,-1.0,0,23,60,24914
27,1.0,25,25,77,24915
40,-1.0,4,8,52,24916
34,-1.0,9,0,43,24917
62,1.0,0,2,64,24918
31,-1.0,0,25,56,24919
59,-1.0,11,5,75,24920
33,1.0,2,33,68,24921
26,-1.0,6,20,52,24922
82,-1.0,1,15,98,24923
42,-1.0,0,9,51,24924
78,1.0,25,12,115,24925
73,1.0,1,8,82,24926
60,-1.0,26,15,101,24927
28,1.0,37,0,65,24928
23,1.0,7,8,38,24929
6,1.0,28,26,60,24930
112,-1.0,6,2,120,24931
18,-1.0,48,115,181,24932
23,1.0,35,0,58,24933
51,1.0,21,7,79,24934
68,1.0,29,0,97,24935
16,-1.0,26,8,50,24936
13,-1.0,30,26,69,24937
72,-1.0,30,15,117,24938
107,-1.0,18,17,142,24939
38,1.0,11,68,117,24940
21,-1.0,2,30,53,24941
19,1.0,31,23,73,24942
68,1.0,9,12,89,24943
52,-1.0,14,7,73,24944
6,1.0,27,22,55,24945
12,1.0,24,0,36,24946
12,1.0,11,19,42,24947
19,-1.0,32,0,51,24948
11,-1.0,29,2,42,24949
16,-1.0,22,9,47,24950
83,-1.0,11,14,108,24951
17,-1.0,18,26,61,24952
48,1.0,19,5,72,24953
1,1.0,34,17,52,24954
8,-1.0,22,12,42,24955
102,1.0,59,20,181,24956
16,1.0,18,91,125,24957
3,-1.0,16,34,53,24958
5,1.0,8,30,43,24959
34,1.0,5,17,56,24960
12,1.0,3,13,28,24961
28,1.0,1,20,49,24962
8,-1.0,12,18,38,24963
31,1.0,35,2,68,24964
21,1.0,34,0,55,24965
37,1.0,15,0,52,24966
69,1.0,12,0,81,24967
27,-1.0,4,20,51,24968
16,1.0,10,10,36,24969
18,1.0,30,0,48,24970
7,1.0,35,3,45,24971
9,-1.0,21,20,50,24972
22,-1.0,12,20,54,24973
34,-1.0,0,14,48,24974
9,1.0,28,1,38,24975
7,1.0,14,14,35,24976
60,-1.0,1,3,64,24977
12,1.0,1,34,47,24978
36,1.0,12,13,61,24979
44,-1.0,0,5,49,24980
59,1.0,0,1,60,24981
7,1.0,7,25,39,24982
34,-1.0,2,29,65,24983
4,-1.0,3,58,65,24984
30,1.0,19,9,58,24985
7,1.0,35,1,43,24986
9,-1.0,10,28,47,24987
33,1.0,13,7,53,24988
9,1.0,1,23,33,24989
38,-1.0,63,0,101,24990
30,1.0,8,22,60,24991
48,1.0,6,13,67,24992
11,1.0,9,22,42,24993
7,1.0,27,7,41,24994
16,-1.0,9,14,39,24995
16,1.0,38,0,54,24996
10,-1.0,4,13,27,24997
35,-1.0,4,12,51,24998
2,1.0,9,34,45,24999
31,-1.0,0,16,47,25000
20,1.0,29,18,67,25001
14,1.0,0,17,31,25002
7,-1.0,4,19,30,25003
34,1.0,7,3,44,25004
28,1.0,19,0,47,25005
22,-1.0,19,1,42,25006
2,1.0,24,2,28,25007
16,-1.0,10,16,42,25008
13,1.0,22,4,39,25009
57,1.0,3,0,60,25010
23,-1.0,13,8,44,25011
1,-1.0,16,11,28,25012
35,1.0,5,17,57,25013
0,0.0,18,10,28,25014
13,1.0,21,1,35,25015
23,-1.0,12,5,40,25016
2,-1.0,17,13,32,25017
8,1.0,0,35,43,25018
0,0.0,11,3,14,25019
53,-1.0,0,6,59,25020
11,1.0,3,28,42,25021
30,1.0,5,2,37,25022
7,-1.0,15,8,30,25023
8,1.0,13,4,25,25024
40,-1.0,0,4,44,25025
3,1.0,11,14,28,25026
34,-1.0,0,18,52,25027
5,1.0,5,24,34,25028
2,1.0,38,38,78,25029
41,1.0,5,38,84,25030
15,-1.0,13,27,55,25031
4,1.0,5,24,33,25032
14,1.0,21,17,52,25033
31,1.0,16,1,48,25034
20,1.0,7,3,30,25035
25,-1.0,10,5,40,25036
0,-1.0,27,3,30,25037
15,-1.0,17,3,35,25038
9,1.0,21,0,30,25039
3,-1.0,12,11,26,25040
2,1.0,22,1,25,25041
16,-1.0,9,3,28,25042
7,-1.0,7,9,23,25043
7,-1.0,24,4,35,25044
29,1.0,22,0,51,25045
29,-1.0,9,9,47,25046
20,-1.0,14,3,37,25047
56,-1.0,11,8,75,25048
7,1.0,16,21,44,25049
29,-1.0,0,26,55,25050
42,-1.0,0,22,64,25051
50,1.0,3,25,78,25052
34,1.0,17,3,54,25053
28,1.0,1,14,43,25054
2,-1.0,4,27,33,25055
42,1.0,26,63,131,25056
25,-1.0,6,15,46,25057
43,-1.0,0,18,61,25058
13,-1.0,2,26,41,25059
92,-1.0,2,0,94,25060
67,1.0,16,17,100,25061
32,-1.0,9,24,65,25062
11,1.0,0,43,54,25063
2,1.0,24,4,30,25064
45,-1.0,12,10,67,25065
38,1.0,2,6,46,25066
20,1.0,4,15,39,25067
12,-1.0,8,18,38,25068
15,1.0,9,11,35,25069
9,-1.0,3,23,35,25070
27,1.0,21,7,55,25071
12,1.0,13,11,36,25072
11,1.0,9,14,34,25073
6,-1.0,4,20,30,25074
15,-1.0,33,2,50,25075
75,-1.0,0,8,83,25076
12,1.0,15,8,35,25077
13,1.0,12,5,30,25078
6,-1.0,7,14,27,25079
75,1.0,1,2,78,25080
3,1.0,9,25,37,25081
32,1.0,10,2,44,25082
4,1.0,12,20,36,25083
43,-1.0,0,43,86,25084
9,-1.0,5,23,37,25085
34,1.0,8,9,51,25086
22,1.0,2,7,31,25087
7,1.0,14,6,27,25088
11,1.0,9,24,44,25089
3,1.0,17,13,33,25090
1,-1.0,9,15,25,25091
3,1.0,0,26,29,25092
4,-1.0,0,23,27,25093
16,1.0,10,7,33,25094
38,-1.0,13,7,58,25095
19,-1.0,7,11,37,25096
34,1.0,5,3,42,25097
15,1.0,15,11,41,25098
52,-1.0,0,30,82,25099
12,1.0,20,9,41,25100
25,-1.0,9,16,50,25101
40,-1.0,8,3,51,25102
58,-1.0,9,20,87,25103
20,1.0,12,5,37,25104
4,-1.0,18,12,34,25105
8,-1.0,12,12,32,25106
35,-1.0,2,11,48,25107
61,1.0,28,13,102,25108
47,1.0,0,24,71,25109
5,1.0,6,31,42,25110
3,1.0,8,37,48,25111
1,1.0,34,4,39,25112
42,-1.0,8,3,53,25113
0,-1.0,22,11,33,25114
16,1.0,7,12,35,25115
6,-1.0,17,11,34,25116
19,-1.0,7,5,31,25117
0,0.0,16,8,24,25118
28,-1.0,7,8,43,25119
3,1.0,4,23,30,25120
35,1.0,10,3,48,25121
20,1.0,8,6,34,25122
5,1.0,4,32,41,25123
47,1.0,2,0,49,25124
31,1.0,1,4,36,25125
10,1.0,2,16,28,25126
33,-1.0,1,17,51,25127
2,1.0,3,32,37,25128
36,1.0,17,3,56,25129
34,1.0,5,11,50,25130
24,1.0,16,19,59,25131
31,-1.0,18,13,62,25132
21,-1.0,20,0,41,25133
19,-1.0,18,42,79,25134
8,1.0,13,2,23,25135
36,1.0,17,13,66,25136
42,-1.0,5,12,59,25137
3,-1.0,3,24,30,25138
15,1.0,11,9,35,25139
28,-1.0,0,13,41,25140
1,-1.0,1,35,37,25141
2,1.0,19,17,38,25142
17,1.0,6,10,33,25143
60,1.0,4,8,72,25144
5,-1.0,12,13,30,25145
16,-1.0,21,5,42,25146
3,1.0,4,16,23,25147
25,1.0,13,0,38,25148
12,1.0,5,13,30,25149
65,1.0,11,26,102,25150
30,1.0,12,1,43,25151
24,1.0,8,20,52,25152
19,-1.0,4,17,40,25153
51,-1.0,2,3,56,25154
14,-1.0,18,30,62,25155
12,-1.0,30,10,52,25156
3,-1.0,0,31,34,25157
20,1.0,4,5,29,25158
20,1.0,15,10,45,25159
9,-1.0,1,27,37,25160
13,1.0,10,2,25,25161
12,1.0,9,13,34,25162
39,-1.0,4,2,45,25163
0,-1.0,10,17,27,25164
29,-1.0,1,7,37,25165
0,-1.0,9,16,25,25166
6,-1.0,18,4,28,25167
13,1.0,3,25,41,25168
13,-1.0,22,2,37,25169
11,1.0,32,5,48,25170
15,-1.0,7,13,35,25171
23,1.0,19,13,55,25172
24,-1.0,8,2,34,25173
20,-1.0,26,0,46,25174
9,-1.0,9,10,28,25175
0,-1.0,5,16,21,25176
7,-1.0,14,11,32,25177
8,1.0,7,29,44,25178
29,-1.0,10,1,40,25179
10,-1.0,2,20,32,25180
70,-1.0,15,11,96,25181
73,-1.0,1,24,98,25182
4,1.0,16,41,61,25183
46,-1.0,13,18,77,25184
20,-1.0,0,40,60,25185
1,-1.0,7,56,64,25186
37,1.0,13,4,54,25187
39,-1.0,3,15,57,25188
8,1.0,21,17,46,25189
31,1.0,40,0,71,25190
25,-1.0,11,23,59,25191
24,-1.0,6,10,40,25192
30,-1.0,6,20,56,25193
1,1.0,3,22,26,25194
28,1.0,20,31,79,25195
10,-1.0,20,6,36,25196
10,1.0,2,32,44,25197
2,-1.0,23,13,38,25198
2,-1.0,20,7,29,25199
20,-1.0,21,7,48,25200
0,0.0,16,4,20,25201
4,-1.0,7,20,31,25202
31,-1.0,4,14,49,25203
2,-1.0,0,34,36,25204
38,1.0,0,7,45,25205
19,-1.0,1,16,36,25206
51,-1.0,0,31,82,25207
24,1.0,12,3,39,25208
57,1.0,10,0,67,25209
2,-1.0,26,17,45,25210
43,1.0,0,5,48,25211
11,-1.0,14,6,31,25212
17,1.0,11,36,64,25213
10,-1.0,15,16,41,25214
2,-1.0,12,19,33,25215
12,1.0,20,12,44,25216
34,-1.0,4,6,44,25217
2,1.0,3,20,25,25218
30,1.0,8,1,39,25219
20,1.0,7,2,29,25220
71,1.0,9,9,89,25221
13,-1.0,7,13,33,25222
0,1.0,6,20,26,25223
3,1.0,12,7,22,25224
27,-1.0,8,4,39,25225
23,-1.0,9,5,37,25226
4,-1.0,17,8,29,25227
19,1.0,10,7,36,25228
46,-1.0,5,9,60,25229
9,1.0,11,28,48,25230
4,1.0,3,33,40,25231
22,-1.0,2,16,40,25232
12,-1.0,20,15,47,25233
5,1.0,18,5,28,25234
16,1.0,3,6,25,25235
29,-1.0,6,7,42,25236
140,-1.0,0,7,147,25237
30,1.0,1,58,89,25238
15,1.0,14,41,70,25239
31,1.0,13,6,50,25240
51,1.0,11,1,63,25241
10,-1.0,15,5,30,25242
1,1.0,50,27,78,25243
45,1.0,1,15,61,25244
62,1.0,8,2,72,25245
26,1.0,17,2,45,25246
6,-1.0,8,24,38,25247
16,-1.0,22,14,52,25248
7,1.0,13,7,27,25249
22,1.0,4,7,33,25250
11,1.0,3,12,26,25251
24,-1.0,6,6,36,25252
35,-1.0,0,16,51,25253
18,-1.0,2,25,45,25254
30,-1.0,10,4,44,25255
8,1.0,18,7,33,25256
30,-1.0,12,12,54,25257
28,-1.0,2,18,48,25258
5,1.0,16,8,29,25259
7,-1.0,25,10,42,25260
57,-1.0,16,8,81,25261
66,-1.0,2,31,99,25262
53,-1.0,2,92,147,25263
4,1.0,22,41,67,25264
17,1.0,5,27,49,25265
79,-1.0,0,12,91,25266
20,1.0,8,17,45,25267
81,1.0,2,1,84,25268
9,-1.0,15,21,45,25269
53,-1.0,5,1,59,25270
7,1.0,13,27,47,25271
11,-1.0,10,20,41,25272
36,-1.0,4,12,52,25273
28,-1.0,0,17,45,25274
35,-1.0,14,91,140,25275
136,-1.0,2,2,140,25276
47,-1.0,10,20,77,25277
101,-1.0,4,9,114,25278
14,1.0,60,3,77,25279
30,1.0,14,7,51,25280
135,-1.0,1,15,151,25281
53,1.0,8,22,83,25282
9,1.0,12,44,65,25283
79,1.0,2,6,87,25284
9,1.0,63,17,89,25285
2,-1.0,16,53,71,25286
8,1.0,26,17,51,25287
36,1.0,3,1,40,25288
63,1.0,1,5,69,25289
58,-1.0,3,11,72,25290
21,-1.0,0,33,54,25291
35,1.0,7,10,52,25292
4,-1.0,17,21,42,25293
25,-1.0,11,5,41,25294
0,1.0,15,16,31,25295
7,-1.0,29,2,38,25296
25,-1.0,19,17,61,25297
4,1.0,15,26,45,25298
50,1.0,10,0,60,25299
8,-1.0,14,24,46,25300
11,-1.0,0,32,43,25301
1,1.0,31,5,37,25302
17,-1.0,14,4,35,25303
25,-1.0,14,10,49,25304
51,1.0,18,5,74,25305
17,-1.0,26,10,53,25306
15,-1.0,1,17,33,25307
39,1.0,11,2,52,25308
17,1.0,15,18,50,25309
14,-1.0,32,19,65,25310
17,-1.0,13,7,37,25311
5,1.0,10,25,40,25312
8,1.0,16,5,29,25313
12,1.0,21,3,36,25314
17,-1.0,3,24,44,25315
20,1.0,32,5,57,25316
53,-1.0,2,12,67,25317
59,-1.0,0,44,103,25318
13,-1.0,13,25,51,25319
7,-1.0,16,18,41,25320
55,-1.0,8,4,67,25321
26,-1.0,23,6,55,25322
54,1.0,21,19,94,25323
31,-1.0,22,35,88,25324
47,-1.0,13,24,84,25325
18,1.0,20,2,40,25326
26,1.0,34,2,62,25327
67,-1.0,1,2,70,25328
20,1.0,16,13,49,25329
29,1.0,7,5,41,25330
42,-1.0,20,10,72,25331
4,1.0,29,19,52,25332
26,1.0,28,1,55,25333
16,1.0,18,6,40,25334
31,1.0,3,6,40,25335
37,-1.0,1,3,41,25336
28,1.0,2,25,55,25337
29,1.0,11,2,42,25338
13,1.0,10,14,37,25339
1,-1.0,11,14,26,25340
62,-1.0,0,44,106,25341
13,-1.0,0,36,49,25342
42,1.0,0,26,68,25343
22,-1.0,13,7,42,25344
26,1.0,20,0,46,25345
61,-1.0,0,24,85,25346
47,-1.0,0,28,75,25347
2,-1.0,10,39,51,25348
21,1.0,7,12,40,25349
12,1.0,24,4,40,25350
14,-1.0,21,6,41,25351
29,-1.0,20,1,50,25352
18,-1.0,8,17,43,25353
14,1.0,18,14,46,25354
91,-1.0,1,14,106,25355
7,1.0,27,20,54,25356
69,-1.0,3,11,83,25357
37,1.0,6,20,63,25358
15,-1.0,38,17,70,25359
31,1.0,19,11,61,25360
23,-1.0,32,0,55,25361
46,1.0,1,0,47,25362
72,1.0,26,0,98,25363
32,1.0,29,30,91,25364
34,-1.0,23,10,67,25365
26,1.0,23,3,52,25366
7,1.0,23,1,31,25367
12,-1.0,24,28,64,25368
24,-1.0,10,7,41,25369
0,1.0,20,21,41,25370
35,-1.0,14,15,64,25371
61,-1.0,10,21,92,25372
20,1.0,19,1,40,25373
43,1.0,0,14,57,25374
8,-1.0,16,19,43,25375
22,1.0,18,3,43,25376
24,1.0,8,17,49,25377
11,-1.0,13,6,30,25378
4,-1.0,26,0,30,25379
11,1.0,0,29,40,25380
19,-1.0,14,23,56,25381
6,-1.0,4,24,34,25382
8,-1.0,25,7,40,25383
15,1.0,8,8,31,25384
22,-1.0,5,8,35,25385
14,1.0,19,4,37,25386
36,-1.0,10,8,54,25387
3,-1.0,15,21,39,25388
11,1.0,2,26,39,25389
22,1.0,10,3,35,25390
10,1.0,27,6,43,25391
21,1.0,4,13,38,25392
8,1.0,4,21,33,25393
6,1.0,16,12,34,25394
38,-1.0,15,0,53,25395
17,-1.0,10,19,46,25396
1,-1.0,8,27,36,25397
7,-1.0,31,1,39,25398
13,-1.0,29,4,46,25399
69,-1.0,12,2,83,25400
22,-1.0,16,29,67,25401
37,1.0,5,8,50,25402
13,-1.0,24,8,45,25403
24,-1.0,10,11,45,25404
9,-1.0,21,6,36,25405
84,-1.0,1,26,111,25406
1,1.0,8,19,28,25407
24,-1.0,4,14,42,25408
8,1.0,9,20,37,25409
17,-1.0,22,12,51,25410
68,1.0,7,7,82,25411
75,1.0,10,19,104,25412
11,-1.0,17,21,49,25413
43,-1.0,3,10,56,25414
72,1.0,5,30,107,25415
9,-1.0,16,14,39,25416
23,-1.0,15,6,44,25417
22,1.0,28,0,50,25418
12,1.0,3,20,35,25419
71,-1.0,0,20,91,25420
19,1.0,7,31,57,25421
48,-1.0,23,8,79,25422
36,1.0,15,20,71,25423
4,1.0,30,5,39,25424
13,-1.0,20,4,37,25425
29,-1.0,8,1,38,25426
9,-1.0,15,11,35,25427
23,1.0,6,12,41,25428
19,-1.0,9,10,38,25429
38,1.0,0,16,54,25430
16,1.0,36,8,60,25431
18,-1.0,1,26,45,25432
25,1.0,4,9,38,25433
2,-1.0,12,16,30,25434
1,1.0,31,0,32,25435
54,1.0,4,15,73,25436
2,-1.0,28,6,36,25437
34,1.0,32,6,72,25438
27,1.0,29,14,70,25439
74,-1.0,9,1,84,25440
29,1.0,12,12,53,25441
14,-1.0,10,11,35,25442
14,1.0,4,23,41,25443
10,1.0,4,23,37,25444
33,-1.0,16,10,59,25445
41,1.0,21,1,63,25446
28,1.0,8,6,42,25447
9,-1.0,21,10,40,25448
39,-1.0,0,13,52,25449
10,-1.0,3,29,42,25450
15,1.0,36,22,73,25451
22,-1.0,10,1,33,25452
25,1.0,21,12,58,25453
62,1.0,15,0,77,25454
6,-1.0,34,14,54,25455
2,-1.0,31,15,48,25456
6,-1.0,1,44,51,25457
7,1.0,24,4,35,25458
2,1.0,21,8,31,25459
14,-1.0,31,2,47,25460
10,-1.0,10,32,52,25461
14,1.0,25,5,44,25462
7,-1.0,10,24,41,25463
67,1.0,5,1,73,25464
41,1.0,0,11,52,25465
25,-1.0,21,6,52,25466
1,-1.0,26,34,61,25467
0,-1.0,33,4,37,25468
29,1.0,3,5,37,25469
13,-1.0,15,18,46,25470
25,-1.0,7,4,36,25471
22,1.0,6,6,34,25472
25,1.0,23,26,74,25473
6,1.0,29,2,37,25474
18,-1.0,12,5,35,25475
34,1.0,8,3,45,25476
3,1.0,18,13,34,25477
24,1.0,5,2,31,25478
7,-1.0,1,24,32,25479
1,1.0,13,12,26,25480
2,-1.0,14,35,51,25481
41,1.0,7,4,52,25482
0,0.0,13,19,32,25483
7,1.0,1,28,36,25484
7,-1.0,13,12,32,25485
7,1.0,12,14,33,25486
21,-1.0,7,2,30,25487
12,-1.0,2,24,38,25488
46,1.0,6,13,65,25489
3,-1.0,15,18,36,25490
68,1.0,6,5,79,25491
55,-1.0,0,4,59,25492
13,-1.0,25,45,83,25493
33,1.0,8,1,42,25494
31,-1.0,0,38,69,25495
1,-1.0,17,39,57,25496
16,-1.0,1,15,32,25497
0,1.0,25,12,37,25498
19,1.0,17,26,62,25499
1,1.0,13,22,36,25500
4,-1.0,18,11,33,25501
68,-1.0,0,8,76,25502
22,1.0,5,18,45,25503
4,-1.0,30,0,34,25504
35,-1.0,16,5,56,25505
5,1.0,9,16,30,25506
18,1.0,2,21,41,25507
51,1.0,2,15,68,25508
9,-1.0,11,8,28,25509
48,1.0,4,13,65,25510
13,1.0,12,18,43,25511
25,1.0,8,18,51,25512
43,1.0,5,5,53,25513
31,1.0,24,3,58,25514
20,-1.0,17,1,38,25515
4,1.0,6,28,38,25516
53,-1.0,13,4,70,25517
4,1.0,18,26,48,25518
20,1.0,27,21,68,25519
3,-1.0,25,10,38,25520
7,1.0,19,13,39,25521
51,-1.0,0,60,111,25522
4,1.0,25,27,56,25523
40,-1.0,8,2,50,25524
32,1.0,3,14,49,25525
4,1.0,16,24,44,25526
15,-1.0,16,8,39,25527
14,1.0,3,23,40,25528
8,1.0,19,3,30,25529
58,1.0,35,10,103,25530
6,-1.0,37,1,44,25531
44,1.0,1,12,57,25532
13,1.0,12,9,34,25533
21,1.0,17,0,38,25534
39,-1.0,6,12,57,25535
45,-1.0,13,1,59,25536
2,1.0,15,19,36,25537
4,-1.0,23,5,32,25538
33,1.0,4,13,50,25539
7,1.0,10,14,31,25540
10,-1.0,29,3,42,25541
25,1.0,6,7,38,25542
10,1.0,4,22,36,25543
33,1.0,6,15,54,25544
22,1.0,3,11,36,25545
10,1.0,9,16,35,25546
37,-1.0,12,10,59,25547
35,1.0,4,13,52,25548
0,-1.0,5,18,23,25549
16,1.0,11,8,35,25550
11,1.0,15,7,33,25551
12,1.0,10,17,39,25552
30,1.0,1,16,47,25553
1,-1.0,3,24,28,25554
29,-1.0,10,18,57,25555
15,1.0,4,11,30,25556
7,-1.0,15,9,31,25557
19,1.0,4,15,38,25558
7,1.0,5,21,33,25559
49,1.0,15,0,64,25560
11,1.0,17,6,34,25561
26,1.0,7,4,37,25562
5,-1.0,19,10,34,25563
97,1.0,2,12,111,25564
10,1.0,18,4,32,25565
12,-1.0,10,29,51,25566
24,-1.0,4,12,40,25567
8,1.0,7,8,23,25568
30,1.0,44,0,74,25569
21,-1.0,22,8,51,25570
2,1.0,8,49,59,25571
21,1.0,15,6,42,25572
5,-1.0,9,11,25,25573
52,-1.0,7,7,66,25574
2,-1.0,5,20,27,25575
33,-1.0,2,19,54,25576
5,-1.0,8,25,38,25577
37,1.0,11,18,66,25578
28,1.0,19,6,53,25579
5,1.0,1,36,42,25580
8,1.0,12,8,28,25581
20,1.0,10,13,43,25582
1,1.0,13,8,22,25583
39,-1.0,7,5,51,25584
22,1.0,27,10,59,25585
5,-1.0,24,6,35,25586
3,1.0,8,15,26,25587
16,-1.0,15,9,40,25588
8,1.0,25,7,40,25589
49,-1.0,17,8,74,25590
21,-1.0,25,9,55,25591
19,1.0,10,28,57,25592
19,-1.0,12,24,55,25593
38,1.0,8,8,54,25594
9,1.0,10,5,24,25595
34,1.0,1,6,41,25596
10,1.0,12,16,38,25597
9,1.0,20,11,40,25598
78,-1.0,0,8,86,25599
9,1.0,10,34,53,25600
10,-1.0,16,15,41,25601
52,1.0,4,10,66,25602
4,-1.0,8,24,36,25603
37,1.0,26,0,63,25604
33,1.0,22,6,61,25605
2,1.0,4,28,34,25606
14,1.0,3,19,36,25607
23,-1.0,2,13,38,25608
28,-1.0,1,15,44,25609
8,1.0,8,18,34,25610
0,1.0,5,17,22,25611
1,1.0,16,12,29,25612
0,1.0,21,3,24,25613
18,-1.0,11,4,33,25614
19,-1.0,2,15,36,25615
6,-1.0,12,7,25,25616
9,-1.0,1,42,52,25617
34,1.0,2,11,47,25618
21,-1.0,8,12,41,25619
20,1.0,7,4,31,25620
56,-1.0,0,17,73,25621
17,-1.0,10,9,36,25622
8,1.0,26,6,40,25623
4,1.0,23,45,72,25624
24,1.0,12,1,37,25625
16,1.0,6,15,37,25626
22,1.0,9,2,33,25627
18,1.0,14,3,35,25628
54,-1.0,2,55,111,25629
12,-1.0,0,34,46,25630
43,-1.0,1,3,47,25631
29,1.0,16,35,80,25632
5,1.0,1,41,47,25633
5,-1.0,19,9,33,25634
15,1.0,25,26,66,25635
3,1.0,12,12,27,25636
9,-1.0,24,3,36,25637
31,-1.0,9,3,43,25638
28,-1.0,22,7,57,25639
36,1.0,13,12,61,25640
23,1.0,41,3,67,25641
20,-1.0,2,12,34,25642
56,1.0,9,0,65,25643
22,-1.0,23,12,57,25644
31,1.0,14,7,52,25645
17,-1.0,13,12,42,25646
17,-1.0,1,24,42,25647
46,1.0,16,4,66,25648
34,1.0,1,14,49,25649
16,-1.0,3,27,46,25650
5,-1.0,5,18,28,25651
2,1.0,19,8,29,25652
6,1.0,11,14,31,25653
3,1.0,20,3,26,25654
17,-1.0,5,20,42,25655
0,-1.0,13,20,33,25656
28,1.0,13,3,44,25657
16,-1.0,2,22,40,25658
51,1.0,18,18,87,25659
3,1.0,21,11,35,25660
17,-1.0,12,12,41,25661
4,-1.0,9,11,24,25662
20,1.0,24,10,54,25663
2,1.0,7,17,26,25664
16,-1.0,7,14,37,25665
44,1.0,52,15,111,25666
10,1.0,22,26,58,25667
8,-1.0,5,17,30,25668
11,1.0,17,25,53,25669
7,1.0,9,10,26,25670
10,-1.0,9,16,35,25671
5,-1.0,15,20,40,25672
0,0.0,2,36,38,25673
17,1.0,4,17,38,25674
15,1.0,6,32,53,25675
10,-1.0,24,0,34,25676
8,-1.0,20,0,28,25677
24,1.0,0,28,52,25678
10,1.0,2,18,30,25679
1,1.0,13,14,28,25680
21,1.0,6,11,38,25681
1,-1.0,19,21,41,25682
25,-1.0,23,6,54,25683
38,1.0,3,20,61,25684
4,-1.0,7,15,26,25685
21,-1.0,1,23,45,25686
16,1.0,17,9,42,25687
66,-1.0,0,2,68,25688
11,1.0,18,13,42,25689
40,-1.0,3,17,60,25690
29,1.0,5,16,50,25691
13,-1.0,9,8,30,25692
57,1.0,1,7,65,25693
28,-1.0,6,11,45,25694
58,1.0,0,1,59,25695
45,-1.0,0,5,50,25696
16,-1.0,6,13,35,25697
23,-1.0,23,5,51,25698
0,-1.0,29,2,31,25699
17,1.0,11,12,40,25700
21,-1.0,26,9,56,25701
12,1.0,13,13,38,25702
39,-1.0,0,66,105,25703
13,1.0,23,2,38,25704
28,1.0,15,14,57,25705
21,1.0,8,9,38,25706
15,1.0,10,15,40,25707
9,1.0,6,15,30,25708
41,-1.0,1,13,55,25709
6,1.0,1,26,33,25710
25,1.0,1,14,40,25711
4,1.0,16,9,29,25712
6,1.0,1,20,27,25713
21,-1.0,0,36,57,25714
58,-1.0,18,6,82,25715
29,1.0,11,16,56,25716
53,-1.0,1,19,73,25717
46,-1.0,2,8,56,25718
9,-1.0,20,8,37,25719
15,-1.0,8,24,47,25720
9,1.0,7,11,27,25721
5,1.0,1,16,22,25722
46,1.0,0,9,55,25723
45,-1.0,8,20,73,25724
15,-1.0,12,4,31,25725
19,-1.0,18,0,37,25726
36,1.0,1,8,45,25727
63,1.0,22,1,86,25728
9,1.0,5,22,36,25729
7,1.0,11,19,37,25730
64,1.0,11,2,77,25731
1,-1.0,30,11,42,25732
46,1.0,12,2,60,25733
46,-1.0,17,0,63,25734
156,-1.0,0,1,157,25735
11,-1.0,23,10,44,25736
7,-1.0,12,30,49,25737
76,1.0,4,5,85,25738
12,-1.0,25,12,49,25739
81,1.0,1,4,86,25740
21,-1.0,10,11,42,25741
9,1.0,5,38,52,25742
17,-1.0,17,2,36,25743
0,-1.0,16,14,30,25744
15,-1.0,1,18,34,25745
40,-1.0,12,10,62,25746
31,1.0,11,25,67,25747
0,1.0,14,9,23,25748
15,1.0,5,15,35,25749
1,1.0,9,23,33,25750
38,-1.0,2,15,55,25751
10,-1.0,6,18,34,25752
27,-1.0,14,0,41,25753
20,1.0,1,11,32,25754
3,1.0,18,5,26,25755
66,-1.0,6,12,84,25756
28,1.0,11,17,56,25757
22,-1.0,1,11,34,25758
20,-1.0,11,8,39,25759
17,-1.0,1,28,46,25760
3,1.0,10,28,41,25761
75,-1.0,0,18,93,25762
61,1.0,13,1,75,25763
5,-1.0,22,10,37,25764
27,1.0,15,0,42,25765
67,-1.0,4,7,78,25766
25,1.0,4,34,63,25767
28,-1.0,8,4,40,25768
18,1.0,34,1,53,25769
35,1.0,2,19,56,25770
76,-1.0,9,5,90,25771
27,-1.0,14,4,45,25772
18,-1.0,16,3,37,25773
78,1.0,4,19,101,25774
57,-1.0,22,0,79,25775
37,1.0,31,1,69,25776
36,-1.0,9,9,54,25777
49,-1.0,4,8,61,25778
61,-1.0,16,7,84,25779
6,1.0,29,13,48,25780
49,1.0,1,36,86,25781
39,1.0,18,14,71,25782
6,1.0,0,31,37,25783
12,-1.0,29,15,56,25784
18,1.0,6,7,31,25785
20,1.0,1,20,41,25786
29,1.0,12,22,63,25787
2,-1.0,16,13,31,25788
11,1.0,0,30,41,25789
8,1.0,7,24,39,25790
18,-1.0,3,10,31,25791
48,-1.0,1,7,56,25792
23,1.0,1,32,56,25793
10,-1.0,14,10,34,25794
12,-1.0,22,6,40,25795
14,-1.0,11,19,44,25796
24,-1.0,0,27,51,25797
25,1.0,1,25,51,25798
15,1.0,4,24,43,25799
4,1.0,22,3,29,25800
1,1.0,26,12,39,25801
26,-1.0,9,14,49,25802
8,1.0,19,7,34,25803
21,1.0,6,4,31,25804
38,1.0,24,0,62,25805
16,-1.0,7,34,57,25806
7,1.0,12,34,53,25807
29,1.0,12,23,64,25808
21,1.0,1,30,52,25809
5,-1.0,11,18,34,25810
26,-1.0,4,10,40,25811
10,1.0,1,38,49,25812
10,1.0,6,15,31,25813
23,1.0,8,0,31,25814
63,-1.0,0,35,98,25815
41,-1.0,22,8,71,25816
5,1.0,46,8,59,25817
28,1.0,8,28,64,25818
23,-1.0,16,0,39,25819
20,1.0,24,3,47,25820
24,1.0,19,1,44,25821
8,1.0,4,19,31,25822
9,1.0,12,32,53,25823
36,-1.0,11,0,47,25824
13,1.0,33,4,50,25825
7,-1.0,4,24,35,25826
9,1.0,20,8,37,25827
1,-1.0,23,1,25,25828
58,-1.0,3,12,73,25829
12,1.0,2,19,33,25830
25,-1.0,3,15,43,25831
27,1.0,1,26,54,25832
47,-1.0,5,3,55,25833
9,1.0,26,9,44,25834
13,1.0,18,3,34,25835
29,1.0,0,57,86,25836
17,1.0,5,33,55,25837
23,1.0,5,9,37,25838
26,1.0,15,1,42,25839
29,-1.0,3,9,41,25840
33,-1.0,4,19,56,25841
15,-1.0,11,4,30,25842
18,-1.0,1,12,31,25843
24,1.0,16,0,40,25844
2,1.0,28,7,37,25845
20,-1.0,12,4,36,25846
10,1.0,7,7,24,25847
71,1.0,11,0,82,25848
15,1.0,10,9,34,25849
23,-1.0,1,14,38,25850
22,1.0,9,3,34,25851
84,-1.0,0,0,84,25852
59,-1.0,2,5,66,25853
10,-1.0,43,17,70,25854
81,-1.0,0,29,110,25855
29,-1.0,3,45,77,25856
28,1.0,31,21,80,25857
21,1.0,11,35,67,25858
28,-1.0,13,5,46,25859
3,-1.0,19,18,40,25860
80,-1.0,12,13,105,25861
20,1.0,5,23,48,25862
67,-1.0,3,1,71,25863
16,-1.0,10,41,67,25864
5,1.0,32,15,52,25865
12,-1.0,2,27,41,25866
97,1.0,18,0,115,25867
18,1.0,1,31,50,25868
50,1.0,29,0,79,25869
21,-1.0,27,7,55,25870
84,1.0,8,0,92,25871
18,1.0,4,9,31,25872
3,1.0,10,15,28,25873
21,-1.0,5,6,32,25874
81,1.0,12,27,120,25875
59,-1.0,3,15,77,25876
41,1.0,6,31,78,25877
8,1.0,23,18,49,25878
28,1.0,8,5,41,25879
32,-1.0,14,1,47,25880
6,-1.0,9,18,33,25881
27,-1.0,21,1,49,25882
2,-1.0,2,24,28,25883
0,-1.0,7,15,22,25884
12,-1.0,2,16,30,25885
43,-1.0,1,11,55,25886
13,-1.0,24,5,42,25887
21,-1.0,0,15,36,25888
37,1.0,0,5,42,25889
12,1.0,3,24,39,25890
40,1.0,27,9,76,25891
15,1.0,11,10,36,25892
1,1.0,6,21,28,25893
11,1.0,22,14,47,25894
22,-1.0,5,12,39,25895
35,1.0,11,3,49,25896
17,-1.0,55,0,72,25897
9,1.0,10,9,28,25898
40,-1.0,5,17,62,25899
66,-1.0,9,9,84,25900
18,1.0,26,17,61,25901
58,1.0,0,10,68,25902
14,-1.0,11,12,37,25903
62,1.0,1,1,64,25904
14,1.0,6,46,66,25905
44,-1.0,9,0,53,25906
5,1.0,7,16,28,25907
26,-1.0,11,10,47,25908
36,-1.0,3,9,48,25909
11,1.0,5,11,27,25910
6,-1.0,13,15,34,25911
17,-1.0,10,3,30,25912
20,-1.0,0,27,47,25913
10,1.0,14,6,30,25914
15,-1.0,6,13,34,25915
1,1.0,15,11,27,25916
109,-1.0,0,3,112,25917
27,1.0,10,28,65,25918
17,-1.0,22,3,42,25919
23,-1.0,5,2,30,25920
1,1.0,0,21,22,25921
10,-1.0,8,6,24,25922
70,-1.0,1,1,72,25923
49,-1.0,2,2,53,25924
12,1.0,11,4,27,25925
40,-1.0,1,11,52,25926
21,1.0,9,9,39,25927
53,-1.0,9,12,74,25928
4,1.0,22,2,28,25929
42,1.0,3,12,57,25930
17,1.0,8,10,35,25931
7,-1.0,14,20,41,25932
31,-1.0,5,3,39,25933
53,-1.0,1,6,60,25934
23,-1.0,3,28,54,25935
0,1.0,21,21,42,25936
21,1.0,29,14,64,25937
18,1.0,8,6,32,25938
8,1.0,15,15,38,25939
31,-1.0,15,11,57,25940
10,1.0,3,22,35,25941
10,-1.0,12,13,35,25942
56,-1.0,0,38,94,25943
100,-1.0,4,4,108,25944
8,1.0,18,26,52,25945
55,1.0,5,15,75,25946
42,1.0,17,7,66,25947
20,1.0,49,0,69,25948
34,1.0,10,2,46,25949
7,-1.0,13,17,37,25950
3,-1.0,15,10,28,25951
7,-1.0,0,33,40,25952
48,1.0,2,2,52,25953
16,1.0,9,7,32,25954
33,1.0,10,2,45,25955
5,1.0,7,26,38,25956
30,-1.0,9,7,46,25957
13,1.0,6,16,35,25958
25,1.0,14,8,47,25959
14,-1.0,15,7,36,25960
12,-1.0,17,10,39,25961
38,-1.0,27,37,102,25962
43,1.0,0,20,63,25963
40,1.0,19,4,63,25964
6,-1.0,25,19,50,25965
15,-1.0,5,9,29,25966
3,1.0,28,2,33,25967
12,1.0,11,8,31,25968
44,-1.0,4,12,60,25969
18,1.0,38,1,57,25970
7,-1.0,4,15,26,25971
14,-1.0,13,16,43,25972
29,-1.0,8,11,48,25973
5,1.0,7,28,40,25974
24,-1.0,12,0,36,25975
39,1.0,18,1,58,25976
32,-1.0,1,2,35,25977
4,1.0,15,5,24,25978
12,1.0,5,12,29,25979
0,-1.0,5,17,22,25980
14,-1.0,21,2,37,25981
88,-1.0,1,27,116,25982
14,1.0,15,9,38,25983
38,1.0,6,4,48,25984
46,-1.0,10,16,72,25985
15,1.0,10,10,35,25986
4,1.0,25,9,38,25987
63,-1.0,1,7,71,25988
12,1.0,9,14,35,25989
44,-1.0,0,11,55,25990
34,-1.0,6,15,55,25991
49,1.0,5,17,71,25992
21,-1.0,5,18,44,25993
19,1.0,34,2,55,25994
23,1.0,17,8,48,25995
58,-1.0,4,2,64,25996
41,1.0,19,5,65,25997
21,1.0,24,6,51,25998
7,-1.0,17,6,30,25999
30,-1.0,2,8,40,26000
9,1.0,15,2,26,26001
2,-1.0,5,28,35,26002
45,-1.0,13,15,73,26003
65,1.0,8,11,84,26004
6,1.0,22,22,50,26005
5,-1.0,5,26,36,26006
38,1.0,8,3,49,26007
3,-1.0,25,12,40,26008
24,1.0,13,18,55,26009
17,1.0,11,14,42,26010
27,1.0,5,25,57,26011
7,-1.0,25,8,40,26012
2,-1.0,17,16,35,26013
47,-1.0,10,0,57,26014
12,1.0,5,24,41,26015
10,1.0,0,17,27,26016
2,-1.0,24,8,34,26017
31,1.0,0,20,51,26018
66,1.0,6,1,73,26019
27,1.0,28,0,55,26020
10,1.0,15,3,28,26021
12,-1.0,28,1,41,26022
20,1.0,17,17,54,26023
33,-1.0,1,11,45,26024
25,-1.0,1,23,49,26025
38,-1.0,22,9,69,26026
43,-1.0,18,0,61,26027
3,-1.0,18,25,46,26028
14,1.0,2,25,41,26029
47,-1.0,5,0,52,26030
44,-1.0,3,4,51,26031
70,1.0,14,13,97,26032
12,-1.0,13,8,33,26033
22,1.0,9,10,41,26034
4,1.0,15,22,41,26035
7,-1.0,25,9,41,26036
61,1.0,1,30,92,26037
1,-1.0,23,9,33,26038
9,-1.0,28,0,37,26039
4,1.0,8,26,38,26040
8,1.0,7,93,108,26041
60,1.0,6,1,67,26042
1,-1.0,21,27,49,26043
0,-1.0,19,10,29,26044
6,1.0,18,7,31,26045
22,-1.0,7,27,56,26046
27,1.0,4,15,46,26047
9,-1.0,0,31,40,26048
10,-1.0,9,6,25,26049
45,-1.0,5,6,56,26050
50,-1.0,7,8,65,26051
31,-1.0,27,0,58,26052
5,1.0,17,15,37,26053
26,1.0,9,27,62,26054
7,-1.0,17,10,34,26055
0,0.0,20,20,40,26056
52,-1.0,9,5,66,26057
49,-1.0,0,32,81,26058
17,-1.0,18,2,37,26059
0,0.0,31,7,38,26060
27,-1.0,18,0,45,26061
18,-1.0,25,4,47,26062
51,1.0,5,2,58,26063
22,-1.0,23,8,53,26064
4,1.0,18,5,27,26065
3,1.0,29,0,32,26066
39,1.0,2,17,58,26067
14,1.0,26,20,60,26068
30,-1.0,5,9,44,26069
6,-1.0,14,12,32,26070
62,1.0,12,1,75,26071
4,1.0,36,0,40,26072
36,1.0,11,1,48,26073
25,1.0,13,14,52,26074
70,-1.0,0,0,70,26075
37,-1.0,3,16,56,26076
28,1.0,19,16,63,26077
0,-1.0,34,3,37,26078
11,-1.0,30,13,54,26079
12,-1.0,14,4,30,26080
90,-1.0,22,1,113,26081
41,-1.0,72,23,136,26082
9,-1.0,7,72,88,26083
21,-1.0,22,13,56,26084
19,-1.0,16,8,43,26085
48,-1.0,7,14,69,26086
1,1.0,28,5,34,26087
10,-1.0,8,26,44,26088
50,1.0,6,20,76,26089
17,-1.0,19,5,41,26090
23,1.0,21,1,45,26091
32,1.0,2,7,41,26092
10,1.0,12,7,29,26093
38,-1.0,12,0,50,26094
2,-1.0,0,33,35,26095
15,1.0,9,14,38,26096
11,1.0,2,31,44,26097
25,1.0,1,23,49,26098
3,1.0,9,26,38,26099
17,1.0,17,5,39,26100
32,1.0,12,10,54,26101
38,1.0,1,4,43,26102
38,-1.0,7,6,51,26103
2,1.0,5,22,29,26104
3,-1.0,17,11,31,26105
5,1.0,16,10,31,26106
29,1.0,37,5,71,26107
54,1.0,22,0,76,26108
38,1.0,2,14,54,26109
28,-1.0,6,27,61,26110
9,1.0,11,16,36,26111
7,-1.0,1,25,33,26112
20,-1.0,2,15,37,26113
3,1.0,12,17,32,26114
74,-1.0,0,9,83,26115
7,1.0,11,46,64,26116
32,1.0,40,34,106,26117
48,1.0,11,2,61,26118
13,-1.0,29,2,44,26119
42,1.0,16,1,59,26120
1,-1.0,20,21,42,26121
19,-1.0,12,23,54,26122
10,1.0,18,11,39,26123
16,1.0,11,32,59,26124
4,1.0,15,10,29,26125
31,-1.0,8,5,44,26126
28,1.0,5,15,48,26127
11,1.0,11,9,31,26128
44,-1.0,4,10,58,26129
11,-1.0,9,13,33,26130
35,1.0,7,4,46,26131
7,1.0,14,28,49,26132
14,-1.0,11,10,35,26133
3,1.0,14,7,24,26134
30,1.0,15,7,52,26135
6,1.0,18,3,27,26136
16,-1.0,12,6,34,26137
4,1.0,17,3,24,26138
0,-1.0,6,14,20,26139
9,-1.0,4,31,44,26140
6,1.0,3,22,31,26141
44,1.0,28,6,78,26142
16,-1.0,11,4,31,26143
19,1.0,6,12,37,26144
13,1.0,13,10,36,26145
34,-1.0,22,8,64,26146
21,1.0,8,38,67,26147
13,1.0,22,10,45,26148
4,-1.0,1,26,31,26149
4,1.0,22,7,33,26150
125,1.0,19,53,197,26151
1,-1.0,14,32,47,26152
3,1.0,19,15,37,26153
60,1.0,14,2,76,26154
15,-1.0,10,25,50,26155
42,1.0,24,2,68,26156
30,-1.0,7,16,53,26157
38,-1.0,0,12,50,26158
16,-1.0,25,5,46,26159
51,-1.0,8,37,96,26160
23,1.0,18,16,57,26161
3,-1.0,10,7,20,26162
9,-1.0,26,3,38,26163
4,1.0,4,17,25,26164
18,1.0,5,5,28,26165
4,1.0,22,0,26,26166
35,-1.0,10,3,48,26167
11,-1.0,5,16,32,26168
9,1.0,21,2,32,26169
0,0.0,14,11,25,26170
8,-1.0,9,4,21,26171
0,-1.0,2,27,29,26172
74,-1.0,1,0,75,26173
26,-1.0,0,23,49,26174
72,-1.0,0,55,127,26175
109,-1.0,0,14,123,26176
57,1.0,15,14,86,26177
72,1.0,21,1,94,26178
3,-1.0,26,20,49,26179
36,-1.0,1,35,72,26180
8,1.0,25,19,52,26181
27,1.0,11,17,55,26182
35,1.0,1,16,52,26183
52,1.0,17,39,108,26184
16,-1.0,10,17,43,26185
71,1.0,2,0,73,26186
24,-1.0,13,13,50,26187
59,1.0,24,0,83,26188
25,-1.0,21,18,64,26189
21,-1.0,15,8,44,26190
30,1.0,15,8,53,26191
21,1.0,1,20,42,26192
6,1.0,19,18,43,26193
20,-1.0,9,8,37,26194
7,-1.0,3,13,23,26195
27,-1.0,16,1,44,26196
26,-1.0,26,16,68,26197
27,-1.0,26,2,55,26198
19,1.0,6,35,60,26199
8,1.0,6,13,27,26200
45,-1.0,5,10,60,26201
10,-1.0,5,14,29,26202
15,1.0,13,6,34,26203
20,1.0,8,9,37,26204
18,1.0,15,27,60,26205
31,-1.0,0,27,58,26206
14,-1.0,10,10,34,26207
0,1.0,14,8,22,26208
13,-1.0,15,5,33,26209
10,-1.0,8,17,35,26210
31,1.0,7,3,41,26211
7,-1.0,0,18,25,26212
4,1.0,20,1,25,26213
18,-1.0,1,42,61,26214
6,1.0,32,0,38,26215
13,-1.0,15,14,42,26216
44,-1.0,0,10,54,26217
18,1.0,8,21,47,26218
19,1.0,18,3,40,26219
23,1.0,15,0,38,26220
28,1.0,4,3,35,26221
5,1.0,28,1,34,26222
2,1.0,12,9,23,26223
1,-1.0,10,12,23,26224
51,-1.0,18,7,76,26225
13,1.0,13,12,38,26226
50,1.0,4,12,66,26227
23,1.0,9,10,42,26228
2,1.0,10,16,28,26229
11,1.0,12,10,33,26230
4,-1.0,25,5,34,26231
21,1.0,43,32,96,26232
66,1.0,5,3,74,26233
52,-1.0,8,3,63,26234
21,1.0,7,15,43,26235
7,-1.0,10,12,29,26236
44,-1.0,2,2,48,26237
0,1.0,24,1,25,26238
1,-1.0,18,12,31,26239
26,1.0,8,4,38,26240
26,-1.0,1,9,36,26241
18,-1.0,9,12,39,26242
7,-1.0,6,19,32,26243
4,-1.0,20,3,27,26244
20,1.0,11,4,35,26245
89,-1.0,0,56,145,26246
64,-1.0,0,18,82,26247
39,1.0,18,0,57,26248
7,1.0,9,15,31,26249
7,1.0,22,1,30,26250
20,1.0,4,13,37,26251
22,-1.0,3,5,30,26252
25,1.0,4,4,33,26253
27,1.0,13,15,55,26254
19,1.0,5,15,39,26255
12,1.0,12,9,33,26256
17,-1.0,9,6,32,26257
15,1.0,15,4,34,26258
14,-1.0,25,1,40,26259
11,1.0,10,16,37,26260
18,-1.0,5,16,39,26261
47,-1.0,2,14,63,26262
51,1.0,8,22,81,26263
19,1.0,36,1,56,26264
2,1.0,27,27,56,26265
67,1.0,11,19,97,26266
55,1.0,10,5,70,26267
30,-1.0,10,27,67,26268
35,1.0,8,12,55,26269
15,-1.0,17,9,41,26270
35,-1.0,0,8,43,26271
4,1.0,9,24,37,26272
21,1.0,13,1,35,26273
10,-1.0,16,6,32,26274
118,-1.0,0,0,118,26275
31,-1.0,39,32,102,26276
42,1.0,17,41,100,26277
18,-1.0,21,12,51,26278
43,-1.0,10,5,58,26279
13,-1.0,18,12,43,26280
2,-1.0,11,31,44,26281
39,1.0,9,4,52,26282
30,1.0,17,2,49,26283
63,1.0,1,12,76,26284
12,-1.0,16,18,46,26285
20,-1.0,1,19,40,26286
37,-1.0,5,12,54,26287
22,1.0,17,1,40,26288
76,-1.0,9,1,86,26289
5,-1.0,30,25,60,26290
33,-1.0,13,2,48,26291
124,1.0,0,0,124,26292
17,1.0,15,12,44,26293
61,1.0,16,28,105,26294
43,1.0,1,10,54,26295
8,1.0,13,41,62,26296
3,1.0,25,0,28,26297
31,1.0,8,24,63,26298
15,-1.0,10,29,54,26299
1,-1.0,8,11,20,26300
34,-1.0,14,27,75,26301
11,1.0,7,20,38,26302
7,1.0,9,12,28,26303
34,1.0,1,27,62,26304
13,1.0,18,8,39,26305
15,1.0,39,1,55,26306
25,1.0,11,12,48,26307
21,1.0,9,15,45,26308
1,-1.0,30,7,38,26309
39,-1.0,8,1,48,26310
1,-1.0,14,11,26,26311
40,-1.0,6,1,47,26312
13,1.0,4,23,40,26313
6,-1.0,26,18,50,26314
45,-1.0,7,0,52,26315
38,-1.0,12,18,68,26316
9,1.0,19,9,37,26317
35,-1.0,9,5,49,26318
4,-1.0,10,22,36,26319
21,-1.0,11,10,42,26320
49,1.0,6,3,58,26321
57,1.0,16,7,80,26322
41,-1.0,1,20,62,26323
13,1.0,6,28,47,26324
5,-1.0,12,8,25,26325
1,-1.0,3,22,26,26326
53,-1.0,0,32,85,26327
6,1.0,19,17,42,26328
10,1.0,16,18,44,26329
39,1.0,15,3,57,26330
111,1.0,0,10,121,26331
41,-1.0,7,21,69,26332
4,-1.0,7,22,33,26333
12,1.0,20,10,42,26334
39,-1.0,0,9,48,26335
28,1.0,6,10,44,26336
15,1.0,2,26,43,26337
31,1.0,1,15,47,26338
30,-1.0,3,20,53,26339
6,1.0,12,15,33,26340
6,1.0,4,19,29,26341
18,1.0,3,17,38,26342
5,1.0,12,5,22,26343
117,-1.0,0,47,164,26344
29,-1.0,11,35,75,26345
17,1.0,1,43,61,26346
13,-1.0,14,11,38,26347
21,-1.0,13,5,39,26348
35,1.0,10,4,49,26349
11,-1.0,27,4,42,26350
18,1.0,6,6,30,26351
27,-1.0,3,20,50,26352
4,1.0,0,26,30,26353
44,-1.0,7,7,58,26354
29,1.0,12,0,41,26355
14,1.0,3,15,32,26356
15,1.0,3,9,27,26357
59,1.0,4,52,115,26358
8,1.0,4,31,43,26359
26,1.0,3,5,34,26360
9,-1.0,28,7,44,26361
12,-1.0,11,3,26,26362
0,1.0,10,5,15,26363
24,1.0,5,3,32,26364
22,1.0,0,16,38,26365
7,-1.0,13,0,20,26366
31,1.0,13,3,47,26367
9,1.0,7,13,29,26368
83,1.0,2,21,106,26369
6,1.0,15,7,28,26370
19,1.0,6,16,41,26371
44,1.0,2,6,52,26372
31,1.0,5,14,50,26373
24,1.0,1,10,35,26374
36,-1.0,6,2,44,26375
15,-1.0,14,8,37,26376
6,1.0,7,29,42,26377
4,1.0,11,17,32,26378
13,1.0,24,8,45,26379
21,-1.0,7,16,44,26380
101,-1.0,1,2,104,26381
4,-1.0,32,18,54,26382
75,1.0,12,29,116,26383
37,1.0,6,29,72,26384
23,1.0,15,2,40,26385
10,-1.0,18,12,40,26386
47,-1.0,11,5,63,26387
19,-1.0,3,16,38,26388
4,-1.0,5,22,31,26389
55,1.0,10,63,128,26390
30,-1.0,17,0,47,26391
34,-1.0,12,16,62,26392
34,1.0,4,24,62,26393
20,-1.0,17,6,43,26394
1,-1.0,12,17,30,26395
19,1.0,8,9,36,26396
44,-1.0,8,2,54,26397
36,-1.0,11,2,49,26398
2,-1.0,22,26,50,26399
4,-1.0,21,14,39,26400
6,-1.0,12,15,33,26401
19,-1.0,9,12,40,26402
33,1.0,19,2,54,26403
9,-1.0,22,3,34,26404
22,-1.0,13,10,45,26405
5,-1.0,11,11,27,26406
15,-1.0,16,12,43,26407
19,1.0,14,11,44,26408
58,-1.0,1,0,59,26409
78,1.0,21,2,101,26410
15,-1.0,19,44,78,26411
59,1.0,0,0,59,26412
13,1.0,15,29,57,26413
6,1.0,20,9,35,26414
19,1.0,3,12,34,26415
43,-1.0,26,10,79,26416
5,-1.0,19,28,52,26417
23,-1.0,6,5,34,26418
41,1.0,1,23,65,26419
49,-1.0,0,15,64,26420
67,-1.0,2,5,74,26421
17,1.0,16,26,59,26422
38,-1.0,11,3,52,26423
29,-1.0,12,9,50,26424
42,1.0,13,7,62,26425
33,-1.0,11,3,47,26426
11,-1.0,8,25,44,26427
32,-1.0,0,38,70,26428
2,1.0,5,46,53,26429
6,-1.0,33,3,42,26430
82,-1.0,8,3,93,26431
38,1.0,5,10,53,26432
29,1.0,2,6,37,26433
7,1.0,6,13,26,26434
22,1.0,5,22,49,26435
10,1.0,19,11,40,26436
25,1.0,1,20,46,26437
50,-1.0,12,0,62,26438
5,-1.0,28,9,42,26439
23,-1.0,10,8,41,26440
44,1.0,10,0,54,26441
29,-1.0,15,15,59,26442
29,1.0,3,10,42,26443
35,-1.0,9,20,64,26444
19,1.0,11,12,42,26445
3,-1.0,4,27,34,26446
23,1.0,13,2,38,26447
22,-1.0,29,4,55,26448
15,-1.0,5,18,38,26449
7,-1.0,0,32,39,26450
6,1.0,6,53,65,26451
12,1.0,8,15,35,26452
3,1.0,15,14,32,26453
2,1.0,24,5,31,26454
20,-1.0,10,1,31,26455
24,-1.0,16,2,42,26456
16,-1.0,1,13,30,26457
16,1.0,2,16,34,26458
6,1.0,12,11,29,26459
21,-1.0,20,21,62,26460
7,1.0,9,7,23,26461
5,1.0,19,14,38,26462
27,-1.0,5,10,42,26463
7,1.0,10,16,33,26464
45,-1.0,12,13,70,26465
7,1.0,8,59,74,26466
36,-1.0,2,8,46,26467
19,1.0,2,45,66,26468
0,1.0,29,3,32,26469
36,-1.0,4,30,70,26470
40,1.0,1,2,43,26471
8,-1.0,4,20,32,26472
4,-1.0,14,12,30,26473
46,1.0,7,11,64,26474
1,1.0,3,24,28,26475
7,-1.0,19,1,27,26476
15,1.0,11,15,41,26477
59,-1.0,1,1,61,26478
16,1.0,8,13,37,26479
17,1.0,6,13,36,26480
117,-1.0,0,0,117,26481
48,-1.0,25,3,76,26482
42,-1.0,0,7,49,26483
61,-1.0,10,3,74,26484
1,1.0,38,19,58,26485
37,1.0,11,15,63,26486
22,-1.0,0,13,35,26487
18,-1.0,34,7,59,26488
9,1.0,14,4,27,26489
2,1.0,2,43,47,26490
10,-1.0,19,4,33,26491
60,-1.0,0,6,66,26492
2,-1.0,15,16,33,26493
0,-1.0,22,7,29,26494
20,-1.0,1,35,56,26495
63,-1.0,14,5,82,26496
17,-1.0,2,23,42,26497
34,1.0,1,7,42,26498
66,-1.0,0,4,70,26499
42,-1.0,3,16,61,26500
32,-1.0,17,16,65,26501
9,1.0,14,18,41,26502
5,1.0,31,3,39,26503
13,-1.0,0,40,53,26504
6,-1.0,3,15,24,26505
28,-1.0,11,2,41,26506
21,1.0,0,16,37,26507
11,1.0,3,20,34,26508
3,-1.0,24,15,42,26509
1,-1.0,21,6,28,26510
4,1.0,19,6,29,26511
29,1.0,12,3,44,26512
25,1.0,17,4,46,26513
49,1.0,6,2,57,26514
42,1.0,5,11,58,26515
26,1.0,12,25,63,26516
20,1.0,4,24,48,26517
30,-1.0,10,17,57,26518
23,-1.0,1,24,48,26519
50,1.0,0,4,54,26520
29,1.0,13,14,56,26521
10,-1.0,9,13,32,26522
16,1.0,2,27,45,26523
9,1.0,16,4,29,26524
113,1.0,1,0,114,26525
5,1.0,26,1,32,26526
16,1.0,16,4,36,26527
13,-1.0,43,58,114,26528
2,1.0,29,9,40,26529
11,-1.0,26,8,45,26530
74,-1.0,10,6,90,26531
52,1.0,28,14,94,26532
2,1.0,30,2,34,26533
4,1.0,8,11,23,26534
35,1.0,21,8,64,26535
45,1.0,1,9,55,26536
1,1.0,24,5,30,26537
42,-1.0,1,10,53,26538
24,1.0,1,7,32,26539
44,-1.0,3,7,54,26540
8,1.0,4,25,37,26541
1,-1.0,21,4,26,26542
7,-1.0,28,0,35,26543
19,1.0,8,19,46,26544
29,-1.0,6,12,47,26545
9,-1.0,23,2,34,26546
9,1.0,13,11,33,26547
2,1.0,21,18,41,26548
24,-1.0,0,41,65,26549
74,1.0,4,2,80,26550
56,-1.0,0,27,83,26551
149,-1.0,0,27,176,26552
24,1.0,7,36,67,26553
5,1.0,0,31,36,26554
9,1.0,4,17,30,26555
26,-1.0,6,8,40,26556
3,1.0,6,23,32,26557
41,-1.0,2,5,48,26558
14,1.0,7,12,33,26559
13,1.0,15,2,30,26560
37,-1.0,4,3,44,26561
17,-1.0,4,8,29,26562
5,-1.0,21,10,36,26563
53,-1.0,0,13,66,26564
14,1.0,50,0,64,26565
5,-1.0,19,5,29,26566
12,-1.0,16,9,37,26567
18,1.0,23,13,54,26568
18,1.0,5,8,31,26569
17,-1.0,6,6,29,26570
21,1.0,6,2,29,26571
9,-1.0,11,4,24,26572
0,-1.0,0,9,9,26573
15,1.0,2,13,30,26574
76,-1.0,0,24,100,26575
11,1.0,16,11,38,26576
45,-1.0,15,2,62,26577
21,1.0,2,14,37,26578
26,1.0,8,7,41,26579
3,1.0,12,8,23,26580
38,-1.0,2,26,66,26581
1,1.0,0,28,29,26582
28,1.0,3,7,38,26583
19,-1.0,18,15,52,26584
32,1.0,2,12,46,26585
82,-1.0,0,33,115,26586
5,1.0,10,21,36,26587
17,-1.0,9,15,41,26588
21,-1.0,7,14,42,26589
8,1.0,9,14,31,26590
10,-1.0,20,10,40,26591
6,1.0,4,22,32,26592
2,1.0,4,18,24,26593
21,1.0,6,13,40,26594
23,1.0,0,15,38,26595
0,-1.0,22,1,23,26596
2,-1.0,22,5,29,26597
24,1.0,4,4,32,26598
5,-1.0,15,17,37,26599
11,-1.0,4,18,33,26600
25,1.0,4,6,35,26601
13,-1.0,0,28,41,26602
3,1.0,17,5,25,26603
9,1.0,5,14,28,26604
23,1.0,4,6,33,26605
19,1.0,12,52,83,26606
28,1.0,2,18,48,26607
1,-1.0,13,17,31,26608
2,1.0,4,31,37,26609
35,1.0,8,10,53,26610
15,-1.0,8,7,30,26611
48,1.0,12,2,62,26612
6,1.0,21,0,27,26613
41,-1.0,3,14,58,26614
14,-1.0,1,12,27,26615
22,-1.0,14,8,44,26616
24,1.0,12,11,47,26617
26,-1.0,4,4,34,26618
17,-1.0,0,42,59,26619
18,1.0,11,24,53,26620
16,1.0,7,25,48,26621
28,-1.0,10,2,40,26622
36,1.0,0,23,59,26623
44,-1.0,7,9,60,26624
41,1.0,3,32,76,26625
1,-1.0,22,14,37,26626
40,-1.0,4,4,48,26627
21,-1.0,0,18,39,26628
45,1.0,8,1,54,26629
11,-1.0,14,2,27,26630
20,1.0,2,21,43,26631
2,1.0,18,7,27,26632
2,1.0,2,23,27,26633
31,-1.0,17,1,49,26634
4,-1.0,2,23,29,26635
6,1.0,5,11,22,26636
6,-1.0,21,4,31,26637
7,1.0,1,36,44,26638
22,-1.0,17,0,39,26639
32,-1.0,9,1,42,26640
21,1.0,2,16,39,26641
30,1.0,3,14,47,26642
15,1.0,5,11,31,26643
13,1.0,4,12,29,26644
30,1.0,1,15,46,26645
18,-1.0,13,8,39,26646
4,-1.0,15,5,24,26647
45,1.0,15,17,77,26648
4,1.0,13,8,25,26649
5,-1.0,10,13,28,26650
21,-1.0,10,1,32,26651
8,-1.0,16,7,31,26652
46,-1.0,7,9,62,26653
68,-1.0,0,15,83,26654
26,1.0,20,3,49,26655
50,-1.0,4,2,56,26656
49,-1.0,0,20,69,26657
28,1.0,5,31,64,26658
10,1.0,22,15,47,26659
40,1.0,7,3,50,26660
5,1.0,29,16,50,26661
28,1.0,3,18,49,26662
9,-1.0,31,6,46,26663
37,1.0,14,0,51,26664
2,-1.0,14,20,36,26665
20,1.0,10,16,46,26666
9,-1.0,7,19,35,26667
20,-1.0,4,15,39,26668
15,1.0,7,17,39,26669
18,-1.0,8,13,39,26670
1,-1.0,16,19,36,26671
11,1.0,8,12,31,26672
50,-1.0,0,33,83,26673
13,-1.0,0,38,51,26674
5,-1.0,13,16,34,26675
10,-1.0,10,5,25,26676
13,1.0,4,18,35,26677
54,-1.0,0,29,83,26678
2,-1.0,31,8,41,26679
49,-1.0,0,3,52,26680
10,1.0,4,11,25,26681
22,-1.0,17,2,41,26682
8,1.0,15,0,23,26683
33,1.0,17,1,51,26684
11,1.0,22,5,38,26685
1,1.0,25,11,37,26686
1,1.0,9,25,35,26687
20,1.0,10,10,40,26688
0,0.0,4,13,17,26689
6,-1.0,19,14,39,26690
2,-1.0,17,41,60,26691
8,-1.0,0,22,30,26692
14,-1.0,7,18,39,26693
40,-1.0,0,14,54,26694
9,1.0,27,2,38,26695
64,-1.0,16,3,83,26696
18,-1.0,24,2,44,26697
46,1.0,2,5,53,26698
7,1.0,0,25,32,26699
33,1.0,11,6,50,26700
1,-1.0,8,15,24,26701
14,-1.0,11,13,38,26702
69,-1.0,16,2,87,26703
26,1.0,10,21,57,26704
8,1.0,1,28,37,26705
17,1.0,14,15,46,26706
29,1.0,4,6,39,26707
10,1.0,10,8,28,26708
39,1.0,7,8,54,26709
13,1.0,6,12,31,26710
13,-1.0,18,0,31,26711
2,-1.0,14,6,22,26712
23,-1.0,14,6,43,26713
20,-1.0,0,30,50,26714
0,-1.0,21,23,44,26715
15,1.0,2,15,32,26716
47,-1.0,1,1,49,26717
44,-1.0,3,6,53,26718
57,-1.0,11,0,68,26719
15,1.0,8,38,61,26720
26,-1.0,18,23,67,26721
118,-1.0,5,2,125,26722
48,-1.0,21,6,75,26723
127,-1.0,11,23,161,26724
262,-1.0,30,270,562,26725
144,1.0,81,38,263,26726
22,-1.0,99,49,170,26727
1,-1.0,54,13,68,26728
138,-1.0,11,0,149,26729
137,-1.0,15,3,155,26730
278,1.0,0,0,278,26731
9,-1.0,54,58,121,26732
38,-1.0,31,1,70,26733
6,-1.0,15,39,60,26734
63,-1.0,2,22,87,26735
36,-1.0,4,11,51,26736
40,1.0,45,33,118,26737
30,-1.0,87,22,139,26738
137,-1.0,0,44,181,26739
39,-1.0,78,27,144,26740
95,-1.0,22,8,125,26741
37,-1.0,42,16,95,26742
45,1.0,0,50,95,26743
24,1.0,19,38,81,26744
10,-1.0,72,26,108,26745
57,1.0,4,9,70,26746
83,1.0,6,9,98,26747
51,-1.0,32,12,95,26748
31,1.0,9,40,80,26749
2,-1.0,33,12,47,26750
30,1.0,20,4,54,26751
24,-1.0,5,41,70,26752
1,-1.0,8,30,39,26753
41,-1.0,10,2,53,26754
9,-1.0,31,5,45,26755
4,-1.0,13,26,43,26756
21,-1.0,3,27,51,26757
43,-1.0,10,0,53,26758
23,1.0,22,18,63,26759
0,1.0,29,2,31,26760
4,-1.0,19,31,54,26761
3,-1.0,5,35,43,26762
88,1.0,0,15,103,26763
13,-1.0,9,13,35,26764
31,-1.0,6,6,43,26765
8,-1.0,1,38,47,26766
104,1.0,5,10,119,26767
12,1.0,13,24,49,26768
23,-1.0,34,10,67,26769
1,-1.0,18,30,49,26770
34,-1.0,2,5,41,26771
18,1.0,16,11,45,26772
9,-1.0,8,31,48,26773
50,-1.0,8,7,65,26774
11,1.0,2,58,71,26775
45,1.0,7,10,62,26776
59,1.0,6,0,65,26777
47,-1.0,29,12,88,26778
46,1.0,22,3,71,26779
32,1.0,1,25,58,26780
45,1.0,28,0,73,26781
13,-1.0,11,16,40,26782
8,-1.0,13,39,60,26783
19,1.0,13,10,42,26784
34,1.0,2,27,63,26785
69,-1.0,14,2,85,26786
46,1.0,6,4,56,26787
52,1.0,2,7,61,26788
20,1.0,1,16,37,26789
13,-1.0,27,18,58,26790
8,1.0,4,86,98,26791
48,1.0,9,6,63,26792
25,-1.0,3,16,44,26793
78,-1.0,0,9,87,26794
75,1.0,0,2,77,26795
25,1.0,1,33,59,26796
26,1.0,11,17,54,26797
11,1.0,9,27,47,26798
21,1.0,6,14,41,26799
31,-1.0,10,2,43,26800
7,-1.0,7,11,25,26801
19,-1.0,4,4,27,26802
27,-1.0,14,1,42,26803
29,1.0,0,11,40,26804
55,-1.0,0,8,63,26805
17,1.0,8,27,52,26806
1,1.0,20,5,26,26807
20,1.0,7,13,40,26808
74,1.0,5,0,79,26809
9,1.0,0,18,27,26810
11,-1.0,11,6,28,26811
9,-1.0,13,16,38,26812
5,-1.0,3,12,20,26813
36,-1.0,7,2,45,26814
55,-1.0,3,7,65,26815
9,1.0,0,36,45,26816
20,-1.0,10,10,40,26817
30,-1.0,5,21,56,26818
7,-1.0,12,6,25,26819
2,1.0,2,25,29,26820
7,-1.0,4,22,33,26821
4,-1.0,3,23,30,26822
1,-1.0,14,31,46,26823
32,1.0,10,12,54,26824
5,-1.0,0,30,35,26825
16,1.0,11,22,49,26826
24,-1.0,4,22,50,26827
0,0.0,15,2,17,26828
20,1.0,8,19,47,26829
3,-1.0,19,6,28,26830
38,-1.0,2,14,54,26831
98,-1.0,0,3,101,26832
14,1.0,20,62,96,26833
39,1.0,17,8,64,26834
13,-1.0,14,8,35,26835
52,1.0,0,4,56,26836
13,-1.0,8,7,28,26837
12,1.0,5,8,25,26838
14,-1.0,10,13,37,26839
42,-1.0,3,10,55,26840
51,1.0,1,53,105,26841
2,-1.0,10,28,40,26842
34,-1.0,11,1,46,26843
30,1.0,3,16,49,26844
26,-1.0,0,46,72,26845
3,-1.0,1,30,34,26846
18,1.0,6,29,53,26847
11,1.0,3,44,58,26848
54,-1.0,0,8,62,26849
14,-1.0,1,45,60,26850
12,1.0,24,9,45,26851
80,-1.0,4,0,84,26852
2,-1.0,11,62,75,26853
60,1.0,14,18,92,26854
27,-1.0,4,26,57,26855
2,1.0,16,14,32,26856
25,-1.0,8,3,36,26857
14,-1.0,6,28,48,26858
38,-1.0,0,22,60,26859
6,-1.0,14,7,27,26860
44,-1.0,5,8,57,26861
4,1.0,9,20,33,26862
20,1.0,2,11,33,26863
15,-1.0,1,14,30,26864
8,1.0,10,26,44,26865
5,1.0,0,24,29,26866
28,-1.0,2,43,73,26867
0,-1.0,18,9,27,26868
8,-1.0,9,25,42,26869
0,-1.0,1,16,17,26870
27,1.0,0,13,40,26871
51,1.0,2,1,54,26872
4,-1.0,26,7,37,26873
36,-1.0,0,51,87,26874
22,1.0,3,8,33,26875
51,1.0,0,3,54,26876
48,1.0,7,0,55,26877
49,-1.0,7,1,57,26878
15,1.0,25,5,45,26879
9,1.0,11,12,32,26880
18,-1.0,3,27,48,26881
18,-1.0,1,14,33,26882
26,-1.0,4,2,32,26883
12,1.0,3,15,30,26884
6,1.0,19,2,27,26885
10,1.0,5,9,24,26886
37,-1.0,11,14,62,26887
3,-1.0,16,18,37,26888
26,-1.0,9,18,53,26889
3,-1.0,28,0,31,26890
26,1.0,5,23,54,26891
20,-1.0,9,4,33,26892
12,1.0,8,21,41,26893
3,1.0,5,23,31,26894
50,-1.0,24,4,78,26895
2,1.0,9,40,51,26896
38,-1.0,4,7,49,26897
4,-1.0,23,23,50,26898
28,-1.0,26,5,59,26899
5,1.0,33,2,40,26900
82,1.0,14,4,100,26901
19,-1.0,19,8,46,26902
14,-1.0,14,18,46,26903
1,1.0,25,1,27,26904
42,1.0,0,0,42,26905
17,-1.0,4,21,42,26906
16,-1.0,1,33,50,26907
0,-1.0,11,41,52,26908
56,-1.0,8,10,74,26909
12,1.0,23,4,39,26910
36,-1.0,13,4,53,26911
47,1.0,10,0,57,26912
15,-1.0,13,1,29,26913
32,1.0,5,1,38,26914
0,0.0,0,16,16,26915
32,-1.0,5,6,43,26916
4,1.0,30,47,81,26917
28,-1.0,7,26,61,26918
30,-1.0,0,27,57,26919
9,-1.0,0,49,58,26920
44,1.0,10,22,76,26921
20,1.0,12,6,38,26922
24,-1.0,18,1,43,26923
11,1.0,2,14,27,26924
15,-1.0,15,8,38,26925
7,-1.0,21,16,44,26926
10,-1.0,7,14,31,26927
20,1.0,7,17,44,26928
37,1.0,18,2,57,26929
9,1.0,2,21,32,26930
41,-1.0,4,2,47,26931
76,-1.0,7,6,89,26932
9,-1.0,11,53,73,26933
77,-1.0,2,6,85,26934
22,-1.0,21,14,57,26935
73,-1.0,1,10,84,26936
89,1.0,4,15,108,26937
3,-1.0,10,37,50,26938
1,-1.0,13,13,27,26939
5,1.0,15,15,35,26940
3,1.0,2,29,34,26941
62,-1.0,0,59,121,26942
11,-1.0,27,33,71,26943
65,-1.0,18,4,87,26944
9,-1.0,24,20,53,26945
44,1.0,14,5,63,26946
33,-1.0,16,3,52,26947
50,-1.0,0,6,56,26948
22,1.0,15,4,41,26949
44,-1.0,1,20,65,26950
23,-1.0,22,2,47,26951
7,-1.0,15,16,38,26952
10,-1.0,3,37,50,26953
40,1.0,1,12,53,26954
33,1.0,1,22,56,26955
33,1.0,17,4,54,26956
56,-1.0,5,3,64,26957
7,-1.0,23,15,45,26958
16,-1.0,25,6,47,26959
15,1.0,14,6,35,26960
9,-1.0,13,25,47,26961
22,1.0,13,0,35,26962
15,-1.0,4,14,33,26963
3,1.0,4,58,65,26964
58,1.0,11,0,69,26965
5,-1.0,9,18,32,26966
18,-1.0,3,22,43,26967
15,-1.0,17,20,52,26968
18,1.0,19,13,50,26969
28,-1.0,6,24,58,26970
37,1.0,0,22,59,26971
22,-1.0,6,10,38,26972
48,1.0,11,22,81,26973
1,-1.0,26,29,56,26974
19,-1.0,17,5,41,26975
13,-1.0,18,10,41,26976
17,1.0,1,28,46,26977
11,-1.0,7,6,24,26978
10,1.0,8,13,31,26979
36,1.0,5,1,42,26980
2,-1.0,20,12,34,26981
45,1.0,9,9,63,26982
26,1.0,4,10,40,26983
21,1.0,3,7,31,26984
21,1.0,2,53,76,26985
11,-1.0,19,5,35,26986
37,1.0,5,7,49,26987
1,1.0,16,5,22,26988
6,1.0,10,23,39,26989
51,1.0,0,21,72,26990
16,-1.0,3,52,71,26991
2,1.0,15,5,22,26992
87,-1.0,3,5,95,26993
68,1.0,2,36,106,26994
28,-1.0,4,31,63,26995
79,-1.0,2,4,85,26996
109,-1.0,1,36,146,26997
80,1.0,0,17,97,26998
61,1.0,0,2,63,26999
2,-1.0,13,31,46,27000
2,1.0,2,77,81,27001
14,1.0,0,43,57,27002
102,-1.0,20,7,129,27003
0,1.0,7,37,44,27004
70,1.0,1,1,72,27005
16,1.0,4,15,35,27006
4,1.0,14,23,41,27007
20,-1.0,13,13,46,27008
5,-1.0,2,22,29,27009
26,-1.0,5,5,36,27010
9,1.0,24,0,33,27011
70,-1.0,3,10,83,27012
13,1.0,12,36,61,27013
21,1.0,10,14,45,27014
63,-1.0,1,2,66,27015
4,1.0,5,23,32,27016
4,-1.0,14,23,41,27017
51,-1.0,1,2,54,27018
22,-1.0,23,3,48,27019
80,1.0,7,3,90,27020
11,1.0,1,30,42,27021
5,-1.0,38,8,51,27022
5,-1.0,10,26,41,27023
30,1.0,3,8,41,27024
28,1.0,3,9,40,27025
19,-1.0,20,11,50,27026
12,-1.0,14,0,26,27027
44,1.0,2,17,63,27028
21,-1.0,16,16,53,27029
5,1.0,21,3,29,27030
62,1.0,3,12,77,27031
5,1.0,21,17,43,27032
8,1.0,10,19,37,27033
35,-1.0,0,17,52,27034
32,-1.0,14,3,49,27035
4,-1.0,2,37,43,27036
17,-1.0,40,13,70,27037
20,-1.0,12,14,46,27038
14,-1.0,41,1,56,27039
68,1.0,0,0,68,27040
9,1.0,41,7,57,27041
40,1.0,19,15,74,27042
40,1.0,18,4,62,27043
12,-1.0,52,0,64,27044
16,1.0,27,8,51,27045
6,1.0,5,20,31,27046
6,-1.0,21,1,28,27047
118,-1.0,2,3,123,27048
23,1.0,18,2,43,27049
13,-1.0,2,23,38,27050
11,-1.0,3,16,30,27051
59,-1.0,20,17,96,27052
8,1.0,44,0,52,27053
6,-1.0,28,15,49,27054
16,-1.0,33,16,65,27055
57,-1.0,7,17,81,27056
153,-1.0,0,29,182,27057
29,-1.0,2,61,92,27058
84,1.0,34,5,123,27059
7,-1.0,2,68,77,27060
45,1.0,10,21,76,27061
8,-1.0,68,13,89,27062
28,1.0,19,19,66,27063
8,1.0,7,19,34,27064
26,-1.0,7,23,56,27065
39,1.0,25,0,64,27066
8,-1.0,13,10,31,27067
79,-1.0,0,13,92,27068
16,1.0,20,36,72,27069
14,-1.0,7,26,47,27070
85,-1.0,3,1,89,27071
15,-1.0,19,11,45,27072
5,-1.0,36,0,41,27073
5,-1.0,9,41,55,27074
1,1.0,18,14,33,27075
10,-1.0,31,6,47,27076
29,-1.0,17,3,49,27077
4,-1.0,23,6,33,27078
6,-1.0,0,35,41,27079
34,-1.0,21,2,57,27080
26,1.0,20,7,53,27081
48,-1.0,29,0,77,27082
36,-1.0,3,23,62,27083
8,1.0,3,50,61,27084
4,1.0,0,36,40,27085
73,-1.0,2,0,75,27086
7,-1.0,22,6,35,27087
3,-1.0,40,24,67,27088
24,1.0,11,15,50,27089
13,1.0,20,17,50,27090
8,-1.0,12,28,48,27091
39,-1.0,25,5,69,27092
2,1.0,21,28,51,27093
14,-1.0,15,13,42,27094
58,-1.0,37,35,130,27095
16,-1.0,28,15,59,27096
48,1.0,12,37,97,27097
23,-1.0,17,5,45,27098
2,1.0,13,29,44,27099
20,1.0,13,17,50,27100
23,1.0,13,1,37,27101
8,-1.0,23,1,32,27102
24,1.0,17,3,44,27103
38,1.0,11,0,49,27104
17,-1.0,23,8,48,27105
26,-1.0,9,2,37,27106
45,-1.0,14,8,67,27107
33,-1.0,13,1,47,27108
1,1.0,1,27,29,27109
39,-1.0,9,0,48,27110
20,1.0,16,4,40,27111
40,-1.0,5,8,53,27112
18,1.0,9,11,38,27113
6,1.0,8,35,49,27114
10,-1.0,22,7,39,27115
20,-1.0,14,11,45,27116
11,-1.0,6,14,31,27117
8,1.0,19,9,36,27118
68,1.0,6,2,76,27119
10,-1.0,37,9,56,27120
4,-1.0,53,48,105,27121
29,-1.0,0,41,70,27122
32,1.0,23,12,67,27123
48,1.0,10,1,59,27124
17,1.0,49,14,80,27125
17,1.0,0,28,45,27126
33,-1.0,0,6,39,27127
8,-1.0,9,16,33,27128
40,1.0,9,7,56,27129
18,1.0,10,8,36,27130
13,-1.0,6,10,29,27131
3,-1.0,7,16,26,27132
19,-1.0,8,21,48,27133
36,1.0,10,8,54,27134
32,-1.0,8,9,49,27135
63,-1.0,6,2,71,27136
8,-1.0,19,13,40,27137
59,-1.0,0,3,62,27138
41,1.0,3,20,64,27139
11,-1.0,1,23,35,27140
60,1.0,16,2,78,27141
35,1.0,15,5,55,27142
53,1.0,13,14,80,27143
30,-1.0,38,17,85,27144
30,-1.0,16,2,48,27145
3,-1.0,32,3,38,27146
13,1.0,47,1,61,27147
19,1.0,13,13,45,27148
87,-1.0,1,4,92,27149
27,1.0,9,28,64,27150
22,-1.0,25,2,49,27151
31,1.0,0,5,36,27152
72,1.0,0,0,72,27153
3,-1.0,4,26,33,27154
5,-1.0,12,17,34,27155
40,-1.0,0,33,73,27156
7,-1.0,62,3,72,27157
53,-1.0,22,2,77,27158
23,-1.0,27,1,51,27159
22,1.0,7,12,41,27160
53,-1.0,2,3,58,27161
13,1.0,9,32,54,27162
21,1.0,4,12,37,27163
17,-1.0,10,15,42,27164
21,1.0,26,4,51,27165
71,-1.0,1,10,82,27166
39,-1.0,5,14,58,27167
29,1.0,7,39,75,27168
7,1.0,31,3,41,27169
13,-1.0,7,15,35,27170
32,1.0,17,7,56,27171
13,1.0,6,11,30,27172
17,1.0,2,24,43,27173
32,-1.0,9,0,41,27174
10,-1.0,22,3,35,27175
14,1.0,31,1,46,27176
48,-1.0,3,0,51,27177
11,-1.0,19,10,40,27178
9,1.0,37,0,46,27179
9,-1.0,15,10,34,27180
48,-1.0,14,1,63,27181
14,1.0,24,15,53,27182
8,-1.0,10,10,28,27183
5,-1.0,19,19,43,27184
60,-1.0,2,1,63,27185
3,-1.0,29,7,39,27186
20,1.0,17,25,62,27187
0,0.0,20,17,37,27188
2,1.0,16,22,40,27189
43,-1.0,9,7,59,27190
38,1.0,1,5,44,27191
90,1.0,5,3,98,27192
37,1.0,12,1,50,27193
47,1.0,3,12,62,27194
16,-1.0,15,15,46,27195
5,1.0,16,15,36,27196
16,1.0,39,17,72,27197
102,-1.0,1,0,103,27198
33,-1.0,14,12,59,27199
27,1.0,8,10,45,27200
73,-1.0,2,13,88,27201
191,-1.0,0,69,260,27202
26,-1.0,42,18,86,27203
7,-1.0,30,31,68,27204
22,-1.0,21,31,74,27205
12,1.0,34,4,50,27206
70,1.0,18,0,88,27207
49,-1.0,14,24,87,27208
20,-1.0,4,61,85,27209
7,-1.0,28,49,84,27210
0,-1.0,12,27,39,27211
1,1.0,10,37,48,27212
54,1.0,5,1,60,27213
24,1.0,0,21,45,27214
14,1.0,12,21,47,27215
11,-1.0,7,16,34,27216
34,-1.0,26,0,60,27217
13,1.0,10,16,39,27218
21,1.0,26,3,50,27219
45,-1.0,28,4,77,27220
5,1.0,31,6,42,27221
10,1.0,16,2,28,27222
52,1.0,7,1,60,27223
57,1.0,14,2,73,27224
28,-1.0,17,17,62,27225
18,1.0,7,13,38,27226
90,1.0,2,2,94,27227
46,-1.0,7,5,58,27228
133,-1.0,4,0,137,27229
9,1.0,42,56,107,27230
26,1.0,8,18,52,27231
64,1.0,7,2,73,27232
14,1.0,13,23,50,27233
49,-1.0,8,13,70,27234
4,1.0,23,8,35,27235
38,1.0,1,36,75,27236
221,1.0,1,5,227,27237
174,1.0,21,3,198,27238
26,1.0,24,33,83,27239
75,-1.0,4,27,106,27240
66,-1.0,3,56,125,27241
135,1.0,12,6,153,27242
32,1.0,10,42,84,27243
70,1.0,4,19,93,27244
0,-1.0,3,53,56,27245
82,1.0,26,3,111,27246
36,1.0,15,16,67,27247
42,-1.0,11,10,63,27248
45,-1.0,0,47,92,27249
14,1.0,38,7,59,27250
28,-1.0,0,71,99,27251
8,-1.0,14,38,60,27252
49,1.0,41,45,135,27253
51,1.0,1,13,65,27254
6,1.0,23,19,48,27255
91,1.0,3,0,94,27256
41,1.0,13,1,55,27257
5,1.0,23,14,42,27258
10,1.0,0,61,71,27259
15,1.0,22,40,77,27260
18,-1.0,32,10,60,27261
1,1.0,16,28,45,27262
24,1.0,22,8,54,27263
15,1.0,19,13,47,27264
142,1.0,7,25,174,27265
48,1.0,11,5,64,27266
98,1.0,5,25,128,27267
88,-1.0,3,33,124,27268
21,1.0,20,20,61,27269
1,1.0,5,23,29,27270
95,1.0,19,7,121,27271
20,-1.0,26,11,57,27272
42,-1.0,7,17,66,27273
47,-1.0,11,1,59,27274
38,-1.0,0,60,98,27275
37,-1.0,30,30,97,27276
15,1.0,59,2,76,27277
84,-1.0,1,3,88,27278
26,1.0,6,44,76,27279
18,1.0,8,66,92,27280
42,1.0,4,36,82,27281
28,1.0,12,8,48,27282
15,-1.0,5,25,45,27283
7,1.0,34,5,46,27284
19,1.0,1,23,43,27285
22,-1.0,21,8,51,27286
26,-1.0,1,24,51,27287
50,1.0,13,5,68,27288
24,-1.0,2,21,47,27289
22,1.0,6,26,54,27290
48,1.0,14,27,89,27291
30,1.0,3,6,39,27292
8,-1.0,5,19,32,27293
31,-1.0,15,21,67,27294
24,1.0,0,14,38,27295
36,-1.0,12,9,57,27296
45,1.0,1,1,47,27297
11,1.0,3,32,46,27298
28,-1.0,7,11,46,27299
3,1.0,3,31,37,27300
14,1.0,11,9,34,27301
2,-1.0,8,32,42,27302
50,1.0,0,25,75,27303
10,-1.0,11,16,37,27304
8,1.0,17,1,26,27305
42,-1.0,0,80,122,27306
3,1.0,15,23,41,27307
4,1.0,4,39,47,27308
22,1.0,6,19,47,27309
3,1.0,21,12,36,27310
91,-1.0,0,5,96,27311
9,1.0,3,46,58,27312
16,1.0,13,18,47,27313
5,-1.0,30,38,73,27314
7,1.0,29,11,47,27315
23,1.0,12,3,38,27316
228,-1.0,20,2,250,27317
60,1.0,39,44,143,27318
78,1.0,22,2,102,27319
11,1.0,1,43,55,27320
19,1.0,20,1,40,27321
4,-1.0,6,47,57,27322
2,1.0,11,16,29,27323
55,1.0,7,11,73,27324
7,-1.0,21,17,45,27325
28,1.0,1,19,48,27326
23,1.0,12,14,49,27327
16,1.0,5,20,41,27328
14,-1.0,13,6,33,27329
4,-1.0,24,2,30,27330
24,-1.0,2,6,32,27331
8,-1.0,6,16,30,27332
11,-1.0,6,15,32,27333
29,1.0,2,9,40,27334
14,-1.0,9,5,28,27335
12,-1.0,2,23,37,27336
44,1.0,15,2,61,27337
29,-1.0,5,7,41,27338
65,-1.0,10,27,102,27339
4,-1.0,11,19,34,27340
5,-1.0,5,17,27,27341
9,-1.0,6,73,88,27342
45,-1.0,13,0,58,27343
38,1.0,12,13,63,27344
4,1.0,17,8,29,27345
2,1.0,8,60,70,27346
16,-1.0,12,5,33,27347
0,-1.0,0,16,16,27348
47,-1.0,2,5,54,27349
7,1.0,12,11,30,27350
53,1.0,4,6,63,27351
11,1.0,21,1,33,27352
47,1.0,12,1,60,27353
7,-1.0,7,21,35,27354
7,-1.0,8,10,25,27355
2,-1.0,20,11,33,27356
43,-1.0,0,23,66,27357
33,1.0,5,13,51,27358
13,-1.0,25,11,49,27359
29,-1.0,10,3,42,27360
20,1.0,5,14,39,27361
36,-1.0,7,16,59,27362
9,1.0,26,2,37,27363
25,1.0,6,16,47,27364
14,-1.0,20,1,35,27365
25,1.0,32,47,104,27366
8,-1.0,22,34,64,27367
14,-1.0,8,17,39,27368
30,1.0,38,44,112,27369
0,-1.0,9,38,47,27370
41,-1.0,17,11,69,27371
27,-1.0,2,26,55,27372
24,1.0,30,10,64,27373
26,1.0,11,5,42,27374
55,-1.0,13,2,70,27375
6,1.0,31,61,98,27376
42,-1.0,2,37,81,27377
3,1.0,13,53,69,27378
48,1.0,12,21,81,27379
39,-1.0,18,10,67,27380
4,1.0,10,23,37,27381
20,-1.0,16,17,53,27382
22,-1.0,0,50,72,27383
43,1.0,16,0,59,27384
31,1.0,18,2,51,27385
23,1.0,4,9,36,27386
9,-1.0,10,29,48,27387
4,1.0,17,22,43,27388
18,1.0,10,2,30,27389
6,1.0,12,14,32,27390
74,-1.0,1,4,79,27391
2,-1.0,19,13,34,27392
24,1.0,14,2,40,27393
85,-1.0,12,0,97,27394
28,1.0,37,8,73,27395
1,-1.0,16,7,24,27396
63,1.0,2,27,92,27397
21,-1.0,33,8,62,27398
8,-1.0,28,13,49,27399
18,1.0,17,0,35,27400
4,-1.0,22,10,36,27401
36,1.0,9,1,46,27402
58,-1.0,8,0,66,27403
32,1.0,13,14,59,27404
5,-1.0,19,3,27,27405
6,1.0,6,26,38,27406
20,-1.0,33,3,56,27407
16,-1.0,8,10,34,27408
18,1.0,18,14,50,27409
0,-1.0,19,5,24,27410
1,-1.0,30,2,33,27411
13,1.0,11,17,41,27412
5,1.0,4,19,28,27413
35,1.0,5,5,45,27414
17,-1.0,16,3,36,27415
6,1.0,6,30,42,27416
2,-1.0,25,39,66,27417
33,-1.0,6,20,59,27418
17,1.0,21,9,47,27419
14,-1.0,14,6,34,27420
44,1.0,0,9,53,27421
10,-1.0,11,8,29,27422
14,1.0,11,8,33,27423
11,-1.0,9,3,23,27424
33,1.0,0,11,44,27425
3,-1.0,3,18,24,27426
14,-1.0,11,9,34,27427
146,-1.0,0,5,151,27428
78,-1.0,8,29,115,27429
8,1.0,15,53,76,27430
24,1.0,39,12,75,27431
8,1.0,14,5,27,27432
16,-1.0,10,15,41,27433
43,1.0,27,15,85,27434
107,-1.0,1,2,110,27435
22,1.0,21,18,61,27436
66,1.0,0,1,67,27437
56,-1.0,17,1,74,27438
7,-1.0,22,22,51,27439
3,-1.0,16,12,31,27440
18,-1.0,16,7,41,27441
44,-1.0,0,25,69,27442
27,-1.0,37,4,68,27443
5,1.0,32,13,50,27444
31,-1.0,10,1,42,27445
4,1.0,20,8,32,27446
40,-1.0,19,0,59,27447
9,1.0,2,36,47,27448
4,-1.0,26,2,32,27449
4,1.0,10,18,32,27450
9,-1.0,19,4,32,27451
28,-1.0,10,5,43,27452
37,-1.0,4,19,60,27453
1,-1.0,27,34,62,27454
32,-1.0,17,4,53,27455
42,1.0,6,1,49,27456
90,-1.0,12,21,123,27457
6,1.0,2,28,36,27458
91,1.0,0,0,91,27459
9,1.0,3,18,30,27460
23,1.0,4,10,37,27461
23,1.0,16,21,60,27462
9,1.0,40,0,49,27463
58,1.0,4,6,68,27464
9,-1.0,14,8,31,27465
37,1.0,5,1,43,27466
4,-1.0,10,18,32,27467
17,-1.0,9,4,30,27468
3,-1.0,10,16,29,27469
23,1.0,0,12,35,27470
25,-1.0,4,6,35,27471
22,1.0,8,8,38,27472
27,-1.0,12,3,42,27473
25,1.0,1,19,45,27474
11,-1.0,10,12,33,27475
35,1.0,14,3,52,27476
42,1.0,10,22,74,27477
75,-1.0,3,4,82,27478
24,1.0,11,25,60,27479
13,1.0,5,14,32,27480
4,-1.0,4,23,31,27481
1,1.0,17,6,24,27482
16,-1.0,0,25,41,27483
45,-1.0,2,1,48,27484
19,-1.0,7,23,49,27485
63,1.0,11,0,74,27486
23,-1.0,23,6,52,27487
9,1.0,18,5,32,27488
41,1.0,15,7,63,27489
17,-1.0,27,0,44,27490
41,1.0,8,8,57,27491
11,-1.0,18,4,33,27492
8,-1.0,10,21,39,27493
1,1.0,12,15,28,27494
37,-1.0,2,0,39,27495
78,1.0,3,7,88,27496
23,-1.0,9,14,46,27497
6,1.0,22,6,34,27498
18,-1.0,1,17,36,27499
12,-1.0,10,17,39,27500
18,1.0,32,18,68,27501
3,-1.0,4,15,22,27502
19,1.0,23,4,46,27503
36,1.0,21,26,83,27504
13,1.0,8,18,39,27505
45,-1.0,5,5,55,27506
6,-1.0,3,20,29,27507
6,1.0,20,25,51,27508
3,-1.0,10,17,30,27509
24,-1.0,14,2,40,27510
59,-1.0,1,7,67,27511
28,-1.0,10,4,42,27512
22,1.0,1,22,45,27513
21,-1.0,9,9,39,27514
5,1.0,20,11,36,27515
4,-1.0,2,30,36,27516
2,-1.0,0,38,40,27517
15,1.0,9,9,33,27518
13,1.0,8,17,38,27519
40,-1.0,22,2,64,27520
36,-1.0,3,7,46,27521
16,1.0,19,18,53,27522
14,1.0,1,19,34,27523
49,1.0,2,0,51,27524
17,-1.0,7,16,40,27525
8,-1.0,12,20,40,27526
20,1.0,16,3,39,27527
40,-1.0,8,13,61,27528
12,1.0,5,29,46,27529
1,1.0,15,18,34,27530
2,-1.0,16,19,37,27531
9,-1.0,12,10,31,27532
9,-1.0,1,30,40,27533
18,1.0,4,15,37,27534
24,1.0,3,18,45,27535
33,-1.0,8,0,41,27536
21,-1.0,13,2,36,27537
46,-1.0,1,1,48,27538
29,-1.0,16,8,53,27539
40,-1.0,0,5,45,27540
32,1.0,9,8,49,27541
13,1.0,5,13,31,27542
14,1.0,15,8,37,27543
13,-1.0,24,4,41,27544
9,1.0,8,8,25,27545
27,1.0,2,12,41,27546
14,1.0,2,17,33,27547
2,-1.0,7,29,38,27548
28,-1.0,0,41,69,27549
8,1.0,0,41,49,27550
12,1.0,14,13,39,27551
11,-1.0,17,5,33,27552
17,-1.0,15,6,38,27553
30,-1.0,11,6,47,27554
26,-1.0,17,2,45,27555
6,1.0,8,14,28,27556
5,-1.0,24,3,32,27557
15,1.0,6,7,28,27558
26,1.0,18,1,45,27559
30,1.0,13,0,43,27560
5,-1.0,11,20,36,27561
37,-1.0,3,27,67,27562
6,-1.0,9,14,29,27563
15,1.0,19,19,53,27564
42,1.0,1,10,53,27565
44,1.0,19,1,64,27566
2,1.0,25,10,37,27567
12,-1.0,15,8,35,27568
4,1.0,30,4,38,27569
4,1.0,24,7,35,27570
21,-1.0,5,13,39,27571
17,1.0,10,10,37,27572
10,-1.0,14,1,25,27573
12,-1.0,13,19,44,27574
3,-1.0,29,2,34,27575
72,-1.0,6,1,79,27576
85,-1.0,18,2,105,27577
31,-1.0,43,5,79,27578
62,1.0,0,5,67,27579
18,-1.0,28,14,60,27580
7,1.0,24,31,62,27581
21,-1.0,9,14,44,27582
25,-1.0,23,3,51,27583
9,-1.0,1,24,34,27584
3,-1.0,14,22,39,27585
53,-1.0,3,9,65,27586
78,1.0,4,1,83,27587
3,-1.0,19,33,55,27588
5,-1.0,12,27,44,27589
29,-1.0,47,8,84,27590
27,-1.0,11,38,76,27591
90,1.0,1,4,95,27592
11,-1.0,13,19,43,27593
38,-1.0,16,2,56,27594
7,-1.0,5,18,30,27595
25,-1.0,20,12,57,27596
0,1.0,21,16,37,27597
16,-1.0,11,12,39,27598
32,-1.0,35,0,67,27599
24,-1.0,16,0,40,27600
24,-1.0,8,3,35,27601
43,-1.0,4,18,65,27602
57,1.0,0,11,68,27603
10,-1.0,18,2,30,27604
61,-1.0,4,0,65,27605
12,-1.0,10,12,34,27606
6,1.0,8,20,34,27607
50,-1.0,2,9,61,27608
42,-1.0,6,6,54,27609
11,-1.0,18,6,35,27610
31,-1.0,6,5,42,27611
23,1.0,21,8,52,27612
43,-1.0,1,10,54,27613
41,-1.0,9,5,55,27614
3,-1.0,15,25,43,27615
23,1.0,6,11,40,27616
12,1.0,15,28,55,27617
24,1.0,2,15,41,27618
36,1.0,8,27,71,27619
3,1.0,17,16,36,27620
42,-1.0,7,2,51,27621
10,-1.0,19,0,29,27622
28,-1.0,9,5,42,27623
45,-1.0,15,1,61,27624
3,-1.0,10,28,41,27625
18,-1.0,7,8,33,27626
114,-1.0,0,3,117,27627
64,1.0,30,5,99,27628
1,1.0,36,16,53,27629
27,-1.0,32,16,75,27630
8,-1.0,9,21,38,27631
77,-1.0,15,2,94,27632
14,1.0,3,50,67,27633
44,1.0,6,33,83,27634
2,1.0,0,46,48,27635
1,-1.0,4,29,34,27636
3,1.0,6,27,36,27637
50,1.0,5,0,55,27638
4,1.0,34,0,38,27639
25,1.0,14,6,45,27640
6,1.0,11,16,33,27641
4,-1.0,17,16,37,27642
40,1.0,0,3,43,27643
29,-1.0,20,7,56,27644
33,-1.0,29,1,63,27645
24,-1.0,0,42,66,27646
50,1.0,3,0,53,27647
22,-1.0,4,18,44,27648
18,-1.0,11,9,38,27649
46,1.0,24,3,73,27650
19,-1.0,19,0,38,27651
8,1.0,10,33,51,27652
36,-1.0,20,4,60,27653
19,-1.0,26,1,46,27654
6,-1.0,16,12,34,27655
3,-1.0,14,29,46,27656
17,-1.0,6,35,58,27657
18,1.0,15,14,47,27658
23,-1.0,22,0,45,27659
45,-1.0,32,11,88,27660
8,-1.0,10,24,42,27661
108,1.0,10,25,143,27662
21,-1.0,17,1,39,27663
1,1.0,21,20,42,27664
21,1.0,3,26,50,27665
22,1.0,5,8,35,27666
18,1.0,19,1,38,27667
54,-1.0,0,2,56,27668
3,-1.0,25,4,32,27669
4,-1.0,18,2,24,27670
15,1.0,17,9,41,27671
11,1.0,8,6,25,27672
25,-1.0,3,8,36,27673
10,-1.0,17,5,32,27674
15,1.0,4,13,32,27675
42,1.0,15,0,57,27676
19,-1.0,21,31,71,27677
6,1.0,8,19,33,27678
96,-1.0,0,106,202,27679
45,1.0,19,56,120,27680
47,1.0,14,3,64,27681
14,1.0,16,34,64,27682
50,-1.0,2,8,60,27683
14,-1.0,8,16,38,27684
44,1.0,0,22,66,27685
49,-1.0,3,1,53,27686
4,1.0,20,12,36,27687
23,-1.0,0,58,81,27688
5,1.0,16,18,39,27689
2,1.0,13,25,40,27690
42,-1.0,13,4,59,27691
42,-1.0,2,14,58,27692
47,1.0,5,16,68,27693
77,-1.0,0,16,93,27694
8,1.0,2,30,40,27695
15,1.0,8,48,71,27696
61,1.0,2,17,80,27697
30,-1.0,14,21,65,27698
90,-1.0,2,5,97,27699
3,1.0,17,14,34,27700
22,-1.0,26,1,49,27701
24,1.0,10,37,71,27702
20,-1.0,17,4,41,27703
38,1.0,1,9,48,27704
57,-1.0,1,14,72,27705
30,-1.0,1,10,41,27706
64,1.0,0,16,80,27707
18,-1.0,15,10,43,27708
16,-1.0,14,13,43,27709
35,1.0,7,11,53,27710
8,1.0,14,16,38,27711
2,1.0,15,49,66,27712
56,1.0,2,0,58,27713
39,1.0,2,31,72,27714
4,-1.0,16,26,46,27715
21,1.0,7,16,44,27716
66,-1.0,18,2,86,27717
8,1.0,22,20,50,27718
35,1.0,15,0,50,27719
4,1.0,18,13,35,27720
26,1.0,5,6,37,27721
31,-1.0,4,12,47,27722
177,-1.0,1,1,179,27723
25,-1.0,24,0,49,27724
25,1.0,21,31,77,27725
45,-1.0,12,17,74,27726
10,-1.0,4,109,123,27727
3,1.0,46,28,77,27728
43,-1.0,15,30,88,27729
14,-1.0,6,42,62,27730
105,1.0,3,1,109,27731
10,1.0,9,15,34,27732
6,-1.0,1,30,37,27733
31,-1.0,8,21,60,27734
12,1.0,21,4,37,27735
11,1.0,8,14,33,27736
48,-1.0,1,1,50,27737
8,-1.0,39,1,48,27738
5,1.0,10,23,38,27739
10,1.0,22,7,39,27740
14,1.0,13,12,39,27741
31,1.0,0,7,38,27742
55,-1.0,9,0,64,27743
30,-1.0,26,9,65,27744
4,1.0,24,8,36,27745
6,1.0,33,11,50,27746
53,1.0,29,6,88,27747
15,1.0,15,10,40,27748
5,-1.0,11,12,28,27749
44,1.0,22,0,66,27750
19,-1.0,24,17,60,27751
9,1.0,1,33,43,27752
20,1.0,11,5,36,27753
21,1.0,0,24,45,27754
12,-1.0,16,5,33,27755
20,-1.0,11,5,36,27756
1,1.0,27,18,46,27757
3,-1.0,21,17,41,27758
37,1.0,43,0,80,27759
17,1.0,9,9,35,27760
13,-1.0,3,24,40,27761
24,1.0,24,36,84,27762
45,1.0,10,0,55,27763
12,1.0,26,0,38,27764
10,-1.0,26,8,44,27765
8,-1.0,20,7,35,27766
32,-1.0,7,8,47,27767
32,-1.0,2,12,46,27768
5,1.0,10,35,50,27769
1,1.0,12,33,46,27770
19,1.0,8,14,41,27771
52,-1.0,1,11,64,27772
28,-1.0,7,5,40,27773
72,-1.0,0,2,74,27774
43,1.0,14,3,60,27775
4,1.0,24,6,34,27776
29,1.0,2,23,54,27777
30,1.0,9,1,40,27778
2,1.0,15,15,32,27779
45,1.0,1,4,50,27780
42,-1.0,1,2,45,27781
17,1.0,6,11,34,27782
18,-1.0,0,21,39,27783
0,-1.0,21,3,24,27784
9,1.0,12,26,47,27785
2,-1.0,24,12,38,27786
18,-1.0,3,11,32,27787
5,1.0,16,24,45,27788
1,-1.0,20,9,30,27789
6,-1.0,10,22,38,27790
70,1.0,12,1,83,27791
30,1.0,18,0,48,27792
36,-1.0,5,2,43,27793
29,1.0,4,17,50,27794
15,1.0,6,25,46,27795
41,-1.0,19,0,60,27796
17,1.0,7,32,56,27797
53,1.0,8,3,64,27798
32,1.0,0,17,49,27799
74,1.0,5,1,80,27800
8,1.0,6,25,39,27801
15,-1.0,10,7,32,27802
19,-1.0,28,12,59,27803
26,1.0,2,14,42,27804
30,1.0,7,21,58,27805
41,-1.0,16,2,59,27806
21,-1.0,12,1,34,27807
15,1.0,10,5,30,27808
17,-1.0,23,3,43,27809
25,1.0,5,55,85,27810
50,1.0,7,10,67,27811
25,-1.0,23,12,60,27812
17,-1.0,0,43,60,27813
41,1.0,8,1,50,27814
54,1.0,7,1,62,27815
26,-1.0,23,2,51,27816
23,-1.0,15,8,46,27817
51,1.0,2,6,59,27818
19,-1.0,15,4,38,27819
2,1.0,0,31,33,27820
22,-1.0,14,3,39,27821
48,-1.0,4,10,62,27822
18,-1.0,13,19,50,27823
5,-1.0,26,18,49,27824
10,1.0,1,32,43,27825
27,1.0,7,18,52,27826
4,1.0,28,1,33,27827
2,1.0,4,23,29,27828
21,-1.0,15,5,41,27829
6,-1.0,23,15,44,27830
2,1.0,15,26,43,27831
85,-1.0,18,8,111,27832
2,-1.0,4,36,42,27833
9,1.0,22,0,31,27834
32,1.0,0,10,42,27835
18,-1.0,2,93,113,27836
30,1.0,3,52,85,27837
16,-1.0,28,14,58,27838
64,-1.0,0,5,69,27839
45,1.0,3,15,63,27840
22,1.0,13,20,55,27841
8,1.0,2,29,39,27842
28,-1.0,23,17,68,27843
65,1.0,3,12,80,27844
49,1.0,5,13,67,27845
20,-1.0,0,28,48,27846
8,1.0,15,25,48,27847
84,-1.0,4,0,88,27848
3,-1.0,35,3,41,27849
12,1.0,8,16,36,27850
17,1.0,37,5,59,27851
13,-1.0,18,16,47,27852
23,1.0,4,23,50,27853
13,-1.0,12,10,35,27854
6,1.0,13,23,42,27855
22,1.0,21,0,43,27856
23,-1.0,3,17,43,27857
8,1.0,8,39,55,27858
69,-1.0,6,0,75,27859
12,1.0,19,16,47,27860
93,-1.0,10,1,104,27861
26,1.0,8,39,73,27862
26,-1.0,8,31,65,27863
3,-1.0,1,47,51,27864
23,1.0,10,37,70,27865
3,-1.0,40,11,54,27866
14,1.0,33,19,66,27867
36,1.0,7,20,63,27868
15,-1.0,0,23,38,27869
16,1.0,22,10,48,27870
13,1.0,3,42,58,27871
61,1.0,3,22,86,27872
4,1.0,8,41,53,27873
10,1.0,17,6,33,27874
64,1.0,9,32,105,27875
4,-1.0,11,36,51,27876
27,1.0,1,12,40,27877
26,1.0,3,9,38,27878
10,-1.0,13,21,44,27879
20,-1.0,7,8,35,27880
22,-1.0,12,11,45,27881
20,-1.0,15,3,38,27882
21,1.0,3,49,73,27883
32,1.0,7,15,54,27884
4,-1.0,7,33,44,27885
42,1.0,0,18,60,27886
21,1.0,1,16,38,27887
18,-1.0,8,6,32,27888
27,-1.0,5,6,38,27889
25,1.0,5,22,52,27890
20,-1.0,6,5,31,27891
55,-1.0,1,4,60,27892
25,1.0,7,4,36,27893
0,-1.0,13,11,24,27894
3,1.0,34,2,39,27895
7,1.0,11,41,59,27896
12,-1.0,26,1,39,27897
4,-1.0,9,23,36,27898
30,1.0,2,19,51,27899
4,1.0,7,19,30,27900
13,1.0,20,2,35,27901
19,-1.0,8,16,43,27902
17,-1.0,9,10,36,27903
50,-1.0,0,11,61,27904
41,-1.0,0,21,62,27905
44,1.0,28,29,101,27906
21,-1.0,23,13,57,27907
40,-1.0,12,0,52,27908
3,1.0,15,6,24,27909
24,1.0,5,28,57,27910
8,-1.0,6,14,28,27911
8,-1.0,18,3,29,27912
5,-1.0,7,29,41,27913
35,-1.0,9,10,54,27914
3,-1.0,8,22,33,27915
37,-1.0,1,2,40,27916
45,-1.0,21,1,67,27917
8,-1.0,7,25,40,27918
42,1.0,0,17,59,27919
43,1.0,6,11,60,27920
54,-1.0,1,6,61,27921
7,1.0,14,19,40,27922
39,1.0,1,7,47,27923
11,1.0,29,0,40,27924
6,-1.0,7,17,30,27925
21,-1.0,12,2,35,27926
35,1.0,4,4,43,27927
3,1.0,15,11,29,27928
22,-1.0,11,2,35,27929
20,-1.0,20,4,44,27930
5,-1.0,29,10,44,27931
8,-1.0,23,6,37,27932
4,1.0,30,6,40,27933
2,-1.0,13,7,22,27934
33,-1.0,6,7,46,27935
42,-1.0,7,6,55,27936
13,-1.0,7,16,36,27937
8,-1.0,4,12,24,27938
25,-1.0,3,4,32,27939
29,1.0,1,9,39,27940
0,0.0,13,11,24,27941
27,-1.0,14,33,74,27942
14,-1.0,14,13,41,27943
39,-1.0,3,3,45,27944
6,1.0,11,15,32,27945
4,-1.0,6,21,31,27946
72,-1.0,14,4,90,27947
6,-1.0,13,22,41,27948
129,-1.0,0,83,212,27949
32,1.0,22,59,113,27950
64,-1.0,5,3,72,27951
44,-1.0,17,0,61,27952
71,-1.0,0,0,71,27953
0,0.0,30,38,68,27954
57,-1.0,15,7,79,27955
75,1.0,18,1,94,27956
31,1.0,7,40,78,27957
29,-1.0,3,25,57,27958
15,1.0,5,28,48,27959
30,-1.0,3,19,52,27960
96,1.0,4,0,100,27961
16,-1.0,11,18,45,27962
3,-1.0,11,16,30,27963
11,-1.0,0,31,42,27964
116,-1.0,11,4,131,27965
75,-1.0,2,31,108,27966
11,-1.0,27,27,65,27967
42,-1.0,0,38,80,27968
47,-1.0,0,7,54,27969
77,1.0,12,4,93,27970
23,1.0,2,35,60,27971
74,-1.0,8,10,92,27972
15,1.0,7,18,40,27973
28,1.0,17,7,52,27974
26,1.0,9,19,54,27975
32,1.0,3,3,38,27976
37,-1.0,8,4,49,27977
51,-1.0,7,1,59,27978
52,-1.0,5,0,57,27979
27,1.0,4,6,37,27980
16,-1.0,6,22,44,27981
17,1.0,0,24,41,27982
12,-1.0,21,3,36,27983
8,1.0,18,5,31,27984
5,-1.0,4,20,29,27985
37,1.0,10,9,56,27986
23,-1.0,17,1,41,27987
14,-1.0,0,27,41,27988
8,1.0,13,6,27,27989
25,1.0,7,19,51,27990
57,1.0,23,0,80,27991
2,1.0,11,38,51,27992
6,1.0,10,8,24,27993
13,1.0,25,20,58,27994
15,-1.0,29,1,45,27995
47,-1.0,25,1,73,27996
5,1.0,20,9,34,27997
0,-1.0,27,4,31,27998
9,1.0,19,3,31,27999
60,1.0,9,1,70,28000
37,1.0,12,10,59,28001
47,-1.0,1,9,57,28002
10,-1.0,28,0,38,28003
11,-1.0,30,0,41,28004
46,-1.0,18,8,72,28005
2,1.0,41,18,61,28006
3,-1.0,32,6,41,28007
45,1.0,7,9,61,28008
27,-1.0,8,3,38,28009
53,-1.0,12,20,85,28010
58,1.0,15,7,80,28011
20,1.0,5,12,37,28012
11,1.0,24,2,37,28013
37,1.0,1,14,52,28014
10,-1.0,9,8,27,28015
32,-1.0,2,14,48,28016
43,-1.0,7,1,51,28017
71,1.0,28,7,106,28018
28,-1.0,2,7,37,28019
12,1.0,13,14,39,28020
39,-1.0,36,0,75,28021
39,-1.0,6,19,64,28022
1,-1.0,6,42,49,28023
6,-1.0,19,15,40,28024
1,1.0,35,6,42,28025
71,1.0,5,0,76,28026
27,1.0,6,8,41,28027
30,1.0,19,11,60,28028
13,1.0,31,1,45,28029
23,1.0,6,16,45,28030
9,1.0,19,2,30,28031
48,-1.0,28,22,98,28032
105,-1.0,1,14,120,28033
49,1.0,9,1,59,28034
7,1.0,5,37,49,28035
4,1.0,17,11,32,28036
11,1.0,11,12,34,28037
59,-1.0,2,8,69,28038
2,1.0,5,25,32,28039
16,1.0,2,20,38,28040
54,1.0,2,1,57,28041
0,0.0,22,5,27,28042
16,-1.0,15,4,35,28043
36,-1.0,21,9,66,28044
23,-1.0,15,1,39,28045
20,1.0,17,14,51,28046
7,-1.0,5,11,23,28047
11,-1.0,10,5,26,28048
34,-1.0,11,5,50,28049
26,-1.0,1,7,34,28050
34,-1.0,21,1,56,28051
20,-1.0,12,21,53,28052
16,1.0,12,18,46,28053
71,-1.0,3,4,78,28054
19,-1.0,8,5,32,28055
1,-1.0,64,2,67,28056
16,-1.0,40,2,58,28057
4,1.0,9,37,50,28058
12,-1.0,8,12,32,28059
5,1.0,6,19,30,28060
8,-1.0,21,3,32,28061
3,-1.0,1,23,27,28062
12,-1.0,0,20,32,28063
9,1.0,11,4,24,28064
24,-1.0,9,7,40,28065
31,-1.0,3,8,42,28066
21,-1.0,11,14,46,28067
60,-1.0,1,5,66,28068
88,-1.0,16,2,106,28069
6,1.0,48,3,57,28070
38,-1.0,0,20,58,28071
29,-1.0,0,71,100,28072
17,-1.0,35,15,67,28073
35,1.0,28,0,63,28074
85,-1.0,5,1,91,28075
5,-1.0,19,21,45,28076
9,1.0,22,24,55,28077
115,-1.0,7,6,128,28078
11,-1.0,28,38,77,28079
3,-1.0,17,34,54,28080
29,1.0,18,3,50,28081
27,1.0,36,8,71,28082
29,1.0,21,7,57,28083
68,-1.0,21,22,111,28084
15,1.0,1,29,45,28085
12,1.0,9,15,36,28086
3,-1.0,33,8,44,28087
10,-1.0,10,34,54,28088
38,1.0,7,25,70,28089
71,1.0,0,0,71,28090
16,-1.0,6,27,49,28091
100,-1.0,23,5,128,28092
22,1.0,44,0,66,28093
108,-1.0,0,9,117,28094
35,1.0,7,41,83,28095
19,1.0,27,32,78,28096
18,1.0,26,24,68,28097
3,1.0,11,42,56,28098
8,1.0,18,42,68,28099
65,1.0,3,21,89,28100
19,-1.0,13,11,43,28101
26,-1.0,27,22,75,28102
73,1.0,1,44,118,28103
3,-1.0,26,25,54,28104
5,-1.0,26,42,73,28105
84,1.0,9,25,118,28106
27,1.0,2,32,61,28107
14,1.0,1,38,53,28108
25,-1.0,27,2,54,28109
8,1.0,47,2,57,28110
42,-1.0,17,54,113,28111
27,-1.0,11,0,38,28112
15,1.0,17,45,77,28113
35,-1.0,13,2,50,28114
19,-1.0,16,19,54,28115
41,-1.0,13,9,63,28116
20,1.0,4,25,49,28117
51,1.0,9,12,72,28118
11,1.0,14,32,57,28119
44,-1.0,8,13,65,28120
19,-1.0,23,15,57,28121
13,-1.0,2,21,36,28122
31,1.0,4,38,73,28123
2,-1.0,30,7,39,28124
24,1.0,24,18,66,28125
0,1.0,7,20,27,28126
58,1.0,20,0,78,28127
54,-1.0,16,2,72,28128
77,1.0,2,12,91,28129
9,1.0,13,25,47,28130
46,-1.0,0,9,55,28131
14,1.0,11,17,42,28132
14,-1.0,9,14,37,28133
33,1.0,14,11,58,28134
12,1.0,10,19,41,28135
36,1.0,29,9,74,28136
18,-1.0,26,0,44,28137
46,1.0,16,39,101,28138
25,-1.0,36,19,80,28139
32,1.0,4,10,46,28140
10,-1.0,29,4,43,28141
92,1.0,7,4,103,28142
32,-1.0,32,4,68,28143
4,1.0,32,3,39,28144
35,-1.0,46,24,105,28145
42,1.0,14,0,56,28146
22,1.0,2,21,45,28147
75,1.0,3,0,78,28148
7,-1.0,8,23,38,28149
9,1.0,22,31,62,28150
5,1.0,31,9,45,28151
1,-1.0,23,31,55,28152
42,1.0,1,16,59,28153
4,-1.0,27,12,43,28154
39,-1.0,1,30,70,28155
29,-1.0,2,27,58,28156
17,1.0,3,21,41,28157
115,-1.0,0,45,160,28158
17,1.0,45,0,62,28159
1,1.0,3,52,56,28160
40,1.0,24,8,72,28161
9,1.0,15,28,52,28162
39,1.0,26,1,66,28163
6,1.0,28,0,34,28164
43,-1.0,1,13,57,28165
20,-1.0,0,31,51,28166
0,1.0,18,11,29,28167
15,-1.0,5,16,36,28168
17,-1.0,2,12,31,28169
26,1.0,12,17,55,28170
33,-1.0,8,11,52,28171
0,1.0,10,24,34,28172
2,-1.0,13,8,23,28173
10,1.0,10,4,24,28174
17,-1.0,5,13,35,28175
15,1.0,21,4,40,28176
10,-1.0,15,9,34,28177
34,-1.0,6,4,44,28178
16,1.0,8,12,36,28179
3,-1.0,6,21,30,28180
2,1.0,9,31,42,28181
39,1.0,11,9,59,28182
10,1.0,21,3,34,28183
33,-1.0,12,3,48,28184
66,1.0,6,2,74,28185
17,1.0,9,13,39,28186
10,1.0,19,24,53,28187
36,-1.0,19,35,90,28188
16,-1.0,8,4,28,28189
44,-1.0,34,0,78,28190
16,1.0,7,23,46,28191
10,-1.0,20,12,42,28192
29,-1.0,13,2,44,28193
36,1.0,2,0,38,28194
37,1.0,1,27,65,28195
37,1.0,3,20,60,28196
16,1.0,13,8,37,28197
39,1.0,9,49,97,28198
19,1.0,12,11,42,28199
19,1.0,16,4,39,28200
23,-1.0,4,10,37,28201
10,1.0,30,0,40,28202
18,1.0,0,32,50,28203
13,-1.0,12,6,31,28204
130,1.0,29,5,164,28205
27,-1.0,29,10,66,28206
4,1.0,4,25,33,28207
21,-1.0,17,5,43,28208
21,-1.0,10,6,37,28209
91,-1.0,13,29,133,28210
57,1.0,1,16,74,28211
16,1.0,11,7,34,28212
39,1.0,14,5,58,28213
37,1.0,0,19,56,28214
21,-1.0,4,22,47,28215
2,1.0,15,14,31,28216
30,1.0,3,9,42,28217
20,-1.0,0,20,40,28218
11,1.0,5,15,31,28219
48,-1.0,1,29,78,28220
38,1.0,11,2,51,28221
29,1.0,15,5,49,28222
35,1.0,6,13,54,28223
3,1.0,8,25,36,28224
26,-1.0,16,6,48,28225
37,-1.0,8,3,48,28226
1,-1.0,34,36,71,28227
18,1.0,31,1,50,28228
20,-1.0,1,17,38,28229
8,1.0,19,15,42,28230
14,-1.0,18,1,33,28231
33,-1.0,1,8,42,28232
6,-1.0,22,7,35,28233
26,1.0,2,19,47,28234
70,-1.0,10,0,80,28235
10,1.0,5,22,37,28236
1,-1.0,0,32,33,28237
9,-1.0,13,12,34,28238
28,-1.0,8,10,46,28239
14,-1.0,14,10,38,28240
25,1.0,0,18,43,28241
7,1.0,3,27,37,28242
38,1.0,6,22,66,28243
26,1.0,33,1,60,28244
25,1.0,18,4,47,28245
24,1.0,29,4,57,28246
118,-1.0,7,16,141,28247
19,-1.0,28,3,50,28248
37,1.0,10,1,48,28249
52,-1.0,12,13,77,28250
162,-1.0,0,10,172,28251
8,-1.0,27,28,63,28252
21,-1.0,37,0,58,28253
13,1.0,15,4,32,28254
21,-1.0,0,34,55,28255
43,1.0,2,2,47,28256
5,-1.0,5,27,37,28257
38,-1.0,19,0,57,28258
12,-1.0,6,11,29,28259
3,1.0,7,19,29,28260
30,1.0,20,22,72,28261
1,-1.0,2,23,26,28262
3,-1.0,19,23,45,28263
6,1.0,5,15,26,28264
8,-1.0,14,17,39,28265
39,1.0,5,15,59,28266
18,1.0,12,10,40,28267
80,1.0,6,14,100,28268
31,-1.0,3,12,46,28269
77,1.0,5,6,88,28270
64,1.0,26,12,102,28271
3,-1.0,62,20,85,28272
36,-1.0,7,23,66,28273
7,1.0,29,8,44,28274
43,-1.0,5,13,61,28275
34,-1.0,15,0,49,28276
18,-1.0,5,28,51,28277
50,1.0,18,7,75,28278
7,-1.0,5,20,32,28279
61,1.0,1,6,68,28280
70,1.0,35,0,105,28281
86,-1.0,1,0,87,28282
129,-1.0,0,4,133,28283
33,-1.0,20,0,53,28284
37,-1.0,0,42,79,28285
3,-1.0,25,20,48,28286
52,1.0,2,5,59,28287
38,-1.0,22,7,67,28288
37,1.0,9,16,62,28289
23,-1.0,25,6,54,28290
24,1.0,9,33,66,28291
48,-1.0,12,10,70,28292
22,1.0,12,5,39,28293
43,1.0,16,3,62,28294
11,1.0,25,0,36,28295
10,-1.0,7,17,34,28296
13,1.0,10,13,36,28297
17,-1.0,4,26,47,28298
0,-1.0,34,15,49,28299
30,-1.0,2,12,44,28300
5,-1.0,8,35,48,28301
5,-1.0,14,8,27,28302
49,-1.0,15,3,67,28303
10,1.0,12,11,33,28304
25,-1.0,15,29,69,28305
12,1.0,4,22,38,28306
4,-1.0,35,3,42,28307
4,1.0,31,7,42,28308
0,1.0,18,16,34,28309
16,1.0,5,15,36,28310
4,1.0,30,18,52,28311
18,-1.0,2,19,39,28312
5,1.0,36,0,41,28313
4,1.0,8,15,27,28314
18,-1.0,11,3,32,28315
30,-1.0,1,6,37,28316
25,1.0,17,37,79,28317
17,-1.0,9,2,28,28318
8,1.0,9,23,40,28319
18,1.0,2,34,54,28320
6,-1.0,27,4,37,28321
9,1.0,35,23,67,28322
32,1.0,12,16,60,28323
38,1.0,0,14,52,28324
24,1.0,8,23,55,28325
32,1.0,4,1,37,28326
16,1.0,16,8,40,28327
4,-1.0,7,13,24,28328
5,-1.0,16,1,22,28329
57,-1.0,2,4,63,28330
35,1.0,10,9,54,28331
6,1.0,5,17,28,28332
10,-1.0,10,20,40,28333
4,-1.0,0,28,32,28334
11,1.0,15,11,37,28335
43,1.0,3,0,46,28336
10,1.0,1,22,33,28337
3,1.0,7,30,40,28338
26,1.0,15,4,45,28339
36,-1.0,5,30,71,28340
0,1.0,1,19,20,28341
15,-1.0,28,4,47,28342
27,1.0,2,17,46,28343
115,-1.0,1,16,132,28344
51,-1.0,6,1,58,28345
29,1.0,10,9,48,28346
46,1.0,5,12,63,28347
32,-1.0,16,4,52,28348
41,-1.0,1,2,44,28349
12,1.0,1,15,28,28350
4,1.0,7,18,29,28351
23,1.0,16,0,39,28352
22,1.0,12,7,41,28353
0,0.0,2,15,17,28354
64,-1.0,17,13,94,28355
32,1.0,1,9,42,28356
0,-1.0,10,11,21,28357
14,1.0,4,10,28,28358
2,1.0,5,27,34,28359
6,-1.0,15,9,30,28360
14,1.0,7,11,32,28361
76,-1.0,0,19,95,28362
30,1.0,7,14,51,28363
12,-1.0,10,11,33,28364
1,-1.0,20,19,40,28365
17,1.0,10,30,57,28366
23,-1.0,7,20,50,28367
14,1.0,16,1,31,28368
11,1.0,8,19,38,28369
19,-1.0,13,14,46,28370
9,1.0,7,14,30,28371
31,1.0,0,9,40,28372
8,1.0,13,20,41,28373
6,1.0,22,1,29,28374
8,-1.0,11,7,26,28375
150,-1.0,0,14,164,28376
18,1.0,1,42,61,28377
11,1.0,20,20,51,28378
24,-1.0,13,20,57,28379
5,-1.0,24,4,33,28380
34,-1.0,17,7,58,28381
128,-1.0,0,2,130,28382
76,-1.0,3,65,144,28383
1,-1.0,21,40,62,28384
60,-1.0,24,25,109,28385
149,-1.0,0,7,156,28386
122,1.0,13,2,137,28387
5,1.0,24,29,58,28388
29,1.0,29,7,65,28389
3,-1.0,21,24,48,28390
4,1.0,4,22,30,28391
51,-1.0,0,18,69,28392
15,-1.0,24,2,41,28393
46,-1.0,9,23,78,28394
38,1.0,11,12,61,28395
15,1.0,14,8,37,28396
15,-1.0,7,19,41,28397
5,1.0,8,50,63,28398
42,1.0,3,8,53,28399
20,-1.0,20,21,61,28400
10,-1.0,4,23,37,28401
16,1.0,9,18,43,28402
20,1.0,4,11,35,28403
23,1.0,8,19,50,28404
4,1.0,4,19,27,28405
27,-1.0,5,17,49,28406
13,1.0,9,17,39,28407
26,1.0,7,5,38,28408
48,1.0,12,9,69,28409
4,1.0,14,18,36,28410
3,-1.0,18,6,27,28411
23,1.0,6,13,42,28412
18,1.0,5,27,50,28413
35,1.0,0,19,54,28414
13,-1.0,19,15,47,28415
10,1.0,29,1,40,28416
8,1.0,11,12,31,28417
2,1.0,11,11,24,28418
17,1.0,5,14,36,28419
253,-1.0,0,2,255,28420
61,1.0,5,24,90,28421
131,1.0,0,0,131,28422
26,1.0,21,5,52,28423
48,1.0,16,1,65,28424
31,-1.0,17,2,50,28425
24,1.0,3,35,62,28426
18,-1.0,15,22,55,28427
20,1.0,1,13,34,28428
0,0.0,24,4,28,28429
55,-1.0,2,26,83,28430
4,1.0,15,17,36,28431
2,-1.0,9,16,27,28432
1,-1.0,24,2,27,28433
33,-1.0,18,1,52,28434
65,-1.0,3,0,68,28435
44,1.0,12,40,96,28436
3,1.0,16,25,44,28437
9,1.0,16,6,31,28438
17,-1.0,3,10,30,28439
50,1.0,19,9,78,28440
41,-1.0,8,2,51,28441
10,-1.0,24,2,36,28442
16,1.0,28,6,50,28443
32,1.0,3,21,56,28444
19,-1.0,16,4,39,28445
17,1.0,17,1,35,28446
10,1.0,17,1,28,28447
28,1.0,4,18,50,28448
4,-1.0,14,9,27,28449
3,-1.0,9,16,28,28450
27,1.0,17,2,46,28451
7,1.0,11,12,30,28452
9,1.0,8,130,147,28453
2,1.0,22,27,51,28454
49,1.0,5,5,59,28455
0,-1.0,20,6,26,28456
36,1.0,19,23,78,28457
25,-1.0,6,21,52,28458
24,-1.0,9,41,74,28459
4,1.0,2,23,29,28460
7,1.0,8,13,28,28461
73,1.0,4,0,77,28462
5,1.0,23,5,33,28463
15,1.0,8,21,44,28464
1,1.0,5,20,26,28465
24,1.0,9,2,35,28466
13,1.0,2,21,36,28467
62,-1.0,2,48,112,28468
36,-1.0,4,2,42,28469
65,-1.0,2,4,71,28470
62,1.0,6,1,69,28471
31,1.0,3,4,38,28472
32,1.0,14,6,52,28473
83,1.0,2,25,110,28474
13,1.0,1,17,31,28475
10,1.0,23,1,34,28476
29,-1.0,4,8,41,28477
6,-1.0,8,16,30,28478
12,1.0,17,3,32,28479
49,1.0,0,4,53,28480
6,-1.0,19,5,30,28481
10,-1.0,13,9,32,28482
7,-1.0,9,13,29,28483
4,1.0,19,4,27,28484
61,-1.0,1,14,76,28485
12,1.0,0,46,58,28486
65,-1.0,1,0,66,28487
55,1.0,7,32,94,28488
12,1.0,28,1,41,28489
83,-1.0,0,30,113,28490
14,1.0,7,43,64,28491
15,1.0,32,16,63,28492
9,-1.0,10,12,31,28493
53,-1.0,22,1,76,28494
32,1.0,10,5,47,28495
8,1.0,20,11,39,28496
40,1.0,11,3,54,28497
13,-1.0,15,3,31,28498
24,-1.0,26,5,55,28499
35,-1.0,10,15,60,28500
19,1.0,1,27,47,28501
6,1.0,13,10,29,28502
25,1.0,22,1,48,28503
205,-1.0,0,5,210,28504
26,-1.0,50,5,81,28505
80,-1.0,0,18,98,28506
94,1.0,29,34,157,28507
44,1.0,5,14,63,28508
5,-1.0,28,33,66,28509
1,1.0,30,14,45,28510
27,1.0,12,6,45,28511
30,-1.0,0,19,49,28512
2,-1.0,23,12,37,28513
19,1.0,10,27,56,28514
57,1.0,5,1,63,28515
21,1.0,0,19,40,28516
18,-1.0,16,8,42,28517
26,-1.0,16,0,42,28518
19,1.0,11,25,55,28519
36,-1.0,0,28,64,28520
14,1.0,10,16,40,28521
44,-1.0,7,0,51,28522
51,1.0,9,14,74,28523
17,-1.0,42,1,60,28524
28,1.0,9,20,57,28525
35,-1.0,5,3,43,28526
38,1.0,2,19,59,28527
22,1.0,7,16,45,28528
37,-1.0,16,4,57,28529
22,1.0,26,6,54,28530
10,1.0,18,10,38,28531
1,1.0,7,28,36,28532
28,-1.0,17,1,46,28533
32,1.0,1,33,66,28534
6,1.0,21,3,30,28535
10,-1.0,8,19,37,28536
37,1.0,1,10,48,28537
15,1.0,30,1,46,28538
79,-1.0,8,20,107,28539
10,-1.0,14,23,47,28540
35,-1.0,23,1,59,28541
20,1.0,34,1,55,28542
25,-1.0,8,19,52,28543
58,1.0,5,0,63,28544
8,1.0,1,35,44,28545
87,-1.0,42,7,136,28546
90,1.0,9,76,175,28547
8,1.0,9,37,54,28548
9,-1.0,2,31,42,28549
48,1.0,3,6,57,28550
27,1.0,10,11,48,28551
19,1.0,11,3,33,28552
46,-1.0,7,1,54,28553
34,-1.0,6,8,48,28554
47,-1.0,0,8,55,28555
26,-1.0,15,0,41,28556
7,1.0,9,17,33,28557
36,-1.0,5,10,51,28558
3,1.0,13,21,37,28559
26,-1.0,5,27,58,28560
26,1.0,11,9,46,28561
51,-1.0,6,3,60,28562
22,1.0,3,22,47,28563
11,-1.0,10,26,47,28564
36,-1.0,1,17,54,28565
14,1.0,21,11,46,28566
37,1.0,6,11,54,28567
42,1.0,30,0,72,28568
63,1.0,5,2,70,28569
58,1.0,6,1,65,28570
20,-1.0,16,9,45,28571
50,1.0,12,6,68,28572
33,1.0,21,0,54,28573
8,-1.0,31,19,58,28574
2,1.0,34,8,44,28575
43,1.0,10,1,54,28576
0,1.0,22,11,33,28577
5,-1.0,17,5,27,28578
23,-1.0,14,4,41,28579
24,1.0,39,82,145,28580
2,1.0,14,15,31,28581
70,-1.0,6,0,76,28582
99,-1.0,0,10,109,28583
28,1.0,15,25,68,28584
23,-1.0,11,15,49,28585
47,-1.0,14,0,61,28586
45,-1.0,12,0,57,28587
25,-1.0,21,1,47,28588
22,-1.0,9,5,36,28589
37,1.0,18,0,55,28590
10,1.0,11,29,50,28591
17,1.0,26,0,43,28592
8,-1.0,8,9,25,28593
27,-1.0,19,2,48,28594
10,-1.0,13,13,36,28595
8,-1.0,21,6,35,28596
6,1.0,11,36,53,28597
23,1.0,4,20,47,28598
37,1.0,5,6,48,28599
22,1.0,21,16,59,28600
19,1.0,42,0,61,28601
43,1.0,0,7,50,28602
18,-1.0,16,4,38,28603
22,-1.0,37,3,62,28604
20,1.0,1,23,44,28605
0,-1.0,24,6,30,28606
9,-1.0,8,14,31,28607
6,-1.0,32,7,45,28608
9,1.0,17,7,33,28609
28,-1.0,26,7,61,28610
26,1.0,11,2,39,28611
13,-1.0,23,13,49,28612
27,-1.0,13,5,45,28613
9,-1.0,3,29,41,28614
75,-1.0,5,0,80,28615
55,-1.0,0,17,72,28616
10,-1.0,8,10,28,28617
20,1.0,46,23,89,28618
35,-1.0,41,65,141,28619
33,1.0,9,5,47,28620
47,1.0,13,0,60,28621
24,-1.0,11,8,43,28622
13,1.0,17,21,51,28623
43,-1.0,18,3,64,28624
19,-1.0,14,2,35,28625
6,-1.0,22,11,39,28626
10,1.0,0,21,31,28627
3,-1.0,9,15,27,28628
106,-1.0,19,30,155,28629
18,1.0,9,82,109,28630
3,1.0,30,30,63,28631
34,-1.0,8,2,44,28632
34,-1.0,8,9,51,28633
30,1.0,6,19,55,28634
10,1.0,0,36,46,28635
25,1.0,8,20,53,28636
56,-1.0,5,5,66,28637
22,1.0,10,14,46,28638
12,1.0,20,0,32,28639
52,1.0,11,9,72,28640
34,1.0,8,13,55,28641
50,-1.0,0,5,55,28642
29,1.0,5,7,41,28643
2,-1.0,16,21,39,28644
4,1.0,6,16,26,28645
4,1.0,1,28,33,28646
1,1.0,6,22,29,28647
44,1.0,33,27,104,28648
8,1.0,36,0,44,28649
3,1.0,16,21,40,28650
18,-1.0,17,1,36,28651
11,-1.0,0,26,37,28652
43,1.0,4,0,47,28653
11,-1.0,16,15,42,28654
28,-1.0,13,17,58,28655
5,-1.0,25,9,39,28656
20,1.0,0,14,34,28657
23,-1.0,8,28,59,28658
59,-1.0,0,0,59,28659
20,1.0,0,32,52,28660
29,-1.0,17,2,48,28661
4,-1.0,5,26,35,28662
19,-1.0,19,4,42,28663
81,-1.0,0,18,99,28664
30,-1.0,0,26,56,28665
27,-1.0,17,3,47,28666
64,-1.0,1,4,69,28667
33,-1.0,18,0,51,28668
1,-1.0,17,34,52,28669
120,1.0,0,0,120,28670
20,1.0,2,36,58,28671
8,1.0,8,11,27,28672
108,-1.0,0,21,129,28673
67,1.0,39,7,113,28674
27,1.0,1,24,52,28675
50,1.0,21,11,82,28676
9,1.0,3,23,35,28677
9,1.0,6,21,36,28678
1,1.0,23,12,36,28679
10,1.0,25,4,39,28680
0,-1.0,9,19,28,28681
20,-1.0,17,12,49,28682
38,1.0,2,15,55,28683
5,1.0,7,17,29,28684
9,1.0,4,22,35,28685
13,1.0,2,33,48,28686
22,-1.0,16,10,48,28687
6,-1.0,19,3,28,28688
4,-1.0,17,32,53,28689
4,-1.0,19,15,38,28690
25,1.0,27,0,52,28691
30,-1.0,10,2,42,28692
20,-1.0,7,4,31,28693
52,1.0,4,11,67,28694
8,1.0,4,18,30,28695
22,1.0,17,6,45,28696
16,-1.0,6,10,32,28697
19,-1.0,13,6,38,28698
25,1.0,27,1,53,28699
83,1.0,0,32,115,28700
26,-1.0,27,3,56,28701
12,-1.0,18,17,47,28702
1,1.0,27,6,34,28703
24,1.0,3,5,32,28704
53,1.0,1,6,60,28705
9,1.0,17,16,42,28706
12,-1.0,28,0,40,28707
3,1.0,24,10,37,28708
14,-1.0,1,22,37,28709
2,-1.0,18,11,31,28710
5,1.0,12,18,35,28711
12,-1.0,0,21,33,28712
45,-1.0,1,17,63,28713
50,-1.0,1,3,54,28714
54,1.0,3,1,58,28715
35,-1.0,12,0,47,28716
98,-1.0,7,11,116,28717
21,1.0,13,9,43,28718
25,1.0,14,33,72,28719
13,-1.0,9,11,33,28720
11,1.0,37,3,51,28721
46,-1.0,3,20,69,28722
11,1.0,9,25,45,28723
53,1.0,16,13,82,28724
18,-1.0,21,1,40,28725
4,1.0,15,64,83,28726
50,1.0,6,4,60,28727
60,1.0,22,0,82,28728
4,1.0,10,12,26,28729
14,1.0,10,19,43,28730
11,-1.0,10,11,32,28731
44,1.0,5,1,50,28732
3,1.0,2,31,36,28733
20,-1.0,16,4,40,28734
40,-1.0,2,15,57,28735
45,1.0,22,20,87,28736
10,-1.0,1,23,34,28737
17,-1.0,24,1,42,28738
48,1.0,29,43,120,28739
3,1.0,5,48,56,28740
9,1.0,28,10,47,28741
4,-1.0,13,8,25,28742
38,1.0,9,30,77,28743
28,1.0,4,13,45,28744
11,1.0,1,15,27,28745
28,1.0,1,5,34,28746
36,1.0,6,5,47,28747
0,0.0,14,8,22,28748
75,1.0,7,43,125,28749
31,-1.0,3,10,44,28750
89,-1.0,14,16,119,28751
17,-1.0,17,7,41,28752
41,-1.0,1,31,73,28753
24,1.0,1,43,68,28754
41,-1.0,19,3,63,28755
19,1.0,12,5,36,28756
9,-1.0,3,26,38,28757
22,-1.0,10,2,34,28758
70,-1.0,5,2,77,28759
4,-1.0,17,19,40,28760
30,-1.0,0,17,47,28761
23,1.0,29,1,53,28762
29,-1.0,14,2,45,28763
63,1.0,0,7,70,28764
34,1.0,7,10,51,28765
16,-1.0,36,3,55,28766
11,-1.0,2,33,46,28767
17,-1.0,21,1,39,28768
50,-1.0,7,6,63,28769
45,1.0,3,3,51,28770
55,-1.0,2,23,80,28771
4,1.0,19,5,28,28772
25,-1.0,17,2,44,28773
34,1.0,16,7,57,28774
12,1.0,1,31,44,28775
15,-1.0,2,35,52,28776
15,1.0,12,13,40,28777
21,1.0,27,75,123,28778
11,-1.0,2,41,54,28779
46,1.0,28,8,82,28780
26,1.0,7,14,47,28781
19,-1.0,20,6,45,28782
0,-1.0,24,12,36,28783
6,-1.0,22,20,48,28784
5,-1.0,20,8,33,28785
74,-1.0,0,0,74,28786
15,1.0,8,25,48,28787
2,-1.0,13,10,25,28788
5,-1.0,26,26,57,28789
7,1.0,10,12,29,28790
4,-1.0,18,6,28,28791
14,-1.0,3,24,41,28792
6,1.0,17,3,26,28793
18,-1.0,3,13,34,28794
49,-1.0,0,8,57,28795
1,-1.0,7,39,47,28796
11,1.0,6,10,27,28797
97,-1.0,0,7,104,28798
10,1.0,4,16,30,28799
20,1.0,26,2,48,28800
26,-1.0,2,14,42,28801
58,-1.0,0,5,63,28802
14,-1.0,8,11,33,28803
17,-1.0,0,21,38,28804
14,-1.0,0,113,127,28805
39,1.0,6,48,93,28806
38,1.0,10,35,83,28807
22,-1.0,6,17,45,28808
12,1.0,1,33,46,28809
45,1.0,4,6,55,28810
15,1.0,13,18,46,28811
9,-1.0,12,23,44,28812
12,-1.0,17,11,40,28813
21,-1.0,17,0,38,28814
11,-1.0,4,17,32,28815
48,1.0,5,14,67,28816
30,-1.0,7,6,43,28817
8,-1.0,3,20,31,28818
11,1.0,12,13,36,28819
6,1.0,27,0,33,28820
54,-1.0,18,0,72,28821
1,1.0,2,52,55,28822
16,-1.0,9,4,29,28823
5,1.0,5,23,33,28824
6,-1.0,3,16,25,28825
46,1.0,1,1,48,28826
63,1.0,16,2,81,28827
10,-1.0,24,8,42,28828
6,-1.0,20,2,28,28829
5,-1.0,23,13,41,28830
10,-1.0,4,41,55,28831
28,-1.0,20,19,67,28832
33,-1.0,11,2,46,28833
17,-1.0,0,35,52,28834
6,-1.0,0,62,68,28835
4,1.0,24,9,37,28836
57,1.0,2,1,60,28837
3,1.0,15,22,40,28838
2,-1.0,12,9,23,28839
21,-1.0,6,25,52,28840
19,1.0,10,10,39,28841
89,-1.0,0,2,91,28842
89,-1.0,0,1,90,28843
6,1.0,24,27,57,28844
58,1.0,1,3,62,28845
5,1.0,16,21,42,28846
7,-1.0,16,27,50,28847
8,1.0,26,0,34,28848
39,-1.0,0,10,49,28849
5,-1.0,28,3,36,28850
112,-1.0,29,2,143,28851
48,1.0,2,11,61,28852
28,-1.0,10,7,45,28853
9,1.0,15,12,36,28854
56,-1.0,0,35,91,28855
58,-1.0,14,16,88,28856
6,1.0,23,3,32,28857
14,1.0,25,1,40,28858
5,1.0,13,12,30,28859
21,-1.0,20,17,58,28860
3,1.0,15,9,27,28861
80,-1.0,50,19,149,28862
45,1.0,23,18,86,28863
14,1.0,40,2,56,28864
5,-1.0,14,27,46,28865
37,1.0,2,18,57,28866
2,1.0,33,4,39,28867
25,-1.0,2,15,42,28868
8,-1.0,16,5,29,28869
7,-1.0,13,10,30,28870
0,-1.0,21,6,27,28871
1,1.0,7,21,29,28872
9,1.0,5,36,50,28873
12,-1.0,4,19,35,28874
4,1.0,23,9,36,28875
34,1.0,9,0,43,28876
6,1.0,13,15,34,28877
6,-1.0,16,7,29,28878
10,-1.0,12,16,38,28879
6,1.0,5,28,39,28880
72,-1.0,2,13,87,28881
25,1.0,10,12,47,28882
5,-1.0,16,2,23,28883
32,-1.0,25,1,58,28884
1,-1.0,13,15,29,28885
25,1.0,7,14,46,28886
16,1.0,12,3,31,28887
29,-1.0,18,0,47,28888
17,1.0,8,14,39,28889
16,1.0,18,5,39,28890
39,-1.0,7,11,57,28891
23,1.0,1,13,37,28892
32,1.0,0,5,37,28893
9,1.0,0,15,24,28894
4,1.0,9,16,29,28895
3,1.0,2,18,23,28896
12,1.0,3,14,29,28897
21,-1.0,11,4,36,28898
33,1.0,8,23,64,28899
8,1.0,4,15,27,28900
19,-1.0,9,13,41,28901
43,-1.0,12,1,56,28902
17,-1.0,10,5,32,28903
18,1.0,1,20,39,28904
37,-1.0,24,5,66,28905
8,-1.0,11,29,48,28906
41,-1.0,2,4,47,28907
14,1.0,7,14,35,28908
35,-1.0,13,1,49,28909
6,-1.0,1,20,27,28910
0,0.0,5,8,13,28911
19,1.0,3,44,66,28912
17,1.0,5,15,37,28913
17,1.0,6,12,35,28914
13,-1.0,11,5,29,28915
17,1.0,1,13,31,28916
11,1.0,2,21,34,28917
43,-1.0,0,27,70,28918
19,-1.0,0,22,41,28919
24,-1.0,10,4,38,28920
0,1.0,10,8,18,28921
13,-1.0,10,13,36,28922
61,-1.0,15,6,82,28923
96,1.0,0,6,102,28924
45,-1.0,0,55,100,28925
94,-1.0,0,15,109,28926
1,-1.0,49,17,67,28927
54,-1.0,0,17,71,28928
60,1.0,12,21,93,28929
18,1.0,29,7,54,28930
41,1.0,6,21,68,28931
53,-1.0,2,4,59,28932
36,1.0,0,22,58,28933
15,1.0,7,14,36,28934
1,-1.0,1,32,34,28935
18,-1.0,22,1,41,28936
12,1.0,32,6,50,28937
24,1.0,8,12,44,28938
28,1.0,9,1,38,28939
59,-1.0,1,0,60,28940
29,1.0,2,4,35,28941
2,1.0,7,20,29,28942
52,1.0,17,3,72,28943
12,-1.0,7,18,37,28944
8,-1.0,15,48,71,28945
32,-1.0,22,2,56,28946
8,-1.0,24,8,40,28947
15,1.0,3,20,38,28948
2,-1.0,19,11,32,28949
30,1.0,21,45,96,28950
8,1.0,28,12,48,28951
65,-1.0,7,13,85,28952
16,1.0,8,11,35,28953
25,-1.0,17,0,42,28954
4,-1.0,6,23,33,28955
0,0.0,7,11,18,28956
7,1.0,4,29,40,28957
30,1.0,5,28,63,28958
7,1.0,13,12,32,28959
31,1.0,1,12,44,28960
45,1.0,4,3,52,28961
10,-1.0,14,5,29,28962
33,-1.0,4,4,41,28963
46,-1.0,1,9,56,28964
10,-1.0,19,1,30,28965
34,1.0,14,0,48,28966
10,-1.0,15,23,48,28967
113,-1.0,2,2,117,28968
19,-1.0,18,9,46,28969
37,1.0,6,5,48,28970
5,-1.0,12,14,31,28971
2,1.0,10,14,26,28972
15,1.0,15,9,39,28973
46,-1.0,0,2,48,28974
14,-1.0,11,21,46,28975
22,1.0,6,5,33,28976
15,1.0,26,24,65,28977
33,-1.0,10,5,48,28978
39,1.0,10,13,62,28979
36,1.0,5,0,41,28980
32,1.0,1,8,41,28981
30,1.0,5,6,41,28982
33,1.0,3,47,83,28983
55,-1.0,1,2,58,28984
4,-1.0,18,49,71,28985
24,1.0,6,7,37,28986
37,-1.0,11,7,55,28987
38,1.0,24,1,63,28988
22,1.0,15,3,40,28989
44,-1.0,4,8,56,28990
15,-1.0,3,26,44,28991
13,-1.0,16,12,41,28992
41,-1.0,0,15,56,28993
4,1.0,18,6,28,28994
8,-1.0,16,9,33,28995
5,-1.0,16,6,27,28996
12,1.0,1,23,36,28997
22,-1.0,20,3,45,28998
56,1.0,2,7,65,28999
20,-1.0,11,1,32,29000
0,1.0,17,32,49,29001
3,1.0,8,16,27,29002
1,-1.0,14,10,25,29003
1,1.0,6,14,21,29004
38,-1.0,3,15,56,29005
40,-1.0,9,3,52,29006
10,1.0,18,7,35,29007
7,1.0,23,8,38,29008
41,1.0,12,4,57,29009
42,1.0,24,0,66,29010
10,1.0,40,20,70,29011
14,-1.0,15,5,34,29012
20,-1.0,17,8,45,29013
14,1.0,8,12,34,29014
22,1.0,5,9,36,29015
16,-1.0,4,13,33,29016
4,-1.0,10,16,30,29017
7,-1.0,29,5,41,29018
17,1.0,13,4,34,29019
19,-1.0,0,42,61,29020
36,-1.0,1,16,53,29021
78,1.0,0,0,78,29022
0,0.0,3,10,13,29023
0,1.0,9,14,23,29024
44,-1.0,0,23,67,29025
61,1.0,1,1,63,29026
17,1.0,9,15,41,29027
29,-1.0,3,6,38,29028
9,1.0,0,17,26,29029
0,-1.0,10,13,23,29030
31,1.0,14,28,73,29031
64,-1.0,0,3,67,29032
4,1.0,10,13,27,29033
2,-1.0,13,15,30,29034
9,-1.0,22,6,37,29035
13,-1.0,42,21,76,29036
25,1.0,3,7,35,29037
0,-1.0,7,9,16,29038
32,-1.0,1,9,42,29039
32,-1.0,1,14,47,29040
33,-1.0,11,0,44,29041
24,-1.0,4,24,52,29042
30,-1.0,0,41,71,29043
3,-1.0,24,0,27,29044
28,1.0,9,4,41,29045
26,-1.0,5,21,52,29046
53,-1.0,4,3,60,29047
123,-1.0,4,2,129,29048
6,1.0,23,81,110,29049
11,1.0,18,32,61,29050
18,-1.0,2,18,38,29051
44,1.0,9,4,57,29052
13,1.0,7,17,37,29053
25,-1.0,10,8,43,29054
57,-1.0,7,1,65,29055
18,1.0,18,5,41,29056
67,-1.0,13,0,80,29057
36,1.0,3,19,58,29058
12,1.0,12,33,57,29059
13,-1.0,5,45,63,29060
7,1.0,22,4,33,29061
36,-1.0,2,12,50,29062
20,-1.0,7,9,36,29063
9,-1.0,12,11,32,29064
18,1.0,7,31,56,29065
28,1.0,10,6,44,29066
36,-1.0,0,53,89,29067
67,-1.0,0,3,70,29068
85,-1.0,0,3,88,29069
101,1.0,7,1,109,29070
17,1.0,9,19,45,29071
31,1.0,14,4,49,29072
10,-1.0,12,23,45,29073
31,1.0,12,1,44,29074
26,1.0,4,7,37,29075
85,1.0,32,2,119,29076
1,-1.0,5,19,25,29077
26,-1.0,1,18,45,29078
9,1.0,13,14,36,29079
8,1.0,4,42,54,29080
9,-1.0,9,44,62,29081
47,1.0,2,5,54,29082
36,-1.0,6,1,43,29083
6,-1.0,19,2,27,29084
17,1.0,7,8,32,29085
6,1.0,4,21,31,29086
37,1.0,8,24,69,29087
19,1.0,3,16,38,29088
1,1.0,16,23,40,29089
45,-1.0,3,15,63,29090
11,1.0,17,7,35,29091
0,-1.0,6,20,26,29092
10,-1.0,0,68,78,29093
6,-1.0,6,20,32,29094
62,-1.0,4,7,73,29095
30,-1.0,16,8,54,29096
31,-1.0,21,1,53,29097
57,-1.0,1,24,82,29098
54,1.0,5,30,89,29099
17,-1.0,22,4,43,29100
22,1.0,4,20,46,29101
22,-1.0,15,4,41,29102
51,-1.0,2,7,60,29103
10,1.0,18,6,34,29104
40,-1.0,12,7,59,29105
34,-1.0,14,4,52,29106
96,-1.0,2,12,110,29107
43,1.0,53,0,96,29108
43,1.0,8,6,57,29109
41,1.0,9,14,64,29110
10,1.0,11,18,39,29111
41,-1.0,8,17,66,29112
27,1.0,10,4,41,29113
25,-1.0,9,0,34,29114
7,1.0,24,7,38,29115
4,1.0,18,2,24,29116
52,1.0,4,3,59,29117
45,1.0,0,18,63,29118
6,1.0,1,23,30,29119
24,-1.0,11,38,73,29120
36,1.0,5,9,50,29121
14,1.0,10,44,68,29122
50,1.0,4,30,84,29123
6,1.0,13,14,33,29124
1,-1.0,14,20,35,29125
2,1.0,7,34,43,29126
8,1.0,12,12,32,29127
9,1.0,23,6,38,29128
2,-1.0,19,5,26,29129
22,1.0,3,13,38,29130
2,-1.0,8,25,35,29131
0,1.0,5,19,24,29132
43,-1.0,3,7,53,29133
11,1.0,6,23,40,29134
6,1.0,8,29,43,29135
11,1.0,0,28,39,29136
26,1.0,16,0,42,29137
18,1.0,5,9,32,29138
7,1.0,8,14,29,29139
7,1.0,10,19,36,29140
8,1.0,2,21,31,29141
31,1.0,1,7,39,29142
62,-1.0,0,18,80,29143
39,-1.0,5,35,79,29144
9,1.0,26,0,35,29145
10,1.0,5,18,33,29146
26,-1.0,0,13,39,29147
15,1.0,7,27,49,29148
67,-1.0,3,5,75,29149
11,1.0,7,21,39,29150
1,1.0,1,24,26,29151
21,-1.0,0,46,67,29152
41,1.0,10,1,52,29153
48,-1.0,3,3,54,29154
23,1.0,18,0,41,29155
36,1.0,1,2,39,29156
35,-1.0,0,30,65,29157
30,-1.0,5,32,67,29158
33,1.0,2,6,41,29159
35,1.0,1,6,42,29160
1,-1.0,11,18,30,29161
6,1.0,17,0,23,29162
1,-1.0,16,50,67,29163
12,-1.0,14,3,29,29164
12,-1.0,11,5,28,29165
41,-1.0,0,26,67,29166
0,1.0,6,11,17,29167
43,1.0,13,4,60,29168
50,-1.0,0,15,65,29169
7,1.0,14,21,42,29170
9,1.0,16,3,28,29171
30,-1.0,3,4,37,29172
10,-1.0,0,45,55,29173
0,1.0,0,5,5,29174
61,1.0,6,21,88,29175
34,-1.0,0,35,69,29176
53,1.0,1,4,58,29177
9,1.0,8,18,35,29178
5,1.0,11,28,44,29179
14,1.0,6,21,41,29180
29,-1.0,5,1,35,29181
19,1.0,2,8,29,29182
41,-1.0,0,22,63,29183
13,1.0,17,19,49,29184
7,-1.0,23,2,32,29185
15,-1.0,8,3,26,29186
12,1.0,10,8,30,29187
48,-1.0,3,11,62,29188
34,1.0,17,0,51,29189
15,-1.0,15,22,52,29190
1,-1.0,0,69,70,29191
34,1.0,8,11,53,29192
36,-1.0,0,8,44,29193
1,-1.0,14,35,50,29194
12,-1.0,21,16,49,29195
24,1.0,5,8,37,29196
9,1.0,10,8,27,29197
56,1.0,7,31,94,29198
8,1.0,11,8,27,29199
32,1.0,4,6,42,29200
3,-1.0,4,18,25,29201
44,-1.0,18,3,65,29202
48,-1.0,2,4,54,29203
26,1.0,9,2,37,29204
22,1.0,11,12,45,29205
18,-1.0,8,2,28,29206
8,1.0,4,17,29,29207
57,-1.0,4,2,63,29208
7,1.0,3,21,31,29209
0,1.0,5,22,27,29210
10,1.0,5,32,47,29211
7,-1.0,13,7,27,29212
16,-1.0,15,1,32,29213
108,-1.0,1,25,134,29214
36,1.0,20,10,66,29215
28,1.0,4,14,46,29216
0,0.0,2,20,22,29217
34,-1.0,0,49,83,29218
37,1.0,6,25,68,29219
29,1.0,17,0,46,29220
2,1.0,11,10,23,29221
18,1.0,15,15,48,29222
47,1.0,8,4,59,29223
5,1.0,16,6,27,29224
155,-1.0,0,22,177,29225
1,-1.0,10,17,28,29226
45,-1.0,1,5,51,29227
23,-1.0,0,19,42,29228
5,1.0,4,57,66,29229
47,1.0,2,1,50,29230
3,1.0,18,30,51,29231
9,-1.0,21,32,62,29232
31,-1.0,9,2,42,29233
42,1.0,6,0,48,29234
24,-1.0,0,43,67,29235
2,1.0,12,16,30,29236
28,1.0,8,1,37,29237
26,1.0,13,7,46,29238
6,-1.0,17,7,30,29239
50,1.0,12,31,93,29240
27,-1.0,0,18,45,29241
40,-1.0,2,10,52,29242
5,-1.0,13,11,29,29243
47,-1.0,8,2,57,29244
19,-1.0,11,13,43,29245
5,-1.0,12,7,24,29246
25,1.0,8,5,38,29247
16,-1.0,20,1,37,29248
6,-1.0,4,27,37,29249
10,1.0,2,19,31,29250
14,1.0,4,50,68,29251
9,-1.0,9,11,29,29252
7,1.0,5,32,44,29253
13,-1.0,10,5,28,29254
67,-1.0,3,14,84,29255
32,-1.0,11,14,57,29256
12,1.0,26,1,39,29257
41,1.0,2,2,45,29258
11,-1.0,15,8,34,29259
32,1.0,14,44,90,29260
1,1.0,10,26,37,29261
19,1.0,10,32,61,29262
9,1.0,9,27,45,29263
34,1.0,6,4,44,29264
53,-1.0,2,2,57,29265
20,-1.0,9,0,29,29266
54,-1.0,1,5,60,29267
40,1.0,24,9,73,29268
17,1.0,14,0,31,29269
18,1.0,19,4,41,29270
4,1.0,9,15,28,29271
9,-1.0,17,20,46,29272
42,-1.0,9,5,56,29273
27,1.0,1,10,38,29274
0,-1.0,1,31,32,29275
20,-1.0,31,4,55,29276
38,-1.0,8,3,49,29277
10,1.0,4,15,29,29278
18,-1.0,11,8,37,29279
16,-1.0,20,3,39,29280
0,1.0,12,19,31,29281
1,1.0,16,0,17,29282
16,1.0,2,6,24,29283
34,-1.0,2,4,40,29284
47,1.0,0,23,70,29285
2,1.0,15,6,23,29286
40,1.0,6,32,78,29287
59,-1.0,7,1,67,29288
32,1.0,3,11,46,29289
8,1.0,6,24,38,29290
18,-1.0,22,0,40,29291
18,1.0,5,6,29,29292
0,1.0,13,7,20,29293
42,1.0,2,17,61,29294
14,1.0,22,1,37,29295
21,1.0,5,10,36,29296
11,1.0,5,21,37,29297
1,1.0,3,16,20,29298
2,1.0,12,19,33,29299
0,-1.0,15,4,19,29300
14,-1.0,5,13,32,29301
0,0.0,17,2,19,29302
2,-1.0,20,18,40,29303
12,-1.0,6,12,30,29304
85,1.0,1,40,126,29305
10,-1.0,1,33,44,29306
0,0.0,18,0,18,29307
20,1.0,10,20,50,29308
25,-1.0,8,0,33,29309
41,-1.0,11,0,52,29310
26,1.0,5,3,34,29311
14,-1.0,15,20,49,29312
11,1.0,3,22,36,29313
8,-1.0,0,28,36,29314
4,-1.0,18,4,26,29315
27,1.0,11,0,38,29316
34,-1.0,17,1,52,29317
48,-1.0,0,16,64,29318
15,-1.0,10,12,37,29319
64,-1.0,3,1,68,29320
2,-1.0,32,5,39,29321
25,1.0,0,17,42,29322
83,-1.0,2,1,86,29323
35,1.0,15,27,77,29324
0,1.0,29,12,41,29325
33,-1.0,0,25,58,29326
10,1.0,2,42,54,29327
20,1.0,2,18,40,29328
22,1.0,15,0,37,29329
0,-1.0,7,32,39,29330
14,-1.0,15,2,31,29331
20,-1.0,5,14,39,29332
5,-1.0,12,26,43,29333
55,-1.0,29,9,93,29334
0,-1.0,17,28,45,29335
14,1.0,16,11,41,29336
0,-1.0,23,1,24,29337
6,-1.0,12,6,24,29338
12,-1.0,15,7,34,29339
15,1.0,10,24,49,29340
7,1.0,16,3,26,29341
11,-1.0,8,12,31,29342
19,-1.0,15,13,47,29343
18,-1.0,9,40,67,29344
8,-1.0,33,18,59,29345
65,-1.0,11,2,78,29346
9,1.0,14,6,29,29347
18,1.0,10,6,34,29348
30,-1.0,3,13,46,29349
17,-1.0,22,2,41,29350
50,1.0,10,17,77,29351
15,1.0,4,12,31,29352
17,1.0,23,18,58,29353
50,1.0,3,8,61,29354
65,-1.0,2,1,68,29355
8,-1.0,29,9,46,29356
4,1.0,11,10,25,29357
3,-1.0,10,10,23,29358
80,-1.0,10,5,95,29359
13,1.0,17,11,41,29360
7,-1.0,13,9,29,29361
37,1.0,5,3,45,29362
6,-1.0,17,8,31,29363
9,-1.0,27,12,48,29364
10,1.0,19,7,36,29365
20,-1.0,3,21,44,29366
3,-1.0,20,10,33,29367
28,1.0,2,7,37,29368
16,-1.0,11,2,29,29369
12,1.0,1,18,31,29370
16,1.0,5,7,28,29371
20,-1.0,10,9,39,29372
9,-1.0,10,10,29,29373
14,1.0,0,62,76,29374
23,1.0,7,4,34,29375
14,1.0,4,11,29,29376
58,1.0,7,17,82,29377
19,1.0,8,11,38,29378
4,-1.0,14,5,23,29379
14,-1.0,14,0,28,29380
50,-1.0,1,1,52,29381
14,1.0,2,20,36,29382
23,1.0,8,29,60,29383
26,-1.0,8,15,49,29384
28,1.0,0,19,47,29385
0,-1.0,18,15,33,29386
15,-1.0,18,0,33,29387
10,-1.0,13,0,23,29388
40,-1.0,31,1,72,29389
25,1.0,11,3,39,29390
10,1.0,13,3,26,29391
35,1.0,1,4,40,29392
15,-1.0,18,3,36,29393
4,1.0,0,75,79,29394
21,-1.0,5,8,34,29395
22,1.0,7,18,47,29396
29,-1.0,12,8,49,29397
4,1.0,12,5,21,29398
1,-1.0,27,4,32,29399
33,-1.0,6,9,48,29400
47,1.0,4,0,51,29401
8,1.0,1,23,32,29402
12,1.0,9,11,32,29403
36,1.0,12,19,67,29404
24,1.0,4,7,35,29405
0,0.0,14,3,17,29406
14,-1.0,40,36,90,29407
1,-1.0,2,32,35,29408
3,1.0,13,20,36,29409
0,0.0,2,12,14,29410
21,1.0,6,10,37,29411
22,1.0,13,22,57,29412
30,-1.0,0,13,43,29413
16,1.0,18,28,62,29414
18,1.0,6,20,44,29415
26,-1.0,10,0,36,29416
19,1.0,0,25,44,29417
12,1.0,19,1,32,29418
12,-1.0,10,10,32,29419
25,-1.0,1,17,43,29420
3,1.0,19,7,29,29421
0,-1.0,19,18,37,29422
43,-1.0,17,0,60,29423
32,-1.0,19,9,60,29424
51,1.0,20,16,87,29425
19,-1.0,22,7,48,29426
32,-1.0,2,5,39,29427
32,-1.0,9,12,53,29428
35,-1.0,8,11,54,29429
6,1.0,40,6,52,29430
5,-1.0,0,41,46,29431
43,1.0,3,5,51,29432
13,-1.0,8,20,41,29433
6,1.0,21,14,41,29434
6,1.0,11,12,29,29435
14,-1.0,26,0,40,29436
40,1.0,1,4,45,29437
41,-1.0,3,0,44,29438
32,1.0,8,5,45,29439
74,-1.0,3,6,83,29440
13,-1.0,22,11,46,29441
24,1.0,10,9,43,29442
52,1.0,3,5,60,29443
45,-1.0,30,23,98,29444
26,1.0,6,10,42,29445
15,1.0,35,38,88,29446
22,1.0,0,32,54,29447
10,-1.0,0,37,47,29448
4,-1.0,11,15,30,29449
10,1.0,24,1,35,29450
10,1.0,28,7,45,29451
12,1.0,14,6,32,29452
9,-1.0,10,16,35,29453
19,1.0,56,0,75,29454
31,-1.0,0,37,68,29455
52,1.0,20,3,75,29456
28,-1.0,40,0,68,29457
42,-1.0,8,4,54,29458
11,-1.0,0,35,46,29459
10,-1.0,25,6,41,29460
28,1.0,0,23,51,29461
18,1.0,5,13,36,29462
1,-1.0,22,19,42,29463
30,-1.0,3,16,49,29464
8,-1.0,15,14,37,29465
31,1.0,1,5,37,29466
29,1.0,6,7,42,29467
65,-1.0,2,7,74,29468
5,1.0,3,26,34,29469
18,1.0,7,29,54,29470
0,0.0,7,13,20,29471
5,1.0,16,55,76,29472
32,-1.0,4,19,55,29473
14,1.0,23,14,51,29474
31,-1.0,12,1,44,29475
32,1.0,3,9,44,29476
7,1.0,11,8,26,29477
18,1.0,10,10,38,29478
28,-1.0,13,1,42,29479
28,-1.0,0,14,42,29480
43,1.0,1,16,60,29481
28,-1.0,18,23,69,29482
7,-1.0,11,28,46,29483
15,1.0,1,21,37,29484
16,-1.0,13,4,33,29485
8,1.0,23,10,41,29486
28,-1.0,22,17,67,29487
7,-1.0,15,6,28,29488
14,-1.0,8,12,34,29489
41,-1.0,2,2,45,29490
17,1.0,0,12,29,29491
46,-1.0,1,11,58,29492
15,1.0,4,19,38,29493
5,-1.0,3,19,27,29494
8,-1.0,25,0,33,29495
22,1.0,6,3,31,29496
4,1.0,5,22,31,29497
26,-1.0,3,7,36,29498
42,-1.0,4,1,47,29499
41,-1.0,5,9,55,29500
5,1.0,13,5,23,29501
9,1.0,1,19,29,29502
27,-1.0,12,0,39,29503
77,-1.0,17,10,104,29504
30,1.0,4,18,52,29505
6,-1.0,31,4,41,29506
24,1.0,6,25,55,29507
23,1.0,3,11,37,29508
10,1.0,1,18,29,29509
12,1.0,11,9,32,29510
8,1.0,2,22,32,29511
23,-1.0,6,24,53,29512
1,1.0,24,1,26,29513
12,-1.0,15,9,36,29514
21,-1.0,1,18,40,29515
15,1.0,3,8,26,29516
46,1.0,2,8,56,29517
18,1.0,11,16,45,29518
16,1.0,1,23,40,29519
30,-1.0,9,12,51,29520
20,-1.0,17,43,80,29521
22,-1.0,26,5,53,29522
6,1.0,31,15,52,29523
49,1.0,0,8,57,29524
7,-1.0,16,5,28,29525
24,-1.0,4,20,48,29526
30,-1.0,7,3,40,29527
7,-1.0,17,2,26,29528
16,-1.0,27,8,51,29529
2,-1.0,3,23,28,29530
54,-1.0,18,9,81,29531
7,1.0,24,13,44,29532
26,-1.0,4,3,33,29533
61,-1.0,2,9,72,29534
43,-1.0,3,4,50,29535
15,1.0,7,24,46,29536
13,1.0,2,25,40,29537
14,-1.0,13,9,36,29538
30,-1.0,16,1,47,29539
35,-1.0,7,11,53,29540
7,1.0,18,11,36,29541
17,-1.0,1,14,32,29542
69,-1.0,0,13,82,29543
24,1.0,0,37,61,29544
26,1.0,4,15,45,29545
24,1.0,8,8,40,29546
10,1.0,7,20,37,29547
37,1.0,2,4,43,29548
15,-1.0,4,13,32,29549
6,1.0,4,20,30,29550
18,1.0,1,15,34,29551
20,1.0,9,50,79,29552
14,-1.0,12,4,30,29553
1,1.0,17,0,18,29554
7,-1.0,6,21,34,29555
3,-1.0,10,18,31,29556
23,1.0,2,34,59,29557
15,1.0,8,19,42,29558
30,1.0,7,3,40,29559
0,1.0,5,0,5,29560
47,1.0,4,2,53,29561
1,-1.0,10,14,25,29562
5,1.0,12,39,56,29563
14,1.0,1,25,40,29564
12,1.0,1,20,33,29565
71,-1.0,0,3,74,29566
51,1.0,7,11,69,29567
76,-1.0,3,1,80,29568
2,-1.0,11,21,34,29569
33,-1.0,0,28,61,29570
10,-1.0,5,28,43,29571
4,-1.0,11,11,26,29572
12,-1.0,3,19,34,29573
11,-1.0,3,13,27,29574
13,-1.0,7,14,34,29575
8,1.0,14,9,31,29576
20,-1.0,2,10,32,29577
47,1.0,1,3,51,29578
15,1.0,8,28,51,29579
29,1.0,2,10,41,29580
25,1.0,9,7,41,29581
8,-1.0,15,4,27,29582
24,1.0,5,20,49,29583
34,-1.0,7,3,44,29584
22,-1.0,0,20,42,29585
44,1.0,4,40,88,29586
0,-1.0,19,3,22,29587
36,1.0,3,22,61,29588
3,1.0,11,13,27,29589
17,1.0,1,16,34,29590
21,1.0,6,12,39,29591
58,1.0,3,33,94,29592
18,1.0,13,6,37,29593
36,-1.0,4,8,48,29594
19,1.0,22,3,44,29595
39,1.0,2,6,47,29596
33,1.0,1,4,38,29597
27,1.0,6,3,36,29598
25,-1.0,10,7,42,29599
43,-1.0,0,24,67,29600
35,-1.0,5,10,50,29601
3,1.0,4,17,24,29602
6,-1.0,9,34,49,29603
8,-1.0,15,21,44,29604
72,-1.0,14,6,92,29605
43,1.0,3,6,52,29606
27,-1.0,10,4,41,29607
6,-1.0,11,20,37,29608
19,1.0,6,11,36,29609
25,-1.0,4,9,38,29610
52,-1.0,0,42,94,29611
84,-1.0,0,2,86,29612
120,-1.0,0,1,121,29613
73,1.0,12,5,90,29614
68,1.0,1,27,96,29615
37,-1.0,6,20,63,29616
22,-1.0,22,0,44,29617
31,1.0,8,3,42,29618
39,-1.0,1,7,47,29619
1,-1.0,16,27,44,29620
8,-1.0,14,6,28,29621
47,-1.0,0,18,65,29622
63,1.0,3,6,72,29623
41,-1.0,3,16,60,29624
38,-1.0,9,1,48,29625
35,-1.0,9,12,56,29626
26,-1.0,15,10,51,29627
43,-1.0,15,26,84,29628
116,-1.0,5,7,128,29629
51,1.0,29,15,95,29630
5,1.0,12,20,37,29631
37,1.0,10,12,59,29632
14,-1.0,22,9,45,29633
22,1.0,1,10,33,29634
13,-1.0,5,14,32,29635
31,1.0,13,11,55,29636
53,-1.0,8,1,62,29637
65,-1.0,7,10,82,29638
5,1.0,14,15,34,29639
31,-1.0,13,9,53,29640
19,1.0,14,12,45,29641
50,1.0,2,0,52,29642
33,1.0,8,22,63,29643
18,-1.0,2,34,54,29644
9,-1.0,24,8,41,29645
35,-1.0,9,3,47,29646
20,1.0,6,12,38,29647
16,-1.0,10,7,33,29648
12,-1.0,5,19,36,29649
24,-1.0,1,19,44,29650
11,1.0,3,23,37,29651
2,-1.0,28,1,31,29652
67,-1.0,0,7,74,29653
33,-1.0,10,1,44,29654
31,-1.0,17,5,53,29655
44,-1.0,9,13,66,29656
17,1.0,33,13,63,29657
3,1.0,22,3,28,29658
26,-1.0,6,12,44,29659
21,-1.0,3,13,37,29660
0,1.0,10,20,30,29661
23,-1.0,6,8,37,29662
38,1.0,4,8,50,29663
27,-1.0,12,6,45,29664
3,1.0,2,32,37,29665
19,-1.0,5,8,32,29666
32,-1.0,10,1,43,29667
19,1.0,2,11,32,29668
27,1.0,14,14,55,29669
29,-1.0,29,3,61,29670
16,-1.0,17,10,43,29671
0,1.0,9,20,29,29672
13,1.0,12,8,33,29673
24,-1.0,24,3,51,29674
16,1.0,23,2,41,29675
65,1.0,14,8,87,29676
52,1.0,1,5,58,29677
10,1.0,0,23,33,29678
41,-1.0,17,17,75,29679
28,1.0,18,1,47,29680
22,1.0,1,43,66,29681
7,-1.0,32,31,70,29682
22,1.0,1,8,31,29683
38,-1.0,9,15,62,29684
1,-1.0,2,42,45,29685
28,1.0,10,13,51,29686
34,1.0,6,10,50,29687
13,-1.0,2,24,39,29688
19,-1.0,16,3,38,29689
26,-1.0,6,2,34,29690
20,-1.0,8,8,36,29691
67,-1.0,0,17,84,29692
48,-1.0,20,14,82,29693
0,1.0,36,8,44,29694
45,1.0,0,10,55,29695
13,-1.0,2,20,35,29696
4,1.0,15,27,46,29697
12,1.0,28,10,50,29698
22,-1.0,7,11,40,29699
2,-1.0,26,3,31,29700
23,-1.0,26,0,49,29701
14,-1.0,17,5,36,29702
11,1.0,14,2,27,29703
34,1.0,5,8,47,29704
11,1.0,5,16,32,29705
20,-1.0,7,18,45,29706
78,-1.0,6,7,91,29707
12,-1.0,2,42,56,29708
28,1.0,8,15,51,29709
25,-1.0,8,15,48,29710
33,1.0,17,8,58,29711
16,1.0,8,6,30,29712
31,1.0,2,9,42,29713
37,-1.0,14,6,57,29714
39,1.0,11,15,65,29715
182,-1.0,0,39,221,29716
9,1.0,21,22,52,29717
3,-1.0,15,40,58,29718
2,1.0,31,21,54,29719
32,-1.0,5,5,42,29720
83,-1.0,0,4,87,29721
32,1.0,7,16,55,29722
45,-1.0,18,15,78,29723
3,-1.0,31,3,37,29724
3,1.0,3,23,29,29725
23,1.0,20,2,45,29726
45,1.0,6,17,68,29727
30,1.0,4,13,47,29728
14,1.0,9,27,50,29729
20,1.0,0,22,42,29730
9,1.0,15,4,28,29731
46,1.0,0,11,57,29732
6,1.0,25,3,34,29733
37,1.0,14,17,68,29734
31,-1.0,33,3,67,29735
28,-1.0,2,19,49,29736
1,1.0,27,20,48,29737
42,-1.0,22,1,65,29738
3,1.0,18,16,37,29739
4,-1.0,26,4,34,29740
38,-1.0,5,13,56,29741
47,1.0,30,4,81,29742
18,-1.0,6,26,50,29743
17,-1.0,3,35,55,29744
22,1.0,4,15,41,29745
13,-1.0,31,3,47,29746
4,-1.0,31,12,47,29747
5,1.0,19,4,28,29748
17,1.0,21,2,40,29749
3,1.0,18,12,33,29750
21,-1.0,2,16,39,29751
57,1.0,8,16,81,29752
15,1.0,16,9,40,29753
26,1.0,9,9,44,29754
12,-1.0,7,19,38,29755
44,-1.0,1,19,64,29756
34,1.0,5,21,60,29757
45,-1.0,0,20,65,29758
52,-1.0,5,13,70,29759
3,1.0,12,6,21,29760
58,1.0,14,3,75,29761
72,-1.0,4,6,82,29762
1,-1.0,18,22,41,29763
23,-1.0,15,4,42,29764
32,1.0,6,13,51,29765
33,1.0,11,0,44,29766
13,-1.0,8,11,32,29767
0,1.0,12,10,22,29768
7,1.0,1,29,37,29769
6,-1.0,10,7,23,29770
7,-1.0,4,28,39,29771
20,-1.0,25,43,88,29772
13,1.0,41,7,61,29773
12,1.0,5,38,55,29774
23,-1.0,7,5,35,29775
11,1.0,3,14,28,29776
6,1.0,0,18,24,29777
62,-1.0,12,17,91,29778
42,-1.0,0,25,67,29779
48,-1.0,1,15,64,29780
21,1.0,8,3,32,29781
38,-1.0,6,4,48,29782
0,1.0,3,23,26,29783
64,-1.0,3,11,78,29784
37,-1.0,2,12,51,29785
37,-1.0,4,5,46,29786
11,-1.0,28,0,39,29787
42,1.0,6,6,54,29788
23,-1.0,9,1,33,29789
49,1.0,3,0,52,29790
2,-1.0,12,17,31,29791
0,-1.0,17,5,22,29792
14,1.0,14,3,31,29793
21,-1.0,10,4,35,29794
33,-1.0,3,8,44,29795
8,-1.0,21,1,30,29796
26,-1.0,9,9,44,29797
38,1.0,1,18,57,29798
14,1.0,18,31,63,29799
53,-1.0,4,4,61,29800
36,-1.0,8,15,59,29801
74,1.0,2,1,77,29802
192,-1.0,0,68,260,29803
30,-1.0,0,89,119,29804
36,1.0,40,61,137,29805
19,1.0,34,50,103,29806
36,1.0,12,55,103,29807
47,1.0,23,11,81,29808
48,1.0,19,11,78,29809
46,1.0,33,7,86,29810
40,-1.0,32,7,79,29811
1,1.0,24,47,72,29812
2,-1.0,11,55,68,29813
59,1.0,2,4,65,29814
19,1.0,17,24,60,29815
17,-1.0,2,28,47,29816
19,1.0,9,36,64,29817
5,1.0,3,33,41,29818
3,1.0,12,22,37,29819
2,-1.0,23,5,30,29820
88,-1.0,2,11,101,29821
16,1.0,42,0,58,29822
0,-1.0,20,30,50,29823
1,1.0,24,2,27,29824
34,1.0,29,14,77,29825
8,1.0,21,33,62,29826
8,-1.0,19,16,43,29827
2,1.0,28,4,34,29828
40,-1.0,27,0,67,29829
65,-1.0,0,1,66,29830
30,1.0,15,32,77,29831
31,-1.0,18,8,57,29832
19,1.0,26,10,55,29833
8,-1.0,17,10,35,29834
9,1.0,14,13,36,29835
33,-1.0,9,2,44,29836
27,-1.0,16,6,49,29837
13,-1.0,22,26,61,29838
77,1.0,10,12,99,29839
21,1.0,16,35,72,29840
55,1.0,15,1,71,29841
54,-1.0,2,24,80,29842
46,1.0,0,1,47,29843
18,1.0,13,17,48,29844
21,-1.0,7,11,39,29845
77,-1.0,0,26,103,29846
11,-1.0,1,45,57,29847
37,-1.0,8,18,63,29848
3,1.0,18,15,36,29849
38,1.0,26,30,94,29850
149,-1.0,0,14,163,29851
56,1.0,25,2,83,29852
14,1.0,12,15,41,29853
42,1.0,0,14,56,29854
7,-1.0,12,9,28,29855
27,-1.0,22,5,54,29856
29,1.0,0,23,52,29857
48,-1.0,7,0,55,29858
49,1.0,10,7,66,29859
34,1.0,0,9,43,29860
3,-1.0,15,7,25,29861
19,1.0,4,30,53,29862
6,1.0,4,14,24,29863
0,1.0,28,7,35,29864
15,-1.0,11,17,43,29865
7,-1.0,4,48,59,29866
8,-1.0,12,19,39,29867
10,1.0,5,10,25,29868
24,1.0,35,0,59,29869
0,-1.0,10,55,65,29870
7,-1.0,0,26,33,29871
36,-1.0,2,10,48,29872
43,-1.0,5,2,50,29873
15,-1.0,20,2,37,29874
24,1.0,13,4,41,29875
43,-1.0,1,8,52,29876
9,1.0,0,31,40,29877
3,1.0,2,15,20,29878
17,-1.0,17,3,37,29879
10,-1.0,7,21,38,29880
18,1.0,11,9,38,29881
87,-1.0,1,19,107,29882
17,1.0,1,34,52,29883
17,1.0,9,11,37,29884
15,-1.0,13,7,35,29885
25,1.0,14,21,60,29886
21,-1.0,10,19,50,29887
15,1.0,6,15,36,29888
7,1.0,8,26,41,29889
18,-1.0,0,24,42,29890
43,-1.0,10,4,57,29891
19,-1.0,13,4,36,29892
19,-1.0,9,5,33,29893
40,1.0,9,1,50,29894
2,1.0,12,14,28,29895
14,1.0,23,2,39,29896
0,0.0,28,2,30,29897
32,-1.0,11,5,48,29898
8,1.0,12,35,55,29899
6,1.0,17,10,33,29900
15,1.0,5,12,32,29901
29,1.0,0,25,54,29902
76,-1.0,20,18,114,29903
113,-1.0,0,1,114,29904
27,-1.0,19,5,51,29905
34,1.0,42,0,76,29906
16,-1.0,21,4,41,29907
10,-1.0,26,1,37,29908
1,-1.0,19,13,33,29909
26,1.0,4,25,55,29910
16,-1.0,13,5,34,29911
37,1.0,1,4,42,29912
3,-1.0,30,12,45,29913
21,1.0,5,13,39,29914
22,1.0,6,15,43,29915
62,1.0,0,8,70,29916
0,-1.0,4,19,23,29917
14,1.0,0,31,45,29918
13,1.0,0,23,36,29919
21,-1.0,7,28,56,29920
4,1.0,14,26,44,29921
42,1.0,7,10,59,29922
1,1.0,11,15,27,29923
58,-1.0,3,26,87,29924
2,1.0,20,0,22,29925
45,-1.0,26,14,85,29926
0,-1.0,3,47,50,29927
7,-1.0,15,13,35,29928
47,-1.0,5,6,58,29929
11,1.0,4,24,39,29930
16,1.0,29,2,47,29931
4,-1.0,27,2,33,29932
27,-1.0,0,27,54,29933
7,-1.0,4,11,22,29934
9,1.0,16,5,30,29935
3,-1.0,16,2,21,29936
2,1.0,6,21,29,29937
0,1.0,15,51,66,29938
38,-1.0,7,8,53,29939
38,1.0,17,1,56,29940
36,-1.0,6,17,59,29941
21,1.0,3,19,43,29942
58,1.0,10,21,89,29943
29,1.0,2,13,44,29944
8,1.0,11,6,25,29945
9,1.0,6,18,33,29946
30,-1.0,11,3,44,29947
8,-1.0,17,5,30,29948
27,1.0,4,9,40,29949
4,-1.0,1,22,27,29950
13,1.0,1,16,30,29951
15,-1.0,2,30,47,29952
78,-1.0,0,18,96,29953
7,1.0,17,9,33,29954
32,-1.0,3,14,49,29955
41,1.0,0,8,49,29956
10,-1.0,21,2,33,29957
18,-1.0,8,34,60,29958
36,1.0,19,0,55,29959
5,1.0,7,12,24,29960
22,-1.0,3,7,32,29961
54,1.0,6,32,92,29962
3,1.0,10,23,36,29963
79,-1.0,0,0,79,29964
44,-1.0,4,13,61,29965
29,-1.0,11,2,42,29966
32,-1.0,7,7,46,29967
18,1.0,12,3,33,29968
37,1.0,8,8,53,29969
7,1.0,0,27,34,29970
31,1.0,4,2,37,29971
26,1.0,21,7,54,29972
13,1.0,26,1,40,29973
2,1.0,7,26,35,29974
40,1.0,1,3,44,29975
46,-1.0,17,3,66,29976
22,-1.0,1,12,35,29977
173,-1.0,0,36,209,29978
71,-1.0,8,32,111,29979
10,-1.0,49,0,59,29980
37,1.0,25,4,66,29981
17,-1.0,19,9,45,29982
27,1.0,2,35,64,29983
1,-1.0,23,11,35,29984
8,-1.0,4,25,37,29985
0,1.0,19,20,39,29986
6,-1.0,26,0,32,29987
9,-1.0,13,11,33,29988
34,1.0,3,8,45,29989
43,-1.0,8,0,51,29990
101,-1.0,6,1,108,29991
36,1.0,21,0,57,29992
38,-1.0,27,0,65,29993
11,-1.0,21,3,35,29994
27,-1.0,11,9,47,29995
18,1.0,22,3,43,29996
34,-1.0,7,5,46,29997
5,-1.0,23,6,34,29998
79,-1.0,4,0,83,29999
6,-1.0,17,30,53,30000
24,1.0,8,5,37,30001
11,1.0,6,35,52,30002
22,1.0,4,12,38,30003
32,1.0,0,15,47,30004
83,-1.0,0,47,130,30005
33,-1.0,33,34,100,30006
139,1.0,6,9,154,30007
7,1.0,27,26,60,30008
44,1.0,17,4,65,30009
8,-1.0,30,6,44,30010
20,-1.0,1,32,53,30011
90,-1.0,1,0,91,30012
9,1.0,18,4,31,30013
10,1.0,18,2,30,30014
57,1.0,2,41,100,30015
31,1.0,1,13,45,30016
58,-1.0,0,11,69,30017
10,1.0,19,9,38,30018
3,1.0,28,14,45,30019
6,1.0,3,13,22,30020
9,-1.0,11,16,36,30021
20,1.0,3,11,34,30022
60,1.0,1,8,69,30023
19,1.0,2,13,34,30024
13,1.0,0,16,29,30025
12,-1.0,14,13,39,30026
26,-1.0,0,34,60,30027
3,1.0,4,37,44,30028
97,-1.0,0,12,109,30029
60,1.0,7,0,67,30030
14,1.0,14,11,39,30031
27,1.0,3,9,39,30032
10,-1.0,0,31,41,30033
23,1.0,11,4,38,30034
34,-1.0,4,3,41,30035
15,-1.0,6,14,35,30036
28,1.0,4,66,98,30037
4,-1.0,19,19,42,30038
31,1.0,36,0,67,30039
4,1.0,10,17,31,30040
14,1.0,12,8,34,30041
26,-1.0,11,3,40,30042
37,-1.0,8,12,57,30043
45,1.0,1,7,53,30044
16,-1.0,8,7,31,30045
12,1.0,21,12,45,30046
1,1.0,23,6,30,30047
40,-1.0,16,32,88,30048
26,-1.0,19,25,70,30049
1,1.0,2,34,37,30050
39,1.0,36,15,90,30051
6,-1.0,6,21,33,30052
18,1.0,12,4,34,30053
17,-1.0,7,12,36,30054
12,1.0,26,20,58,30055
29,1.0,1,6,36,30056
98,-1.0,0,4,102,30057
15,-1.0,28,6,49,30058
18,1.0,4,44,66,30059
59,-1.0,4,7,70,30060
21,-1.0,9,6,36,30061
38,1.0,6,12,56,30062
9,1.0,15,7,31,30063
39,-1.0,0,12,51,30064
12,-1.0,13,5,30,30065
33,1.0,22,9,64,30066
25,-1.0,15,6,46,30067
30,1.0,7,12,49,30068
5,1.0,11,13,29,30069
23,-1.0,0,14,37,30070
18,-1.0,15,9,42,30071
39,1.0,3,12,54,30072
1,-1.0,6,19,26,30073
60,-1.0,3,10,73,30074
23,1.0,8,24,55,30075
66,-1.0,18,6,90,30076
66,-1.0,6,3,75,30077
18,1.0,16,29,63,30078
13,-1.0,3,27,43,30079
19,-1.0,4,19,42,30080
338,-1.0,0,3,341,30081
4,1.0,4,86,94,30082
162,1.0,0,0,162,30083
69,1.0,25,44,138,30084
55,-1.0,68,36,159,30085
20,1.0,15,39,74,30086
66,1.0,22,4,92,30087
5,-1.0,13,34,52,30088
13,1.0,12,16,41,30089
60,1.0,17,0,77,30090
5,1.0,16,28,49,30091
9,1.0,18,18,45,30092
79,-1.0,16,12,107,30093
45,1.0,11,0,56,30094
31,-1.0,22,5,58,30095
53,1.0,0,9,62,30096
32,1.0,3,20,55,30097
28,1.0,5,5,38,30098
41,1.0,14,22,77,30099
29,-1.0,11,9,49,30100
49,-1.0,10,8,67,30101
19,-1.0,8,15,42,30102
2,1.0,14,22,38,30103
64,-1.0,26,0,90,30104
25,1.0,6,35,66,30105
3,1.0,18,2,23,30106
70,1.0,5,2,77,30107
15,-1.0,40,18,73,30108
15,-1.0,11,10,36,30109
46,1.0,11,11,68,30110
62,-1.0,3,0,65,30111
9,-1.0,14,17,40,30112
52,-1.0,0,6,58,30113
10,1.0,24,34,68,30114
49,1.0,0,15,64,30115
2,1.0,19,15,36,30116
13,-1.0,17,5,35,30117
4,1.0,1,26,31,30118
42,-1.0,1,39,82,30119
126,1.0,1,36,163,30120
13,1.0,10,29,52,30121
56,1.0,5,0,61,30122
7,1.0,7,33,47,30123
0,-1.0,4,25,29,30124
29,1.0,12,13,54,30125
57,1.0,2,7,66,30126
62,-1.0,5,6,73,30127
27,-1.0,5,24,56,30128
38,-1.0,36,1,75,30129
28,1.0,27,6,61,30130
68,-1.0,9,3,80,30131
62,-1.0,0,43,105,30132
88,1.0,4,3,95,30133
8,-1.0,0,50,58,30134
34,1.0,34,3,71,30135
8,-1.0,3,23,34,30136
50,1.0,3,3,56,30137
22,-1.0,7,2,31,30138
45,1.0,24,3,72,30139
24,-1.0,4,8,36,30140
32,-1.0,6,8,46,30141
12,1.0,7,18,37,30142
29,-1.0,4,1,34,30143
14,1.0,7,37,58,30144
4,1.0,6,20,30,30145
18,1.0,1,38,57,30146
59,-1.0,2,1,62,30147
8,-1.0,31,12,51,30148
105,-1.0,14,8,127,30149
2,1.0,56,16,74,30150
17,-1.0,10,22,49,30151
44,1.0,6,10,60,30152
103,1.0,22,37,162,30153
0,-1.0,42,49,91,30154
22,1.0,5,34,61,30155
15,1.0,1,22,38,30156
32,-1.0,3,15,50,30157
70,-1.0,9,1,80,30158
38,1.0,0,21,59,30159
19,-1.0,13,7,39,30160
35,1.0,0,10,45,30161
33,-1.0,19,11,63,30162
37,-1.0,16,8,61,30163
19,-1.0,23,0,42,30164
37,1.0,4,7,48,30165
3,1.0,17,7,27,30166
23,1.0,12,2,37,30167
7,-1.0,5,21,33,30168
14,-1.0,8,24,46,30169
35,-1.0,14,3,52,30170
1,1.0,33,54,88,30171
0,0.0,7,15,22,30172
21,1.0,3,15,39,30173
8,-1.0,0,30,38,30174
43,1.0,6,7,56,30175
39,1.0,3,8,50,30176
25,-1.0,6,20,51,30177
5,1.0,1,30,36,30178
55,1.0,9,57,121,30179
10,1.0,11,44,65,30180
1,1.0,9,20,30,30181
5,1.0,21,9,35,30182
12,1.0,25,26,63,30183
14,-1.0,12,12,38,30184
27,-1.0,1,17,45,30185
8,-1.0,3,41,52,30186
24,1.0,18,3,45,30187
2,-1.0,13,12,27,30188
9,-1.0,13,6,28,30189
60,1.0,6,26,92,30190
28,-1.0,18,2,48,30191
13,1.0,6,23,42,30192
32,-1.0,6,1,39,30193
34,-1.0,1,25,60,30194
30,1.0,2,14,46,30195
87,-1.0,20,0,107,30196
9,1.0,27,11,47,30197
24,1.0,28,6,58,30198
14,1.0,10,22,46,30199
0,1.0,19,1,20,30200
0,0.0,12,16,28,30201
44,-1.0,2,0,46,30202
2,-1.0,17,12,31,30203
15,-1.0,20,0,35,30204
30,-1.0,14,4,48,30205
77,-1.0,0,3,80,30206
100,-1.0,0,32,132,30207
59,1.0,14,0,73,30208
79,-1.0,5,4,88,30209
1,-1.0,21,34,56,30210
43,1.0,2,6,51,30211
10,1.0,40,1,51,30212
19,-1.0,0,23,42,30213
51,1.0,8,3,62,30214
5,1.0,6,29,40,30215
25,-1.0,15,4,44,30216
6,1.0,8,17,31,30217
25,-1.0,7,3,35,30218
1,-1.0,13,24,38,30219
19,-1.0,18,1,38,30220
20,-1.0,2,25,47,30221
28,1.0,6,2,36,30222
45,-1.0,3,33,81,30223
8,-1.0,17,45,70,30224
51,-1.0,15,1,67,30225
0,-1.0,3,17,20,30226
10,1.0,5,16,31,30227
6,1.0,4,15,25,30228
27,-1.0,6,0,33,30229
52,1.0,32,15,99,30230
5,-1.0,7,20,32,30231
40,-1.0,13,1,54,30232
26,1.0,1,36,63,30233
36,-1.0,5,8,49,30234
1,-1.0,3,20,24,30235
14,1.0,27,4,45,30236
41,-1.0,12,1,54,30237
64,-1.0,1,1,66,30238
24,1.0,18,9,51,30239
51,1.0,13,0,64,30240
16,-1.0,3,33,52,30241
8,1.0,20,0,28,30242
4,1.0,14,15,33,30243
17,1.0,18,11,46,30244
8,1.0,3,20,31,30245
19,-1.0,16,6,41,30246
3,1.0,5,21,29,30247
20,1.0,6,9,35,30248
43,1.0,3,1,47,30249
18,-1.0,0,70,88,30250
56,1.0,17,29,102,30251
1,-1.0,3,36,40,30252
3,1.0,6,24,33,30253
19,1.0,10,5,34,30254
32,1.0,0,13,45,30255
3,-1.0,19,7,29,30256
9,1.0,8,30,47,30257
17,-1.0,15,11,43,30258
25,1.0,2,21,48,30259
48,-1.0,3,5,56,30260
43,1.0,0,9,52,30261
83,-1.0,2,16,101,30262
37,-1.0,15,1,53,30263
41,-1.0,12,7,60,30264
15,-1.0,13,12,40,30265
1,-1.0,8,24,33,30266
9,1.0,30,7,46,30267
43,1.0,2,9,54,30268
13,1.0,6,21,40,30269
18,-1.0,12,0,30,30270
31,-1.0,4,11,46,30271
53,-1.0,0,30,83,30272
1,-1.0,0,27,28,30273
14,1.0,13,11,38,30274
10,-1.0,7,16,33,30275
10,1.0,14,9,33,30276
4,-1.0,16,3,23,30277
38,1.0,0,4,42,30278
25,1.0,3,10,38,30279
37,1.0,0,2,39,30280
4,1.0,33,0,37,30281
14,-1.0,6,9,29,30282
32,1.0,4,15,51,30283
8,-1.0,14,5,27,30284
43,1.0,6,1,50,30285
37,-1.0,19,4,60,30286
33,-1.0,5,14,52,30287
19,-1.0,6,17,42,30288
20,1.0,12,4,36,30289
44,1.0,0,21,65,30290
17,-1.0,28,7,52,30291
30,-1.0,2,14,46,30292
22,-1.0,14,22,58,30293
14,-1.0,1,14,29,30294
46,-1.0,5,16,67,30295
23,-1.0,19,18,60,30296
12,-1.0,5,13,30,30297
24,-1.0,7,30,61,30298
16,-1.0,11,1,28,30299
2,-1.0,25,9,36,30300
9,1.0,14,10,33,30301
5,1.0,27,1,33,30302
13,-1.0,19,2,34,30303
19,1.0,8,17,44,30304
53,1.0,2,4,59,30305
10,1.0,2,21,33,30306
21,-1.0,3,8,32,30307
25,-1.0,16,0,41,30308
139,-1.0,0,4,143,30309
40,-1.0,1,10,51,30310
9,1.0,12,21,42,30311
28,-1.0,15,5,48,30312
4,1.0,16,15,35,30313
54,-1.0,1,1,56,30314
48,-1.0,2,7,57,30315
7,-1.0,29,13,49,30316
20,1.0,29,3,52,30317
13,1.0,9,18,40,30318
4,-1.0,24,11,39,30319
22,-1.0,18,2,42,30320
11,1.0,5,18,34,30321
2,-1.0,23,1,26,30322
51,-1.0,2,0,53,30323
1,-1.0,24,3,28,30324
17,1.0,10,17,44,30325
3,-1.0,17,6,26,30326
17,-1.0,18,5,40,30327
44,-1.0,2,3,49,30328
5,-1.0,12,10,27,30329
13,-1.0,14,15,42,30330
1,-1.0,0,36,37,30331
10,-1.0,46,22,78,30332
167,-1.0,0,10,177,30333
46,-1.0,20,52,118,30334
32,-1.0,33,1,66,30335
23,1.0,17,31,71,30336
8,-1.0,35,28,71,30337
11,1.0,19,13,43,30338
28,-1.0,14,4,46,30339
55,-1.0,1,23,79,30340
3,1.0,21,20,44,30341
22,1.0,9,4,35,30342
32,1.0,8,21,61,30343
2,1.0,25,0,27,30344
7,-1.0,15,7,29,30345
3,-1.0,10,15,28,30346
31,-1.0,15,6,52,30347
25,-1.0,14,7,46,30348
13,-1.0,22,0,35,30349
1,1.0,16,20,37,30350
9,1.0,36,2,47,30351
7,1.0,30,5,42,30352
0,-1.0,21,12,33,30353
27,-1.0,9,5,41,30354
61,1.0,0,3,64,30355
1,1.0,21,5,27,30356
20,-1.0,18,4,42,30357
29,-1.0,2,26,57,30358
24,1.0,11,13,48,30359
27,1.0,8,15,50,30360
6,1.0,8,16,30,30361
1,-1.0,19,14,34,30362
52,1.0,4,15,71,30363
68,1.0,12,0,80,30364
9,1.0,12,7,28,30365
8,-1.0,0,82,90,30366
54,1.0,17,1,72,30367
39,-1.0,36,8,83,30368
51,-1.0,13,31,95,30369
18,-1.0,26,24,68,30370
66,1.0,2,5,73,30371
16,1.0,17,4,37,30372
2,1.0,3,26,31,30373
33,-1.0,6,8,47,30374
20,1.0,7,10,37,30375
6,1.0,2,30,38,30376
10,1.0,1,26,37,30377
12,1.0,3,16,31,30378
36,-1.0,9,6,51,30379
4,1.0,36,3,43,30380
15,1.0,18,9,42,30381
78,-1.0,9,6,93,30382
7,1.0,18,20,45,30383
68,1.0,5,4,77,30384
36,1.0,10,7,53,30385
18,-1.0,0,27,45,30386
52,-1.0,5,20,77,30387
22,1.0,14,9,45,30388
44,1.0,7,27,78,30389
59,-1.0,17,30,106,30390
20,1.0,36,2,58,30391
7,1.0,12,21,40,30392
5,-1.0,26,7,38,30393
7,-1.0,20,7,34,30394
51,-1.0,5,3,59,30395
36,1.0,2,3,41,30396
37,-1.0,13,6,56,30397
27,-1.0,6,3,36,30398
12,1.0,5,18,35,30399
20,1.0,6,13,39,30400
23,-1.0,12,3,38,30401
4,1.0,13,13,30,30402
2,1.0,23,2,27,30403
30,1.0,10,5,45,30404
148,-1.0,0,5,153,30405
65,1.0,6,0,71,30406
70,-1.0,5,0,75,30407
51,-1.0,7,2,60,30408
33,-1.0,17,11,61,30409
47,1.0,10,23,80,30410
76,-1.0,11,8,95,30411
13,1.0,2,16,31,30412
0,-1.0,2,16,18,30413
14,1.0,25,0,39,30414
44,1.0,1,9,54,30415
16,-1.0,6,14,36,30416
10,-1.0,1,21,32,30417
6,-1.0,23,4,33,30418
20,1.0,12,7,39,30419
114,-1.0,0,24,138,30420
1,-1.0,0,56,57,30421
100,1.0,0,10,110,30422
55,-1.0,32,4,91,30423
33,1.0,9,2,44,30424
68,1.0,1,13,82,30425
28,-1.0,12,4,44,30426
1,-1.0,6,24,31,30427
35,1.0,9,4,48,30428
26,-1.0,19,17,62,30429
16,1.0,0,17,33,30430
0,-1.0,1,19,20,30431
29,1.0,5,13,47,30432
13,-1.0,0,23,36,30433
19,1.0,7,32,58,30434
48,1.0,0,17,65,30435
11,-1.0,6,9,26,30436
24,-1.0,4,11,39,30437
3,1.0,3,21,27,30438
19,-1.0,1,26,46,30439
40,1.0,2,61,103,30440
8,-1.0,8,12,28,30441
9,-1.0,0,33,42,30442
56,-1.0,1,4,61,30443
46,1.0,6,0,52,30444
2,1.0,8,14,24,30445
4,-1.0,14,22,40,30446
0,1.0,3,85,88,30447
18,-1.0,17,2,37,30448
0,1.0,11,12,23,30449
7,-1.0,5,28,40,30450
80,1.0,11,13,104,30451
4,-1.0,21,7,32,30452
38,-1.0,0,17,55,30453
4,-1.0,12,2,18,30454
112,1.0,7,14,133,30455
47,-1.0,9,1,57,30456
0,1.0,15,17,32,30457
23,1.0,7,9,39,30458
29,1.0,4,9,42,30459
0,-1.0,37,48,85,30460
39,1.0,9,32,80,30461
78,-1.0,1,9,88,30462
59,1.0,0,32,91,30463
25,1.0,2,6,33,30464
21,-1.0,6,8,35,30465
24,-1.0,10,0,34,30466
0,1.0,1,72,73,30467
41,-1.0,9,0,50,30468
27,1.0,16,1,44,30469
31,1.0,2,5,38,30470
1,1.0,3,32,36,30471
17,1.0,5,10,32,30472
71,1.0,1,0,72,30473
40,-1.0,31,13,84,30474
24,1.0,30,9,63,30475
42,-1.0,1,1,44,30476
23,1.0,7,23,53,30477
29,1.0,11,8,48,30478
4,1.0,1,21,26,30479
37,-1.0,8,1,46,30480
10,-1.0,13,10,33,30481
38,1.0,18,21,77,30482
1,-1.0,13,14,28,30483
5,-1.0,16,3,24,30484
17,-1.0,0,27,44,30485
12,1.0,15,9,36,30486
27,-1.0,15,1,43,30487
6,1.0,0,34,40,30488
7,1.0,18,4,29,30489
12,1.0,0,27,39,30490
1,1.0,11,14,26,30491
12,1.0,33,41,86,30492
30,-1.0,17,15,62,30493
33,-1.0,29,5,67,30494
39,1.0,0,13,52,30495
7,1.0,11,14,32,30496
0,1.0,18,7,25,30497
15,-1.0,9,10,34,30498
4,-1.0,28,4,36,30499
20,1.0,47,33,100,30500
6,1.0,5,51,62,30501
4,1.0,14,12,30,30502
21,-1.0,1,30,52,30503
36,1.0,3,12,51,30504
15,-1.0,6,7,28,30505
47,1.0,3,4,54,30506
3,-1.0,8,30,41,30507
10,-1.0,5,30,45,30508
15,1.0,0,23,38,30509
11,-1.0,20,27,58,30510
19,-1.0,6,13,38,30511
28,1.0,4,10,42,30512
8,1.0,22,0,30,30513
27,-1.0,0,51,78,30514
7,-1.0,9,18,34,30515
25,1.0,8,8,41,30516
0,-1.0,9,14,23,30517
49,-1.0,0,11,60,30518
16,1.0,13,15,44,30519
25,1.0,2,12,39,30520
3,-1.0,15,12,30,30521
89,-1.0,0,18,107,30522
68,1.0,0,5,73,30523
12,1.0,4,26,42,30524
68,1.0,5,24,97,30525
59,-1.0,0,17,76,30526
32,1.0,11,4,47,30527
5,1.0,8,14,27,30528
22,-1.0,7,10,39,30529
4,-1.0,11,13,28,30530
0,1.0,0,37,37,30531
69,-1.0,2,1,72,30532
19,-1.0,13,13,45,30533
29,1.0,2,14,45,30534
6,-1.0,17,2,25,30535
52,-1.0,0,4,56,30536
16,-1.0,6,8,30,30537
7,-1.0,4,14,25,30538
31,-1.0,12,28,71,30539
27,-1.0,4,12,43,30540
34,-1.0,0,12,46,30541
17,1.0,2,16,35,30542
23,1.0,2,13,38,30543
90,-1.0,1,45,136,30544
32,1.0,15,24,71,30545
8,1.0,34,4,46,30546
84,-1.0,9,0,93,30547
55,-1.0,9,19,83,30548
19,-1.0,9,20,48,30549
78,1.0,4,5,87,30550
2,-1.0,19,9,30,30551
12,-1.0,6,27,45,30552
0,1.0,4,19,23,30553
69,-1.0,9,0,78,30554
1,1.0,15,19,35,30555
7,1.0,18,5,30,30556
25,-1.0,4,2,31,30557
18,-1.0,8,12,38,30558
0,-1.0,15,10,25,30559
30,1.0,12,4,46,30560
33,-1.0,8,10,51,30561
8,1.0,3,15,26,30562
41,-1.0,0,43,84,30563
56,-1.0,7,11,74,30564
3,1.0,11,20,34,30565
12,1.0,8,18,38,30566
39,-1.0,11,6,56,30567
16,-1.0,24,2,42,30568
5,-1.0,23,9,37,30569
27,-1.0,4,9,40,30570
16,-1.0,7,16,39,30571
0,1.0,19,38,57,30572
22,-1.0,17,1,40,30573
4,1.0,9,22,35,30574
30,1.0,11,1,42,30575
4,-1.0,5,21,30,30576
52,1.0,0,3,55,30577
2,-1.0,23,14,39,30578
96,-1.0,0,26,122,30579
23,-1.0,11,7,41,30580
6,1.0,11,35,52,30581
70,1.0,3,22,95,30582
12,-1.0,32,22,66,30583
43,1.0,1,12,56,30584
56,1.0,4,13,73,30585
17,1.0,6,25,48,30586
46,-1.0,7,8,61,30587
23,1.0,5,12,40,30588
36,-1.0,13,1,50,30589
38,-1.0,16,5,59,30590
3,1.0,17,8,28,30591
26,1.0,9,15,50,30592
19,-1.0,4,13,36,30593
12,-1.0,8,20,40,30594
43,-1.0,8,4,55,30595
2,1.0,25,15,42,30596
26,1.0,10,4,40,30597
38,-1.0,2,3,43,30598
35,-1.0,5,14,54,30599
23,-1.0,5,1,29,30600
21,1.0,26,1,48,30601
48,-1.0,17,1,66,30602
7,-1.0,26,5,38,30603
45,-1.0,7,16,68,30604
142,1.0,0,0,142,30605
24,1.0,9,11,44,30606
9,1.0,18,83,110,30607
79,-1.0,19,5,103,30608
87,-1.0,41,1,129,30609
20,-1.0,14,27,61,30610
37,1.0,15,15,67,30611
36,-1.0,29,0,65,30612
17,-1.0,17,11,45,30613
49,-1.0,1,0,50,30614
27,-1.0,9,18,54,30615
6,-1.0,34,5,45,30616
16,-1.0,13,6,35,30617
5,-1.0,2,23,30,30618
4,1.0,15,32,51,30619
19,1.0,6,7,32,30620
6,1.0,6,25,37,30621
25,-1.0,7,8,40,30622
49,-1.0,0,5,54,30623
2,-1.0,19,19,40,30624
1,-1.0,14,23,38,30625
30,-1.0,11,8,49,30626
40,-1.0,0,32,72,30627
15,1.0,27,1,43,30628
59,-1.0,1,2,62,30629
3,1.0,30,3,36,30630
11,1.0,9,16,36,30631
41,1.0,9,5,55,30632
57,-1.0,13,10,80,30633
34,1.0,1,12,47,30634
42,-1.0,17,12,71,30635
20,-1.0,15,13,48,30636
2,-1.0,9,40,51,30637
5,-1.0,31,1,37,30638
78,-1.0,1,6,85,30639
28,-1.0,32,19,79,30640
67,-1.0,23,2,92,30641
58,-1.0,29,8,95,30642
152,1.0,23,2,177,30643
51,1.0,1,29,81,30644
109,-1.0,4,8,121,30645
76,1.0,1,8,85,30646
51,-1.0,13,0,64,30647
47,-1.0,14,17,78,30648
18,1.0,3,24,45,30649
71,1.0,7,32,110,30650
64,1.0,24,0,88,30651
13,1.0,0,27,40,30652
46,1.0,7,10,63,30653
9,-1.0,4,37,50,30654
43,-1.0,6,9,58,30655
238,-1.0,0,32,270,30656
133,1.0,29,24,186,30657
48,1.0,40,0,88,30658
7,-1.0,37,30,74,30659
148,1.0,1,15,164,30660
44,1.0,1,27,72,30661
18,-1.0,35,39,92,30662
77,1.0,1,0,78,30663
65,-1.0,42,16,123,30664
40,-1.0,43,9,92,30665
0,0.0,35,28,63,30666
20,1.0,13,13,46,30667
5,-1.0,40,2,47,30668
43,1.0,13,12,68,30669
64,-1.0,0,13,77,30670
1,-1.0,38,0,39,30671
7,-1.0,34,0,41,30672
27,1.0,17,5,49,30673
31,1.0,11,2,44,30674
22,1.0,9,16,47,30675
7,-1.0,2,24,33,30676
39,-1.0,0,11,50,30677
15,-1.0,13,6,34,30678
56,1.0,6,0,62,30679
9,1.0,14,20,43,30680
34,-1.0,5,26,65,30681
5,-1.0,18,11,34,30682
40,1.0,4,5,49,30683
15,-1.0,1,47,63,30684
26,1.0,7,15,48,30685
64,1.0,0,14,78,30686
1,1.0,19,16,36,30687
32,-1.0,8,0,40,30688
0,-1.0,6,38,44,30689
37,1.0,1,3,41,30690
1,1.0,24,7,32,30691
2,1.0,29,2,33,30692
124,-1.0,3,38,165,30693
106,1.0,4,15,125,30694
62,-1.0,0,30,92,30695
73,-1.0,3,8,84,30696
34,1.0,5,16,55,30697
19,1.0,5,39,63,30698
59,1.0,13,8,80,30699
29,1.0,14,13,56,30700
23,-1.0,1,19,43,30701
7,1.0,3,26,36,30702
1,1.0,29,2,32,30703
20,1.0,4,19,43,30704
10,-1.0,11,21,42,30705
16,1.0,7,8,31,30706
21,1.0,8,14,43,30707
55,1.0,12,0,67,30708
2,1.0,13,14,29,30709
58,1.0,10,1,69,30710
51,1.0,8,2,61,30711
9,-1.0,29,23,61,30712
13,1.0,3,21,37,30713
24,-1.0,5,8,37,30714
23,1.0,4,16,43,30715
16,1.0,1,26,43,30716
3,-1.0,46,19,68,30717
2,-1.0,25,10,37,30718
13,-1.0,13,13,39,30719
5,-1.0,21,11,37,30720
43,1.0,10,3,56,30721
30,1.0,3,18,51,30722
5,-1.0,32,28,65,30723
70,-1.0,14,0,84,30724
47,-1.0,28,2,77,30725
26,-1.0,24,49,99,30726
57,1.0,15,3,75,30727
10,-1.0,18,29,57,30728
43,1.0,18,3,64,30729
68,1.0,12,45,125,30730
68,-1.0,21,40,129,30731
42,1.0,1,14,57,30732
62,1.0,15,2,79,30733
33,1.0,7,33,73,30734
30,-1.0,19,6,55,30735
2,-1.0,10,19,31,30736
47,-1.0,4,5,56,30737
7,1.0,22,0,29,30738
21,1.0,5,17,43,30739
12,-1.0,11,6,29,30740
3,1.0,8,14,25,30741
4,-1.0,16,12,32,30742
16,1.0,15,8,39,30743
5,1.0,13,14,32,30744
41,-1.0,5,16,62,30745
38,-1.0,0,50,88,30746
8,1.0,5,38,51,30747
84,-1.0,0,12,96,30748
53,-1.0,15,7,75,30749
3,-1.0,11,85,99,30750
44,1.0,17,7,68,30751
75,-1.0,8,12,95,30752
31,1.0,23,8,62,30753
48,-1.0,2,1,51,30754
46,1.0,22,6,74,30755
2,-1.0,30,26,58,30756
3,-1.0,10,24,37,30757
78,-1.0,32,3,113,30758
19,1.0,26,26,71,30759
34,-1.0,5,9,48,30760
11,1.0,23,11,45,30761
5,1.0,22,41,68,30762
18,-1.0,20,5,43,30763
19,1.0,35,43,97,30764
16,-1.0,25,2,43,30765
1,1.0,17,17,35,30766
27,-1.0,9,12,48,30767
6,1.0,13,12,31,30768
9,-1.0,6,12,27,30769
56,-1.0,0,12,68,30770
13,-1.0,1,25,39,30771
46,1.0,2,4,52,30772
29,-1.0,6,4,39,30773
11,1.0,15,19,45,30774
8,1.0,15,17,40,30775
5,-1.0,18,3,26,30776
28,-1.0,6,17,51,30777
17,-1.0,7,22,46,30778
24,1.0,11,9,44,30779
4,-1.0,13,12,29,30780
7,1.0,17,7,31,30781
8,1.0,6,20,34,30782
23,-1.0,5,24,52,30783
1,-1.0,15,17,33,30784
77,-1.0,3,1,81,30785
4,1.0,24,2,30,30786
53,-1.0,0,43,96,30787
21,1.0,22,0,43,30788
20,-1.0,27,3,50,30789
18,1.0,14,15,47,30790
34,1.0,4,11,49,30791
4,-1.0,1,30,35,30792
40,-1.0,9,40,89,30793
17,-1.0,0,86,103,30794
34,1.0,9,14,57,30795
23,1.0,17,17,57,30796
17,1.0,2,29,48,30797
25,-1.0,3,32,60,30798
8,-1.0,17,11,36,30799
39,-1.0,9,7,55,30800
44,1.0,7,8,59,30801
116,-1.0,17,27,160,30802
88,1.0,1,4,93,30803
15,1.0,26,0,41,30804
51,-1.0,29,1,81,30805
143,-1.0,0,61,204,30806
11,-1.0,18,36,65,30807
221,-1.0,18,14,253,30808
169,1.0,13,48,230,30809
30,-1.0,1,18,49,30810
95,1.0,28,3,126,30811
45,1.0,5,25,75,30812
62,1.0,23,3,88,30813
8,-1.0,20,8,36,30814
10,-1.0,31,38,79,30815
14,1.0,13,24,51,30816
23,1.0,21,7,51,30817
1,1.0,12,19,32,30818
0,0.0,35,4,39,30819
17,1.0,17,0,34,30820
19,-1.0,12,14,45,30821
28,1.0,4,24,56,30822
32,-1.0,8,8,48,30823
16,-1.0,1,52,69,30824
29,-1.0,19,12,60,30825
3,1.0,25,41,69,30826
2,1.0,21,30,53,30827
7,1.0,0,50,57,30828
60,-1.0,3,0,63,30829
11,1.0,13,9,33,30830
1,1.0,21,8,30,30831
39,-1.0,5,3,47,30832
54,1.0,13,16,83,30833
17,-1.0,7,6,30,30834
36,-1.0,6,46,88,30835
0,1.0,15,14,29,30836
13,1.0,22,1,36,30837
28,1.0,8,18,54,30838
11,1.0,7,8,26,30839
9,1.0,8,11,28,30840
4,-1.0,29,12,45,30841
17,-1.0,9,8,34,30842
131,-1.0,0,15,146,30843
70,1.0,0,30,100,30844
33,1.0,26,0,59,30845
13,-1.0,28,1,42,30846
11,1.0,4,32,47,30847
3,1.0,11,16,30,30848
34,1.0,2,21,57,30849
45,-1.0,4,0,49,30850
25,-1.0,0,24,49,30851
0,-1.0,2,31,33,30852
19,1.0,3,26,48,30853
6,1.0,10,17,33,30854
27,1.0,8,25,60,30855
45,1.0,12,4,61,30856
4,1.0,11,13,28,30857
7,-1.0,6,26,39,30858
14,1.0,12,9,35,30859
14,-1.0,1,26,41,30860
22,-1.0,14,2,38,30861
25,-1.0,6,5,36,30862
66,1.0,12,75,153,30863
50,-1.0,0,25,75,30864
48,-1.0,1,61,110,30865
42,-1.0,30,0,72,30866
21,1.0,14,7,42,30867
5,1.0,13,21,39,30868
70,-1.0,2,1,73,30869
1,-1.0,9,28,38,30870
1,1.0,11,22,34,30871
26,-1.0,8,2,36,30872
9,-1.0,14,13,36,30873
12,-1.0,14,20,46,30874
37,-1.0,15,3,55,30875
26,-1.0,10,4,40,30876
28,1.0,4,5,37,30877
3,1.0,27,0,30,30878
35,-1.0,17,1,53,30879
47,-1.0,0,11,58,30880
25,1.0,14,10,49,30881
2,1.0,22,7,31,30882
6,-1.0,7,21,34,30883
31,1.0,7,2,40,30884
8,1.0,6,19,33,30885
52,1.0,20,0,72,30886
27,1.0,11,10,48,30887
3,-1.0,35,43,81,30888
72,-1.0,18,1,91,30889
19,1.0,0,73,92,30890
54,1.0,2,5,61,30891
17,-1.0,28,2,47,30892
6,1.0,0,55,61,30893
28,-1.0,16,17,61,30894
10,-1.0,33,27,70,30895
5,1.0,10,22,37,30896
7,-1.0,16,22,45,30897
21,-1.0,8,19,48,30898
46,-1.0,3,12,61,30899
5,-1.0,32,2,39,30900
7,1.0,24,10,41,30901
36,-1.0,39,0,75,30902
1,-1.0,16,15,32,30903
10,-1.0,0,26,36,30904
18,-1.0,20,2,40,30905
33,1.0,4,16,53,30906
46,1.0,11,8,65,30907
15,1.0,13,11,39,30908
21,1.0,15,20,56,30909
17,1.0,2,14,33,30910
6,1.0,16,11,33,30911
34,1.0,13,1,48,30912
6,-1.0,12,9,27,30913
47,-1.0,23,23,93,30914
48,-1.0,8,0,56,30915
0,1.0,42,12,54,30916
31,1.0,0,22,53,30917
9,-1.0,9,22,40,30918
60,1.0,2,18,80,30919
24,-1.0,18,21,63,30920
8,-1.0,32,0,40,30921
1,1.0,18,16,35,30922
4,1.0,11,25,40,30923
33,-1.0,17,6,56,30924
14,1.0,4,38,56,30925
8,1.0,9,26,43,30926
13,-1.0,11,22,46,30927
35,1.0,1,11,47,30928
99,1.0,5,0,104,30929
2,1.0,10,15,27,30930
40,-1.0,5,2,47,30931
0,-1.0,15,11,26,30932
31,1.0,4,47,82,30933
11,1.0,19,21,51,30934
17,1.0,16,0,33,30935
16,-1.0,11,13,40,30936
39,1.0,1,19,59,30937
25,1.0,11,14,50,30938
7,-1.0,3,24,34,30939
7,-1.0,10,17,34,30940
46,-1.0,10,1,57,30941
8,1.0,4,40,52,30942
10,1.0,6,24,40,30943
25,-1.0,1,31,57,30944
5,1.0,14,16,35,30945
28,1.0,11,9,48,30946
85,1.0,2,3,90,30947
24,1.0,4,32,60,30948
19,-1.0,12,16,47,30949
2,1.0,19,9,30,30950
28,-1.0,0,62,90,30951
15,1.0,11,48,74,30952
34,1.0,18,25,77,30953
9,1.0,10,25,44,30954
5,1.0,21,2,28,30955
10,1.0,3,17,30,30956
20,1.0,14,21,55,30957
1,1.0,17,7,25,30958
6,1.0,9,22,37,30959
14,1.0,4,24,42,30960
50,1.0,1,8,59,30961
222,-1.0,0,3,225,30962
102,1.0,8,43,153,30963
35,-1.0,7,2,44,30964
43,-1.0,9,12,64,30965
2,1.0,56,1,59,30966
25,1.0,16,4,45,30967
37,1.0,5,33,75,30968
5,1.0,18,21,44,30969
40,1.0,9,5,54,30970
48,-1.0,11,6,65,30971
12,-1.0,0,32,44,30972
20,1.0,8,5,33,30973
1,-1.0,7,29,37,30974
8,-1.0,12,7,27,30975
36,-1.0,4,6,46,30976
23,-1.0,3,15,41,30977
28,-1.0,4,12,44,30978
28,-1.0,18,0,46,30979
43,-1.0,26,2,71,30980
26,1.0,12,20,58,30981
23,1.0,13,8,44,30982
26,-1.0,9,11,46,30983
29,-1.0,3,30,62,30984
1,-1.0,27,7,35,30985
22,-1.0,4,7,33,30986
68,1.0,10,59,137,30987
37,-1.0,23,3,63,30988
21,-1.0,4,56,81,30989
7,1.0,38,5,50,30990
65,-1.0,22,8,95,30991
3,1.0,28,15,46,30992
53,1.0,11,0,64,30993
26,-1.0,0,18,44,30994
24,1.0,8,30,62,30995
7,-1.0,10,14,31,30996
40,1.0,12,8,60,30997
5,1.0,5,22,32,30998
6,1.0,8,21,35,30999
35,1.0,5,3,43,31000
30,1.0,7,23,60,31001
54,-1.0,5,0,59,31002
18,1.0,4,18,40,31003
32,1.0,13,3,48,31004
27,1.0,2,11,40,31005
11,1.0,11,17,39,31006
49,1.0,6,1,56,31007
36,1.0,16,6,58,31008
50,1.0,1,13,64,31009
40,1.0,1,32,73,31010
40,1.0,13,23,76,31011
5,-1.0,18,16,39,31012
10,-1.0,26,0,36,31013
28,-1.0,12,9,49,31014
31,1.0,3,14,48,31015
6,-1.0,51,21,78,31016
121,-1.0,4,2,127,31017
95,1.0,16,7,118,31018
3,1.0,56,0,59,31019
24,-1.0,24,33,81,31020
17,-1.0,20,2,39,31021
69,-1.0,22,0,91,31022
22,1.0,30,13,65,31023
30,-1.0,6,8,44,31024
50,1.0,2,5,57,31025
50,-1.0,0,8,58,31026
29,-1.0,17,24,70,31027
27,-1.0,7,14,48,31028
5,-1.0,8,27,40,31029
51,1.0,7,0,58,31030
17,1.0,17,7,41,31031
48,-1.0,2,10,60,31032
3,-1.0,14,13,30,31033
25,-1.0,8,6,39,31034
24,-1.0,2,26,52,31035
4,1.0,6,34,44,31036
70,-1.0,7,2,79,31037
53,-1.0,0,34,87,31038
50,-1.0,34,14,98,31039
43,-1.0,28,28,99,31040
57,1.0,2,6,65,31041
7,1.0,28,24,59,31042
9,-1.0,3,34,46,31043
32,1.0,3,35,70,31044
3,1.0,26,15,44,31045
82,-1.0,2,4,88,31046
66,-1.0,14,8,88,31047
41,-1.0,19,33,93,31048
28,1.0,24,21,73,31049
38,1.0,1,27,66,31050
0,1.0,3,20,23,31051
35,-1.0,20,3,58,31052
41,-1.0,17,3,61,31053
23,1.0,5,20,48,31054
53,1.0,0,1,54,31055
0,0.0,26,19,45,31056
41,1.0,1,7,49,31057
6,1.0,20,5,31,31058
3,-1.0,10,30,43,31059
28,-1.0,3,22,53,31060
4,-1.0,9,18,31,31061
9,-1.0,6,24,39,31062
1,-1.0,6,26,33,31063
11,-1.0,22,5,38,31064
7,-1.0,5,24,36,31065
12,1.0,5,25,42,31066
13,-1.0,17,18,48,31067
37,-1.0,3,13,53,31068
14,-1.0,3,28,45,31069
24,1.0,8,9,41,31070
1,-1.0,17,7,25,31071
68,-1.0,4,2,74,31072
33,1.0,31,33,97,31073
13,1.0,19,22,54,31074
9,1.0,0,26,35,31075
36,1.0,13,1,50,31076
30,-1.0,1,24,55,31077
46,-1.0,4,2,52,31078
4,-1.0,6,27,37,31079
17,-1.0,10,6,33,31080
12,1.0,19,27,58,31081
41,1.0,3,1,45,31082
39,-1.0,9,1,49,31083
13,1.0,11,23,47,31084
14,1.0,4,21,39,31085
73,-1.0,32,0,105,31086
21,-1.0,20,29,70,31087
32,-1.0,41,3,76,31088
10,-1.0,24,13,47,31089
42,1.0,3,11,56,31090
0,1.0,30,3,33,31091
26,1.0,27,0,53,31092
39,1.0,4,13,56,31093
20,-1.0,3,15,38,31094
20,-1.0,14,2,36,31095
73,-1.0,0,10,83,31096
8,1.0,20,7,35,31097
13,-1.0,6,16,35,31098
31,-1.0,9,4,44,31099
7,-1.0,8,25,40,31100
34,1.0,87,73,194,31101
0,0.0,42,29,71,31102
3,-1.0,23,14,40,31103
18,1.0,40,16,74,31104
22,1.0,16,12,50,31105
19,1.0,24,2,45,31106
51,1.0,4,10,65,31107
34,-1.0,21,11,66,31108
12,1.0,20,11,43,31109
31,1.0,7,13,51,31110
44,1.0,2,0,46,31111
15,-1.0,1,20,36,31112
5,1.0,15,20,40,31113
1,-1.0,11,23,35,31114
72,1.0,11,5,88,31115
50,1.0,34,0,84,31116
27,-1.0,32,0,59,31117
81,1.0,7,26,114,31118
3,1.0,25,37,65,31119
2,-1.0,18,15,35,31120
54,-1.0,11,35,100,31121
43,1.0,2,13,58,31122
27,-1.0,12,22,61,31123
16,1.0,5,38,59,31124
38,-1.0,0,15,53,31125
31,1.0,9,18,58,31126
5,-1.0,2,19,26,31127
0,1.0,2,36,38,31128
57,1.0,3,2,62,31129
67,-1.0,3,20,90,31130
99,1.0,46,88,233,31131
37,-1.0,42,12,91,31132
7,-1.0,44,15,66,31133
27,1.0,24,4,55,31134
68,-1.0,0,5,73,31135
86,-1.0,0,0,86,31136
100,-1.0,0,39,139,31137
26,1.0,32,8,66,31138
41,1.0,9,0,50,31139
19,-1.0,25,6,50,31140
1,-1.0,9,26,36,31141
42,1.0,0,20,62,31142
35,1.0,7,2,44,31143
2,1.0,18,17,37,31144
40,-1.0,3,9,52,31145
20,-1.0,8,9,37,31146
57,1.0,4,0,61,31147
39,1.0,10,6,55,31148
29,1.0,9,9,47,31149
2,1.0,8,21,31,31150
44,-1.0,10,4,58,31151
15,1.0,2,17,34,31152
40,-1.0,10,17,67,31153
55,-1.0,0,3,58,31154
26,1.0,8,19,53,31155
72,1.0,6,5,83,31156
3,-1.0,14,27,44,31157
25,1.0,1,24,50,31158
68,-1.0,4,9,81,31159
33,-1.0,13,4,50,31160
41,1.0,27,0,68,31161
50,-1.0,12,3,65,31162
86,1.0,21,7,114,31163
42,1.0,18,0,60,31164
21,-1.0,22,18,61,31165
12,-1.0,9,27,48,31166
81,-1.0,2,3,86,31167
24,-1.0,19,3,46,31168
38,1.0,28,29,95,31169
53,-1.0,28,1,82,31170
38,-1.0,13,4,55,31171
89,-1.0,15,40,144,31172
26,1.0,0,55,81,31173
3,-1.0,24,11,38,31174
74,-1.0,4,17,95,31175
4,1.0,13,17,34,31176
58,1.0,6,72,136,31177
43,1.0,10,12,65,31178
36,1.0,3,56,95,31179
38,-1.0,9,2,49,31180
77,1.0,3,0,80,31181
17,1.0,32,3,52,31182
24,-1.0,0,33,57,31183
44,-1.0,14,10,68,31184
22,-1.0,14,10,46,31185
4,1.0,29,18,51,31186
59,1.0,6,15,80,31187
27,1.0,6,19,52,31188
13,1.0,16,17,46,31189
9,-1.0,3,18,30,31190
35,-1.0,8,17,60,31191
4,-1.0,26,10,40,31192
27,-1.0,13,8,48,31193
53,1.0,2,3,58,31194
97,-1.0,1,13,111,31195
56,-1.0,19,4,79,31196
60,1.0,14,9,83,31197
19,1.0,7,9,35,31198
34,1.0,11,2,47,31199
2,1.0,13,39,54,31200
57,-1.0,18,4,79,31201
49,1.0,6,24,79,31202
10,1.0,11,12,33,31203
46,1.0,5,7,58,31204
100,-1.0,22,0,122,31205
6,1.0,29,14,49,31206
64,1.0,2,4,70,31207
11,-1.0,14,12,37,31208
16,-1.0,12,28,56,31209
19,1.0,7,16,42,31210
31,-1.0,1,8,40,31211
62,-1.0,0,57,119,31212
40,-1.0,17,4,61,31213
59,1.0,11,18,88,31214
22,-1.0,22,13,57,31215
95,1.0,1,6,102,31216
7,-1.0,11,39,57,31217
35,-1.0,1,26,62,31218
19,1.0,2,27,48,31219
7,-1.0,7,27,41,31220
50,1.0,11,3,64,31221
1,1.0,5,24,30,31222
26,1.0,2,16,44,31223
6,1.0,2,26,34,31224
7,-1.0,7,24,38,31225
1,1.0,15,22,38,31226
47,1.0,8,7,62,31227
4,-1.0,25,4,33,31228
7,-1.0,30,6,43,31229
26,-1.0,15,3,44,31230
9,1.0,22,9,40,31231
24,1.0,4,6,34,31232
31,1.0,1,32,64,31233
52,-1.0,4,8,64,31234
6,-1.0,17,26,49,31235
45,1.0,3,6,54,31236
37,-1.0,11,15,63,31237
29,-1.0,34,1,64,31238
15,-1.0,13,8,36,31239
16,-1.0,12,22,50,31240
17,1.0,6,45,68,31241
0,1.0,27,16,43,31242
6,-1.0,11,17,34,31243
35,-1.0,25,8,68,31244
44,-1.0,10,15,69,31245
72,1.0,3,1,76,31246
36,1.0,11,4,51,31247
15,-1.0,3,35,53,31248
1,1.0,12,21,34,31249
1,1.0,10,17,28,31250
117,1.0,0,0,117,31251
10,1.0,5,23,38,31252
8,1.0,0,33,41,31253
3,-1.0,41,97,141,31254
66,1.0,0,17,83,31255
50,-1.0,0,17,67,31256
1,-1.0,6,36,43,31257
40,-1.0,25,0,65,31258
35,-1.0,8,15,58,31259
26,-1.0,24,10,60,31260
21,1.0,10,25,56,31261
38,-1.0,0,25,63,31262
29,1.0,20,0,49,31263
46,1.0,0,10,56,31264
15,-1.0,15,0,30,31265
1,-1.0,19,10,30,31266
77,-1.0,8,1,86,31267
15,1.0,10,4,29,31268
10,1.0,19,4,33,31269
6,1.0,7,30,43,31270
12,-1.0,8,14,34,31271
59,1.0,1,10,70,31272
61,1.0,1,7,69,31273
21,-1.0,4,8,33,31274
15,-1.0,12,14,41,31275
21,1.0,8,10,39,31276
4,-1.0,9,22,35,31277
6,1.0,18,10,34,31278
49,1.0,7,9,65,31279
17,-1.0,17,9,43,31280
68,1.0,14,0,82,31281
18,-1.0,50,19,87,31282
27,-1.0,4,14,45,31283
23,-1.0,4,33,60,31284
6,-1.0,25,24,55,31285
44,-1.0,3,10,57,31286
24,-1.0,11,3,38,31287
38,1.0,8,0,46,31288
10,1.0,23,15,48,31289
45,-1.0,2,6,53,31290
4,-1.0,16,15,35,31291
10,1.0,5,13,28,31292
6,1.0,24,6,36,31293
44,-1.0,1,18,63,31294
9,-1.0,0,24,33,31295
26,-1.0,13,5,44,31296
10,-1.0,13,12,35,31297
23,-1.0,7,17,47,31298
70,1.0,0,8,78,31299
0,-1.0,9,28,37,31300
17,-1.0,7,17,41,31301
34,1.0,7,17,58,31302
14,-1.0,18,7,39,31303
6,1.0,6,27,39,31304
6,-1.0,6,14,26,31305
28,-1.0,14,28,70,31306
109,1.0,9,16,134,31307
15,-1.0,20,23,58,31308
163,-1.0,4,4,171,31309
9,1.0,57,0,66,31310
13,1.0,14,57,84,31311
2,1.0,19,29,50,31312
10,-1.0,0,25,35,31313
5,1.0,35,31,71,31314
17,-1.0,4,10,31,31315
33,-1.0,21,4,58,31316
38,1.0,19,24,81,31317
40,1.0,0,16,56,31318
42,-1.0,14,7,63,31319
49,-1.0,3,8,60,31320
7,-1.0,16,21,44,31321
22,1.0,19,7,48,31322
2,-1.0,10,31,43,31323
3,-1.0,23,8,34,31324
39,1.0,3,16,58,31325
11,1.0,1,31,43,31326
14,1.0,16,9,39,31327
40,1.0,9,15,64,31328
18,-1.0,31,4,53,31329
31,1.0,31,0,62,31330
2,-1.0,24,14,40,31331
45,1.0,2,5,52,31332
36,-1.0,26,11,73,31333
16,1.0,0,20,36,31334
66,1.0,2,8,76,31335
74,-1.0,1,2,77,31336
45,-1.0,11,7,63,31337
11,-1.0,15,25,51,31338
12,-1.0,28,10,50,31339
19,1.0,25,11,55,31340
6,1.0,11,18,35,31341
11,1.0,46,12,69,31342
24,-1.0,22,0,46,31343
23,1.0,21,18,62,31344
4,-1.0,28,18,50,31345
17,-1.0,33,12,62,31346
3,1.0,21,14,38,31347
81,1.0,63,12,156,31348
34,1.0,17,22,73,31349
35,-1.0,56,1,92,31350
27,1.0,7,27,61,31351
27,-1.0,5,19,51,31352
2,1.0,13,40,55,31353
20,1.0,17,12,49,31354
35,1.0,0,35,70,31355
32,1.0,21,10,63,31356
12,1.0,13,27,52,31357
41,-1.0,7,4,52,31358
15,1.0,8,31,54,31359
44,-1.0,3,20,67,31360
23,1.0,0,25,48,31361
5,-1.0,7,41,53,31362
6,-1.0,26,10,42,31363
14,1.0,14,14,42,31364
16,1.0,19,2,37,31365
8,-1.0,6,22,36,31366
33,-1.0,13,6,52,31367
25,-1.0,16,5,46,31368
43,1.0,6,2,51,31369
24,-1.0,24,4,52,31370
26,1.0,5,20,51,31371
51,1.0,5,5,61,31372
51,-1.0,12,6,69,31373
34,-1.0,9,25,68,31374
16,1.0,0,46,62,31375
7,-1.0,14,17,38,31376
36,-1.0,10,5,51,31377
23,1.0,15,24,62,31378
55,1.0,7,4,66,31379
36,-1.0,6,15,57,31380
71,1.0,3,1,75,31381
48,1.0,3,8,59,31382
35,1.0,0,15,50,31383
7,-1.0,37,17,61,31384
67,1.0,2,0,69,31385
24,1.0,2,22,48,31386
22,1.0,34,4,60,31387
80,1.0,1,9,90,31388
68,-1.0,15,2,85,31389
24,-1.0,15,5,44,31390
25,-1.0,2,20,47,31391
76,1.0,0,6,82,31392
72,1.0,6,0,78,31393
6,1.0,11,31,48,31394
31,1.0,22,32,85,31395
34,1.0,12,4,50,31396
10,1.0,20,49,79,31397
8,1.0,15,35,58,31398
13,1.0,3,20,36,31399
47,-1.0,20,97,164,31400
71,1.0,10,25,106,31401
36,1.0,9,19,64,31402
12,-1.0,31,0,43,31403
18,1.0,19,0,37,31404
1,1.0,4,52,57,31405
39,-1.0,34,4,77,31406
29,-1.0,16,11,56,31407
76,1.0,1,26,103,31408
7,1.0,19,14,40,31409
10,1.0,0,26,36,31410
13,1.0,2,17,32,31411
11,1.0,15,20,46,31412
38,-1.0,7,9,54,31413
16,1.0,9,8,33,31414
5,1.0,20,8,33,31415
35,1.0,5,1,41,31416
32,-1.0,3,30,65,31417
35,-1.0,3,22,60,31418
60,1.0,3,30,93,31419
7,1.0,7,13,27,31420
1,1.0,19,14,34,31421
34,-1.0,3,7,44,31422
55,1.0,2,17,74,31423
66,-1.0,0,19,85,31424
13,1.0,15,5,33,31425
119,-1.0,0,131,250,31426
29,-1.0,20,0,49,31427
19,-1.0,28,0,47,31428
22,1.0,12,9,43,31429
48,-1.0,1,0,49,31430
83,1.0,2,1,86,31431
11,1.0,15,14,40,31432
26,1.0,1,13,40,31433
2,1.0,22,5,29,31434
34,-1.0,8,10,52,31435
12,-1.0,2,28,42,31436
9,-1.0,5,24,38,31437
12,-1.0,11,17,40,31438
24,-1.0,15,6,45,31439
37,-1.0,5,16,58,31440
59,1.0,11,10,80,31441
25,-1.0,0,21,46,31442
14,1.0,8,32,54,31443
2,-1.0,21,23,46,31444
3,1.0,15,10,28,31445
87,-1.0,5,20,112,31446
58,-1.0,2,6,66,31447
60,-1.0,8,11,79,31448
30,1.0,2,20,52,31449
106,-1.0,0,10,116,31450
52,1.0,23,22,97,31451
45,1.0,1,12,58,31452
16,-1.0,0,29,45,31453
119,1.0,4,0,123,31454
44,1.0,0,15,59,31455
20,-1.0,12,22,54,31456
37,1.0,12,13,62,31457
30,1.0,48,26,104,31458
11,1.0,17,14,42,31459
21,-1.0,6,14,41,31460
31,-1.0,1,22,54,31461
3,1.0,3,99,105,31462
50,1.0,3,16,69,31463
63,1.0,1,11,75,31464
23,1.0,21,0,44,31465
53,1.0,1,28,82,31466
19,1.0,20,15,54,31467
1,1.0,7,30,38,31468
74,-1.0,1,1,76,31469
13,-1.0,22,28,63,31470
31,1.0,1,17,49,31471
31,1.0,6,15,52,31472
17,1.0,24,23,64,31473
7,-1.0,13,24,44,31474
52,1.0,9,13,74,31475
25,1.0,0,34,59,31476
0,0.0,21,9,30,31477
11,1.0,8,20,39,31478
24,1.0,7,14,45,31479
9,1.0,12,17,38,31480
0,-1.0,16,6,22,31481
50,-1.0,5,15,70,31482
66,-1.0,0,1,67,31483
11,1.0,37,5,53,31484
13,1.0,11,10,34,31485
45,1.0,0,25,70,31486
30,1.0,1,4,35,31487
6,1.0,20,0,26,31488
4,1.0,1,30,35,31489
37,1.0,6,10,53,31490
15,-1.0,10,14,39,31491
46,1.0,1,17,64,31492
17,1.0,59,34,110,31493
19,-1.0,35,12,66,31494
11,1.0,41,10,62,31495
22,1.0,13,17,52,31496
66,-1.0,4,1,71,31497
3,1.0,43,14,60,31498
20,1.0,8,34,62,31499
28,1.0,16,1,45,31500
2,1.0,23,6,31,31501
35,-1.0,11,9,55,31502
8,-1.0,2,27,37,31503
2,1.0,6,23,31,31504
8,1.0,9,12,29,31505
15,1.0,15,12,42,31506
11,1.0,12,12,35,31507
19,-1.0,8,8,35,31508
19,1.0,7,25,51,31509
12,1.0,9,12,33,31510
21,-1.0,32,18,71,31511
23,-1.0,12,35,70,31512
42,1.0,2,36,80,31513
46,-1.0,20,4,70,31514
47,-1.0,15,3,65,31515
8,1.0,11,20,39,31516
34,-1.0,20,6,60,31517
10,1.0,21,6,37,31518
60,1.0,17,10,87,31519
7,-1.0,5,16,28,31520
21,-1.0,16,7,44,31521
16,-1.0,5,10,31,31522
18,-1.0,3,21,42,31523
45,-1.0,0,38,83,31524
18,-1.0,0,30,48,31525
2,1.0,33,11,46,31526
10,-1.0,17,7,34,31527
1,1.0,35,8,44,31528
57,-1.0,0,22,79,31529
12,1.0,4,44,60,31530
46,1.0,19,1,66,31531
24,-1.0,10,21,55,31532
11,-1.0,7,13,31,31533
57,-1.0,15,1,73,31534
26,-1.0,1,19,46,31535
21,1.0,8,15,44,31536
52,-1.0,0,10,62,31537
42,-1.0,1,11,54,31538
4,1.0,16,39,59,31539
31,1.0,7,30,68,31540
33,1.0,10,11,54,31541
58,-1.0,15,24,97,31542
11,1.0,6,26,43,31543
0,0.0,15,15,30,31544
51,1.0,36,28,115,31545
21,-1.0,6,31,58,31546
27,-1.0,15,4,46,31547
4,-1.0,35,2,41,31548
31,-1.0,6,9,46,31549
6,-1.0,13,5,24,31550
10,1.0,13,20,43,31551
16,1.0,8,21,45,31552
16,1.0,21,11,48,31553
21,1.0,14,1,36,31554
5,1.0,23,11,39,31555
64,1.0,1,2,67,31556
23,1.0,8,37,68,31557
12,-1.0,21,0,33,31558
11,-1.0,9,7,27,31559
30,1.0,5,5,40,31560
2,-1.0,9,21,32,31561
38,-1.0,3,16,57,31562
23,1.0,7,15,45,31563
0,-1.0,8,22,30,31564
73,-1.0,33,19,125,31565
37,1.0,8,32,77,31566
30,-1.0,9,0,39,31567
13,1.0,3,13,29,31568
4,-1.0,21,0,25,31569
7,-1.0,21,2,30,31570
2,-1.0,8,21,31,31571
2,1.0,5,18,25,31572
4,-1.0,41,20,65,31573
12,1.0,38,5,55,31574
75,-1.0,3,0,78,31575
8,1.0,44,2,54,31576
7,1.0,23,10,40,31577
2,1.0,24,12,38,31578
22,1.0,4,16,42,31579
11,1.0,16,5,32,31580
46,-1.0,12,3,61,31581
14,1.0,2,27,43,31582
24,-1.0,10,15,49,31583
35,-1.0,1,2,38,31584
27,1.0,10,15,52,31585
26,-1.0,5,23,54,31586
38,1.0,0,12,50,31587
102,1.0,25,2,129,31588
14,1.0,30,0,44,31589
4,1.0,17,13,34,31590
21,1.0,2,9,32,31591
11,-1.0,19,13,43,31592
9,-1.0,14,2,25,31593
1,-1.0,1,26,28,31594
13,-1.0,14,7,34,31595
10,1.0,24,2,36,31596
11,1.0,14,36,61,31597
20,1.0,10,19,49,31598
8,1.0,32,24,64,31599
20,-1.0,17,3,40,31600
35,-1.0,2,17,54,31601
24,1.0,3,15,42,31602
27,-1.0,1,15,43,31603
35,-1.0,4,3,42,31604
15,-1.0,2,17,34,31605
55,-1.0,13,12,80,31606
5,-1.0,28,6,39,31607
1,-1.0,21,8,30,31608
37,1.0,6,21,64,31609
31,1.0,1,18,50,31610
20,-1.0,13,6,39,31611
31,-1.0,6,27,64,31612
17,1.0,11,13,41,31613
62,1.0,3,33,98,31614
37,1.0,2,13,52,31615
4,-1.0,11,41,56,31616
1,-1.0,22,11,34,31617
2,-1.0,14,21,37,31618
7,1.0,19,8,34,31619
36,1.0,5,5,46,31620
32,1.0,5,8,45,31621
19,-1.0,6,10,35,31622
9,-1.0,11,13,33,31623
3,1.0,0,22,25,31624
41,-1.0,8,11,60,31625
40,-1.0,13,11,64,31626
63,1.0,13,12,88,31627
2,-1.0,9,12,23,31628
32,-1.0,6,3,41,31629
3,-1.0,13,17,33,31630
4,1.0,31,25,60,31631
115,-1.0,0,8,123,31632
25,-1.0,29,23,77,31633
17,-1.0,14,28,59,31634
16,1.0,0,41,57,31635
0,-1.0,26,1,27,31636
35,-1.0,6,3,44,31637
6,-1.0,5,24,35,31638
15,1.0,0,36,51,31639
9,1.0,1,17,27,31640
34,-1.0,4,16,54,31641
3,1.0,14,9,26,31642
17,1.0,5,19,41,31643
15,1.0,7,10,32,31644
29,-1.0,11,3,43,31645
14,-1.0,5,16,35,31646
3,-1.0,6,24,33,31647
16,1.0,24,16,56,31648
23,1.0,14,4,41,31649
60,1.0,3,0,63,31650
56,-1.0,0,49,105,31651
61,-1.0,13,14,88,31652
50,-1.0,0,16,66,31653
10,-1.0,26,18,54,31654
12,1.0,10,27,49,31655
19,-1.0,0,28,47,31656
7,1.0,16,12,35,31657
5,1.0,22,11,38,31658
21,-1.0,14,2,37,31659
60,1.0,15,5,80,31660
41,1.0,24,0,65,31661
7,-1.0,16,15,38,31662
86,1.0,1,0,87,31663
0,1.0,32,4,36,31664
20,-1.0,12,3,35,31665
43,1.0,2,11,56,31666
6,1.0,9,20,35,31667
15,1.0,8,15,38,31668
81,-1.0,0,2,83,31669
6,-1.0,16,4,26,31670
7,-1.0,22,1,30,31671
9,-1.0,14,1,24,31672
8,1.0,38,8,54,31673
20,-1.0,11,10,41,31674
4,1.0,16,8,28,31675
65,1.0,1,22,88,31676
21,-1.0,9,1,31,31677
0,-1.0,8,14,22,31678
76,1.0,4,0,80,31679
34,1.0,108,35,177,31680
49,1.0,3,9,61,31681
35,1.0,42,7,84,31682
44,1.0,19,0,63,31683
35,1.0,4,14,53,31684
31,1.0,4,5,40,31685
57,1.0,3,4,64,31686
3,-1.0,70,12,85,31687
35,-1.0,7,1,43,31688
9,1.0,3,22,34,31689
45,-1.0,3,11,59,31690
20,-1.0,1,16,37,31691
41,-1.0,14,4,59,31692
13,-1.0,20,3,36,31693
4,1.0,12,26,42,31694
35,-1.0,4,2,41,31695
38,-1.0,6,2,46,31696
10,1.0,9,5,24,31697
17,1.0,11,20,48,31698
19,-1.0,8,6,33,31699
9,1.0,7,23,39,31700
81,-1.0,0,15,96,31701
16,1.0,4,12,32,31702
30,1.0,19,0,49,31703
34,-1.0,4,4,42,31704
57,-1.0,0,10,67,31705
15,-1.0,32,2,49,31706
9,-1.0,12,19,40,31707
30,-1.0,6,6,42,31708
17,1.0,2,17,36,31709
15,-1.0,5,40,60,31710
6,-1.0,14,11,31,31711
20,1.0,16,46,82,31712
5,1.0,44,4,53,31713
2,-1.0,7,17,26,31714
44,-1.0,24,0,68,31715
0,-1.0,5,21,26,31716
27,-1.0,0,28,55,31717
17,1.0,4,19,40,31718
32,-1.0,6,0,38,31719
7,-1.0,6,23,36,31720
54,-1.0,0,10,64,31721
11,1.0,4,19,34,31722
17,1.0,6,30,53,31723
21,-1.0,25,21,67,31724
1,1.0,23,22,46,31725
2,-1.0,19,12,33,31726
56,1.0,25,1,82,31727
36,1.0,8,20,64,31728
88,-1.0,6,23,117,31729
7,-1.0,23,8,38,31730
0,0.0,16,10,26,31731
5,-1.0,19,2,26,31732
19,1.0,2,14,35,31733
6,-1.0,9,13,28,31734
39,-1.0,4,11,54,31735
57,-1.0,9,18,84,31736
3,1.0,16,17,36,31737
39,-1.0,0,26,65,31738
2,-1.0,32,0,34,31739
33,1.0,2,11,46,31740
28,1.0,14,3,45,31741
1,1.0,6,23,30,31742
0,-1.0,12,9,21,31743
11,1.0,11,18,40,31744
23,-1.0,7,16,46,31745
20,-1.0,9,7,36,31746
26,-1.0,1,35,62,31747
39,-1.0,0,38,77,31748
7,1.0,35,11,53,31749
17,1.0,13,2,32,31750
29,1.0,2,25,56,31751
8,-1.0,4,23,35,31752
18,-1.0,11,7,36,31753
0,1.0,10,13,23,31754
12,1.0,13,9,34,31755
50,-1.0,10,8,68,31756
11,1.0,18,8,37,31757
7,1.0,21,7,35,31758
1,1.0,19,6,26,31759
26,-1.0,10,7,43,31760
31,-1.0,9,1,41,31761
29,1.0,14,22,65,31762
11,1.0,13,18,42,31763
6,1.0,4,24,34,31764
19,-1.0,9,21,49,31765
6,1.0,47,39,92,31766
27,1.0,16,17,60,31767
11,-1.0,7,39,57,31768
39,-1.0,3,26,68,31769
12,-1.0,9,14,35,31770
0,-1.0,6,23,29,31771
19,-1.0,4,11,34,31772
17,-1.0,19,6,42,31773
4,1.0,8,9,21,31774
14,-1.0,15,11,40,31775
10,-1.0,11,18,39,31776
13,-1.0,6,11,30,31777
45,-1.0,7,4,56,31778
75,-1.0,24,1,100,31779
15,1.0,5,21,41,31780
18,-1.0,18,9,45,31781
31,-1.0,5,12,48,31782
26,1.0,0,22,48,31783
1,1.0,19,3,23,31784
22,-1.0,9,7,38,31785
5,-1.0,13,15,33,31786
25,-1.0,2,13,40,31787
16,1.0,20,5,41,31788
28,-1.0,16,0,44,31789
159,-1.0,1,5,165,31790
59,-1.0,26,81,166,31791
31,-1.0,70,0,101,31792
73,-1.0,19,6,98,31793
49,-1.0,12,7,68,31794
13,-1.0,0,64,77,31795
14,1.0,3,109,126,31796
21,1.0,28,4,53,31797
12,1.0,19,29,60,31798
3,-1.0,2,51,56,31799
28,1.0,11,1,40,31800
4,-1.0,8,56,68,31801
50,-1.0,19,1,70,31802
0,0.0,21,12,33,31803
2,1.0,23,4,29,31804
24,1.0,9,14,47,31805
3,-1.0,22,2,27,31806
1,-1.0,19,28,48,31807
7,-1.0,4,34,45,31808
54,1.0,2,2,58,31809
5,1.0,9,19,33,31810
6,-1.0,11,31,48,31811
46,-1.0,3,0,49,31812
6,1.0,23,11,40,31813
28,-1.0,12,39,79,31814
50,-1.0,4,3,57,31815
5,1.0,9,29,43,31816
19,1.0,0,28,47,31817
4,1.0,25,4,33,31818
28,1.0,20,17,65,31819
9,-1.0,4,28,41,31820
32,-1.0,25,2,59,31821
38,1.0,10,1,49,31822
53,1.0,14,2,69,31823
43,-1.0,16,3,62,31824
38,-1.0,12,10,60,31825
25,1.0,18,0,43,31826
5,1.0,11,35,51,31827
16,1.0,7,18,41,31828
23,1.0,1,7,31,31829
62,-1.0,1,21,84,31830
8,1.0,5,13,26,31831
10,1.0,2,20,32,31832
5,1.0,11,8,24,31833
21,1.0,9,14,44,31834
16,1.0,2,25,43,31835
17,1.0,3,12,32,31836
99,-1.0,6,18,123,31837
27,1.0,10,12,49,31838
2,1.0,16,16,34,31839
43,1.0,0,3,46,31840
69,-1.0,5,50,124,31841
19,1.0,13,24,56,31842
21,1.0,22,18,61,31843
21,1.0,28,28,77,31844
4,1.0,20,4,28,31845
1,1.0,10,21,32,31846
26,1.0,31,0,57,31847
1,1.0,14,19,34,31848
2,-1.0,20,2,24,31849
25,1.0,3,13,41,31850
5,-1.0,0,27,32,31851
23,-1.0,16,10,49,31852
27,-1.0,23,1,51,31853
51,-1.0,4,7,62,31854
42,-1.0,10,4,56,31855
39,1.0,13,9,61,31856
23,1.0,6,19,48,31857
4,-1.0,28,0,32,31858
29,-1.0,16,12,57,31859
21,1.0,17,9,47,31860
50,-1.0,6,14,70,31861
27,1.0,33,0,60,31862
8,1.0,8,20,36,31863
13,1.0,16,27,56,31864
3,1.0,20,13,36,31865
7,-1.0,1,21,29,31866
0,0.0,15,1,16,31867
57,-1.0,2,12,71,31868
42,-1.0,10,8,60,31869
7,1.0,10,26,43,31870
39,-1.0,6,4,49,31871
9,-1.0,4,47,60,31872
32,1.0,21,0,53,31873
24,1.0,7,30,61,31874
7,1.0,32,19,58,31875
13,-1.0,32,7,52,31876
27,1.0,7,16,50,31877
6,-1.0,13,16,35,31878
9,1.0,6,11,26,31879
43,-1.0,3,5,51,31880
19,-1.0,11,8,38,31881
25,-1.0,17,1,43,31882
13,1.0,18,16,47,31883
15,1.0,14,5,34,31884
30,-1.0,4,6,40,31885
60,1.0,17,1,78,31886
52,-1.0,1,5,58,31887
6,-1.0,0,31,37,31888
5,-1.0,24,8,37,31889
47,-1.0,8,24,79,31890
7,1.0,10,10,27,31891
29,1.0,5,4,38,31892
4,-1.0,6,20,30,31893
33,1.0,4,7,44,31894
21,-1.0,2,24,47,31895
35,1.0,11,2,48,31896
17,1.0,27,22,66,31897
3,1.0,13,14,30,31898
17,-1.0,7,5,29,31899
10,-1.0,21,3,34,31900
10,-1.0,4,25,39,31901
8,1.0,23,12,43,31902
34,-1.0,12,17,63,31903
65,-1.0,1,12,78,31904
29,1.0,5,47,81,31905
46,1.0,1,3,50,31906
11,1.0,8,36,55,31907
18,1.0,5,12,35,31908
4,1.0,17,27,48,31909
198,-1.0,0,17,215,31910
68,-1.0,15,16,99,31911
33,-1.0,10,2,45,31912
54,1.0,1,47,102,31913
11,-1.0,34,9,54,31914
54,-1.0,5,1,60,31915
1,1.0,28,34,63,31916
61,1.0,3,25,89,31917
39,1.0,0,2,41,31918
60,-1.0,3,5,68,31919
16,-1.0,11,5,32,31920
23,1.0,4,11,38,31921
39,-1.0,13,12,64,31922
42,1.0,12,1,55,31923
21,-1.0,9,3,33,31924
12,1.0,18,6,36,31925
13,-1.0,2,25,40,31926
19,-1.0,7,12,38,31927
83,1.0,30,2,115,31928
12,1.0,9,21,42,31929
9,1.0,34,16,59,31930
55,-1.0,32,16,103,31931
24,-1.0,15,7,46,31932
4,1.0,22,6,32,31933
3,-1.0,4,25,32,31934
0,1.0,4,38,42,31935
33,-1.0,5,9,47,31936
5,1.0,5,25,35,31937
39,-1.0,8,4,51,31938
0,-1.0,5,42,47,31939
6,1.0,19,6,31,31940
4,-1.0,13,14,31,31941
35,-1.0,7,9,51,31942
16,1.0,1,30,47,31943
28,1.0,15,10,53,31944
2,-1.0,13,11,26,31945
3,1.0,8,18,29,31946
21,-1.0,114,23,158,31947
126,-1.0,32,18,176,31948
20,1.0,8,50,78,31949
46,1.0,42,5,93,31950
89,-1.0,11,1,101,31951
28,-1.0,18,17,63,31952
90,-1.0,18,13,121,31953
6,-1.0,48,8,62,31954
36,-1.0,13,12,61,31955
55,1.0,8,13,76,31956
17,-1.0,27,12,56,31957
22,1.0,5,25,52,31958
50,1.0,24,0,74,31959
58,-1.0,1,19,78,31960
55,-1.0,4,16,75,31961
57,1.0,0,9,66,31962
1,-1.0,23,12,36,31963
57,1.0,11,0,68,31964
66,1.0,10,0,76,31965
12,1.0,3,12,27,31966
25,1.0,15,14,54,31967
7,1.0,11,10,28,31968
14,-1.0,8,18,40,31969
25,1.0,5,8,38,31970
54,-1.0,1,0,55,31971
1,-1.0,17,15,33,31972
0,1.0,10,17,27,31973
18,1.0,8,7,33,31974
6,1.0,0,28,34,31975
33,-1.0,13,0,46,31976
22,1.0,4,43,69,31977
30,-1.0,22,0,52,31978
62,-1.0,2,6,70,31979
21,1.0,19,5,45,31980
0,-1.0,37,6,43,31981
35,-1.0,14,1,50,31982
46,-1.0,1,10,57,31983
35,-1.0,26,4,65,31984
22,1.0,10,18,50,31985
18,-1.0,8,46,72,31986
54,1.0,19,15,88,31987
32,-1.0,17,12,61,31988
1,-1.0,27,0,28,31989
36,1.0,29,30,95,31990
58,-1.0,7,5,70,31991
5,-1.0,18,21,44,31992
39,-1.0,25,48,112,31993
55,1.0,3,19,77,31994
31,1.0,3,34,68,31995
10,-1.0,36,1,47,31996
28,1.0,4,30,62,31997
10,1.0,4,26,40,31998
51,-1.0,0,2,53,31999
17,1.0,29,6,52,32000
22,-1.0,18,0,40,32001
39,-1.0,0,24,63,32002
37,1.0,17,15,69,32003
27,1.0,7,12,46,32004
36,-1.0,18,5,59,32005
20,1.0,32,27,79,32006
16,-1.0,7,10,33,32007
78,1.0,0,20,98,32008
3,1.0,17,20,40,32009
39,-1.0,4,4,47,32010
7,1.0,15,20,42,32011
44,-1.0,6,1,51,32012
48,1.0,1,14,63,32013
54,-1.0,10,0,64,32014
4,-1.0,15,14,33,32015
29,1.0,2,16,47,32016
80,1.0,2,0,82,32017
28,-1.0,12,10,50,32018
17,1.0,11,8,36,32019
63,-1.0,3,1,67,32020
35,1.0,0,14,49,32021
42,1.0,28,2,72,32022
22,1.0,0,50,72,32023
17,-1.0,14,12,43,32024
10,-1.0,60,15,85,32025
24,-1.0,30,1,55,32026
37,-1.0,12,0,49,32027
9,-1.0,23,6,38,32028
7,-1.0,20,16,43,32029
1,-1.0,34,12,47,32030
11,1.0,39,9,59,32031
17,-1.0,7,14,38,32032
112,-1.0,24,9,145,32033
1,-1.0,35,32,68,32034
6,1.0,18,22,46,32035
8,1.0,7,32,47,32036
39,1.0,7,47,93,32037
10,-1.0,6,27,43,32038
15,-1.0,32,1,48,32039
4,-1.0,15,16,35,32040
7,1.0,14,26,47,32041
21,1.0,4,23,48,32042
9,1.0,16,10,35,32043
13,-1.0,26,8,47,32044
13,1.0,11,15,39,32045
9,-1.0,14,14,37,32046
19,1.0,12,6,37,32047
4,-1.0,20,30,54,32048
67,1.0,3,10,80,32049
32,-1.0,17,2,51,32050
52,1.0,4,18,74,32051
37,-1.0,1,17,55,32052
54,1.0,8,11,73,32053
14,-1.0,15,15,44,32054
3,-1.0,8,21,32,32055
4,-1.0,18,3,25,32056
87,-1.0,13,4,104,32057
15,1.0,6,30,51,32058
13,-1.0,20,11,44,32059
36,1.0,5,12,53,32060
3,1.0,16,13,32,32061
91,1.0,15,6,112,32062
16,1.0,26,8,50,32063
36,-1.0,26,4,66,32064
49,-1.0,17,1,67,32065
62,-1.0,24,11,97,32066
27,1.0,1,13,41,32067
0,0.0,6,13,19,32068
134,1.0,11,21,166,32069
37,-1.0,10,1,48,32070
9,-1.0,36,3,48,32071
27,1.0,0,46,73,32072
56,-1.0,8,7,71,32073
5,1.0,30,13,48,32074
13,-1.0,20,29,62,32075
18,-1.0,24,0,42,32076
19,1.0,5,13,37,32077
25,-1.0,0,27,52,32078
19,1.0,10,13,42,32079
48,1.0,0,12,60,32080
17,-1.0,17,5,39,32081
16,1.0,12,12,40,32082
19,1.0,0,19,38,32083
13,1.0,9,15,37,32084
28,1.0,13,15,56,32085
14,1.0,18,4,36,32086
11,-1.0,7,22,40,32087
31,-1.0,25,0,56,32088
2,1.0,12,20,34,32089
31,1.0,5,12,48,32090
1,-1.0,15,13,29,32091
54,1.0,5,11,70,32092
32,-1.0,17,29,78,32093
45,-1.0,7,3,55,32094
22,-1.0,10,7,39,32095
40,-1.0,28,11,79,32096
12,1.0,6,45,63,32097
11,1.0,32,28,71,32098
41,1.0,19,0,60,32099
59,-1.0,3,3,65,32100
16,1.0,2,47,65,32101
84,-1.0,8,4,96,32102
3,-1.0,22,21,46,32103
26,-1.0,14,2,42,32104
10,-1.0,27,17,54,32105
106,-1.0,3,16,125,32106
37,-1.0,22,12,71,32107
63,1.0,10,5,78,32108
20,-1.0,14,12,46,32109
7,1.0,2,30,39,32110
18,-1.0,5,18,41,32111
54,1.0,16,3,73,32112
3,-1.0,34,0,37,32113
22,1.0,0,27,49,32114
21,1.0,22,7,50,32115
1,1.0,16,32,49,32116
45,-1.0,12,7,64,32117
6,-1.0,11,15,32,32118
23,-1.0,34,0,57,32119
25,-1.0,32,6,63,32120
4,-1.0,13,20,37,32121
34,-1.0,10,2,46,32122
20,1.0,39,12,71,32123
8,-1.0,18,2,28,32124
18,-1.0,14,23,55,32125
7,1.0,17,37,61,32126
56,1.0,6,8,70,32127
21,1.0,27,5,53,32128
28,1.0,14,19,61,32129
30,-1.0,21,5,56,32130
16,1.0,20,15,51,32131
2,1.0,18,10,30,32132
4,-1.0,32,0,36,32133
21,1.0,11,33,65,32134
50,-1.0,7,42,99,32135
38,1.0,1,16,55,32136
30,-1.0,0,21,51,32137
33,-1.0,41,0,74,32138
29,1.0,21,0,50,32139
72,-1.0,6,11,89,32140
20,1.0,21,0,41,32141
11,-1.0,12,10,33,32142
121,-1.0,7,41,169,32143
44,-1.0,0,19,63,32144
31,-1.0,17,15,63,32145
7,-1.0,14,36,57,32146
83,-1.0,5,6,94,32147
15,1.0,8,16,39,32148
23,1.0,5,23,51,32149
20,1.0,13,23,56,32150
2,-1.0,4,28,34,32151
33,-1.0,9,3,45,32152
24,-1.0,5,24,53,32153
4,-1.0,13,18,35,32154
29,-1.0,18,4,51,32155
7,1.0,11,11,29,32156
13,1.0,10,6,29,32157
44,-1.0,3,5,52,32158
43,1.0,7,10,60,32159
27,-1.0,4,16,47,32160
21,-1.0,23,3,47,32161
9,-1.0,2,34,45,32162
21,1.0,4,17,42,32163
4,-1.0,0,37,41,32164
5,-1.0,4,29,38,32165
39,-1.0,12,0,51,32166
27,1.0,0,21,48,32167
78,1.0,0,2,80,32168
28,-1.0,25,13,66,32169
26,-1.0,14,3,43,32170
42,-1.0,2,15,59,32171
0,1.0,26,9,35,32172
24,-1.0,5,17,46,32173
5,-1.0,28,17,50,32174
41,-1.0,1,9,51,32175
28,1.0,19,10,57,32176
57,-1.0,10,4,71,32177
35,1.0,11,5,51,32178
9,1.0,23,20,52,32179
59,-1.0,0,37,96,32180
5,1.0,3,24,32,32181
2,1.0,4,15,21,32182
94,-1.0,0,4,98,32183
50,1.0,17,18,85,32184
78,1.0,1,0,79,32185
104,-1.0,8,1,113,32186
21,1.0,22,33,76,32187
14,1.0,16,8,38,32188
14,1.0,29,7,50,32189
12,-1.0,26,22,60,32190
58,1.0,1,8,67,32191
24,1.0,23,1,48,32192
25,1.0,15,5,45,32193
15,1.0,16,8,39,32194
7,-1.0,11,20,38,32195
27,-1.0,26,5,58,32196
1,-1.0,11,15,27,32197
34,1.0,3,13,50,32198
1,-1.0,3,41,45,32199
43,1.0,0,26,69,32200
12,-1.0,15,24,51,32201
43,-1.0,10,10,63,32202
13,1.0,19,5,37,32203
31,-1.0,15,2,48,32204
26,-1.0,15,12,53,32205
70,-1.0,32,10,112,32206
95,-1.0,23,1,119,32207
57,1.0,1,19,77,32208
15,-1.0,53,26,94,32209
23,1.0,9,32,64,32210
45,-1.0,39,0,84,32211
34,1.0,14,13,61,32212
8,1.0,10,34,52,32213
79,-1.0,29,27,135,32214
44,-1.0,4,6,54,32215
39,-1.0,12,20,71,32216
36,1.0,13,7,56,32217
113,-1.0,3,66,182,32218
141,1.0,5,0,146,32219
25,1.0,28,9,62,32220
16,-1.0,16,7,39,32221
71,1.0,1,19,91,32222
18,-1.0,5,19,42,32223
34,-1.0,26,3,63,32224
1,-1.0,27,9,37,32225
32,-1.0,11,12,55,32226
1,1.0,25,17,43,32227
19,1.0,1,19,39,32228
12,-1.0,22,7,41,32229
7,1.0,7,30,44,32230
34,-1.0,1,29,64,32231
21,-1.0,5,27,53,32232
12,-1.0,14,7,33,32233
42,-1.0,12,3,57,32234
24,1.0,22,18,64,32235
48,1.0,6,12,66,32236
16,1.0,16,7,39,32237
31,-1.0,8,10,49,32238
60,-1.0,1,7,68,32239
46,1.0,13,8,67,32240
44,1.0,13,0,57,32241
5,-1.0,15,21,41,32242
34,1.0,14,14,62,32243
40,1.0,11,0,51,32244
18,1.0,0,27,45,32245
17,-1.0,2,52,71,32246
0,-1.0,7,18,25,32247
30,1.0,0,65,95,32248
21,-1.0,10,10,41,32249
28,1.0,3,14,45,32250
29,-1.0,13,9,51,32251
0,1.0,11,22,33,32252
17,-1.0,3,27,47,32253
45,1.0,13,26,84,32254
20,1.0,6,18,44,32255
3,-1.0,33,5,41,32256
51,1.0,4,3,58,32257
16,1.0,4,18,38,32258
19,-1.0,22,5,46,32259
0,1.0,23,6,29,32260
33,-1.0,7,1,41,32261
35,1.0,2,11,48,32262
8,-1.0,1,29,38,32263
40,1.0,6,6,52,32264
39,1.0,16,29,84,32265
1,1.0,10,13,24,32266
27,1.0,7,8,42,32267
45,1.0,1,75,121,32268
12,1.0,9,31,52,32269
8,1.0,13,18,39,32270
28,1.0,4,20,52,32271
41,1.0,14,3,58,32272
50,-1.0,6,4,60,32273
44,1.0,8,1,53,32274
19,-1.0,2,39,60,32275
27,1.0,0,23,50,32276
10,-1.0,2,23,35,32277
40,-1.0,1,3,44,32278
7,-1.0,19,15,41,32279
19,-1.0,17,11,47,32280
27,-1.0,31,7,65,32281
49,1.0,1,20,70,32282
9,-1.0,21,11,41,32283
34,1.0,0,6,40,32284
44,1.0,12,4,60,32285
94,1.0,3,4,101,32286
34,-1.0,5,5,44,32287
72,-1.0,8,10,90,32288
3,-1.0,11,18,32,32289
16,-1.0,18,26,60,32290
7,1.0,38,8,53,32291
23,1.0,15,7,45,32292
51,-1.0,38,7,96,32293
28,-1.0,65,16,109,32294
19,1.0,1,31,51,32295
12,1.0,27,3,42,32296
1,1.0,11,25,37,32297
10,1.0,12,12,34,32298
48,-1.0,0,13,61,32299
1,1.0,9,24,34,32300
17,1.0,24,5,46,32301
5,1.0,8,20,33,32302
25,-1.0,19,6,50,32303
7,-1.0,9,12,28,32304
13,-1.0,21,14,48,32305
6,1.0,26,17,49,32306
36,1.0,10,3,49,32307
1,1.0,2,25,28,32308
36,1.0,3,3,42,32309
0,-1.0,29,13,42,32310
25,-1.0,7,14,46,32311
31,1.0,12,4,47,32312
43,1.0,8,65,116,32313
78,1.0,11,0,89,32314
18,-1.0,19,18,55,32315
53,1.0,2,0,55,32316
10,1.0,18,12,40,32317
5,1.0,26,11,42,32318
50,1.0,0,18,68,32319
6,1.0,15,11,32,32320
30,-1.0,0,7,37,32321
10,-1.0,16,7,33,32322
5,-1.0,2,27,34,32323
21,-1.0,10,7,38,32324
24,1.0,0,12,36,32325
9,1.0,3,19,31,32326
70,-1.0,84,7,161,32327
50,1.0,42,26,118,32328
5,-1.0,9,60,74,32329
73,-1.0,3,2,78,32330
24,1.0,14,25,63,32331
53,1.0,7,7,67,32332
29,1.0,0,22,51,32333
23,1.0,11,9,43,32334
1,1.0,1,51,53,32335
28,-1.0,7,10,45,32336
20,1.0,25,2,47,32337
8,1.0,5,16,29,32338
45,-1.0,20,6,71,32339
2,-1.0,18,25,45,32340
55,-1.0,9,1,65,32341
9,-1.0,10,41,60,32342
27,-1.0,34,0,61,32343
16,1.0,14,11,41,32344
8,-1.0,22,1,31,32345
42,-1.0,5,10,57,32346
3,-1.0,25,11,39,32347
72,-1.0,14,7,93,32348
8,1.0,26,57,91,32349
25,1.0,15,12,52,32350
99,-1.0,7,0,106,32351
35,1.0,3,48,86,32352
55,-1.0,20,1,76,32353
16,-1.0,17,1,34,32354
14,1.0,21,5,40,32355
16,1.0,21,5,42,32356
23,-1.0,12,6,41,32357
0,0.0,15,16,31,32358
22,1.0,0,23,45,32359
49,-1.0,0,4,53,32360
26,1.0,22,0,48,32361
131,-1.0,3,14,148,32362
3,1.0,16,12,31,32363
11,-1.0,12,16,39,32364
13,1.0,16,12,41,32365
73,-1.0,3,6,82,32366
50,1.0,24,11,85,32367
13,1.0,28,35,76,32368
5,1.0,20,33,58,32369
13,-1.0,12,20,45,32370
3,-1.0,11,12,26,32371
6,-1.0,6,26,38,32372
5,-1.0,21,1,27,32373
2,-1.0,15,8,25,32374
6,1.0,9,24,39,32375
27,1.0,0,6,33,32376
7,-1.0,10,22,39,32377
2,1.0,25,6,33,32378
7,1.0,23,11,41,32379
53,1.0,15,0,68,32380
17,-1.0,4,17,38,32381
19,1.0,16,20,55,32382
5,-1.0,9,39,53,32383
38,-1.0,29,3,70,32384
3,1.0,11,41,55,32385
16,1.0,12,6,34,32386
17,-1.0,18,3,38,32387
92,-1.0,2,1,95,32388
11,-1.0,24,6,41,32389
23,-1.0,8,7,38,32390
32,-1.0,4,11,47,32391
7,-1.0,15,5,27,32392
9,-1.0,14,6,29,32393
2,-1.0,9,19,30,32394
5,1.0,8,16,29,32395
43,-1.0,7,12,62,32396
0,-1.0,19,13,32,32397
48,1.0,1,6,55,32398
112,1.0,9,0,121,32399
6,-1.0,24,20,50,32400
46,1.0,0,6,52,32401
79,1.0,10,0,89,32402
15,-1.0,2,16,33,32403
29,1.0,17,33,79,32404
46,-1.0,12,2,60,32405
20,-1.0,1,29,50,32406
10,-1.0,10,22,42,32407
50,1.0,15,0,65,32408
4,1.0,21,17,42,32409
8,1.0,1,37,46,32410
29,1.0,3,7,39,32411
42,-1.0,2,28,72,32412
18,1.0,8,3,29,32413
27,-1.0,45,12,84,32414
51,1.0,6,3,60,32415
4,-1.0,17,12,33,32416
0,1.0,17,26,43,32417
43,-1.0,15,2,60,32418
47,1.0,9,4,60,32419
4,-1.0,21,15,40,32420
9,1.0,6,46,61,32421
81,-1.0,1,5,87,32422
12,1.0,16,10,38,32423
43,-1.0,7,5,55,32424
8,1.0,23,0,31,32425
29,1.0,3,32,64,32426
0,1.0,24,8,32,32427
35,-1.0,1,24,60,32428
16,1.0,6,17,39,32429
5,-1.0,13,84,102,32430
23,1.0,11,18,52,32431
24,-1.0,7,19,50,32432
52,-1.0,0,3,55,32433
14,1.0,9,16,39,32434
26,1.0,15,9,50,32435
22,1.0,16,14,52,32436
18,1.0,11,35,64,32437
75,1.0,1,0,76,32438
0,-1.0,12,13,25,32439
4,-1.0,13,9,26,32440
1,1.0,45,2,48,32441
24,1.0,14,0,38,32442
23,1.0,8,3,34,32443
14,-1.0,9,11,34,32444
18,1.0,6,26,50,32445
52,1.0,4,4,60,32446
33,-1.0,0,35,68,32447
26,1.0,9,8,43,32448
9,-1.0,7,15,31,32449
3,-1.0,15,5,23,32450
3,-1.0,8,28,39,32451
8,1.0,24,8,40,32452
29,-1.0,2,18,49,32453
81,-1.0,0,1,82,32454
53,1.0,4,20,77,32455
60,1.0,5,61,126,32456
13,-1.0,14,16,43,32457
52,-1.0,10,9,71,32458
31,1.0,0,15,46,32459
60,-1.0,14,8,82,32460
2,1.0,16,4,22,32461
22,-1.0,7,13,42,32462
21,-1.0,19,3,43,32463
22,-1.0,15,2,39,32464
27,-1.0,19,11,57,32465
54,-1.0,7,27,88,32466
25,1.0,21,11,57,32467
59,1.0,3,15,77,32468
10,-1.0,12,17,39,32469
11,1.0,10,11,32,32470
19,1.0,13,23,55,32471
32,-1.0,7,13,52,32472
32,-1.0,7,12,51,32473
1,-1.0,23,0,24,32474
18,1.0,0,13,31,32475
10,1.0,16,7,33,32476
18,1.0,7,15,40,32477
17,-1.0,15,10,42,32478
20,-1.0,10,14,44,32479
24,1.0,0,23,47,32480
45,1.0,5,4,54,32481
25,1.0,4,5,34,32482
36,-1.0,1,22,59,32483
19,1.0,18,11,48,32484
0,1.0,20,29,49,32485
7,-1.0,0,20,27,32486
4,-1.0,19,11,34,32487
14,-1.0,15,21,50,32488
12,-1.0,7,17,36,32489
15,1.0,12,5,32,32490
9,-1.0,27,22,58,32491
8,-1.0,11,11,30,32492
26,1.0,17,28,71,32493
81,-1.0,20,3,104,32494
19,1.0,4,17,40,32495
15,-1.0,12,5,32,32496
7,1.0,30,2,39,32497
13,-1.0,20,9,42,32498
22,-1.0,3,15,40,32499
10,1.0,5,17,32,32500
4,1.0,9,11,24,32501
12,-1.0,9,4,25,32502
6,-1.0,4,21,31,32503
11,1.0,22,6,39,32504
16,-1.0,18,1,35,32505
13,1.0,6,30,49,32506
19,1.0,4,19,42,32507
47,-1.0,4,9,60,32508
15,1.0,17,2,34,32509
114,-1.0,0,5,119,32510
46,1.0,10,1,57,32511
16,1.0,5,28,49,32512
38,-1.0,4,5,47,32513
10,-1.0,18,1,29,32514
3,-1.0,18,13,34,32515
107,-1.0,6,10,123,32516
25,1.0,24,63,112,32517
39,1.0,22,7,68,32518
5,-1.0,29,3,37,32519
69,1.0,2,4,75,32520
87,1.0,3,0,90,32521
31,-1.0,29,1,61,32522
17,-1.0,12,6,35,32523
0,0.0,6,9,15,32524
29,-1.0,23,1,53,32525
0,1.0,4,21,25,32526
3,-1.0,13,11,27,32527
28,1.0,8,25,61,32528
11,-1.0,25,0,36,32529
13,1.0,20,20,53,32530
1,1.0,10,23,34,32531
11,1.0,15,21,47,32532
6,1.0,3,31,40,32533
3,1.0,28,4,35,32534
8,1.0,11,54,73,32535
37,1.0,8,4,49,32536
0,-1.0,14,12,26,32537
3,-1.0,7,14,24,32538
0,1.0,22,8,30,32539
2,1.0,2,32,36,32540
5,1.0,11,42,58,32541
2,1.0,24,14,40,32542
65,-1.0,4,4,73,32543
4,1.0,2,22,28,32544
3,1.0,15,5,23,32545
5,1.0,6,20,31,32546
7,-1.0,21,5,33,32547
42,-1.0,6,5,53,32548
99,-1.0,6,17,122,32549
18,-1.0,41,3,62,32550
4,-1.0,21,1,26,32551
12,1.0,6,17,35,32552
18,1.0,7,4,29,32553
2,1.0,24,6,32,32554
17,-1.0,18,0,35,32555
16,-1.0,1,24,41,32556
19,1.0,6,15,40,32557
22,-1.0,17,6,45,32558
56,1.0,1,2,59,32559
0,-1.0,6,24,30,32560
43,-1.0,48,48,139,32561
21,-1.0,17,9,47,32562
12,-1.0,18,21,51,32563
15,1.0,5,27,47,32564
0,1.0,1,25,26,32565
40,1.0,5,4,49,32566
32,-1.0,5,11,48,32567
28,-1.0,9,6,43,32568
1,1.0,1,23,25,32569
57,-1.0,0,12,69,32570
1,1.0,31,29,61,32571
42,-1.0,12,4,58,32572
21,1.0,4,24,49,32573
3,-1.0,33,4,40,32574
18,-1.0,14,11,43,32575
11,-1.0,27,1,39,32576
21,-1.0,12,6,39,32577
8,1.0,0,23,31,32578
7,1.0,15,11,33,32579
24,-1.0,17,7,48,32580
23,-1.0,1,31,55,32581
32,-1.0,13,12,57,32582
8,1.0,9,13,30,32583
49,-1.0,1,1,51,32584
41,-1.0,12,0,53,32585
21,1.0,39,1,61,32586
41,-1.0,5,28,74,32587
34,1.0,10,16,60,32588
82,-1.0,3,16,101,32589
19,-1.0,5,17,41,32590
7,-1.0,30,7,44,32591
36,-1.0,10,2,48,32592
74,1.0,14,56,144,32593
16,1.0,24,26,66,32594
47,-1.0,3,25,75,32595
23,1.0,15,8,46,32596
18,-1.0,20,12,50,32597
23,1.0,2,16,41,32598
20,-1.0,2,24,46,32599
38,-1.0,21,1,60,32600
35,-1.0,15,18,68,32601
3,1.0,7,25,35,32602
52,1.0,22,8,82,32603
46,-1.0,9,6,61,32604
6,1.0,24,17,47,32605
13,-1.0,26,0,39,32606
25,1.0,0,13,38,32607
20,1.0,35,0,55,32608
12,-1.0,27,11,50,32609
19,-1.0,27,1,47,32610
17,-1.0,6,13,36,32611
3,-1.0,6,20,29,32612
40,-1.0,41,76,157,32613
39,-1.0,45,11,95,32614
82,-1.0,18,5,105,32615
13,1.0,18,37,68,32616
64,1.0,2,0,66,32617
159,1.0,52,0,211,32618
45,1.0,11,31,87,32619
69,-1.0,33,13,115,32620
28,1.0,0,40,68,32621
40,-1.0,16,11,67,32622
9,-1.0,37,36,82,32623
19,-1.0,25,2,46,32624
14,1.0,13,6,33,32625
28,1.0,0,18,46,32626
38,1.0,11,9,58,32627
38,-1.0,5,4,47,32628
23,-1.0,19,4,46,32629
16,-1.0,17,5,38,32630
40,-1.0,0,31,71,32631
20,-1.0,12,13,45,32632
22,1.0,7,15,44,32633
9,-1.0,26,1,36,32634
33,-1.0,9,5,47,32635
50,1.0,8,12,70,32636
9,-1.0,41,3,53,32637
2,1.0,27,6,35,32638
28,-1.0,1,33,62,32639
87,1.0,2,3,92,32640
71,-1.0,7,2,80,32641
4,1.0,19,13,36,32642
0,1.0,7,22,29,32643
31,1.0,11,9,51,32644
20,1.0,23,3,46,32645
3,-1.0,15,33,51,32646
21,1.0,5,16,42,32647
18,-1.0,60,3,81,32648
4,-1.0,17,25,46,32649
0,-1.0,20,26,46,32650
55,1.0,19,12,86,32651
30,1.0,1,20,51,32652
20,1.0,4,17,41,32653
50,1.0,0,12,62,32654
11,1.0,12,15,38,32655
151,-1.0,7,25,183,32656
5,-1.0,39,3,47,32657
29,-1.0,7,15,51,32658
9,1.0,17,22,48,32659
78,1.0,5,0,83,32660
27,1.0,1,11,39,32661
42,-1.0,18,44,104,32662
65,-1.0,24,5,94,32663
33,-1.0,33,7,73,32664
11,-1.0,26,24,61,32665
62,-1.0,15,0,77,32666
32,-1.0,8,10,50,32667
69,1.0,15,0,84,32668
63,1.0,28,0,91,32669
9,-1.0,23,9,41,32670
3,-1.0,0,40,43,32671
24,1.0,33,3,60,32672
46,-1.0,6,3,55,32673
21,-1.0,13,10,44,32674
58,1.0,2,19,79,32675
9,1.0,4,48,61,32676
25,-1.0,16,2,43,32677
0,0.0,11,25,36,32678
19,1.0,1,15,35,32679
15,1.0,23,2,40,32680
1,1.0,1,30,32,32681
3,-1.0,11,15,29,32682
6,-1.0,20,5,31,32683
29,1.0,9,16,54,32684
2,1.0,4,24,30,32685
1,-1.0,19,22,42,32686
4,-1.0,28,10,42,32687
38,-1.0,4,12,54,32688
23,-1.0,5,6,34,32689
15,1.0,18,15,48,32690
15,1.0,23,10,48,32691
12,-1.0,24,4,40,32692
44,1.0,9,14,67,32693
39,-1.0,6,3,48,32694
10,-1.0,4,36,50,32695
12,1.0,6,36,54,32696
14,1.0,17,2,33,32697
3,1.0,22,1,26,32698
20,1.0,20,11,51,32699
21,1.0,12,38,71,32700
57,1.0,9,18,84,32701
39,1.0,4,6,49,32702
34,1.0,3,30,67,32703
38,-1.0,16,4,58,32704
30,-1.0,21,17,68,32705
34,1.0,7,31,72,32706
4,1.0,21,13,38,32707
16,1.0,17,16,49,32708
1,1.0,12,36,49,32709
51,1.0,9,6,66,32710
34,1.0,2,12,48,32711
2,-1.0,17,21,40,32712
55,1.0,0,2,57,32713
18,-1.0,26,2,46,32714
78,-1.0,2,13,93,32715
13,1.0,6,25,44,32716
11,1.0,9,18,38,32717
34,-1.0,2,19,55,32718
53,-1.0,3,36,92,32719
24,-1.0,19,1,44,32720
26,-1.0,13,8,47,32721
10,1.0,9,21,40,32722
27,-1.0,8,12,47,32723
21,-1.0,16,2,39,32724
0,-1.0,32,3,35,32725
33,-1.0,6,5,44,32726
7,1.0,9,14,30,32727
33,1.0,3,10,46,32728
8,1.0,4,23,35,32729
19,-1.0,22,1,42,32730
42,-1.0,1,5,48,32731
2,1.0,24,17,43,32732
4,-1.0,12,15,31,32733
42,1.0,4,6,52,32734
23,1.0,24,3,50,32735
30,1.0,23,4,57,32736
50,-1.0,12,7,69,32737
14,1.0,3,80,97,32738
0,1.0,28,14,42,32739
8,1.0,19,12,39,32740
31,1.0,3,9,43,32741
12,1.0,12,19,43,32742
1,-1.0,19,15,35,32743
30,-1.0,8,2,40,32744
10,-1.0,21,18,49,32745
4,1.0,21,7,32,32746
59,-1.0,0,13,72,32747
29,-1.0,15,4,48,32748
10,-1.0,21,6,37,32749
15,1.0,4,16,35,32750
92,-1.0,0,11,103,32751
10,1.0,37,11,58,32752
3,1.0,17,19,39,32753
132,1.0,0,15,147,32754
44,1.0,42,17,103,32755
57,1.0,11,4,72,32756
16,-1.0,31,21,68,32757
17,1.0,14,4,35,32758
49,-1.0,3,5,57,32759
12,1.0,0,26,38,32760
45,1.0,18,7,70,32761
12,1.0,19,6,37,32762
22,1.0,14,8,44,32763
41,-1.0,3,22,66,32764
61,1.0,36,25,122,32765
12,1.0,59,0,71,32766
12,-1.0,31,29,72,32767
4,1.0,16,14,34,32768
5,1.0,44,10,59,32769
55,-1.0,15,13,83,32770
5,1.0,14,9,28,32771
2,1.0,20,5,27,32772
20,1.0,8,25,53,32773
36,1.0,5,6,47,32774
18,1.0,15,4,37,32775
4,-1.0,1,25,30,32776
3,-1.0,5,23,31,32777
6,1.0,14,8,28,32778
63,1.0,12,4,79,32779
27,1.0,15,17,59,32780
10,1.0,7,27,44,32781
77,-1.0,20,1,98,32782
8,1.0,38,0,46,32783
11,1.0,11,21,43,32784
21,-1.0,17,7,45,32785
23,1.0,10,2,35,32786
28,-1.0,25,4,57,32787
1,-1.0,34,2,37,32788
15,1.0,5,14,34,32789
70,-1.0,1,6,77,32790
6,1.0,32,24,62,32791
44,1.0,0,8,52,32792
3,-1.0,12,10,25,32793
8,-1.0,19,8,35,32794
12,1.0,9,10,31,32795
4,1.0,0,23,27,32796
2,-1.0,20,1,23,32797
9,1.0,12,11,32,32798
36,1.0,12,2,50,32799
24,1.0,5,9,38,32800
33,1.0,27,5,65,32801
30,-1.0,17,17,64,32802
15,1.0,6,12,33,32803
23,1.0,5,8,36,32804
34,1.0,12,9,55,32805
10,1.0,13,10,33,32806
5,1.0,23,6,34,32807
2,-1.0,18,4,24,32808
102,1.0,7,32,141,32809
41,1.0,4,1,46,32810
6,-1.0,18,8,32,32811
23,-1.0,5,25,53,32812
30,1.0,0,20,50,32813
6,1.0,17,9,32,32814
5,-1.0,3,29,37,32815
13,1.0,15,9,37,32816
37,1.0,9,10,56,32817
34,-1.0,7,8,49,32818
76,1.0,12,16,104,32819
38,-1.0,43,14,95,32820
12,1.0,9,8,29,32821
29,-1.0,15,0,44,32822
4,1.0,17,25,46,32823
13,1.0,6,14,33,32824
35,1.0,2,8,45,32825
34,-1.0,1,5,40,32826
7,-1.0,23,3,33,32827
17,1.0,11,10,38,32828
32,-1.0,2,22,56,32829
41,-1.0,1,8,50,32830
29,-1.0,0,63,92,32831
37,1.0,3,13,53,32832
42,-1.0,6,14,62,32833
57,-1.0,0,8,65,32834
41,-1.0,0,14,55,32835
36,-1.0,16,2,54,32836
32,-1.0,29,2,63,32837
72,-1.0,6,35,113,32838
47,-1.0,4,21,72,32839
108,1.0,0,0,108,32840
19,1.0,4,27,50,32841
10,1.0,28,8,46,32842
18,-1.0,4,15,37,32843
31,1.0,11,5,47,32844
5,1.0,0,29,34,32845
11,-1.0,17,2,30,32846
27,-1.0,15,5,47,32847
8,1.0,24,7,39,32848
19,1.0,14,24,57,32849
40,1.0,5,5,50,32850
0,1.0,34,5,39,32851
12,1.0,15,11,38,32852
17,-1.0,12,3,32,32853
11,1.0,10,18,39,32854
35,1.0,12,0,47,32855
23,-1.0,21,14,58,32856
46,-1.0,98,15,159,32857
71,1.0,24,23,118,32858
16,-1.0,9,21,46,32859
32,-1.0,14,19,65,32860
3,1.0,15,20,38,32861
6,-1.0,27,9,42,32862
14,1.0,11,15,40,32863
13,1.0,4,8,25,32864
24,-1.0,16,3,43,32865
31,1.0,5,4,40,32866
14,1.0,13,13,40,32867
28,1.0,6,35,69,32868
42,-1.0,9,1,52,32869
24,-1.0,6,33,63,32870
3,1.0,20,24,47,32871
15,-1.0,5,13,33,32872
23,-1.0,26,5,54,32873
20,1.0,14,8,42,32874
14,1.0,5,25,44,32875
61,1.0,0,4,65,32876
46,1.0,38,22,106,32877
29,-1.0,10,15,54,32878
85,-1.0,0,4,89,32879
75,1.0,0,26,101,32880
41,-1.0,3,8,52,32881
4,-1.0,14,11,29,32882
3,1.0,7,13,23,32883
11,-1.0,13,12,36,32884
40,1.0,23,0,63,32885
21,1.0,16,0,37,32886
10,1.0,30,8,48,32887
27,-1.0,5,11,43,32888
9,-1.0,12,8,29,32889
39,1.0,17,11,67,32890
35,-1.0,9,6,50,32891
45,1.0,1,17,63,32892
18,-1.0,9,13,40,32893
14,1.0,42,0,56,32894
5,1.0,19,7,31,32895
2,1.0,18,5,25,32896
8,1.0,7,21,36,32897
1,1.0,12,16,29,32898
13,1.0,10,8,31,32899
1,1.0,7,24,32,32900
35,-1.0,8,4,47,32901
0,1.0,7,14,21,32902
10,1.0,13,53,76,32903
6,-1.0,15,13,34,32904
6,1.0,14,10,30,32905
3,-1.0,15,13,31,32906
12,-1.0,0,37,49,32907
29,1.0,0,20,49,32908
12,1.0,8,11,31,32909
13,1.0,0,33,46,32910
24,-1.0,16,12,52,32911
0,1.0,15,4,19,32912
15,-1.0,19,2,36,32913
7,1.0,15,16,38,32914
51,-1.0,6,10,67,32915
6,1.0,8,44,58,32916
22,-1.0,23,4,49,32917
14,-1.0,12,9,35,32918
16,-1.0,32,0,48,32919
45,-1.0,3,7,55,32920
44,1.0,29,0,73,32921
33,-1.0,7,5,45,32922
4,-1.0,25,2,31,32923
10,-1.0,19,2,31,32924
4,1.0,7,11,22,32925
7,1.0,3,24,34,32926
9,-1.0,8,13,30,32927
0,1.0,22,0,22,32928
44,1.0,30,16,90,32929
53,1.0,5,17,75,32930
15,1.0,9,13,37,32931
8,1.0,8,29,45,32932
32,-1.0,3,8,43,32933
67,-1.0,0,31,98,32934
0,-1.0,17,0,17,32935
15,-1.0,0,45,60,32936
18,1.0,18,4,40,32937
6,-1.0,7,9,22,32938
43,1.0,2,7,52,32939
26,1.0,14,20,60,32940
22,1.0,8,10,40,32941
18,1.0,24,33,75,32942
3,1.0,29,5,37,32943
7,1.0,1,26,34,32944
29,1.0,9,8,46,32945
124,-1.0,0,2,126,32946
11,1.0,10,9,30,32947
28,-1.0,21,1,50,32948
35,1.0,13,33,81,32949
77,-1.0,4,2,83,32950
9,1.0,17,4,30,32951
8,1.0,4,14,26,32952
0,-1.0,19,38,57,32953
24,1.0,13,3,40,32954
23,-1.0,3,6,32,32955
46,1.0,10,7,63,32956
24,1.0,11,7,42,32957
15,-1.0,3,19,37,32958
32,1.0,1,12,45,32959
42,-1.0,0,36,78,32960
50,-1.0,7,3,60,32961
56,1.0,0,7,63,32962
8,1.0,3,23,34,32963
37,1.0,2,7,46,32964
14,-1.0,4,26,44,32965
4,1.0,7,17,28,32966
9,1.0,3,21,33,32967
58,1.0,8,0,66,32968
73,1.0,3,38,114,32969
3,1.0,13,38,54,32970
1,1.0,20,24,45,32971
33,1.0,13,13,59,32972
0,1.0,12,20,32,32973
12,-1.0,10,19,41,32974
59,-1.0,0,9,68,32975
8,-1.0,17,4,29,32976
12,1.0,21,7,40,32977
26,-1.0,10,21,57,32978
14,1.0,33,55,102,32979
29,1.0,4,10,43,32980
36,-1.0,2,17,55,32981
41,-1.0,11,5,57,32982
32,1.0,2,15,49,32983
1,1.0,42,3,46,32984
29,-1.0,7,13,49,32985
0,0.0,9,14,23,32986
13,-1.0,11,10,34,32987
17,-1.0,1,22,40,32988
3,1.0,3,15,21,32989
30,1.0,1,9,40,32990
4,-1.0,33,16,53,32991
22,1.0,14,3,39,32992
51,-1.0,0,14,65,32993
81,-1.0,7,9,97,32994
69,-1.0,23,2,94,32995
34,1.0,17,6,57,32996
58,-1.0,4,3,65,32997
47,-1.0,0,56,103,32998
92,1.0,3,6,101,32999
35,1.0,1,17,53,33000
50,-1.0,11,2,63,33001
23,1.0,1,25,49,33002
34,-1.0,15,4,53,33003
36,1.0,6,0,42,33004
25,-1.0,17,13,55,33005
22,-1.0,8,10,40,33006
35,-1.0,31,5,71,33007
68,1.0,4,0,72,33008
17,1.0,15,50,82,33009
19,1.0,17,6,42,33010
45,-1.0,4,4,53,33011
19,1.0,17,21,57,33012
2,1.0,1,19,22,33013
52,-1.0,27,12,91,33014
70,1.0,10,2,82,33015
0,1.0,8,21,29,33016
35,1.0,3,13,51,33017
66,-1.0,6,49,121,33018
33,1.0,20,5,58,33019
15,-1.0,29,4,48,33020
34,1.0,0,14,48,33021
37,1.0,3,5,45,33022
10,-1.0,5,19,34,33023
38,-1.0,3,8,49,33024
13,-1.0,1,39,53,33025
9,-1.0,17,22,48,33026
29,1.0,4,7,40,33027
35,-1.0,0,15,50,33028
3,-1.0,12,43,58,33029
11,1.0,11,15,37,33030
9,-1.0,23,20,52,33031
8,-1.0,22,3,33,33032
29,-1.0,16,1,46,33033
42,-1.0,6,18,66,33034
13,1.0,11,7,31,33035
19,-1.0,24,5,48,33036
45,1.0,3,7,55,33037
10,-1.0,18,9,37,33038
20,-1.0,2,22,44,33039
22,1.0,1,23,46,33040
3,-1.0,23,3,29,33041
45,-1.0,6,3,54,33042
42,-1.0,3,12,57,33043
37,-1.0,2,19,58,33044
25,1.0,15,4,44,33045
32,1.0,4,5,41,33046
27,-1.0,0,55,82,33047
60,-1.0,11,16,87,33048
9,-1.0,10,11,30,33049
5,1.0,27,17,49,33050
14,-1.0,10,21,45,33051
26,1.0,3,13,42,33052
28,-1.0,8,6,42,33053
27,-1.0,3,15,45,33054
49,1.0,13,35,97,33055
68,1.0,4,13,85,33056
41,1.0,4,9,54,33057
2,1.0,51,5,58,33058
61,1.0,5,9,75,33059
17,1.0,14,41,72,33060
13,-1.0,7,43,63,33061
8,-1.0,4,21,33,33062
22,-1.0,16,7,45,33063
31,1.0,1,10,42,33064
59,1.0,4,6,69,33065
8,1.0,2,28,38,33066
5,1.0,12,19,36,33067
3,-1.0,9,22,34,33068
12,1.0,15,6,33,33069
36,-1.0,8,11,55,33070
26,1.0,43,12,81,33071
40,1.0,1,23,64,33072
23,-1.0,35,2,60,33073
11,1.0,13,17,41,33074
19,1.0,21,13,53,33075
9,-1.0,24,7,40,33076
6,1.0,25,9,40,33077
17,1.0,8,18,43,33078
34,1.0,6,1,41,33079
30,-1.0,11,4,45,33080
17,1.0,3,28,48,33081
62,-1.0,2,9,73,33082
27,-1.0,12,54,93,33083
93,-1.0,3,15,111,33084
2,-1.0,17,14,33,33085
26,1.0,4,3,33,33086
34,1.0,22,20,76,33087
11,-1.0,19,4,34,33088
29,-1.0,10,4,43,33089
29,1.0,5,10,44,33090
94,-1.0,1,12,107,33091
28,1.0,30,0,58,33092
0,-1.0,0,26,26,33093
20,-1.0,31,34,85,33094
35,1.0,11,6,52,33095
33,1.0,10,8,51,33096
6,-1.0,16,11,33,33097
9,1.0,13,15,37,33098
0,1.0,19,16,35,33099
3,1.0,13,16,32,33100
6,1.0,13,13,32,33101
11,-1.0,6,18,35,33102
18,-1.0,19,0,37,33103
8,1.0,21,5,34,33104
41,1.0,23,20,84,33105
83,1.0,2,2,87,33106
42,1.0,22,53,117,33107
2,1.0,3,30,35,33108
16,1.0,20,13,49,33109
54,1.0,4,4,62,33110
20,-1.0,28,14,62,33111
9,1.0,6,37,52,33112
25,1.0,15,3,43,33113
28,1.0,10,8,46,33114
7,-1.0,0,29,36,33115
18,-1.0,13,3,34,33116
4,1.0,10,16,30,33117
11,1.0,5,14,30,33118
6,-1.0,28,0,34,33119
12,-1.0,13,14,39,33120
1,-1.0,1,33,35,33121
2,1.0,6,26,34,33122
43,1.0,13,9,65,33123
32,1.0,18,0,50,33124
42,1.0,15,3,60,33125
14,1.0,9,13,36,33126
10,1.0,5,28,43,33127
30,1.0,24,0,54,33128
8,1.0,0,20,28,33129
32,-1.0,55,7,94,33130
23,1.0,8,25,56,33131
25,-1.0,17,14,56,33132
27,-1.0,5,26,58,33133
15,1.0,34,0,49,33134
26,-1.0,3,9,38,33135
7,-1.0,5,29,41,33136
18,1.0,7,7,32,33137
19,1.0,3,15,37,33138
15,1.0,2,16,33,33139
86,1.0,8,16,110,33140
19,-1.0,2,25,46,33141
7,-1.0,12,33,52,33142
0,1.0,2,21,23,33143
32,1.0,40,31,103,33144
37,-1.0,28,0,65,33145
4,1.0,10,24,38,33146
41,1.0,4,0,45,33147
25,-1.0,5,15,45,33148
24,1.0,10,83,117,33149
35,1.0,2,13,50,33150
43,1.0,10,7,60,33151
27,-1.0,3,19,49,33152
1,-1.0,13,27,41,33153
1,-1.0,33,18,52,33154
13,-1.0,6,14,33,33155
23,-1.0,11,6,40,33156
17,1.0,1,20,38,33157
11,1.0,9,19,39,33158
2,-1.0,7,28,37,33159
4,1.0,8,25,37,33160
100,1.0,33,18,151,33161
57,1.0,2,15,74,33162
3,1.0,18,24,45,33163
49,-1.0,1,2,52,33164
2,-1.0,0,28,30,33165
20,1.0,17,0,37,33166
32,-1.0,8,1,41,33167
27,-1.0,4,3,34,33168
55,-1.0,13,9,77,33169
40,1.0,12,16,68,33170
54,-1.0,17,2,73,33171
14,1.0,19,9,42,33172
41,-1.0,2,1,44,33173
22,-1.0,14,4,40,33174
15,1.0,0,31,46,33175
28,1.0,1,9,38,33176
28,1.0,4,6,38,33177
19,-1.0,1,15,35,33178
35,1.0,0,4,39,33179
28,-1.0,1,16,45,33180
39,-1.0,2,104,145,33181
33,-1.0,10,11,54,33182
21,1.0,17,12,50,33183
9,1.0,3,25,37,33184
23,-1.0,4,6,33,33185
34,-1.0,13,3,50,33186
51,-1.0,1,3,55,33187
34,-1.0,4,8,46,33188
16,1.0,10,23,49,33189
13,1.0,18,15,46,33190
27,1.0,0,11,38,33191
12,-1.0,13,10,35,33192
49,-1.0,1,5,55,33193
68,1.0,1,5,74,33194
20,1.0,15,5,40,33195
35,-1.0,5,11,51,33196
25,1.0,5,10,40,33197
95,-1.0,35,4,134,33198
17,1.0,1,39,57,33199
21,-1.0,11,19,51,33200
36,1.0,3,13,52,33201
36,-1.0,22,70,128,33202
99,-1.0,4,3,106,33203
18,1.0,17,33,68,33204
156,1.0,1,0,157,33205
41,-1.0,12,5,58,33206
51,1.0,18,1,70,33207
40,-1.0,14,0,54,33208
35,-1.0,11,2,48,33209
49,-1.0,3,0,52,33210
0,1.0,19,14,33,33211
41,-1.0,3,6,50,33212
40,-1.0,2,19,61,33213
49,1.0,5,37,91,33214
27,1.0,10,10,47,33215
0,1.0,1,29,30,33216
16,-1.0,4,15,35,33217
30,1.0,67,12,109,33218
32,1.0,5,9,46,33219
8,-1.0,7,19,34,33220
50,-1.0,10,2,62,33221
24,-1.0,18,4,46,33222
4,-1.0,18,61,83,33223
47,1.0,17,5,69,33224
2,1.0,0,49,51,33225
35,1.0,4,11,50,33226
17,1.0,7,27,51,33227
13,-1.0,3,25,41,33228
1,1.0,16,18,35,33229
2,1.0,0,29,31,33230
11,-1.0,1,24,36,33231
3,1.0,1,25,29,33232
11,-1.0,22,4,37,33233
28,1.0,6,9,43,33234
8,-1.0,12,4,24,33235
39,1.0,4,1,44,33236
22,-1.0,27,0,49,33237
58,-1.0,45,44,147,33238
28,-1.0,33,0,61,33239
44,1.0,16,4,64,33240
17,1.0,22,11,50,33241
2,-1.0,23,36,61,33242
47,-1.0,1,13,61,33243
40,1.0,5,7,52,33244
2,-1.0,16,16,34,33245
11,1.0,3,18,32,33246
34,1.0,2,7,43,33247
48,-1.0,1,2,51,33248
10,1.0,21,7,38,33249
24,1.0,1,12,37,33250
20,-1.0,1,18,39,33251
47,-1.0,1,5,53,33252
22,-1.0,2,24,48,33253
44,1.0,6,1,51,33254
0,1.0,5,23,28,33255
36,1.0,16,3,55,33256
39,-1.0,11,1,51,33257
145,-1.0,17,2,164,33258
117,1.0,0,14,131,33259
11,-1.0,47,7,65,33260
20,-1.0,37,15,72,33261
91,-1.0,4,3,98,33262
30,-1.0,10,3,43,33263
19,1.0,19,9,47,33264
2,1.0,27,30,59,33265
42,-1.0,16,2,60,33266
1,-1.0,22,25,48,33267
11,1.0,18,40,69,33268
18,-1.0,17,4,39,33269
0,1.0,18,9,27,33270
35,-1.0,6,2,43,33271
37,-1.0,4,11,52,33272
7,1.0,10,24,41,33273
27,1.0,14,2,43,33274
8,-1.0,2,30,40,33275
25,1.0,12,8,45,33276
59,-1.0,9,3,71,33277
21,-1.0,14,3,38,33278
23,1.0,0,18,41,33279
10,-1.0,9,5,24,33280
1,-1.0,8,26,35,33281
52,1.0,1,26,79,33282
43,1.0,8,0,51,33283
34,-1.0,11,28,73,33284
21,-1.0,25,0,46,33285
101,-1.0,0,0,101,33286
27,1.0,5,78,110,33287
85,-1.0,3,10,98,33288
39,-1.0,13,1,53,33289
13,-1.0,1,32,46,33290
49,-1.0,41,3,93,33291
25,1.0,10,15,50,33292
22,-1.0,35,11,68,33293
11,1.0,35,15,61,33294
46,1.0,4,20,70,33295
12,1.0,16,9,37,33296
41,1.0,4,4,49,33297
56,-1.0,1,8,65,33298
7,-1.0,16,6,29,33299
40,1.0,7,9,56,33300
7,1.0,9,20,36,33301
48,1.0,6,0,54,33302
4,-1.0,19,8,31,33303
4,-1.0,18,13,35,33304
38,1.0,1,6,45,33305
33,-1.0,2,6,41,33306
38,-1.0,12,7,57,33307
34,-1.0,12,2,48,33308
5,-1.0,0,36,41,33309
41,1.0,4,3,48,33310
39,-1.0,5,2,46,33311
6,-1.0,0,24,30,33312
7,1.0,25,6,38,33313
26,-1.0,37,19,82,33314
86,-1.0,0,2,88,33315
44,1.0,26,5,75,33316
36,1.0,17,12,65,33317
5,-1.0,0,42,47,33318
41,1.0,11,1,53,33319
10,-1.0,20,22,52,33320
30,1.0,19,17,66,33321
17,-1.0,23,1,41,33322
53,1.0,0,20,73,33323
25,-1.0,14,6,45,33324
45,-1.0,5,8,58,33325
45,1.0,1,5,51,33326
20,-1.0,8,6,34,33327
44,1.0,11,0,55,33328
38,-1.0,1,14,53,33329
7,-1.0,36,2,45,33330
8,-1.0,14,18,40,33331
20,-1.0,7,2,29,33332
7,-1.0,27,1,35,33333
49,-1.0,6,0,55,33334
13,-1.0,36,6,55,33335
2,-1.0,2,22,26,33336
18,-1.0,19,1,38,33337
1,-1.0,22,36,59,33338
60,-1.0,8,5,73,33339
19,1.0,9,23,51,33340
5,1.0,4,24,33,33341
17,1.0,13,13,43,33342
2,1.0,17,14,33,33343
31,-1.0,3,11,45,33344
10,1.0,7,28,45,33345
22,1.0,0,24,46,33346
50,-1.0,9,6,65,33347
55,1.0,2,1,58,33348
25,1.0,12,23,60,33349
52,-1.0,41,38,131,33350
11,1.0,29,11,51,33351
14,1.0,26,14,54,33352
22,-1.0,18,9,49,33353
8,1.0,18,22,48,33354
2,1.0,20,19,41,33355
46,1.0,1,28,75,33356
30,-1.0,0,112,142,33357
37,1.0,0,24,61,33358
50,1.0,6,6,62,33359
25,-1.0,23,15,63,33360
26,-1.0,6,17,49,33361
22,-1.0,31,0,53,33362
4,-1.0,17,11,32,33363
2,1.0,9,22,33,33364
37,1.0,1,9,47,33365
32,1.0,4,7,43,33366
16,-1.0,16,1,33,33367
1,1.0,14,11,26,33368
46,-1.0,7,0,53,33369
1,-1.0,28,8,37,33370
24,-1.0,0,24,48,33371
23,1.0,14,5,42,33372
1,1.0,14,82,97,33373
29,1.0,33,10,72,33374
82,-1.0,16,2,100,33375
29,-1.0,34,11,74,33376
47,-1.0,14,1,62,33377
8,1.0,35,17,60,33378
36,1.0,16,22,74,33379
28,-1.0,12,21,61,33380
19,1.0,9,21,49,33381
0,-1.0,15,8,23,33382
3,1.0,2,19,24,33383
21,1.0,22,9,52,33384
16,-1.0,1,31,48,33385
39,1.0,3,4,46,33386
24,-1.0,17,2,43,33387
12,-1.0,20,2,34,33388
41,-1.0,3,2,46,33389
31,1.0,1,48,80,33390
17,1.0,16,14,47,33391
0,1.0,16,10,26,33392
27,-1.0,15,3,45,33393
20,-1.0,18,1,39,33394
19,-1.0,11,17,47,33395
13,-1.0,9,23,45,33396
67,1.0,12,18,97,33397
2,1.0,17,19,38,33398
14,1.0,16,5,35,33399
46,-1.0,3,7,56,33400
7,-1.0,8,17,32,33401
2,-1.0,5,27,34,33402
6,1.0,16,2,24,33403
11,-1.0,67,13,91,33404
3,1.0,23,23,49,33405
35,1.0,1,21,57,33406
1,-1.0,15,12,28,33407
14,-1.0,6,7,27,33408
11,1.0,14,3,28,33409
19,1.0,2,54,75,33410
33,-1.0,14,9,56,33411
33,-1.0,22,1,56,33412
0,-1.0,6,25,31,33413
21,-1.0,13,1,35,33414
16,-1.0,63,19,98,33415
4,1.0,12,42,58,33416
39,1.0,0,19,58,33417
24,-1.0,14,0,38,33418
31,-1.0,4,4,39,33419
60,1.0,1,0,61,33420
24,-1.0,9,11,44,33421
31,1.0,6,4,41,33422
6,-1.0,2,19,27,33423
28,-1.0,2,13,43,33424
111,-1.0,0,18,129,33425
2,1.0,24,23,49,33426
3,1.0,7,26,36,33427
22,1.0,9,6,37,33428
36,-1.0,1,5,42,33429
26,-1.0,9,1,36,33430
6,1.0,8,28,42,33431
23,1.0,3,18,44,33432
26,-1.0,8,8,42,33433
14,1.0,6,52,72,33434
3,1.0,13,30,46,33435
0,1.0,9,19,28,33436
29,-1.0,6,3,38,33437
20,1.0,11,9,40,33438
20,1.0,5,10,35,33439
37,-1.0,1,6,44,33440
1,1.0,33,6,40,33441
33,-1.0,12,7,52,33442
1,1.0,23,0,24,33443
12,1.0,17,6,35,33444
16,-1.0,13,12,41,33445
29,1.0,10,4,43,33446
12,1.0,14,1,27,33447
24,-1.0,12,14,50,33448
19,1.0,5,18,42,33449
15,-1.0,8,15,38,33450
5,-1.0,22,22,49,33451
37,1.0,4,14,55,33452
0,-1.0,13,14,27,33453
6,1.0,12,7,25,33454
2,-1.0,18,3,23,33455
12,1.0,6,23,41,33456
28,1.0,28,0,56,33457
47,-1.0,10,5,62,33458
28,-1.0,12,8,48,33459
4,1.0,3,29,36,33460
6,-1.0,16,10,32,33461
11,1.0,14,6,31,33462
12,-1.0,67,16,95,33463
64,-1.0,1,5,70,33464
18,-1.0,0,20,38,33465
25,1.0,9,20,54,33466
14,1.0,1,14,29,33467
44,-1.0,2,1,47,33468
48,1.0,1,7,56,33469
21,-1.0,12,4,37,33470
6,-1.0,6,16,28,33471
22,1.0,5,15,42,33472
3,-1.0,7,13,23,33473
25,1.0,13,20,58,33474
6,1.0,18,9,33,33475
39,1.0,6,5,50,33476
20,1.0,3,9,32,33477
33,-1.0,1,36,70,33478
48,1.0,4,1,53,33479
10,1.0,12,6,28,33480
49,-1.0,1,3,53,33481
10,1.0,17,15,42,33482
16,1.0,2,29,47,33483
20,1.0,6,22,48,33484
11,1.0,16,8,35,33485
21,1.0,15,4,40,33486
1,1.0,18,15,34,33487
34,-1.0,7,1,42,33488
14,1.0,0,24,38,33489
55,-1.0,10,5,70,33490
12,-1.0,13,4,29,33491
99,-1.0,0,34,133,33492
8,1.0,1,43,52,33493
52,-1.0,2,4,58,33494
17,1.0,15,4,36,33495
30,-1.0,9,14,53,33496
1,1.0,11,18,30,33497
47,1.0,17,19,83,33498
33,-1.0,4,1,38,33499
20,1.0,7,9,36,33500
44,1.0,7,15,66,33501
20,-1.0,7,13,40,33502
35,1.0,6,3,44,33503
12,1.0,30,8,50,33504
30,1.0,7,9,46,33505
51,1.0,1,2,54,33506
69,-1.0,0,27,96,33507
69,1.0,11,19,99,33508
13,-1.0,20,5,38,33509
30,1.0,30,20,80,33510
40,-1.0,9,14,63,33511
16,-1.0,13,7,36,33512
2,1.0,53,26,81,33513
24,-1.0,8,6,38,33514
0,1.0,27,1,28,33515
26,-1.0,7,10,43,33516
57,1.0,0,2,59,33517
3,-1.0,44,39,86,33518
14,-1.0,16,4,34,33519
15,-1.0,10,6,31,33520
36,1.0,2,6,44,33521
20,-1.0,11,7,38,33522
0,1.0,11,56,67,33523
7,-1.0,10,28,45,33524
23,-1.0,6,13,42,33525
45,-1.0,3,2,50,33526
52,-1.0,1,27,80,33527
8,-1.0,18,14,40,33528
24,1.0,1,16,41,33529
6,1.0,19,8,33,33530
15,1.0,11,6,32,33531
64,-1.0,3,4,71,33532
0,1.0,10,3,13,33533
38,-1.0,17,2,57,33534
2,-1.0,4,33,39,33535
35,-1.0,3,17,55,33536
72,1.0,1,0,73,33537
31,1.0,6,9,46,33538
87,-1.0,0,12,99,33539
14,-1.0,15,9,38,33540
17,-1.0,28,0,45,33541
7,-1.0,2,22,31,33542
8,-1.0,9,14,31,33543
10,-1.0,16,27,53,33544
63,1.0,9,120,192,33545
59,1.0,2,12,73,33546
54,1.0,7,24,85,33547
58,1.0,3,0,61,33548
31,-1.0,22,6,59,33549
10,-1.0,0,33,43,33550
17,-1.0,9,5,31,33551
0,1.0,19,2,21,33552
5,-1.0,7,24,36,33553
23,-1.0,9,32,64,33554
10,1.0,15,10,35,33555
81,-1.0,0,8,89,33556
40,1.0,6,3,49,33557
6,-1.0,7,12,25,33558
49,1.0,9,2,60,33559
16,-1.0,10,25,51,33560
10,1.0,5,21,36,33561
33,-1.0,3,5,41,33562
33,-1.0,5,13,51,33563
24,-1.0,4,9,37,33564
39,1.0,13,1,53,33565
22,-1.0,10,0,32,33566
17,1.0,29,14,60,33567
18,-1.0,1,20,39,33568
33,1.0,3,43,79,33569
56,1.0,3,4,63,33570
9,1.0,30,5,44,33571
7,-1.0,1,27,35,33572
45,1.0,5,7,57,33573
13,-1.0,17,3,33,33574
9,-1.0,15,5,29,33575
5,-1.0,50,3,58,33576
27,-1.0,25,32,84,33577
2,-1.0,15,19,36,33578
5,-1.0,32,0,37,33579
0,0.0,11,10,21,33580
42,-1.0,0,20,62,33581
26,-1.0,0,33,59,33582
18,1.0,7,9,34,33583
8,1.0,18,19,45,33584
31,-1.0,8,3,42,33585
4,-1.0,27,21,52,33586
1,1.0,20,8,29,33587
31,-1.0,8,6,45,33588
7,-1.0,12,14,33,33589
13,-1.0,16,10,39,33590
5,1.0,21,7,33,33591
41,-1.0,11,39,91,33592
15,-1.0,26,13,54,33593
57,1.0,1,10,68,33594
1,-1.0,35,5,41,33595
41,1.0,2,6,49,33596
43,1.0,2,4,49,33597
54,-1.0,4,18,76,33598
9,-1.0,32,10,51,33599
18,-1.0,6,28,52,33600
46,-1.0,38,8,92,33601
17,-1.0,10,12,39,33602
17,1.0,12,20,49,33603
77,1.0,15,6,98,33604
3,-1.0,12,23,38,33605
60,-1.0,6,6,72,33606
22,1.0,4,11,37,33607
58,-1.0,5,1,64,33608
33,-1.0,15,3,51,33609
16,-1.0,6,9,31,33610
22,-1.0,10,5,37,33611
3,-1.0,30,5,38,33612
10,-1.0,19,11,40,33613
5,-1.0,9,24,38,33614
42,1.0,7,5,54,33615
5,1.0,61,38,104,33616
42,-1.0,14,4,60,33617
5,1.0,29,12,46,33618
55,1.0,24,3,82,33619
5,1.0,19,10,34,33620
1,1.0,27,2,30,33621
22,-1.0,17,3,42,33622
34,1.0,9,5,48,33623
21,1.0,6,8,35,33624
43,-1.0,2,6,51,33625
26,1.0,5,18,49,33626
0,-1.0,14,13,27,33627
3,1.0,16,8,27,33628
1,-1.0,23,6,30,33629
15,-1.0,5,11,31,33630
10,-1.0,17,6,33,33631
2,1.0,46,82,130,33632
61,1.0,7,10,78,33633
9,-1.0,14,22,45,33634
66,1.0,8,0,74,33635
6,-1.0,19,26,51,33636
0,-1.0,28,3,31,33637
6,-1.0,17,14,37,33638
42,1.0,4,25,71,33639
0,1.0,31,14,45,33640
67,-1.0,0,18,85,33641
59,-1.0,0,25,84,33642
7,-1.0,0,47,54,33643
32,-1.0,37,0,69,33644
11,1.0,16,6,33,33645
30,1.0,1,18,49,33646
6,-1.0,15,23,44,33647
11,1.0,0,24,35,33648
18,1.0,6,11,35,33649
24,1.0,7,7,38,33650
0,1.0,8,29,37,33651
3,1.0,25,34,62,33652
16,1.0,3,24,43,33653
26,-1.0,26,12,64,33654
25,1.0,17,6,48,33655
7,-1.0,6,15,28,33656
64,-1.0,2,0,66,33657
3,1.0,9,18,30,33658
42,-1.0,2,3,47,33659
26,1.0,23,2,51,33660
6,1.0,27,9,42,33661
64,-1.0,0,10,74,33662
52,-1.0,14,5,71,33663
64,1.0,1,5,70,33664
4,-1.0,22,4,30,33665
13,-1.0,7,21,41,33666
144,-1.0,3,10,157,33667
46,1.0,2,1,49,33668
21,1.0,11,26,58,33669
39,-1.0,4,14,57,33670
29,1.0,8,21,58,33671
47,1.0,9,3,59,33672
19,1.0,0,18,37,33673
35,-1.0,3,14,52,33674
22,-1.0,9,9,40,33675
9,-1.0,4,20,33,33676
37,-1.0,7,15,59,33677
34,-1.0,10,26,70,33678
27,-1.0,10,17,54,33679
45,1.0,12,5,62,33680
49,1.0,14,4,67,33681
63,-1.0,14,0,77,33682
2,1.0,7,21,30,33683
63,1.0,3,5,71,33684
8,-1.0,27,10,45,33685
1,1.0,9,18,28,33686
47,-1.0,7,3,57,33687
33,1.0,3,13,49,33688
17,-1.0,34,3,54,33689
49,1.0,3,19,71,33690
3,-1.0,31,0,34,33691
12,-1.0,14,8,34,33692
24,-1.0,3,6,33,33693
65,1.0,5,5,75,33694
23,-1.0,16,8,47,33695
1,-1.0,15,16,32,33696
28,1.0,2,34,64,33697
10,1.0,11,8,29,33698
104,-1.0,0,16,120,33699
34,-1.0,4,2,40,33700
5,1.0,0,26,31,33701
28,-1.0,6,1,35,33702
1,-1.0,38,10,49,33703
71,-1.0,0,27,98,33704
61,-1.0,2,2,65,33705
3,-1.0,3,27,33,33706
114,1.0,19,10,143,33707
76,-1.0,5,22,103,33708
35,1.0,17,12,64,33709
34,1.0,1,5,40,33710
53,-1.0,4,0,57,33711
0,-1.0,9,20,29,33712
40,-1.0,3,5,48,33713
22,-1.0,8,26,56,33714
1,-1.0,22,18,41,33715
10,-1.0,11,11,32,33716
41,-1.0,7,28,76,33717
7,1.0,10,23,40,33718
32,1.0,8,2,42,33719
29,-1.0,1,19,49,33720
9,-1.0,21,1,31,33721
76,-1.0,2,20,98,33722
55,-1.0,6,4,65,33723
17,1.0,18,6,41,33724
19,1.0,9,4,32,33725
12,-1.0,7,15,34,33726
38,1.0,0,6,44,33727
0,0.0,2,31,33,33728
36,-1.0,4,1,41,33729
4,1.0,0,33,37,33730
33,-1.0,6,26,65,33731
12,-1.0,14,18,44,33732
19,1.0,0,22,41,33733
13,-1.0,13,7,33,33734
2,1.0,7,14,23,33735
38,1.0,5,4,47,33736
8,-1.0,22,31,61,33737
14,-1.0,19,4,37,33738
12,1.0,5,37,54,33739
9,1.0,31,17,57,33740
8,-1.0,7,23,38,33741
29,-1.0,0,16,45,33742
21,-1.0,5,12,38,33743
20,-1.0,0,51,71,33744
19,-1.0,11,22,52,33745
15,-1.0,9,11,35,33746
14,-1.0,3,14,31,33747
35,1.0,8,4,47,33748
3,-1.0,16,4,23,33749
40,-1.0,2,16,58,33750
31,-1.0,7,6,44,33751
87,-1.0,0,105,192,33752
87,-1.0,3,0,90,33753
37,1.0,30,30,97,33754
10,-1.0,14,7,31,33755
16,-1.0,5,15,36,33756
14,-1.0,10,30,54,33757
18,-1.0,27,12,57,33758
3,1.0,21,28,52,33759
83,1.0,3,0,86,33760
48,-1.0,20,0,68,33761
33,1.0,1,17,51,33762
2,1.0,1,38,41,33763
38,-1.0,0,19,57,33764
26,-1.0,11,9,46,33765
6,-1.0,8,13,27,33766
32,1.0,9,20,61,33767
19,-1.0,22,0,41,33768
27,1.0,11,7,45,33769
18,-1.0,23,5,46,33770
64,1.0,7,3,74,33771
22,-1.0,11,7,40,33772
21,-1.0,0,24,45,33773
12,1.0,23,0,35,33774
31,1.0,12,10,53,33775
2,1.0,0,26,28,33776
11,1.0,5,20,36,33777
4,-1.0,14,18,36,33778
158,-1.0,0,29,187,33779
218,1.0,1,0,219,33780
84,1.0,1,22,107,33781
52,-1.0,6,0,58,33782
43,-1.0,0,50,93,33783
17,-1.0,7,30,54,33784
14,1.0,52,0,66,33785
33,1.0,32,11,76,33786
2,-1.0,13,18,33,33787
16,-1.0,18,4,38,33788
49,1.0,6,18,73,33789
50,1.0,4,1,55,33790
27,-1.0,16,8,51,33791
19,-1.0,12,3,34,33792
1,-1.0,17,8,26,33793
61,1.0,9,4,74,33794
45,-1.0,8,1,54,33795
110,1.0,16,2,128,33796
0,1.0,31,11,42,33797
35,1.0,14,21,70,33798
12,-1.0,7,20,39,33799
20,1.0,38,7,65,33800
30,1.0,12,15,57,33801
152,1.0,11,0,163,33802
50,-1.0,3,15,68,33803
175,-1.0,0,4,179,33804
9,1.0,43,26,78,33805
7,-1.0,20,33,60,33806
36,1.0,27,0,63,33807
26,-1.0,18,3,47,33808
5,1.0,3,21,29,33809
3,1.0,3,33,39,33810
5,-1.0,28,7,40,33811
46,1.0,4,1,51,33812
52,1.0,0,6,58,33813
8,1.0,3,14,25,33814
4,-1.0,17,10,31,33815
5,1.0,4,15,24,33816
15,-1.0,26,10,51,33817
32,1.0,2,6,40,33818
13,-1.0,21,3,37,33819
19,1.0,10,12,41,33820
0,0.0,2,26,28,33821
4,-1.0,11,10,25,33822
34,-1.0,12,13,59,33823
65,-1.0,0,13,78,33824
39,1.0,10,17,66,33825
6,1.0,24,3,33,33826
28,-1.0,6,19,53,33827
59,-1.0,4,0,63,33828
11,1.0,0,40,51,33829
58,1.0,7,28,93,33830
80,1.0,0,12,92,33831
11,1.0,30,28,69,33832
106,1.0,19,0,125,33833
6,-1.0,22,15,43,33834
37,-1.0,11,0,48,33835
18,-1.0,12,10,40,33836
45,-1.0,1,18,64,33837
13,-1.0,39,2,54,33838
61,-1.0,0,34,95,33839
31,-1.0,7,16,54,33840
50,1.0,0,9,59,33841
78,-1.0,5,14,97,33842
63,-1.0,8,2,73,33843
51,1.0,34,25,110,33844
17,1.0,3,45,65,33845
35,-1.0,23,13,71,33846
78,-1.0,3,5,86,33847
13,1.0,7,28,48,33848
55,-1.0,5,35,95,33849
19,1.0,1,40,60,33850
42,-1.0,20,9,71,33851
131,-1.0,11,3,145,33852
106,-1.0,0,42,148,33853
57,1.0,1,89,147,33854
16,-1.0,39,47,102,33855
219,1.0,10,0,229,33856
96,1.0,4,8,108,33857
50,-1.0,9,29,88,33858
9,-1.0,34,1,44,33859
6,-1.0,23,10,39,33860
76,-1.0,66,36,178,33861
92,1.0,3,21,116,33862
30,1.0,36,5,71,33863
9,-1.0,51,42,102,33864
19,1.0,38,17,74,33865
37,1.0,0,37,74,33866
97,-1.0,4,1,102,33867
34,-1.0,14,14,62,33868
9,1.0,47,21,77,33869
27,1.0,29,16,72,33870
38,1.0,25,5,68,33871
18,-1.0,4,19,41,33872
86,-1.0,0,16,102,33873
0,1.0,20,15,35,33874
35,1.0,4,7,46,33875
20,1.0,26,14,60,33876
42,1.0,7,18,67,33877
8,-1.0,32,5,45,33878
4,1.0,21,28,53,33879
24,-1.0,5,9,38,33880
53,1.0,0,3,56,33881
0,-1.0,21,16,37,33882
12,1.0,22,8,42,33883
18,-1.0,8,11,37,33884
3,1.0,19,11,33,33885
11,-1.0,12,1,24,33886
54,-1.0,18,8,80,33887
15,1.0,15,17,47,33888
4,-1.0,12,9,25,33889
0,0.0,11,6,17,33890
15,1.0,0,27,42,33891
16,1.0,8,20,44,33892
11,1.0,16,40,67,33893
15,-1.0,17,16,48,33894
20,1.0,18,5,43,33895
43,1.0,16,10,69,33896
27,-1.0,1,18,46,33897
14,1.0,35,1,50,33898
11,-1.0,28,21,60,33899
36,1.0,7,31,74,33900
6,1.0,17,7,30,33901
14,-1.0,5,32,51,33902
26,-1.0,5,37,68,33903
40,-1.0,15,16,71,33904
17,1.0,0,31,48,33905
9,-1.0,12,38,59,33906
35,-1.0,2,13,50,33907
7,1.0,15,15,37,33908
36,1.0,0,15,51,33909
23,1.0,4,22,49,33910
43,-1.0,5,0,48,33911
7,1.0,7,19,33,33912
32,1.0,10,10,52,33913
14,-1.0,23,1,38,33914
27,1.0,7,5,39,33915
39,-1.0,1,2,42,33916
21,1.0,8,12,41,33917
2,-1.0,9,20,31,33918
41,1.0,5,3,49,33919
33,1.0,20,0,53,33920
6,1.0,4,31,41,33921
54,-1.0,0,9,63,33922
1,1.0,17,16,34,33923
33,-1.0,14,6,53,33924
83,1.0,0,20,103,33925
13,1.0,4,30,47,33926
10,1.0,18,0,28,33927
1,-1.0,13,23,37,33928
0,-1.0,6,19,25,33929
2,1.0,27,4,33,33930
1,1.0,7,47,55,33931
18,-1.0,5,10,33,33932
12,1.0,13,3,28,33933
6,-1.0,11,3,20,33934
0,-1.0,6,16,22,33935
5,-1.0,16,9,30,33936
18,-1.0,41,1,60,33937
38,1.0,9,25,72,33938
15,-1.0,14,2,31,33939
59,-1.0,0,35,94,33940
11,-1.0,8,17,36,33941
9,-1.0,20,1,30,33942
27,1.0,11,13,51,33943
8,1.0,3,17,28,33944
4,-1.0,32,16,52,33945
18,1.0,5,21,44,33946
29,1.0,9,4,42,33947
0,-1.0,12,14,26,33948
18,1.0,11,23,52,33949
4,1.0,11,9,24,33950
31,-1.0,0,22,53,33951
8,-1.0,5,18,31,33952
2,1.0,21,1,24,33953
28,-1.0,9,0,37,33954
3,1.0,27,44,74,33955
39,-1.0,2,10,51,33956
22,-1.0,2,20,44,33957
8,-1.0,10,55,73,33958
39,1.0,1,6,46,33959
30,1.0,24,1,55,33960
1,1.0,11,20,32,33961
16,1.0,7,9,32,33962
12,1.0,15,13,40,33963
11,-1.0,8,54,73,33964
12,1.0,17,7,36,33965
48,-1.0,5,10,63,33966
54,1.0,2,19,75,33967
31,-1.0,8,4,43,33968
1,1.0,16,7,24,33969
3,1.0,17,15,35,33970
31,1.0,13,14,58,33971
6,1.0,21,5,32,33972
5,-1.0,23,21,49,33973
34,-1.0,7,4,45,33974
49,-1.0,0,27,76,33975
39,-1.0,4,7,50,33976
11,1.0,2,23,36,33977
76,1.0,6,0,82,33978
41,1.0,23,0,64,33979
11,-1.0,13,17,41,33980
2,-1.0,15,11,28,33981
16,1.0,6,23,45,33982
93,-1.0,5,0,98,33983
7,-1.0,0,43,50,33984
2,-1.0,17,32,51,33985
31,-1.0,16,1,48,33986
12,1.0,15,12,39,33987
1,-1.0,28,5,34,33988
27,-1.0,5,4,36,33989
22,1.0,19,2,43,33990
92,-1.0,1,0,93,33991
76,1.0,2,13,91,33992
7,-1.0,17,27,51,33993
56,-1.0,5,1,62,33994
0,-1.0,15,15,30,33995
50,1.0,11,1,62,33996
25,-1.0,3,14,42,33997
14,1.0,16,4,34,33998
13,1.0,1,21,35,33999
5,-1.0,14,10,29,34000
43,1.0,3,21,67,34001
14,-1.0,21,34,69,34002
37,1.0,8,9,54,34003
12,1.0,15,7,34,34004
40,-1.0,8,4,52,34005
30,-1.0,3,6,39,34006
23,-1.0,40,14,77,34007
18,1.0,18,10,46,34008
12,-1.0,11,12,35,34009
1,1.0,24,0,25,34010
4,-1.0,26,12,42,34011
1,-1.0,19,3,23,34012
21,1.0,18,3,42,34013
8,1.0,3,30,41,34014
68,1.0,5,0,73,34015
12,1.0,11,15,38,34016
2,-1.0,21,1,24,34017
26,-1.0,7,11,44,34018
60,-1.0,0,12,72,34019
3,1.0,20,29,52,34020
68,1.0,4,29,101,34021
1,1.0,19,19,39,34022
18,-1.0,9,11,38,34023
21,1.0,19,3,43,34024
25,-1.0,6,12,43,34025
54,-1.0,3,4,61,34026
0,1.0,13,16,29,34027
0,-1.0,14,6,20,34028
3,-1.0,18,4,25,34029
4,-1.0,2,21,27,34030
67,-1.0,0,20,87,34031
5,-1.0,14,20,39,34032
30,-1.0,0,18,48,34033
22,-1.0,11,9,42,34034
7,-1.0,11,10,28,34035
8,-1.0,22,0,30,34036
26,1.0,14,4,44,34037
118,1.0,0,48,166,34038
30,-1.0,2,13,45,34039
22,-1.0,41,0,63,34040
25,-1.0,4,22,51,34041
7,-1.0,12,25,44,34042
9,1.0,11,11,31,34043
17,1.0,38,0,55,34044
7,1.0,9,21,37,34045
27,1.0,10,9,46,34046
20,-1.0,2,16,38,34047
32,-1.0,10,2,44,34048
37,-1.0,10,6,53,34049
16,-1.0,17,21,54,34050
58,-1.0,6,0,64,34051
14,-1.0,21,12,47,34052
35,1.0,3,14,52,34053
2,-1.0,27,13,42,34054
4,1.0,34,23,61,34055
26,-1.0,4,15,45,34056
45,-1.0,0,14,59,34057
25,1.0,5,33,63,34058
11,-1.0,13,36,60,34059
52,-1.0,12,1,65,34060
2,1.0,1,32,35,34061
12,-1.0,6,19,37,34062
2,-1.0,11,17,30,34063
36,1.0,10,5,51,34064
44,-1.0,2,4,50,34065
1,-1.0,5,24,30,34066
24,-1.0,7,5,36,34067
100,-1.0,0,7,107,34068
49,-1.0,3,9,61,34069
16,-1.0,9,6,31,34070
22,-1.0,19,3,44,34071
5,1.0,18,16,39,34072
58,1.0,0,12,70,34073
43,1.0,21,0,64,34074
64,1.0,6,8,78,34075
10,1.0,24,7,41,34076
17,-1.0,3,19,39,34077
59,1.0,0,9,68,34078
22,-1.0,14,17,53,34079
16,1.0,6,10,32,34080
33,-1.0,7,8,48,34081
18,-1.0,16,5,39,34082
29,1.0,7,3,39,34083
37,-1.0,2,10,49,34084
16,-1.0,10,6,32,34085
24,-1.0,1,16,41,34086
3,1.0,26,5,34,34087
12,-1.0,22,8,42,34088
16,-1.0,14,5,35,34089
20,1.0,2,39,61,34090
54,1.0,1,6,61,34091
14,-1.0,48,11,73,34092
9,1.0,15,19,43,34093
3,-1.0,22,29,54,34094
35,-1.0,13,5,53,34095
63,-1.0,1,1,65,34096
0,-1.0,29,0,29,34097
0,-1.0,35,1,36,34098
22,-1.0,21,1,44,34099
10,1.0,12,8,30,34100
8,1.0,17,6,31,34101
34,1.0,6,3,43,34102
6,1.0,6,13,25,34103
21,1.0,2,26,49,34104
28,1.0,13,7,48,34105
6,-1.0,33,21,60,34106
46,1.0,1,16,63,34107
13,-1.0,4,18,35,34108
36,1.0,3,11,50,34109
89,-1.0,20,35,144,34110
17,-1.0,24,3,44,34111
21,-1.0,8,15,44,34112
24,1.0,11,22,57,34113
13,1.0,8,10,31,34114
29,1.0,6,8,43,34115
4,-1.0,21,13,38,34116
7,-1.0,16,3,26,34117
7,-1.0,11,11,29,34118
38,1.0,3,11,52,34119
4,-1.0,7,19,30,34120
16,-1.0,15,13,44,34121
12,-1.0,16,11,39,34122
4,-1.0,16,24,44,34123
38,1.0,4,6,48,34124
16,-1.0,30,25,71,34125
1,-1.0,7,33,41,34126
39,1.0,1,16,56,34127
34,-1.0,1,9,44,34128
4,-1.0,24,1,29,34129
17,1.0,11,9,37,34130
3,-1.0,14,14,31,34131
35,1.0,9,10,54,34132
13,-1.0,23,4,40,34133
34,1.0,6,18,58,34134
19,-1.0,4,8,31,34135
29,-1.0,10,2,41,34136
11,-1.0,8,9,28,34137
3,1.0,30,0,33,34138
18,1.0,30,10,58,34139
52,-1.0,0,12,64,34140
46,-1.0,3,8,57,34141
9,1.0,9,38,56,34142
2,1.0,32,4,38,34143
9,1.0,34,0,43,34144
49,1.0,4,15,68,34145
12,1.0,2,21,35,34146
24,1.0,2,17,43,34147
8,-1.0,34,0,42,34148
18,-1.0,5,9,32,34149
12,-1.0,2,19,33,34150
27,-1.0,11,1,39,34151
8,1.0,31,3,42,34152
15,1.0,8,13,36,34153
53,-1.0,9,7,69,34154
31,-1.0,9,5,45,34155
38,-1.0,0,26,64,34156
61,1.0,14,10,85,34157
22,1.0,14,22,58,34158
7,-1.0,3,18,28,34159
32,1.0,9,2,43,34160
85,-1.0,0,1,86,34161
17,1.0,1,17,35,34162
27,-1.0,28,18,73,34163
28,-1.0,11,7,46,34164
0,-1.0,23,4,27,34165
46,-1.0,2,7,55,34166
0,0.0,17,13,30,34167
5,1.0,28,7,40,34168
9,-1.0,16,3,28,34169
20,-1.0,23,15,58,34170
29,1.0,38,0,67,34171
3,1.0,10,24,37,34172
6,1.0,12,12,30,34173
48,-1.0,4,11,63,34174
1,1.0,2,21,24,34175
21,-1.0,18,10,49,34176
30,-1.0,4,14,48,34177
70,1.0,6,3,79,34178
8,1.0,15,6,29,34179
53,1.0,24,1,78,34180
33,1.0,7,5,45,34181
69,-1.0,0,3,72,34182
11,1.0,3,24,38,34183
9,1.0,11,21,41,34184
7,1.0,9,26,42,34185
34,-1.0,6,0,40,34186
69,1.0,2,11,82,34187
49,-1.0,4,2,55,34188
47,1.0,4,3,54,34189
0,1.0,2,24,26,34190
1,-1.0,18,4,23,34191
1,1.0,22,17,40,34192
9,-1.0,7,18,34,34193
28,1.0,8,14,50,34194
38,1.0,8,11,57,34195
24,-1.0,0,26,50,34196
33,1.0,4,15,52,34197
27,-1.0,1,10,38,34198
266,-1.0,0,3,269,34199
42,-1.0,5,1,48,34200
9,1.0,5,18,32,34201
13,-1.0,18,2,33,34202
6,-1.0,0,25,31,34203
13,1.0,7,25,45,34204
21,1.0,7,33,61,34205
0,0.0,2,4,6,34206
54,-1.0,0,24,78,34207
24,-1.0,8,5,37,34208
46,-1.0,6,1,53,34209
8,1.0,17,17,42,34210
88,1.0,0,0,88,34211
14,1.0,13,26,53,34212
1,-1.0,5,35,41,34213
2,-1.0,1,24,27,34214
3,1.0,21,42,66,34215
56,1.0,26,0,82,34216
12,1.0,7,9,28,34217
36,1.0,0,9,45,34218
15,1.0,8,14,37,34219
54,1.0,3,25,82,34220
0,1.0,19,12,31,34221
37,1.0,2,11,50,34222
13,-1.0,3,16,32,34223
42,-1.0,2,13,57,34224
13,-1.0,8,9,30,34225
5,-1.0,15,13,33,34226
29,-1.0,9,7,45,34227
12,1.0,5,16,33,34228
2,1.0,6,22,30,34229
0,0.0,0,14,14,34230
0,1.0,6,25,31,34231
25,1.0,7,2,34,34232
10,1.0,22,65,97,34233
5,1.0,15,18,38,34234
31,-1.0,9,24,64,34235
2,-1.0,30,5,37,34236
4,1.0,2,19,25,34237
3,1.0,12,10,25,34238
30,1.0,7,8,45,34239
6,1.0,13,38,57,34240
26,-1.0,2,9,37,34241
23,-1.0,13,1,37,34242
43,1.0,8,5,56,34243
11,-1.0,13,2,26,34244
0,1.0,15,0,15,34245
10,1.0,1,20,31,34246
63,1.0,2,13,78,34247
53,-1.0,2,7,62,34248
10,1.0,8,28,46,34249
31,1.0,4,10,45,34250
21,-1.0,14,8,43,34251
5,1.0,25,30,60,34252
9,-1.0,17,7,33,34253
17,1.0,15,2,34,34254
13,1.0,1,39,53,34255
0,-1.0,14,3,17,34256
1,1.0,0,16,17,34257
35,-1.0,18,0,53,34258
51,1.0,2,0,53,34259
23,-1.0,6,10,39,34260
26,-1.0,0,42,68,34261
23,-1.0,4,13,40,34262
24,1.0,4,13,41,34263
5,1.0,23,2,30,34264
10,1.0,11,15,36,34265
0,1.0,15,13,28,34266
23,-1.0,38,5,66,34267
25,-1.0,12,6,43,34268
2,-1.0,15,10,27,34269
29,1.0,8,14,51,34270
11,1.0,26,0,37,34271
3,1.0,5,34,42,34272
27,-1.0,13,2,42,34273
55,1.0,1,3,59,34274
4,-1.0,18,1,23,34275
23,-1.0,4,8,35,34276
4,-1.0,17,14,35,34277
52,-1.0,12,5,69,34278
32,-1.0,22,3,57,34279
32,-1.0,1,12,45,34280
19,-1.0,10,14,43,34281
45,1.0,1,10,56,34282
37,-1.0,11,3,51,34283
7,-1.0,5,57,69,34284
29,1.0,4,25,58,34285
0,-1.0,13,3,16,34286
2,-1.0,7,39,48,34287
21,-1.0,10,3,34,34288
32,-1.0,0,41,73,34289
31,1.0,9,10,50,34290
2,-1.0,21,8,31,34291
38,-1.0,10,2,50,34292
31,1.0,1,9,41,34293
14,1.0,6,14,34,34294
3,1.0,21,1,25,34295
21,-1.0,2,12,35,34296
24,-1.0,8,23,55,34297
26,1.0,16,3,45,34298
35,-1.0,16,7,58,34299
9,1.0,9,13,31,34300
28,1.0,2,24,54,34301
47,-1.0,8,0,55,34302
14,-1.0,0,42,56,34303
37,-1.0,6,1,44,34304
15,-1.0,17,13,45,34305
3,-1.0,27,7,37,34306
1,-1.0,18,7,26,34307
7,1.0,11,13,31,34308
10,-1.0,29,7,46,34309
54,-1.0,3,8,65,34310
26,1.0,6,16,48,34311
16,-1.0,33,3,52,34312
42,-1.0,11,0,53,34313
39,-1.0,2,4,45,34314
52,1.0,24,0,76,34315
32,1.0,6,25,63,34316
66,1.0,1,8,75,34317
37,-1.0,13,4,54,34318
32,-1.0,23,0,55,34319
2,1.0,19,14,35,34320
43,-1.0,11,2,56,34321
15,1.0,18,10,43,34322
13,1.0,1,19,33,34323
33,-1.0,8,21,62,34324
16,-1.0,24,3,43,34325
26,-1.0,8,6,40,34326
15,1.0,33,8,56,34327
12,1.0,16,4,32,34328
24,1.0,5,5,34,34329
11,-1.0,15,10,36,34330
6,1.0,2,33,41,34331
0,0.0,17,4,21,34332
23,1.0,3,13,39,34333
39,-1.0,41,13,93,34334
21,1.0,3,22,46,34335
67,-1.0,12,11,90,34336
4,1.0,7,20,31,34337
15,-1.0,12,27,54,34338
2,-1.0,23,19,44,34339
26,-1.0,2,7,35,34340
29,1.0,2,31,62,34341
35,1.0,16,2,53,34342
20,-1.0,18,2,40,34343
31,1.0,8,14,53,34344
26,1.0,5,15,46,34345
2,-1.0,14,15,31,34346
34,-1.0,10,1,45,34347
3,-1.0,12,13,28,34348
31,1.0,0,10,41,34349
11,-1.0,28,17,56,34350
16,-1.0,8,15,39,34351
10,-1.0,7,36,53,34352
3,1.0,8,20,31,34353
21,1.0,4,16,41,34354
18,1.0,11,15,44,34355
76,-1.0,5,10,91,34356
31,1.0,13,5,49,34357
0,-1.0,21,2,23,34358
75,-1.0,1,6,82,34359
103,-1.0,8,7,118,34360
42,-1.0,4,0,46,34361
17,-1.0,12,4,33,34362
14,-1.0,20,50,84,34363
7,1.0,11,29,47,34364
0,-1.0,0,10,10,34365
18,-1.0,16,9,43,34366
31,1.0,9,19,59,34367
25,-1.0,9,7,41,34368
16,-1.0,11,6,33,34369
7,1.0,17,10,34,34370
12,-1.0,13,9,34,34371
54,1.0,2,9,65,34372
32,1.0,2,13,47,34373
1,-1.0,6,20,27,34374
6,-1.0,37,5,48,34375
16,1.0,4,26,46,34376
20,-1.0,21,0,41,34377
22,-1.0,6,15,43,34378
54,-1.0,0,4,58,34379
1,1.0,9,37,47,34380
61,1.0,12,0,73,34381
46,1.0,12,0,58,34382
32,1.0,0,8,40,34383
10,1.0,13,15,38,34384
64,1.0,6,0,70,34385
9,-1.0,13,17,39,34386
39,1.0,11,1,51,34387
17,1.0,0,20,37,34388
32,-1.0,5,7,44,34389
13,1.0,5,23,41,34390
11,1.0,1,21,33,34391
10,-1.0,11,7,28,34392
12,1.0,13,20,45,34393
63,-1.0,0,10,73,34394
36,1.0,3,33,72,34395
56,-1.0,1,0,57,34396
6,-1.0,3,29,38,34397
25,1.0,7,6,38,34398
2,-1.0,18,16,36,34399
5,-1.0,8,50,63,34400
53,-1.0,7,6,66,34401
17,1.0,4,15,36,34402
4,1.0,10,22,36,34403
14,-1.0,10,17,41,34404
35,-1.0,13,8,56,34405
12,-1.0,1,22,35,34406
10,1.0,7,14,31,34407
2,-1.0,21,7,30,34408
23,1.0,22,1,46,34409
3,-1.0,7,49,59,34410
28,-1.0,2,14,44,34411
40,1.0,1,20,61,34412
34,1.0,8,6,48,34413
47,-1.0,13,1,61,34414
59,-1.0,31,10,100,34415
17,1.0,39,1,57,34416
20,1.0,5,16,41,34417
2,-1.0,13,17,32,34418
12,-1.0,13,13,38,34419
4,1.0,0,27,31,34420
20,-1.0,20,12,52,34421
10,-1.0,15,20,45,34422
17,-1.0,4,11,32,34423
1,1.0,23,19,43,34424
112,-1.0,0,4,116,34425
20,1.0,7,15,42,34426
53,-1.0,6,7,66,34427
19,1.0,5,14,38,34428
40,1.0,3,9,52,34429
44,-1.0,4,1,49,34430
44,1.0,9,0,53,34431
29,1.0,12,6,47,34432
30,-1.0,1,5,36,34433
42,1.0,3,3,48,34434
76,1.0,4,7,87,34435
13,1.0,7,15,35,34436
7,1.0,11,7,25,34437
5,1.0,15,12,32,34438
8,-1.0,30,5,43,34439
6,-1.0,2,22,30,34440
76,1.0,5,2,83,34441
3,1.0,18,4,25,34442
26,1.0,4,28,58,34443
27,1.0,3,5,35,34444
14,-1.0,21,5,40,34445
33,-1.0,5,3,41,34446
2,-1.0,6,17,25,34447
36,-1.0,2,27,65,34448
42,1.0,21,0,63,34449
50,-1.0,0,27,77,34450
10,1.0,33,11,54,34451
55,-1.0,3,6,64,34452
47,-1.0,2,18,67,34453
61,1.0,11,7,79,34454
16,-1.0,17,2,35,34455
12,-1.0,13,12,37,34456
43,-1.0,2,15,60,34457
6,1.0,22,4,32,34458
36,1.0,7,3,46,34459
34,-1.0,2,7,43,34460
14,1.0,27,2,43,34461
12,-1.0,14,1,27,34462
23,-1.0,7,3,33,34463
28,-1.0,34,45,107,34464
31,1.0,9,15,55,34465
8,1.0,6,17,31,34466
13,-1.0,20,21,54,34467
36,-1.0,17,0,53,34468
14,1.0,14,40,68,34469
23,1.0,10,7,40,34470
28,-1.0,2,9,39,34471
14,1.0,5,11,30,34472
27,-1.0,7,7,41,34473
10,1.0,17,8,35,34474
2,1.0,25,2,29,34475
2,1.0,18,6,26,34476
1,-1.0,4,27,32,34477
51,-1.0,4,20,75,34478
27,-1.0,5,3,35,34479
9,1.0,0,24,33,34480
0,1.0,18,14,32,34481
1,1.0,11,27,39,34482
36,-1.0,4,10,50,34483
36,-1.0,9,3,48,34484
49,1.0,4,7,60,34485
62,1.0,4,3,69,34486
0,1.0,21,0,21,34487
48,-1.0,0,10,58,34488
83,1.0,6,7,96,34489
24,1.0,3,11,38,34490
0,-1.0,7,16,23,34491
33,-1.0,6,6,45,34492
24,1.0,1,20,45,34493
9,1.0,35,7,51,34494
0,0.0,1,7,8,34495
18,-1.0,0,29,47,34496
0,0.0,2,23,25,34497
9,1.0,23,0,32,34498
9,1.0,6,28,43,34499
1,-1.0,9,27,37,34500
27,-1.0,10,1,38,34501
7,1.0,6,22,35,34502
32,1.0,7,7,46,34503
88,-1.0,0,0,88,34504
27,1.0,7,4,38,34505
25,1.0,6,5,36,34506
1,1.0,24,28,53,34507
102,-1.0,0,1,103,34508
25,1.0,8,7,40,34509
8,-1.0,10,11,29,34510
4,1.0,9,19,32,34511
48,-1.0,2,2,52,34512
4,1.0,12,10,26,34513
31,1.0,0,25,56,34514
19,-1.0,12,7,38,34515
0,-1.0,11,10,21,34516
23,-1.0,12,0,35,34517
2,-1.0,3,15,20,34518
26,1.0,10,6,42,34519
47,1.0,0,40,87,34520
12,1.0,3,27,42,34521
2,-1.0,9,33,44,34522
26,-1.0,3,15,44,34523
33,1.0,27,0,60,34524
32,-1.0,0,48,80,34525
40,1.0,3,23,66,34526
4,1.0,20,10,34,34527
59,-1.0,0,8,67,34528
25,-1.0,6,4,35,34529
21,1.0,20,1,42,34530
41,-1.0,5,30,76,34531
73,-1.0,1,4,78,34532
56,1.0,8,49,113,34533
5,1.0,11,29,45,34534
33,-1.0,14,8,55,34535
18,-1.0,2,40,60,34536
85,-1.0,9,0,94,34537
10,-1.0,23,10,43,34538
19,1.0,21,16,56,34539
4,-1.0,9,16,29,34540
50,-1.0,10,0,60,34541
71,-1.0,0,4,75,34542
16,1.0,49,64,129,34543
6,-1.0,6,22,34,34544
40,1.0,45,1,86,34545
33,1.0,11,12,56,34546
15,-1.0,35,19,69,34547
0,-1.0,17,11,28,34548
11,1.0,14,18,43,34549
32,-1.0,0,25,57,34550
81,1.0,2,6,89,34551
7,-1.0,19,9,35,34552
14,1.0,13,7,34,34553
17,-1.0,3,29,49,34554
0,-1.0,5,20,25,34555
72,-1.0,1,9,82,34556
14,1.0,3,28,45,34557
5,-1.0,21,14,40,34558
43,-1.0,8,2,53,34559
2,1.0,4,30,36,34560
3,-1.0,13,10,26,34561
2,1.0,16,8,26,34562
27,1.0,9,6,42,34563
5,-1.0,14,33,52,34564
72,1.0,7,4,83,34565
34,1.0,15,2,51,34566
19,-1.0,10,4,33,34567
34,1.0,20,16,70,34568
19,1.0,13,4,36,34569
44,1.0,0,7,51,34570
31,1.0,4,13,48,34571
31,1.0,5,3,39,34572
5,-1.0,6,37,48,34573
51,-1.0,3,0,54,34574
13,1.0,4,17,34,34575
34,-1.0,8,4,46,34576
1,1.0,19,20,40,34577
67,1.0,6,1,74,34578
42,-1.0,6,3,51,34579
12,-1.0,21,15,48,34580
45,1.0,13,2,60,34581
5,-1.0,6,18,29,34582
43,-1.0,19,14,76,34583
86,-1.0,1,8,95,34584
0,-1.0,26,4,30,34585
26,1.0,6,11,43,34586
51,-1.0,13,23,87,34587
29,-1.0,7,7,43,34588
6,-1.0,9,21,36,34589
1,1.0,4,23,28,34590
2,1.0,12,7,21,34591
6,-1.0,7,36,49,34592
5,1.0,18,4,27,34593
29,1.0,8,22,59,34594
21,-1.0,4,9,34,34595
23,1.0,2,32,57,34596
25,-1.0,3,9,37,34597
7,-1.0,8,26,41,34598
54,-1.0,8,0,62,34599
7,-1.0,7,25,39,34600
38,1.0,16,1,55,34601
5,-1.0,6,21,32,34602
39,-1.0,2,12,53,34603
26,1.0,11,15,52,34604
63,-1.0,8,0,71,34605
60,1.0,0,33,93,34606
11,-1.0,8,28,47,34607
16,-1.0,3,31,50,34608
12,-1.0,1,30,43,34609
7,-1.0,25,34,66,34610
18,1.0,15,9,42,34611
30,-1.0,2,27,59,34612
11,1.0,19,5,35,34613
7,-1.0,9,16,32,34614
25,1.0,10,10,45,34615
46,-1.0,17,17,80,34616
37,1.0,3,9,49,34617
12,-1.0,22,0,34,34618
21,1.0,10,7,38,34619
0,-1.0,1,36,37,34620
32,-1.0,12,3,47,34621
8,-1.0,4,47,59,34622
18,-1.0,0,17,35,34623
2,1.0,17,9,28,34624
6,1.0,9,19,34,34625
17,1.0,2,18,37,34626
6,-1.0,2,29,37,34627
227,1.0,2,0,229,34628
57,-1.0,5,3,65,34629
49,1.0,0,5,54,34630
20,-1.0,3,31,54,34631
38,1.0,29,5,72,34632
115,1.0,0,2,117,34633
43,-1.0,14,11,68,34634
24,-1.0,2,17,43,34635
29,1.0,13,7,49,34636
16,-1.0,25,10,51,34637
41,1.0,1,13,55,34638
12,1.0,1,19,32,34639
6,-1.0,3,26,35,34640
26,1.0,5,7,38,34641
5,1.0,12,15,32,34642
15,-1.0,16,3,34,34643
2,1.0,25,7,34,34644
36,1.0,4,10,50,34645
2,1.0,10,13,25,34646
38,-1.0,8,5,51,34647
26,1.0,6,15,47,34648
0,1.0,3,15,18,34649
4,1.0,13,15,32,34650
2,-1.0,14,42,58,34651
13,-1.0,14,19,46,34652
2,-1.0,19,8,29,34653
6,-1.0,25,20,51,34654
15,-1.0,15,3,33,34655
32,1.0,4,13,49,34656
21,-1.0,3,24,48,34657
23,-1.0,5,13,41,34658
12,1.0,26,6,44,34659
22,-1.0,1,15,38,34660
60,-1.0,2,5,67,34661
3,-1.0,13,23,39,34662
10,1.0,14,10,34,34663
6,1.0,19,3,28,34664
11,1.0,15,9,35,34665
46,-1.0,10,0,56,34666
10,-1.0,21,4,35,34667
6,-1.0,3,31,40,34668
22,-1.0,0,27,49,34669
48,-1.0,4,4,56,34670
2,1.0,14,20,36,34671
20,-1.0,19,1,40,34672
27,-1.0,7,16,50,34673
1,1.0,52,2,55,34674
3,1.0,5,30,38,34675
6,-1.0,4,16,26,34676
0,1.0,8,24,32,34677
39,-1.0,1,15,55,34678
13,-1.0,11,7,31,34679
34,-1.0,2,8,44,34680
9,1.0,23,5,37,34681
4,-1.0,32,2,38,34682
28,-1.0,2,10,40,34683
28,-1.0,14,1,43,34684
55,1.0,8,2,65,34685
46,-1.0,51,10,107,34686
103,1.0,20,0,123,34687
4,1.0,0,72,76,34688
11,1.0,18,20,49,34689
25,1.0,0,19,44,34690
9,-1.0,12,12,33,34691
69,1.0,3,3,75,34692
62,-1.0,30,0,92,34693
22,1.0,41,0,63,34694
11,-1.0,4,19,34,34695
3,1.0,18,11,32,34696
20,1.0,8,11,39,34697
63,-1.0,10,0,73,34698
40,-1.0,4,36,80,34699
40,1.0,41,0,81,34700
8,1.0,8,22,38,34701
19,-1.0,6,15,40,34702
6,1.0,2,36,44,34703
33,1.0,10,3,46,34704
35,1.0,6,22,63,34705
8,-1.0,27,29,64,34706
51,-1.0,3,11,65,34707
38,-1.0,30,4,72,34708
72,1.0,2,4,78,34709
52,-1.0,4,3,59,34710
15,-1.0,20,6,41,34711
19,1.0,6,19,44,34712
44,-1.0,3,2,49,34713
46,-1.0,3,5,54,34714
3,-1.0,19,9,31,34715
4,1.0,16,5,25,34716
15,1.0,22,1,38,34717
6,-1.0,14,14,34,34718
68,1.0,3,9,80,34719
40,-1.0,7,5,52,34720
5,-1.0,15,10,30,34721
7,-1.0,29,4,40,34722
51,1.0,8,0,59,34723
4,1.0,30,1,35,34724
57,1.0,2,3,62,34725
25,-1.0,15,11,51,34726
44,1.0,7,7,58,34727
22,-1.0,23,2,47,34728
6,1.0,6,15,27,34729
38,-1.0,4,18,60,34730
23,1.0,18,5,46,34731
34,1.0,6,5,45,34732
74,-1.0,0,6,80,34733
10,1.0,46,17,73,34734
1,-1.0,1,39,41,34735
16,1.0,5,19,40,34736
28,-1.0,23,13,64,34737
9,-1.0,9,7,25,34738
10,-1.0,17,21,48,34739
30,1.0,0,37,67,34740
32,1.0,7,13,52,34741
13,-1.0,11,13,37,34742
15,1.0,0,29,44,34743
53,-1.0,4,20,77,34744
71,-1.0,0,12,83,34745
12,1.0,31,2,45,34746
9,-1.0,30,6,45,34747
36,1.0,2,12,50,34748
54,-1.0,0,5,59,34749
44,1.0,6,5,55,34750
12,-1.0,4,26,42,34751
44,1.0,14,4,62,34752
5,-1.0,1,30,36,34753
15,1.0,26,5,46,34754
23,-1.0,4,35,62,34755
74,-1.0,2,60,136,34756
15,1.0,16,12,43,34757
14,1.0,17,13,44,34758
8,1.0,15,4,27,34759
37,-1.0,3,32,72,34760
41,-1.0,7,43,91,34761
62,1.0,7,3,72,34762
16,-1.0,16,13,45,34763
1,-1.0,9,22,32,34764
15,-1.0,3,18,36,34765
16,1.0,15,11,42,34766
114,1.0,0,0,114,34767
34,1.0,1,10,45,34768
15,1.0,8,11,34,34769
17,-1.0,4,18,39,34770
4,-1.0,38,2,44,34771
93,-1.0,19,0,112,34772
14,-1.0,0,65,79,34773
2,1.0,0,97,99,34774
7,1.0,21,32,60,34775
61,-1.0,2,8,71,34776
18,1.0,9,28,55,34777
35,-1.0,19,6,60,34778
25,1.0,3,22,50,34779
11,-1.0,3,28,42,34780
41,1.0,1,4,46,34781
22,-1.0,4,11,37,34782
1,-1.0,19,11,31,34783
2,1.0,36,14,52,34784
43,1.0,0,10,53,34785
71,-1.0,15,1,87,34786
19,1.0,2,23,44,34787
45,-1.0,10,1,56,34788
43,-1.0,10,9,62,34789
40,-1.0,8,17,65,34790
1,1.0,14,50,65,34791
0,1.0,18,19,37,34792
44,-1.0,1,7,52,34793
60,1.0,0,4,64,34794
62,-1.0,7,28,97,34795
30,1.0,0,38,68,34796
10,-1.0,3,22,35,34797
20,-1.0,4,20,44,34798
29,-1.0,1,21,51,34799
10,-1.0,3,16,29,34800
15,-1.0,7,17,39,34801
37,-1.0,2,11,50,34802
50,-1.0,9,4,63,34803
16,1.0,3,13,32,34804
18,-1.0,9,15,42,34805
19,-1.0,0,35,54,34806
71,-1.0,4,5,80,34807
33,-1.0,2,28,63,34808
43,1.0,8,3,54,34809
90,-1.0,2,10,102,34810
63,-1.0,9,0,72,34811
88,-1.0,5,23,116,34812
18,1.0,21,12,51,34813
15,1.0,13,10,38,34814
8,-1.0,10,20,38,34815
29,-1.0,5,3,37,34816
1,-1.0,9,16,26,34817
8,1.0,8,19,35,34818
18,1.0,2,18,38,34819
25,-1.0,5,6,36,34820
51,-1.0,18,19,88,34821
87,1.0,7,2,96,34822
15,1.0,10,35,60,34823
29,-1.0,23,6,58,34824
9,1.0,9,34,52,34825
39,-1.0,14,4,57,34826
35,1.0,0,34,69,34827
27,1.0,9,7,43,34828
10,1.0,4,19,33,34829
8,1.0,0,24,32,34830
22,1.0,25,8,55,34831
26,1.0,8,42,76,34832
53,-1.0,1,4,58,34833
2,-1.0,11,14,27,34834
7,1.0,19,9,35,34835
4,-1.0,4,34,42,34836
41,-1.0,8,0,49,34837
14,1.0,17,16,47,34838
8,1.0,4,29,41,34839
28,-1.0,5,17,50,34840
38,-1.0,0,23,61,34841
10,-1.0,10,15,35,34842
44,-1.0,4,3,51,34843
40,1.0,4,1,45,34844
25,-1.0,10,10,45,34845
4,1.0,14,20,38,34846
44,-1.0,3,13,60,34847
5,-1.0,8,42,55,34848
37,-1.0,4,55,96,34849
57,-1.0,7,8,72,34850
23,1.0,12,37,72,34851
46,1.0,4,15,65,34852
8,-1.0,10,36,54,34853
37,1.0,4,6,47,34854
49,1.0,2,3,54,34855
28,-1.0,4,9,41,34856
9,1.0,2,24,35,34857
29,1.0,6,3,38,34858
38,-1.0,4,2,44,34859
45,-1.0,14,0,59,34860
2,1.0,6,37,45,34861
31,1.0,3,10,44,34862
24,-1.0,2,11,37,34863
9,1.0,16,26,51,34864
20,-1.0,3,18,41,34865
6,-1.0,0,34,40,34866
11,-1.0,2,27,40,34867
25,-1.0,25,2,52,34868
0,1.0,10,22,32,34869
30,-1.0,3,14,47,34870
0,0.0,14,6,20,34871
10,1.0,16,6,32,34872
37,1.0,2,5,44,34873
42,-1.0,1,22,65,34874
1,1.0,15,13,29,34875
59,1.0,31,1,91,34876
24,1.0,13,14,51,34877
39,1.0,18,2,59,34878
1,1.0,18,21,40,34879
2,1.0,32,10,44,34880
31,-1.0,4,17,52,34881
0,-1.0,22,2,24,34882
4,-1.0,4,20,28,34883
4,-1.0,8,20,32,34884
19,1.0,16,8,43,34885
31,1.0,5,10,46,34886
6,1.0,4,25,35,34887
10,1.0,13,12,35,34888
24,-1.0,5,10,39,34889
13,1.0,5,24,42,34890
43,-1.0,13,4,60,34891
44,1.0,7,0,51,34892
15,-1.0,9,17,41,34893
49,-1.0,1,6,56,34894
11,-1.0,1,39,51,34895
77,-1.0,1,1,79,34896
3,1.0,9,17,29,34897
13,-1.0,6,9,28,34898
0,-1.0,24,11,35,34899
5,-1.0,2,28,35,34900
17,1.0,3,13,33,34901
39,-1.0,6,33,78,34902
40,-1.0,7,9,56,34903
64,1.0,17,7,88,34904
50,-1.0,3,14,67,34905
68,-1.0,17,1,86,34906
8,1.0,8,27,43,34907
18,-1.0,13,16,47,34908
18,1.0,4,12,34,34909
32,1.0,1,6,39,34910
19,1.0,12,7,38,34911
11,-1.0,26,2,39,34912
1,-1.0,20,11,32,34913
4,-1.0,28,6,38,34914
32,1.0,12,8,52,34915
2,1.0,11,15,28,34916
19,1.0,26,1,46,34917
21,1.0,5,14,40,34918
2,-1.0,3,21,26,34919
2,1.0,30,4,36,34920
34,-1.0,8,17,59,34921
3,-1.0,16,15,34,34922
32,1.0,7,2,41,34923
37,-1.0,0,25,62,34924
13,1.0,18,4,35,34925
59,-1.0,8,0,67,34926
26,1.0,9,10,45,34927
0,-1.0,9,17,26,34928
21,1.0,1,24,46,34929
16,-1.0,10,10,36,34930
1,1.0,7,36,44,34931
2,-1.0,0,51,53,34932
40,-1.0,1,7,48,34933
3,-1.0,7,27,37,34934
44,1.0,2,5,51,34935
63,-1.0,4,16,83,34936
77,-1.0,3,7,87,34937
1,1.0,36,14,51,34938
13,1.0,30,3,46,34939
2,1.0,23,9,34,34940
29,1.0,15,10,54,34941
3,-1.0,8,19,30,34942
47,1.0,4,7,58,34943
16,-1.0,33,0,49,34944
19,-1.0,11,11,41,34945
11,-1.0,11,10,32,34946
28,-1.0,14,7,49,34947
26,1.0,6,6,38,34948
0,1.0,23,7,30,34949
34,-1.0,6,17,57,34950
21,-1.0,15,10,46,34951
70,1.0,2,0,72,34952
76,1.0,11,0,87,34953
27,1.0,5,6,38,34954
59,1.0,9,0,68,34955
24,1.0,18,11,53,34956
16,-1.0,22,40,78,34957
28,-1.0,24,10,62,34958
5,-1.0,8,38,51,34959
51,1.0,2,14,67,34960
31,-1.0,11,1,43,34961
20,1.0,23,22,65,34962
19,1.0,23,7,49,34963
28,1.0,4,8,40,34964
5,1.0,4,16,25,34965
8,1.0,15,8,31,34966
0,-1.0,14,26,40,34967
50,1.0,19,10,79,34968
15,1.0,3,28,46,34969
12,-1.0,3,23,38,34970
22,-1.0,0,37,59,34971
7,1.0,14,7,28,34972
40,-1.0,10,5,55,34973
39,1.0,0,15,54,34974
68,1.0,0,18,86,34975
37,1.0,9,4,50,34976
4,1.0,3,22,29,34977
0,0.0,1,15,16,34978
26,-1.0,3,17,46,34979
72,-1.0,11,1,84,34980
58,-1.0,0,47,105,34981
2,1.0,0,25,27,34982
36,1.0,43,5,84,34983
3,-1.0,21,5,29,34984
4,1.0,6,22,32,34985
12,1.0,37,0,49,34986
33,-1.0,4,16,53,34987
39,1.0,11,0,50,34988
43,-1.0,8,5,56,34989
9,-1.0,17,13,39,34990
18,-1.0,21,13,52,34991
52,1.0,0,7,59,34992
21,-1.0,11,7,39,34993
7,1.0,1,23,31,34994
51,-1.0,11,3,65,34995
12,-1.0,12,18,42,34996
3,1.0,0,29,32,34997
36,1.0,4,12,52,34998
18,1.0,5,33,56,34999
13,-1.0,23,14,50,35000
28,1.0,13,5,46,35001
35,-1.0,0,28,63,35002
3,1.0,41,3,47,35003
22,-1.0,12,5,39,35004
44,1.0,4,13,61,35005
62,1.0,42,0,104,35006
71,-1.0,18,1,90,35007
24,1.0,22,2,48,35008
60,-1.0,0,11,71,35009
9,1.0,23,12,44,35010
37,1.0,3,31,71,35011
1,-1.0,34,22,57,35012
38,1.0,21,0,59,35013
14,-1.0,6,25,45,35014
10,1.0,20,5,35,35015
62,1.0,13,4,79,35016
27,1.0,13,5,45,35017
12,-1.0,2,18,32,35018
16,-1.0,12,3,31,35019
25,-1.0,7,16,48,35020
8,1.0,9,16,33,35021
32,1.0,7,3,42,35022
7,-1.0,9,23,39,35023
29,1.0,9,19,57,35024
38,-1.0,16,3,57,35025
24,-1.0,27,0,51,35026
21,1.0,10,5,36,35027
1,-1.0,3,17,21,35028
6,1.0,14,7,27,35029
8,-1.0,6,54,68,35030
28,-1.0,8,12,48,35031
20,1.0,11,39,70,35032
72,-1.0,16,12,100,35033
10,-1.0,11,20,41,35034
53,1.0,17,2,72,35035
48,1.0,10,5,63,35036
8,-1.0,18,5,31,35037
4,-1.0,8,15,27,35038
0,-1.0,22,13,35,35039
8,1.0,7,16,31,35040
49,-1.0,4,4,57,35041
26,-1.0,3,16,45,35042
31,1.0,17,20,68,35043
37,-1.0,0,9,46,35044
16,-1.0,2,14,32,35045
4,1.0,1,24,29,35046
35,-1.0,2,21,58,35047
17,-1.0,9,32,58,35048
3,1.0,26,11,40,35049
41,-1.0,5,15,61,35050
58,1.0,16,0,74,35051
32,1.0,0,4,36,35052
23,1.0,24,8,55,35053
3,-1.0,17,4,24,35054
18,1.0,7,10,35,35055
15,-1.0,20,3,38,35056
10,-1.0,15,11,36,35057
39,1.0,6,11,56,35058
5,-1.0,15,9,29,35059
27,1.0,10,8,45,35060
15,-1.0,12,3,30,35061
38,1.0,13,4,55,35062
60,-1.0,6,9,75,35063
2,-1.0,2,38,42,35064
21,1.0,12,13,46,35065
1,1.0,7,23,31,35066
25,1.0,11,20,56,35067
32,1.0,15,13,60,35068
0,-1.0,13,22,35,35069
0,0.0,16,7,23,35070
20,-1.0,17,18,55,35071
125,1.0,6,0,131,35072
18,1.0,0,18,36,35073
9,-1.0,22,1,32,35074
19,1.0,22,0,41,35075
24,1.0,0,9,33,35076
32,1.0,5,10,47,35077
43,1.0,0,8,51,35078
60,1.0,4,4,68,35079
41,1.0,23,1,65,35080
73,-1.0,0,3,76,35081
84,-1.0,21,0,105,35082
19,-1.0,34,4,57,35083
25,1.0,8,6,39,35084
25,-1.0,4,18,47,35085
2,1.0,5,20,27,35086
18,-1.0,11,18,47,35087
35,1.0,5,9,49,35088
20,1.0,9,7,36,35089
13,-1.0,13,42,68,35090
39,-1.0,1,12,52,35091
38,-1.0,6,19,63,35092
35,-1.0,17,3,55,35093
72,-1.0,16,20,108,35094
8,-1.0,11,19,38,35095
46,-1.0,14,0,60,35096
8,1.0,15,9,32,35097
114,-1.0,4,7,125,35098
53,1.0,3,9,65,35099
4,1.0,6,26,36,35100
58,1.0,5,12,75,35101
39,-1.0,10,25,74,35102
52,1.0,5,6,63,35103
46,1.0,4,9,59,35104
12,1.0,25,10,47,35105
20,-1.0,4,25,49,35106
0,1.0,12,18,30,35107
25,-1.0,0,31,56,35108
11,1.0,0,39,50,35109
5,-1.0,24,18,47,35110
23,1.0,2,22,47,35111
27,1.0,8,4,39,35112
17,-1.0,9,17,43,35113
25,1.0,2,29,56,35114
80,-1.0,3,15,98,35115
4,1.0,15,16,35,35116
71,-1.0,2,44,117,35117
35,-1.0,14,18,67,35118
0,1.0,35,24,59,35119
44,1.0,10,5,59,35120
39,-1.0,5,6,50,35121
0,1.0,21,5,26,35122
13,1.0,27,32,72,35123
45,1.0,1,14,60,35124
17,1.0,6,24,47,35125
20,1.0,14,22,56,35126
15,-1.0,11,21,47,35127
12,-1.0,4,45,61,35128
3,-1.0,6,23,32,35129
2,1.0,14,14,30,35130
0,0.0,4,12,16,35131
176,-1.0,6,58,240,35132
92,1.0,28,55,175,35133
73,-1.0,12,62,147,35134
65,-1.0,29,11,105,35135
7,1.0,10,42,59,35136
2,1.0,22,11,35,35137
8,1.0,20,9,37,35138
18,1.0,5,7,30,35139
14,1.0,23,5,42,35140
27,-1.0,19,6,52,35141
15,-1.0,13,5,33,35142
28,-1.0,12,18,58,35143
58,1.0,0,38,96,35144
30,1.0,9,12,51,35145
6,-1.0,0,22,28,35146
50,1.0,3,6,59,35147
59,1.0,1,9,69,35148
14,-1.0,7,12,33,35149
9,1.0,21,5,35,35150
30,1.0,8,4,42,35151
10,1.0,18,8,36,35152
92,-1.0,0,1,93,35153
6,1.0,22,12,40,35154
9,-1.0,6,13,28,35155
11,1.0,25,1,37,35156
15,-1.0,4,10,29,35157
3,1.0,4,27,34,35158
20,-1.0,15,4,39,35159
29,-1.0,5,21,55,35160
17,1.0,23,19,59,35161
58,1.0,1,1,60,35162
67,-1.0,7,10,84,35163
60,1.0,1,9,70,35164
37,-1.0,1,16,54,35165
39,1.0,23,6,68,35166
5,1.0,25,6,36,35167
28,1.0,5,20,53,35168
25,-1.0,9,11,45,35169
2,-1.0,20,16,38,35170
39,-1.0,5,18,62,35171
34,-1.0,3,11,48,35172
10,1.0,23,2,35,35173
1,1.0,21,13,35,35174
36,1.0,12,5,53,35175
11,-1.0,9,9,29,35176
79,-1.0,2,13,94,35177
73,1.0,12,2,87,35178
1,-1.0,12,26,39,35179
7,-1.0,31,10,48,35180
0,-1.0,17,15,32,35181
15,-1.0,7,14,36,35182
14,1.0,15,5,34,35183
0,-1.0,16,9,25,35184
54,-1.0,4,28,86,35185
32,-1.0,4,6,42,35186
44,-1.0,12,29,85,35187
24,1.0,11,11,46,35188
52,-1.0,5,3,60,35189
1,1.0,13,25,39,35190
5,1.0,7,18,30,35191
24,-1.0,11,17,52,35192
33,-1.0,3,3,39,35193
43,1.0,7,1,51,35194
49,-1.0,6,7,62,35195
1,-1.0,4,35,40,35196
22,1.0,8,6,36,35197
3,-1.0,26,1,30,35198
44,-1.0,2,12,58,35199
97,-1.0,5,9,111,35200
22,1.0,0,55,77,35201
13,-1.0,22,10,45,35202
10,1.0,21,9,40,35203
5,1.0,17,7,29,35204
29,-1.0,3,17,49,35205
35,-1.0,16,4,55,35206
26,-1.0,16,1,43,35207
49,1.0,1,1,51,35208
1,-1.0,25,2,28,35209
42,-1.0,2,6,50,35210
25,-1.0,7,43,75,35211
26,1.0,18,19,63,35212
16,-1.0,38,5,59,35213
24,1.0,8,19,51,35214
6,-1.0,1,23,30,35215
40,1.0,9,3,52,35216
52,-1.0,3,16,71,35217
9,-1.0,13,19,41,35218
19,1.0,21,1,41,35219
40,1.0,10,1,51,35220
39,-1.0,1,32,72,35221
14,1.0,27,1,42,35222
9,1.0,15,5,29,35223
61,1.0,8,0,69,35224
19,-1.0,19,19,57,35225
34,-1.0,11,8,53,35226
40,-1.0,5,6,51,35227
53,-1.0,1,0,54,35228
44,-1.0,7,5,56,35229
3,1.0,29,3,35,35230
2,-1.0,8,18,28,35231
9,-1.0,41,0,50,35232
56,1.0,3,11,70,35233
41,-1.0,6,5,52,35234
7,1.0,14,12,33,35235
74,-1.0,26,8,108,35236
15,1.0,31,1,47,35237
65,-1.0,15,2,82,35238
34,-1.0,17,6,57,35239
22,1.0,1,12,35,35240
11,1.0,4,18,33,35241
33,1.0,2,8,43,35242
33,1.0,10,0,43,35243
36,1.0,1,12,49,35244
84,1.0,0,1,85,35245
33,-1.0,11,23,67,35246
54,1.0,9,3,66,35247
1,1.0,17,37,55,35248
8,-1.0,17,24,49,35249
21,1.0,29,5,55,35250
2,1.0,14,24,40,35251
30,-1.0,13,18,61,35252
54,1.0,15,1,70,35253
15,-1.0,10,1,26,35254
45,1.0,5,5,55,35255
2,-1.0,1,30,33,35256
18,1.0,16,3,37,35257
36,-1.0,13,3,52,35258
56,-1.0,6,5,67,35259
8,-1.0,19,6,33,35260
58,-1.0,6,14,78,35261
89,-1.0,2,0,91,35262
26,1.0,0,16,42,35263
78,1.0,11,4,93,35264
67,1.0,1,2,70,35265
29,-1.0,14,4,47,35266
92,-1.0,2,6,100,35267
31,-1.0,9,12,52,35268
5,-1.0,26,2,33,35269
14,1.0,17,1,32,35270
2,-1.0,26,6,34,35271
0,0.0,8,20,28,35272
13,1.0,25,1,39,35273
31,1.0,11,4,46,35274
0,-1.0,28,10,38,35275
37,-1.0,6,17,60,35276
36,1.0,23,5,64,35277
37,1.0,7,9,53,35278
50,1.0,16,1,67,35279
72,1.0,1,2,75,35280
39,1.0,0,32,71,35281
32,-1.0,2,28,62,35282
2,-1.0,27,24,53,35283
0,1.0,10,15,25,35284
33,1.0,3,6,42,35285
1,1.0,11,42,54,35286
4,1.0,26,5,35,35287
31,-1.0,7,5,43,35288
11,-1.0,3,20,34,35289
0,0.0,3,5,8,35290
29,1.0,23,9,61,35291
14,1.0,24,6,44,35292
60,-1.0,5,10,75,35293
0,1.0,2,25,27,35294
16,1.0,3,21,40,35295
38,1.0,9,1,48,35296
21,-1.0,1,20,42,35297
26,1.0,13,4,43,35298
35,-1.0,3,20,58,35299
14,-1.0,21,8,43,35300
2,1.0,11,19,32,35301
4,1.0,5,26,35,35302
29,1.0,0,13,42,35303
33,1.0,7,22,62,35304
4,1.0,16,13,33,35305
46,-1.0,4,10,60,35306
14,-1.0,7,9,30,35307
26,-1.0,0,24,50,35308
7,-1.0,7,15,29,35309
41,-1.0,3,17,61,35310
27,-1.0,15,2,44,35311
20,1.0,43,57,120,35312
1,1.0,8,23,32,35313
0,-1.0,29,4,33,35314
3,-1.0,17,15,35,35315
0,0.0,11,14,25,35316
7,1.0,11,23,41,35317
2,-1.0,5,22,29,35318
42,1.0,5,3,50,35319
3,-1.0,43,6,52,35320
48,1.0,1,5,54,35321
0,1.0,8,26,34,35322
18,-1.0,22,21,61,35323
26,-1.0,2,16,44,35324
0,1.0,7,19,26,35325
28,1.0,13,1,42,35326
3,-1.0,39,6,48,35327
17,1.0,8,5,30,35328
80,1.0,3,0,83,35329
10,-1.0,27,14,51,35330
44,1.0,4,9,57,35331
25,1.0,21,6,52,35332
9,1.0,11,17,37,35333
16,-1.0,1,25,42,35334
52,1.0,8,4,64,35335
63,-1.0,2,5,70,35336
10,-1.0,23,0,33,35337
0,-1.0,13,13,26,35338
8,-1.0,3,34,45,35339
72,-1.0,2,10,84,35340
14,-1.0,22,4,40,35341
50,-1.0,10,4,64,35342
13,1.0,34,5,52,35343
11,1.0,5,24,40,35344
23,1.0,17,10,50,35345
1,-1.0,30,15,46,35346
20,-1.0,2,20,42,35347
30,1.0,5,14,49,35348
42,1.0,20,0,62,35349
1,-1.0,12,18,31,35350
12,-1.0,2,38,52,35351
210,-1.0,0,67,277,35352
34,-1.0,17,35,86,35353
21,1.0,11,27,59,35354
8,1.0,13,24,45,35355
2,1.0,19,10,31,35356
42,-1.0,14,0,56,35357
1,1.0,22,47,70,35358
23,1.0,1,20,44,35359
7,-1.0,31,6,44,35360
23,1.0,0,23,46,35361
16,1.0,0,14,30,35362
1,1.0,6,46,53,35363
330,-1.0,2,131,463,35364
219,-1.0,13,85,317,35365
186,-1.0,30,1,217,35366
115,1.0,69,95,279,35367
69,1.0,11,31,111,35368
73,-1.0,0,42,115,35369
151,1.0,36,20,207,35370
64,1.0,0,52,116,35371
0,-1.0,104,22,126,35372
31,-1.0,7,63,101,35373
59,1.0,12,3,74,35374
36,1.0,0,134,170,35375
71,-1.0,1,11,83,35376
76,-1.0,11,0,87,35377
12,1.0,31,4,47,35378
132,-1.0,8,21,161,35379
25,1.0,34,59,118,35380
139,-1.0,18,0,157,35381
118,-1.0,0,60,178,35382
78,-1.0,25,26,129,35383
80,-1.0,0,201,281,35384
97,-1.0,92,25,214,35385
9,1.0,73,8,90,35386
165,1.0,9,54,228,35387
9,-1.0,18,89,116,35388
22,1.0,1,120,143,35389
30,-1.0,39,34,103,35390
111,-1.0,19,8,138,35391
48,-1.0,35,12,95,35392
245,-1.0,3,1,249,35393
42,-1.0,72,56,170,35394
194,-1.0,4,5,203,35395
78,-1.0,92,117,287,35396
28,1.0,95,0,123,35397
265,-1.0,1,5,271,35398
84,-1.0,39,12,135,35399
293,1.0,25,0,318,35400
107,-1.0,84,4,195,35401
344,1.0,47,0,391,35402
123,1.0,4,110,237,35403
96,1.0,1,180,277,35404
114,-1.0,13,52,179,35405
37,-1.0,61,99,197,35406
4,-1.0,34,52,90,35407
105,1.0,2,37,144,35408
54,1.0,3,68,125,35409
98,1.0,46,15,159,35410
87,-1.0,44,60,191,35411
65,1.0,0,80,145,35412
28,-1.0,37,27,92,35413
36,1.0,0,75,111,35414
96,1.0,3,18,117,35415
92,1.0,21,4,117,35416
15,-1.0,3,89,107,35417
151,-1.0,2,2,155,35418
78,-1.0,14,91,183,35419
26,1.0,10,59,95,35420
64,-1.0,0,48,112,35421
38,-1.0,12,89,139,35422
59,-1.0,8,13,80,35423
105,1.0,87,1,193,35424
25,-1.0,5,86,116,35425
4,-1.0,37,65,106,35426
73,-1.0,63,8,144,35427
28,-1.0,34,1,63,35428
112,-1.0,43,2,157,35429
48,-1.0,52,14,114,35430
144,1.0,26,34,204,35431
65,1.0,21,0,86,35432
33,-1.0,5,50,88,35433
24,1.0,1,42,67,35434
59,1.0,78,34,171,35435
164,-1.0,2,15,181,35436
194,-1.0,3,3,200,35437
236,1.0,44,9,289,35438
6,-1.0,53,26,85,35439
90,-1.0,18,7,115,35440
12,1.0,51,8,71,35441
39,-1.0,32,9,80,35442
55,-1.0,15,33,103,35443
11,1.0,39,12,62,35444
100,1.0,24,1,125,35445
112,1.0,3,16,131,35446
21,1.0,16,31,68,35447
55,-1.0,17,5,77,35448
26,-1.0,2,17,45,35449
28,-1.0,14,21,63,35450
77,1.0,8,1,86,35451
76,1.0,7,12,95,35452
101,1.0,14,18,133,35453
51,1.0,2,34,87,35454
40,1.0,1,27,68,35455
67,1.0,3,6,76,35456
21,-1.0,13,29,63,35457
20,-1.0,22,45,87,35458
125,1.0,1,0,126,35459
30,-1.0,23,34,87,35460
55,-1.0,12,21,88,35461
9,1.0,49,2,60,35462
129,-1.0,0,0,129,35463
18,-1.0,62,10,90,35464
51,1.0,35,0,86,35465
47,1.0,15,7,69,35466
32,-1.0,12,8,52,35467
29,1.0,6,13,48,35468
42,1.0,28,1,71,35469
0,1.0,16,33,49,35470
2,-1.0,20,14,36,35471
49,-1.0,1,20,70,35472
62,-1.0,9,9,80,35473
90,1.0,3,9,102,35474
24,1.0,11,34,69,35475
17,1.0,16,13,46,35476
20,-1.0,29,6,55,35477
25,1.0,3,27,55,35478
9,-1.0,26,5,40,35479
8,1.0,12,14,34,35480
15,1.0,15,18,48,35481
6,1.0,12,32,50,35482
38,1.0,15,15,68,35483
39,1.0,8,9,56,35484
78,-1.0,19,15,112,35485
15,-1.0,13,38,66,35486
55,1.0,10,16,81,35487
28,1.0,7,8,43,35488
7,1.0,8,28,43,35489
7,-1.0,22,11,40,35490
56,1.0,5,1,62,35491
22,-1.0,13,47,82,35492
19,1.0,29,7,55,35493
28,1.0,3,17,48,35494
26,-1.0,13,6,45,35495
14,-1.0,4,32,50,35496
9,-1.0,2,21,32,35497
65,-1.0,0,50,115,35498
13,-1.0,26,67,106,35499
15,1.0,9,49,73,35500
61,1.0,2,16,79,35501
25,-1.0,7,11,43,35502
19,-1.0,28,13,60,35503
39,-1.0,34,18,91,35504
44,1.0,33,0,77,35505
15,1.0,22,7,44,35506
40,1.0,7,13,60,35507
51,1.0,5,3,59,35508
15,1.0,15,7,37,35509
3,1.0,10,30,43,35510
28,1.0,11,8,47,35511
31,1.0,2,15,48,35512
2,1.0,7,25,34,35513
7,-1.0,2,26,35,35514
56,-1.0,4,10,70,35515
31,-1.0,21,16,68,35516
6,-1.0,21,18,45,35517
119,-1.0,17,11,147,35518
104,1.0,12,14,130,35519
6,-1.0,54,3,63,35520
40,-1.0,9,23,72,35521
3,1.0,31,20,54,35522
13,1.0,33,12,58,35523
12,1.0,14,9,35,35524
66,-1.0,4,12,82,35525
53,1.0,0,22,75,35526
0,-1.0,18,18,36,35527
61,-1.0,6,18,85,35528
35,-1.0,29,6,70,35529
44,1.0,3,15,62,35530
14,1.0,44,5,63,35531
4,1.0,23,5,32,35532
51,1.0,5,11,67,35533
60,1.0,1,14,75,35534
86,-1.0,6,27,119,35535
11,-1.0,17,29,57,35536
33,1.0,9,14,56,35537
26,-1.0,28,2,56,35538
16,1.0,7,20,43,35539
1,-1.0,21,24,46,35540
42,1.0,5,23,70,35541
28,1.0,10,7,45,35542
32,-1.0,15,12,59,35543
2,-1.0,20,34,56,35544
110,1.0,9,0,119,35545
2,-1.0,21,17,40,35546
69,1.0,4,6,79,35547
30,1.0,8,9,47,35548
24,-1.0,2,31,57,35549
2,-1.0,4,43,49,35550
9,-1.0,19,7,35,35551
68,1.0,1,2,71,35552
39,1.0,14,9,62,35553
42,1.0,23,7,72,35554
31,1.0,4,6,41,35555
23,-1.0,6,36,65,35556
28,1.0,22,1,51,35557
5,-1.0,27,26,58,35558
30,-1.0,10,10,50,35559
5,-1.0,20,7,32,35560
1,-1.0,4,36,41,35561
43,1.0,8,4,55,35562
31,1.0,8,4,43,35563
21,-1.0,10,15,46,35564
81,1.0,17,5,103,35565
9,-1.0,0,42,51,35566
16,1.0,10,20,46,35567
85,-1.0,4,6,95,35568
50,-1.0,18,32,100,35569
55,1.0,26,10,91,35570
9,-1.0,15,25,49,35571
5,1.0,17,31,53,35572
2,1.0,4,22,28,35573
5,1.0,13,25,43,35574
15,1.0,3,17,35,35575
15,-1.0,8,11,34,35576
74,-1.0,2,6,82,35577
9,1.0,25,3,37,35578
27,1.0,0,42,69,35579
5,1.0,3,25,33,35580
33,-1.0,5,18,56,35581
37,1.0,6,7,50,35582
13,-1.0,15,9,37,35583
5,-1.0,2,32,39,35584
40,-1.0,3,4,47,35585
11,-1.0,2,34,47,35586
51,-1.0,0,7,58,35587
4,-1.0,7,18,29,35588
72,-1.0,1,2,75,35589
37,1.0,10,3,50,35590
14,-1.0,8,15,37,35591
40,-1.0,0,15,55,35592
47,1.0,2,26,75,35593
0,-1.0,3,32,35,35594
20,1.0,0,37,57,35595
64,1.0,12,9,85,35596
15,-1.0,8,10,33,35597
41,1.0,8,4,53,35598
39,-1.0,6,16,61,35599
2,-1.0,11,34,47,35600
39,1.0,59,1,99,35601
18,1.0,32,32,82,35602
19,1.0,18,13,50,35603
39,-1.0,10,4,53,35604
4,1.0,19,7,30,35605
25,1.0,18,34,77,35606
10,-1.0,19,3,32,35607
8,1.0,11,11,30,35608
20,1.0,21,1,42,35609
17,-1.0,15,9,41,35610
0,1.0,15,15,30,35611
49,-1.0,2,9,60,35612
21,-1.0,21,1,43,35613
12,1.0,15,4,31,35614
33,1.0,10,4,47,35615
23,-1.0,13,0,36,35616
36,-1.0,2,19,57,35617
17,1.0,11,17,45,35618
38,-1.0,3,10,51,35619
13,-1.0,4,17,34,35620
20,1.0,11,8,39,35621
53,1.0,1,13,67,35622
43,-1.0,1,17,61,35623
23,1.0,0,26,49,35624
17,1.0,14,9,40,35625
54,1.0,2,11,67,35626
33,1.0,25,0,58,35627
49,-1.0,1,15,65,35628
10,1.0,17,34,61,35629
30,1.0,0,16,46,35630
15,-1.0,15,11,41,35631
28,-1.0,9,1,38,35632
20,1.0,5,19,44,35633
15,1.0,12,4,31,35634
35,1.0,13,1,49,35635
8,1.0,7,11,26,35636
14,1.0,12,10,36,35637
24,1.0,11,1,36,35638
9,-1.0,10,35,54,35639
8,1.0,22,27,57,35640
6,-1.0,19,1,26,35641
17,1.0,0,21,38,35642
49,1.0,2,5,56,35643
37,1.0,1,8,46,35644
72,-1.0,6,8,86,35645
15,1.0,16,5,36,35646
11,-1.0,25,1,37,35647
4,-1.0,34,1,39,35648
9,-1.0,22,5,36,35649
13,1.0,12,6,31,35650
9,1.0,5,23,37,35651
29,1.0,9,23,61,35652
7,1.0,7,20,34,35653
24,-1.0,14,10,48,35654
40,-1.0,12,15,67,35655
53,-1.0,11,0,64,35656
7,-1.0,16,14,37,35657
30,-1.0,2,24,56,35658
12,-1.0,21,9,42,35659
17,1.0,5,20,42,35660
11,-1.0,11,8,30,35661
16,1.0,10,13,39,35662
49,-1.0,0,21,70,35663
36,1.0,2,2,40,35664
8,-1.0,52,6,66,35665
5,1.0,15,16,36,35666
71,1.0,15,1,87,35667
45,1.0,0,7,52,35668
0,1.0,21,10,31,35669
23,-1.0,4,15,42,35670
33,1.0,9,6,48,35671
16,-1.0,1,22,39,35672
19,-1.0,6,14,39,35673
58,-1.0,6,10,74,35674
3,1.0,13,9,25,35675
38,-1.0,8,1,47,35676
22,1.0,14,32,68,35677
0,1.0,12,17,29,35678
2,1.0,13,11,26,35679
25,-1.0,10,9,44,35680
62,-1.0,9,12,83,35681
64,-1.0,3,14,81,35682
32,1.0,9,5,46,35683
31,-1.0,12,2,45,35684
12,-1.0,0,51,63,35685
6,-1.0,24,12,42,35686
1,1.0,24,6,31,35687
90,1.0,19,8,117,35688
48,1.0,7,17,72,35689
58,1.0,7,10,75,35690
11,-1.0,12,12,35,35691
19,-1.0,10,16,45,35692
5,1.0,16,14,35,35693
11,-1.0,2,45,58,35694
8,-1.0,23,11,42,35695
65,1.0,0,3,68,35696
18,1.0,23,0,41,35697
59,-1.0,10,6,75,35698
24,-1.0,8,24,56,35699
44,1.0,4,6,54,35700
4,1.0,30,7,41,35701
0,1.0,26,5,31,35702
70,1.0,3,5,78,35703
100,-1.0,1,2,103,35704
25,-1.0,11,3,39,35705
3,1.0,9,27,39,35706
5,-1.0,8,17,30,35707
53,-1.0,9,32,94,35708
49,1.0,16,7,72,35709
6,1.0,10,18,34,35710
5,1.0,14,12,31,35711
8,1.0,5,15,28,35712
4,-1.0,2,28,34,35713
5,1.0,9,18,32,35714
17,-1.0,17,4,38,35715
20,-1.0,6,13,39,35716
8,-1.0,3,19,30,35717
20,1.0,28,3,51,35718
31,1.0,14,2,47,35719
73,-1.0,6,93,172,35720
19,1.0,30,11,60,35721
8,1.0,5,21,34,35722
19,-1.0,7,16,42,35723
7,1.0,4,25,36,35724
37,-1.0,4,20,61,35725
4,-1.0,20,13,37,35726
7,-1.0,12,15,34,35727
189,-1.0,6,0,195,35728
70,-1.0,60,14,144,35729
67,-1.0,75,0,142,35730
152,1.0,0,68,220,35731
10,1.0,54,28,92,35732
58,1.0,30,27,115,35733
102,1.0,8,2,112,35734
32,-1.0,10,11,53,35735
16,1.0,18,16,50,35736
76,-1.0,10,0,86,35737
26,1.0,12,3,41,35738
35,1.0,25,6,66,35739
21,-1.0,21,9,51,35740
23,1.0,21,17,61,35741
63,1.0,2,12,77,35742
35,-1.0,20,8,63,35743
8,-1.0,7,17,32,35744
10,1.0,4,25,39,35745
51,1.0,2,12,65,35746
4,-1.0,11,29,44,35747
0,1.0,20,13,33,35748
7,1.0,7,36,50,35749
45,1.0,1,16,62,35750
91,-1.0,11,0,102,35751
20,1.0,24,1,45,35752
60,-1.0,2,3,65,35753
2,-1.0,14,13,29,35754
9,-1.0,4,26,39,35755
13,1.0,2,19,34,35756
12,1.0,21,1,34,35757
1,1.0,39,8,48,35758
4,1.0,18,23,45,35759
29,1.0,1,23,53,35760
38,1.0,5,15,58,35761
13,1.0,3,16,32,35762
20,-1.0,1,33,54,35763
21,-1.0,0,14,35,35764
34,1.0,3,5,42,35765
53,-1.0,0,25,78,35766
100,-1.0,6,15,121,35767
16,1.0,44,14,74,35768
22,-1.0,20,2,44,35769
10,-1.0,8,38,56,35770
51,-1.0,3,17,71,35771
38,-1.0,8,8,54,35772
39,-1.0,2,30,71,35773
9,-1.0,6,22,37,35774
22,1.0,1,18,41,35775
5,1.0,6,69,80,35776
4,1.0,5,18,27,35777
14,-1.0,5,28,47,35778
27,-1.0,23,15,65,35779
70,-1.0,0,2,72,35780
44,1.0,15,23,82,35781
1,-1.0,15,24,40,35782
25,-1.0,3,19,47,35783
19,-1.0,15,3,37,35784
23,-1.0,4,18,45,35785
16,-1.0,20,21,57,35786
80,-1.0,7,19,106,35787
91,1.0,26,2,119,35788
3,1.0,34,5,42,35789
46,1.0,0,18,64,35790
42,-1.0,7,10,59,35791
9,-1.0,21,2,32,35792
15,1.0,11,7,33,35793
12,-1.0,33,1,46,35794
2,-1.0,23,15,40,35795
41,-1.0,10,1,52,35796
6,1.0,22,0,28,35797
33,1.0,3,8,44,35798
1,1.0,18,6,25,35799
152,1.0,16,0,168,35800
1,1.0,44,12,57,35801
18,-1.0,1,43,62,35802
12,-1.0,18,8,38,35803
45,-1.0,4,1,50,35804
64,1.0,7,1,72,35805
2,-1.0,4,30,36,35806
9,-1.0,26,2,37,35807
38,-1.0,11,0,49,35808
8,-1.0,27,11,46,35809
40,-1.0,10,20,70,35810
21,-1.0,4,25,50,35811
30,1.0,20,1,51,35812
19,-1.0,4,23,46,35813
8,1.0,14,23,45,35814
37,-1.0,5,11,53,35815
34,-1.0,3,5,42,35816
47,1.0,19,0,66,35817
45,-1.0,7,1,53,35818
13,-1.0,16,23,52,35819
6,-1.0,17,33,56,35820
14,-1.0,21,7,42,35821
19,-1.0,20,0,39,35822
18,1.0,31,3,52,35823
42,1.0,10,1,53,35824
25,-1.0,4,8,37,35825
7,-1.0,10,19,36,35826
8,-1.0,26,3,37,35827
13,1.0,28,8,49,35828
13,-1.0,1,30,44,35829
20,1.0,12,3,35,35830
13,1.0,10,12,35,35831
68,1.0,23,3,94,35832
79,-1.0,2,15,96,35833
39,1.0,17,4,60,35834
6,-1.0,9,24,39,35835
2,1.0,26,8,36,35836
39,-1.0,2,6,47,35837
71,1.0,0,3,74,35838
9,1.0,28,3,40,35839
8,-1.0,3,21,32,35840
44,-1.0,4,18,66,35841
34,-1.0,1,30,65,35842
38,-1.0,6,25,69,35843
63,-1.0,1,5,69,35844
29,1.0,4,22,55,35845
11,-1.0,11,19,41,35846
30,-1.0,7,5,42,35847
28,1.0,16,4,48,35848
8,-1.0,16,6,30,35849
51,-1.0,3,6,60,35850
28,1.0,27,8,63,35851
16,1.0,13,5,34,35852
15,1.0,10,17,42,35853
40,1.0,6,4,50,35854
34,1.0,0,4,38,35855
10,-1.0,1,28,39,35856
53,-1.0,8,7,68,35857
13,-1.0,5,37,55,35858
5,1.0,19,19,43,35859
32,1.0,15,2,49,35860
16,-1.0,3,20,39,35861
32,1.0,3,5,40,35862
24,-1.0,6,16,46,35863
36,-1.0,10,16,62,35864
13,-1.0,6,18,37,35865
44,-1.0,16,0,60,35866
15,-1.0,9,28,52,35867
40,-1.0,0,21,61,35868
29,-1.0,2,19,50,35869
21,1.0,0,25,46,35870
12,-1.0,13,6,31,35871
42,-1.0,4,5,51,35872
71,1.0,6,0,77,35873
14,-1.0,7,15,36,35874
19,1.0,8,26,53,35875
41,-1.0,5,11,57,35876
30,1.0,1,11,42,35877
28,1.0,6,6,40,35878
5,1.0,1,29,35,35879
11,-1.0,5,33,49,35880
14,1.0,14,8,36,35881
127,-1.0,9,4,140,35882
15,1.0,9,18,42,35883
43,1.0,14,0,57,35884
1,1.0,20,9,30,35885
2,-1.0,8,23,33,35886
88,1.0,6,11,105,35887
54,1.0,13,5,72,35888
6,1.0,10,15,31,35889
27,-1.0,11,17,55,35890
11,1.0,16,3,30,35891
6,-1.0,12,19,37,35892
3,-1.0,3,23,29,35893
38,-1.0,6,14,58,35894
7,-1.0,21,13,41,35895
0,1.0,16,13,29,35896
0,0.0,19,1,20,35897
2,-1.0,41,1,44,35898
37,1.0,19,8,64,35899
63,-1.0,2,39,104,35900
27,-1.0,0,21,48,35901
20,-1.0,6,18,44,35902
4,1.0,12,37,53,35903
27,1.0,0,19,46,35904
13,1.0,1,27,41,35905
21,-1.0,1,28,50,35906
14,1.0,7,20,41,35907
59,-1.0,10,1,70,35908
12,1.0,9,5,26,35909
25,-1.0,14,4,43,35910
26,-1.0,14,12,52,35911
3,-1.0,27,10,40,35912
2,-1.0,30,4,36,35913
35,-1.0,5,19,59,35914
10,1.0,13,5,28,35915
17,1.0,12,4,33,35916
123,1.0,0,2,125,35917
1,-1.0,24,5,30,35918
28,1.0,15,4,47,35919
53,1.0,3,2,58,35920
33,-1.0,14,5,52,35921
4,-1.0,34,17,55,35922
0,1.0,2,16,18,35923
41,-1.0,9,1,51,35924
62,1.0,9,0,71,35925
5,-1.0,33,19,57,35926
26,-1.0,3,18,47,35927
29,-1.0,23,2,54,35928
15,-1.0,13,2,30,35929
32,-1.0,12,1,45,35930
1,-1.0,11,38,50,35931
3,-1.0,15,16,34,35932
20,-1.0,2,26,48,35933
7,1.0,23,5,35,35934
47,1.0,14,1,62,35935
8,-1.0,22,14,44,35936
6,-1.0,23,6,35,35937
74,1.0,5,4,83,35938
24,-1.0,5,11,40,35939
8,1.0,9,11,28,35940
23,1.0,11,7,41,35941
79,1.0,1,6,86,35942
151,-1.0,3,21,175,35943
55,-1.0,0,84,139,35944
22,-1.0,43,15,80,35945
128,1.0,0,4,132,35946
38,1.0,2,46,86,35947
51,-1.0,15,16,82,35948
5,1.0,35,41,81,35949
12,1.0,2,20,34,35950
26,1.0,22,3,51,35951
91,-1.0,21,15,127,35952
36,1.0,57,5,98,35953
28,1.0,7,10,45,35954
59,1.0,3,0,62,35955
71,1.0,23,11,105,35956
75,-1.0,0,7,82,35957
61,1.0,5,0,66,35958
1,-1.0,9,20,30,35959
11,1.0,15,3,29,35960
18,1.0,7,21,46,35961
11,1.0,21,20,52,35962
0,-1.0,5,40,45,35963
8,-1.0,38,1,47,35964
18,1.0,6,15,39,35965
59,1.0,1,1,61,35966
8,-1.0,0,27,35,35967
22,-1.0,5,31,58,35968
43,1.0,2,3,48,35969
23,-1.0,2,10,35,35970
20,1.0,3,20,43,35971
27,1.0,37,8,72,35972
10,1.0,27,3,40,35973
8,1.0,12,16,36,35974
10,1.0,17,3,30,35975
74,1.0,10,1,85,35976
2,-1.0,10,27,39,35977
3,-1.0,20,2,25,35978
18,1.0,68,8,94,35979
26,1.0,20,6,52,35980
19,1.0,23,10,52,35981
7,1.0,22,6,35,35982
23,-1.0,14,3,40,35983
10,1.0,33,20,63,35984
8,-1.0,21,14,43,35985
30,1.0,2,9,41,35986
5,1.0,27,12,44,35987
37,-1.0,83,0,120,35988
69,1.0,10,34,113,35989
2,-1.0,18,29,49,35990
16,1.0,0,31,47,35991
39,1.0,20,8,67,35992
35,1.0,4,9,48,35993
22,-1.0,14,23,59,35994
36,-1.0,10,0,46,35995
5,1.0,30,6,41,35996
3,1.0,20,9,32,35997
31,-1.0,10,32,73,35998
4,-1.0,18,22,44,35999
2,1.0,20,11,33,36000
1,-1.0,15,21,37,36001
66,-1.0,4,19,89,36002
100,-1.0,30,18,148,36003
85,-1.0,14,8,107,36004
58,-1.0,68,11,137,36005
16,1.0,14,28,58,36006
47,-1.0,8,1,56,36007
21,-1.0,13,18,52,36008
16,1.0,16,9,41,36009
7,1.0,4,31,42,36010
5,1.0,22,13,40,36011
11,-1.0,26,7,44,36012
5,1.0,21,5,31,36013
8,-1.0,29,3,40,36014
1,1.0,42,15,58,36015
4,1.0,22,17,43,36016
9,-1.0,13,8,30,36017
33,1.0,7,18,58,36018
43,-1.0,9,6,58,36019
1,-1.0,20,6,27,36020
0,1.0,27,7,34,36021
68,-1.0,5,2,75,36022
4,1.0,31,15,50,36023
61,-1.0,4,9,74,36024
30,1.0,25,36,91,36025
27,1.0,10,18,55,36026
14,1.0,36,1,51,36027
53,1.0,22,7,82,36028
19,1.0,31,1,51,36029
13,-1.0,10,26,49,36030
12,1.0,26,3,41,36031
7,-1.0,29,6,42,36032
41,-1.0,18,0,59,36033
32,1.0,20,8,60,36034
13,-1.0,21,1,35,36035
27,-1.0,20,4,51,36036
37,1.0,8,3,48,36037
41,1.0,20,3,64,36038
1,-1.0,25,14,40,36039
11,-1.0,16,3,30,36040
44,1.0,12,0,56,36041
19,-1.0,18,7,44,36042
67,1.0,0,8,75,36043
63,1.0,10,21,94,36044
13,-1.0,43,3,59,36045
67,-1.0,7,6,80,36046
8,-1.0,51,2,61,36047
85,-1.0,0,10,95,36048
27,1.0,7,31,65,36049
31,-1.0,10,10,51,36050
18,-1.0,2,20,40,36051
16,1.0,7,29,52,36052
17,-1.0,28,4,49,36053
6,-1.0,17,22,45,36054
27,-1.0,1,16,44,36055
11,1.0,19,2,32,36056
15,-1.0,5,30,50,36057
33,1.0,1,12,46,36058
43,1.0,15,0,58,36059
0,1.0,18,0,18,36060
16,1.0,4,14,34,36061
133,1.0,0,0,133,36062
7,-1.0,12,24,43,36063
26,-1.0,7,7,40,36064
23,-1.0,18,0,41,36065
65,-1.0,2,14,81,36066
1,-1.0,11,30,42,36067
17,-1.0,18,7,42,36068
52,-1.0,3,6,61,36069
5,1.0,3,19,27,36070
14,1.0,13,19,46,36071
28,1.0,11,7,46,36072
55,1.0,0,8,63,36073
23,-1.0,20,1,44,36074
0,1.0,5,20,25,36075
33,-1.0,2,18,53,36076
0,1.0,11,17,28,36077
36,-1.0,14,6,56,36078
40,-1.0,7,4,51,36079
21,1.0,11,10,42,36080
66,1.0,8,2,76,36081
3,1.0,17,21,41,36082
50,1.0,2,7,59,36083
72,-1.0,2,5,79,36084
19,1.0,19,16,54,36085
16,1.0,9,10,35,36086
7,-1.0,18,4,29,36087
21,-1.0,20,5,46,36088
73,-1.0,5,0,78,36089
15,-1.0,13,25,53,36090
19,1.0,1,34,54,36091
11,1.0,13,28,52,36092
65,1.0,6,5,76,36093
17,1.0,42,8,67,36094
19,-1.0,3,32,54,36095
30,1.0,11,5,46,36096
14,-1.0,17,8,39,36097
19,-1.0,11,4,34,36098
10,1.0,11,6,27,36099
2,-1.0,3,25,30,36100
53,1.0,1,0,54,36101
7,-1.0,24,0,31,36102
25,-1.0,4,10,39,36103
36,-1.0,9,5,50,36104
41,1.0,1,33,75,36105
29,-1.0,18,21,68,36106
11,1.0,11,13,35,36107
34,1.0,1,18,53,36108
61,-1.0,9,7,77,36109
38,-1.0,13,13,64,36110
75,-1.0,2,0,77,36111
10,-1.0,12,20,42,36112
13,-1.0,23,0,36,36113
24,1.0,16,3,43,36114
0,-1.0,12,12,24,36115
17,1.0,14,11,42,36116
103,1.0,6,12,121,36117
34,1.0,31,15,80,36118
21,-1.0,5,17,43,36119
59,-1.0,7,3,69,36120
91,1.0,2,1,94,36121
13,1.0,22,22,57,36122
6,-1.0,20,10,36,36123
29,1.0,10,26,65,36124
29,1.0,11,6,46,36125
4,1.0,3,37,44,36126
56,1.0,9,2,67,36127
13,-1.0,22,6,41,36128
18,-1.0,11,11,40,36129
2,-1.0,41,16,59,36130
5,-1.0,29,30,64,36131
15,-1.0,16,14,45,36132
5,-1.0,5,21,31,36133
3,-1.0,15,43,61,36134
29,-1.0,37,4,70,36135
28,-1.0,19,1,48,36136
37,-1.0,9,11,57,36137
30,1.0,5,13,48,36138
11,1.0,20,12,43,36139
28,1.0,7,18,53,36140
34,-1.0,13,0,47,36141
2,1.0,25,3,30,36142
17,1.0,18,8,43,36143
13,-1.0,28,18,59,36144
25,1.0,2,18,45,36145
15,-1.0,8,31,54,36146
14,-1.0,12,16,42,36147
40,-1.0,11,3,54,36148
28,1.0,41,13,82,36149
88,1.0,2,3,93,36150
31,1.0,8,5,44,36151
33,-1.0,12,4,49,36152
4,1.0,19,12,35,36153
36,1.0,3,8,47,36154
22,-1.0,4,9,35,36155
43,-1.0,7,6,56,36156
58,-1.0,21,42,121,36157
14,-1.0,35,11,60,36158
20,-1.0,25,4,49,36159
8,1.0,36,2,46,36160
36,-1.0,2,16,54,36161
52,1.0,6,8,66,36162
24,1.0,3,9,36,36163
46,1.0,10,2,58,36164
3,-1.0,17,9,29,36165
48,1.0,8,0,56,36166
14,1.0,16,3,33,36167
6,-1.0,59,26,91,36168
23,1.0,24,17,64,36169
27,-1.0,9,3,39,36170
20,-1.0,13,8,41,36171
3,-1.0,33,0,36,36172
14,-1.0,6,18,38,36173
42,-1.0,8,13,63,36174
16,-1.0,28,1,45,36175
16,-1.0,6,11,33,36176
14,-1.0,20,6,40,36177
9,-1.0,14,11,34,36178
190,-1.0,0,0,190,36179
31,-1.0,20,3,54,36180
8,-1.0,34,2,44,36181
10,-1.0,35,6,51,36182
17,1.0,16,8,41,36183
11,-1.0,20,4,35,36184
0,1.0,21,8,29,36185
54,-1.0,12,1,67,36186
18,-1.0,5,23,46,36187
13,1.0,12,15,40,36188
5,1.0,31,1,37,36189
60,1.0,5,0,65,36190
9,1.0,12,18,39,36191
0,1.0,23,3,26,36192
85,1.0,1,34,120,36193
24,-1.0,20,1,45,36194
47,1.0,19,1,67,36195
50,-1.0,3,9,62,36196
32,-1.0,11,8,51,36197
1,-1.0,17,12,30,36198
18,-1.0,7,18,43,36199
0,-1.0,23,10,33,36200
67,1.0,3,9,79,36201
82,1.0,2,16,100,36202
17,1.0,18,9,44,36203
50,-1.0,0,30,80,36204
2,1.0,2,60,64,36205
82,1.0,0,11,93,36206
10,1.0,6,33,49,36207
48,1.0,3,0,51,36208
45,1.0,19,4,68,36209
36,-1.0,13,39,88,36210
60,-1.0,1,0,61,36211
25,1.0,4,15,44,36212
62,-1.0,3,1,66,36213
62,-1.0,0,6,68,36214
2,1.0,14,16,32,36215
138,-1.0,0,10,148,36216
6,1.0,12,19,37,36217
81,1.0,23,0,104,36218
17,1.0,21,15,53,36219
39,-1.0,3,12,54,36220
66,1.0,29,0,95,36221
73,-1.0,1,31,105,36222
5,1.0,11,16,32,36223
22,-1.0,7,6,35,36224
32,-1.0,0,58,90,36225
4,1.0,43,11,58,36226
22,1.0,5,28,55,36227
28,1.0,5,17,50,36228
69,1.0,0,2,71,36229
13,-1.0,16,5,34,36230
8,-1.0,7,16,31,36231
19,-1.0,5,15,39,36232
1,-1.0,14,14,29,36233
35,-1.0,6,11,52,36234
49,-1.0,1,7,57,36235
8,-1.0,6,17,31,36236
17,1.0,11,4,32,36237
13,-1.0,2,22,37,36238
101,1.0,4,2,107,36239
74,-1.0,5,19,98,36240
11,-1.0,19,7,37,36241
11,1.0,19,3,33,36242
13,1.0,4,14,31,36243
6,1.0,1,28,35,36244
58,-1.0,2,10,70,36245
61,-1.0,3,4,68,36246
19,1.0,15,2,36,36247
3,-1.0,10,25,38,36248
18,1.0,44,3,65,36249
2,1.0,30,5,37,36250
1,1.0,25,3,29,36251
40,-1.0,5,12,57,36252
51,1.0,16,2,69,36253
28,-1.0,20,2,50,36254
4,1.0,31,47,82,36255
29,1.0,14,28,71,36256
60,-1.0,8,0,68,36257
18,-1.0,58,1,77,36258
1,-1.0,25,4,30,36259
35,-1.0,6,14,55,36260
52,1.0,37,2,91,36261
23,1.0,0,16,39,36262
53,-1.0,3,0,56,36263
24,-1.0,9,14,47,36264
14,1.0,6,17,37,36265
14,-1.0,28,0,42,36266
32,1.0,25,4,61,36267
4,-1.0,8,19,31,36268
33,1.0,9,9,51,36269
9,-1.0,1,20,30,36270
27,1.0,20,1,48,36271
22,-1.0,10,3,35,36272
5,-1.0,17,3,25,36273
16,-1.0,13,2,31,36274
33,-1.0,3,12,48,36275
18,1.0,5,17,40,36276
44,-1.0,10,7,61,36277
33,1.0,40,6,79,36278
11,1.0,10,49,70,36279
35,-1.0,9,9,53,36280
6,1.0,17,6,29,36281
14,-1.0,6,77,97,36282
1,-1.0,24,16,41,36283
60,1.0,23,2,85,36284
19,-1.0,9,6,34,36285
16,-1.0,5,16,37,36286
4,1.0,3,28,35,36287
70,-1.0,0,15,85,36288
36,-1.0,27,4,67,36289
28,-1.0,14,2,44,36290
63,1.0,14,4,81,36291
0,-1.0,17,6,23,36292
69,1.0,4,9,82,36293
30,1.0,9,6,45,36294
18,-1.0,14,3,35,36295
9,-1.0,24,17,50,36296
16,1.0,12,4,32,36297
55,1.0,12,15,82,36298
13,1.0,0,29,42,36299
9,-1.0,10,13,32,36300
33,-1.0,1,43,77,36301
7,-1.0,33,8,48,36302
52,-1.0,1,6,59,36303
129,-1.0,0,30,159,36304
1,-1.0,52,14,67,36305
72,-1.0,7,2,81,36306
42,1.0,6,19,67,36307
26,-1.0,25,5,56,36308
14,1.0,18,6,38,36309
30,1.0,1,30,61,36310
20,-1.0,33,1,54,36311
27,1.0,11,5,43,36312
7,-1.0,16,10,33,36313
1,1.0,5,62,68,36314
85,1.0,14,7,106,36315
10,1.0,17,12,39,36316
2,-1.0,35,4,41,36317
74,-1.0,21,26,121,36318
29,1.0,34,22,85,36319
24,-1.0,18,7,49,36320
48,1.0,0,8,56,36321
68,1.0,2,11,81,36322
27,1.0,20,4,51,36323
17,1.0,2,20,39,36324
3,-1.0,20,9,32,36325
36,-1.0,3,19,58,36326
53,-1.0,9,29,91,36327
11,-1.0,9,11,31,36328
38,1.0,15,12,65,36329
32,1.0,8,3,43,36330
52,1.0,19,8,79,36331
6,-1.0,5,23,34,36332
20,-1.0,13,7,40,36333
13,1.0,23,7,43,36334
8,-1.0,2,28,38,36335
19,-1.0,2,19,40,36336
41,1.0,6,22,69,36337
8,-1.0,12,16,36,36338
19,1.0,3,53,75,36339
51,1.0,2,21,74,36340
35,1.0,16,12,63,36341
2,-1.0,26,7,35,36342
33,-1.0,0,36,69,36343
10,1.0,8,32,50,36344
42,1.0,23,29,94,36345
0,1.0,6,58,64,36346
24,1.0,12,24,60,36347
25,-1.0,20,1,46,36348
6,1.0,20,14,40,36349
13,-1.0,17,9,39,36350
32,1.0,21,2,55,36351
0,1.0,8,17,25,36352
49,-1.0,12,13,74,36353
45,1.0,0,13,58,36354
1,-1.0,28,10,39,36355
2,1.0,23,0,25,36356
35,-1.0,4,7,46,36357
40,-1.0,0,43,83,36358
12,-1.0,9,12,33,36359
14,-1.0,5,14,33,36360
1,-1.0,39,6,46,36361
80,-1.0,2,22,104,36362
92,-1.0,4,18,114,36363
7,-1.0,6,59,72,36364
55,-1.0,3,18,76,36365
16,1.0,22,0,38,36366
27,1.0,5,15,47,36367
12,-1.0,20,5,37,36368
32,-1.0,2,19,53,36369
8,1.0,16,4,28,36370
59,1.0,8,2,69,36371
1,-1.0,3,26,30,36372
6,-1.0,29,6,41,36373
84,-1.0,2,87,173,36374
41,-1.0,0,23,64,36375
59,1.0,27,0,86,36376
1,1.0,36,18,55,36377
25,1.0,13,3,41,36378
68,1.0,1,17,86,36379
14,1.0,8,16,38,36380
15,-1.0,1,28,44,36381
7,1.0,0,36,43,36382
19,-1.0,9,15,43,36383
13,-1.0,6,41,60,36384
52,1.0,20,12,84,36385
71,1.0,15,11,97,36386
8,1.0,16,11,35,36387
32,-1.0,20,0,52,36388
7,-1.0,24,7,38,36389
22,1.0,10,15,47,36390
8,1.0,28,4,40,36391
116,-1.0,0,8,124,36392
29,1.0,6,4,39,36393
5,1.0,9,23,37,36394
3,1.0,1,37,41,36395
6,-1.0,16,25,47,36396
21,-1.0,15,2,38,36397
55,1.0,3,1,59,36398
31,-1.0,11,0,42,36399
57,-1.0,7,12,76,36400
3,-1.0,8,18,29,36401
21,1.0,4,15,40,36402
16,-1.0,1,18,35,36403
121,-1.0,0,47,168,36404
6,-1.0,2,35,43,36405
27,1.0,46,18,91,36406
13,1.0,7,19,39,36407
31,-1.0,12,8,51,36408
31,1.0,16,5,52,36409
60,-1.0,4,3,67,36410
11,-1.0,19,19,49,36411
25,-1.0,11,9,45,36412
44,-1.0,13,21,78,36413
53,-1.0,10,5,68,36414
15,-1.0,11,9,35,36415
11,-1.0,15,3,29,36416
4,-1.0,1,29,34,36417
1,-1.0,31,4,36,36418
78,-1.0,3,38,119,36419
42,1.0,2,9,53,36420
116,1.0,28,1,145,36421
76,1.0,15,1,92,36422
46,1.0,13,2,61,36423
29,-1.0,5,16,50,36424
4,1.0,12,16,32,36425
9,-1.0,9,15,33,36426
3,-1.0,10,26,39,36427
36,1.0,8,9,53,36428
31,1.0,5,19,55,36429
0,0.0,18,15,33,36430
84,1.0,26,2,112,36431
69,1.0,10,14,93,36432
15,1.0,5,24,44,36433
3,1.0,14,40,57,36434
22,-1.0,14,13,49,36435
170,-1.0,9,2,181,36436
101,-1.0,18,28,147,36437
146,1.0,0,13,159,36438
54,1.0,0,16,70,36439
41,-1.0,1,7,49,36440
23,1.0,20,6,49,36441
5,-1.0,18,15,38,36442
14,-1.0,11,6,31,36443
31,-1.0,0,21,52,36444
39,1.0,24,12,75,36445
85,-1.0,3,18,106,36446
8,1.0,29,2,39,36447
76,1.0,25,1,102,36448
14,-1.0,5,22,41,36449
2,-1.0,14,17,33,36450
54,1.0,2,4,60,36451
4,-1.0,24,14,42,36452
24,-1.0,4,10,38,36453
7,1.0,1,24,32,36454
31,-1.0,19,0,50,36455
51,-1.0,6,0,57,36456
0,1.0,22,13,35,36457
27,-1.0,7,9,43,36458
56,-1.0,1,18,75,36459
13,1.0,21,5,39,36460
30,1.0,13,5,48,36461
27,1.0,65,5,97,36462
39,1.0,6,13,58,36463
1,-1.0,42,3,46,36464
56,1.0,4,7,67,36465
11,-1.0,20,16,47,36466
129,1.0,8,0,137,36467
3,-1.0,53,33,89,36468
12,-1.0,0,26,38,36469
30,1.0,12,22,64,36470
34,1.0,0,17,51,36471
6,1.0,31,7,44,36472
48,-1.0,2,19,69,36473
11,1.0,10,19,40,36474
30,1.0,2,31,63,36475
64,1.0,0,4,68,36476
33,1.0,20,1,54,36477
28,1.0,4,34,66,36478
5,1.0,10,19,34,36479
15,1.0,14,13,42,36480
17,1.0,9,6,32,36481
27,-1.0,6,15,48,36482
6,1.0,9,18,33,36483
11,-1.0,13,25,49,36484
30,-1.0,8,3,41,36485
39,-1.0,10,6,55,36486
3,1.0,22,5,30,36487
0,1.0,6,30,36,36488
2,-1.0,16,8,26,36489
40,1.0,0,27,67,36490
30,-1.0,9,18,57,36491
19,1.0,2,17,38,36492
50,1.0,4,3,57,36493
43,-1.0,2,7,52,36494
14,-1.0,9,3,26,36495
21,-1.0,15,4,40,36496
18,-1.0,25,6,49,36497
12,1.0,22,15,49,36498
36,1.0,5,13,54,36499
74,-1.0,1,3,78,36500
7,-1.0,17,12,36,36501
33,-1.0,11,1,45,36502
0,0.0,4,21,25,36503
11,1.0,23,16,50,36504
34,1.0,79,3,116,36505
10,-1.0,19,28,57,36506
48,1.0,15,1,64,36507
28,-1.0,4,24,56,36508
20,-1.0,22,9,51,36509
58,-1.0,0,37,95,36510
20,1.0,3,10,33,36511
106,1.0,0,8,114,36512
14,1.0,20,11,45,36513
194,-1.0,4,6,204,36514
11,1.0,22,37,70,36515
26,-1.0,26,3,55,36516
4,1.0,16,17,37,36517
36,1.0,13,3,52,36518
98,1.0,17,17,132,36519
65,-1.0,5,6,76,36520
30,1.0,23,0,53,36521
9,-1.0,19,13,41,36522
50,1.0,14,1,65,36523
33,-1.0,0,18,51,36524
44,-1.0,2,5,51,36525
22,-1.0,16,8,46,36526
17,-1.0,7,8,32,36527
45,-1.0,2,7,54,36528
36,1.0,17,2,55,36529
40,-1.0,2,23,65,36530
28,1.0,24,5,57,36531
44,-1.0,7,15,66,36532
18,1.0,11,28,57,36533
6,-1.0,22,6,34,36534
23,-1.0,0,28,51,36535
56,1.0,5,17,78,36536
17,1.0,9,20,46,36537
34,1.0,5,12,51,36538
37,1.0,7,5,49,36539
56,-1.0,3,0,59,36540
63,1.0,6,0,69,36541
3,-1.0,22,3,28,36542
19,1.0,33,42,94,36543
0,-1.0,20,3,23,36544
7,-1.0,6,38,51,36545
1,-1.0,26,17,44,36546
28,1.0,11,5,44,36547
14,-1.0,9,10,33,36548
62,-1.0,6,4,72,36549
4,1.0,13,49,66,36550
0,-1.0,11,20,31,36551
33,-1.0,8,7,48,36552
2,1.0,18,4,24,36553
37,-1.0,10,24,71,36554
30,-1.0,2,18,50,36555
0,1.0,23,19,42,36556
9,-1.0,10,18,37,36557
36,1.0,4,5,45,36558
61,-1.0,3,14,78,36559
10,-1.0,12,15,37,36560
16,1.0,6,24,46,36561
9,-1.0,1,19,29,36562
52,1.0,6,14,72,36563
0,0.0,9,7,16,36564
28,1.0,7,44,79,36565
46,-1.0,6,2,54,36566
14,-1.0,16,2,32,36567
34,1.0,20,1,55,36568
16,1.0,15,10,41,36569
58,1.0,2,1,61,36570
15,-1.0,12,22,49,36571
16,1.0,37,0,53,36572
2,1.0,28,14,44,36573
31,1.0,11,7,49,36574
15,1.0,18,11,44,36575
59,1.0,10,0,69,36576
34,1.0,17,1,52,36577
1,1.0,18,9,28,36578
6,1.0,22,13,41,36579
28,-1.0,10,8,46,36580
18,-1.0,29,3,50,36581
6,-1.0,20,6,32,36582
39,-1.0,11,4,54,36583
21,-1.0,8,9,38,36584
12,1.0,13,6,31,36585
58,1.0,4,2,64,36586
20,-1.0,17,7,44,36587
10,1.0,20,1,31,36588
0,1.0,16,9,25,36589
66,1.0,20,1,87,36590
10,1.0,6,38,54,36591
9,-1.0,11,37,57,36592
114,-1.0,1,6,121,36593
13,1.0,16,11,40,36594
9,-1.0,15,15,39,36595
30,-1.0,24,2,56,36596
14,-1.0,22,0,36,36597
113,1.0,0,1,114,36598
12,-1.0,20,17,49,36599
46,-1.0,2,3,51,36600
75,-1.0,0,3,78,36601
21,-1.0,28,3,52,36602
53,1.0,4,3,60,36603
67,-1.0,0,1,68,36604
6,1.0,3,24,33,36605
4,1.0,6,19,29,36606
9,1.0,17,8,34,36607
34,1.0,1,9,44,36608
39,1.0,0,4,43,36609
65,-1.0,3,4,72,36610
16,1.0,3,17,36,36611
22,1.0,1,21,44,36612
5,1.0,10,11,26,36613
68,-1.0,3,6,77,36614
48,1.0,11,4,63,36615
5,-1.0,19,23,47,36616
49,-1.0,10,2,61,36617
64,-1.0,6,2,72,36618
38,1.0,18,7,63,36619
50,-1.0,10,3,63,36620
24,1.0,4,15,43,36621
1,-1.0,31,3,35,36622
49,1.0,4,2,55,36623
19,1.0,14,8,41,36624
13,1.0,11,12,36,36625
21,1.0,0,28,49,36626
35,-1.0,14,2,51,36627
53,-1.0,8,0,61,36628
20,-1.0,10,5,35,36629
15,1.0,6,20,41,36630
36,1.0,5,37,78,36631
12,-1.0,10,22,44,36632
29,1.0,7,18,54,36633
13,-1.0,15,30,58,36634
34,1.0,13,25,72,36635
13,-1.0,21,9,43,36636
5,-1.0,13,31,49,36637
10,-1.0,32,5,47,36638
5,1.0,18,6,29,36639
27,1.0,7,10,44,36640
18,1.0,18,7,43,36641
0,0.0,5,21,26,36642
36,-1.0,8,2,46,36643
1,1.0,8,24,33,36644
28,1.0,9,9,46,36645
6,1.0,9,27,42,36646
30,-1.0,4,13,47,36647
11,1.0,18,5,34,36648
30,-1.0,17,12,59,36649
28,1.0,10,2,40,36650
46,-1.0,6,13,65,36651
0,-1.0,11,13,24,36652
93,-1.0,10,14,117,36653
9,1.0,29,7,45,36654
5,-1.0,3,25,33,36655
41,1.0,1,5,47,36656
27,-1.0,3,5,35,36657
23,1.0,5,11,39,36658
26,1.0,28,4,58,36659
52,1.0,0,8,60,36660
8,-1.0,13,19,40,36661
77,-1.0,8,6,91,36662
51,1.0,10,3,64,36663
7,-1.0,15,20,42,36664
23,-1.0,10,2,35,36665
26,-1.0,5,12,43,36666
12,1.0,6,35,53,36667
9,1.0,3,27,39,36668
46,-1.0,9,21,76,36669
26,-1.0,10,8,44,36670
40,-1.0,0,13,53,36671
93,-1.0,0,2,95,36672
2,-1.0,38,13,53,36673
21,1.0,12,8,41,36674
20,-1.0,20,5,45,36675
15,1.0,3,14,32,36676
36,1.0,9,11,56,36677
186,1.0,45,0,231,36678
11,1.0,43,23,77,36679
1,1.0,17,32,50,36680
57,-1.0,8,20,85,36681
34,-1.0,20,9,63,36682
126,-1.0,0,25,151,36683
11,1.0,26,17,54,36684
7,1.0,3,23,33,36685
2,-1.0,22,17,41,36686
11,1.0,20,8,39,36687
76,1.0,34,7,117,36688
39,1.0,20,9,68,36689
95,-1.0,6,0,101,36690
36,1.0,8,49,93,36691
81,1.0,10,4,95,36692
31,-1.0,25,14,70,36693
7,-1.0,11,23,41,36694
1,1.0,9,44,54,36695
24,1.0,1,22,47,36696
31,-1.0,11,17,59,36697
17,-1.0,15,13,45,36698
68,-1.0,18,6,92,36699
45,-1.0,0,37,82,36700
8,-1.0,16,17,41,36701
16,1.0,22,2,40,36702
1,-1.0,6,40,47,36703
30,-1.0,20,6,56,36704
17,1.0,7,17,41,36705
50,-1.0,11,0,61,36706
21,1.0,23,7,51,36707
16,1.0,24,0,40,36708
31,-1.0,14,4,49,36709
3,-1.0,5,25,33,36710
3,-1.0,18,8,29,36711
37,1.0,6,12,55,36712
30,1.0,21,1,52,36713
27,1.0,3,12,42,36714
63,1.0,7,1,71,36715
77,1.0,5,0,82,36716
11,-1.0,12,8,31,36717
51,-1.0,19,0,70,36718
7,1.0,20,3,30,36719
24,1.0,5,34,63,36720
48,1.0,11,0,59,36721
39,1.0,11,3,53,36722
54,1.0,1,2,57,36723
40,-1.0,2,4,46,36724
6,1.0,6,19,31,36725
40,1.0,12,5,57,36726
32,-1.0,3,12,47,36727
31,1.0,0,13,44,36728
37,-1.0,13,1,51,36729
6,1.0,9,21,36,36730
12,-1.0,18,1,31,36731
21,-1.0,6,15,42,36732
39,1.0,0,17,56,36733
5,1.0,22,17,44,36734
16,1.0,7,21,44,36735
4,-1.0,7,24,35,36736
5,1.0,22,6,33,36737
5,1.0,22,4,31,36738
3,-1.0,24,10,37,36739
18,1.0,9,5,32,36740
23,-1.0,4,14,41,36741
19,1.0,20,4,43,36742
5,-1.0,5,25,35,36743
30,-1.0,17,5,52,36744
8,-1.0,30,4,42,36745
83,1.0,14,5,102,36746
28,-1.0,9,3,40,36747
30,1.0,2,12,44,36748
11,1.0,28,1,40,36749
31,-1.0,4,15,50,36750
113,-1.0,3,7,123,36751
61,-1.0,6,9,76,36752
16,1.0,16,17,49,36753
23,1.0,14,18,55,36754
8,-1.0,18,17,43,36755
47,1.0,1,11,59,36756
6,1.0,11,11,28,36757
5,1.0,32,8,45,36758
93,-1.0,11,12,116,36759
75,1.0,12,4,91,36760
29,1.0,35,0,64,36761
26,1.0,25,6,57,36762
4,-1.0,11,22,37,36763
7,-1.0,7,32,46,36764
10,-1.0,6,12,28,36765
4,-1.0,15,10,29,36766
0,-1.0,8,18,26,36767
0,-1.0,12,10,22,36768
22,1.0,23,3,48,36769
41,1.0,2,4,47,36770
14,1.0,7,22,43,36771
21,-1.0,7,30,58,36772
2,1.0,31,1,34,36773
35,1.0,15,10,60,36774
19,1.0,22,4,45,36775
29,1.0,6,18,53,36776
42,-1.0,57,6,105,36777
56,1.0,29,4,89,36778
17,-1.0,8,30,55,36779
3,-1.0,29,8,40,36780
31,-1.0,5,32,68,36781
42,-1.0,8,23,73,36782
94,-1.0,1,9,104,36783
151,-1.0,35,22,208,36784
30,1.0,34,35,99,36785
46,1.0,29,22,97,36786
20,1.0,128,26,174,36787
47,1.0,17,24,88,36788
25,1.0,30,26,81,36789
77,-1.0,20,11,108,36790
38,-1.0,22,4,64,36791
0,1.0,19,71,90,36792
26,1.0,0,12,38,36793
24,-1.0,7,21,52,36794
41,-1.0,11,3,55,36795
16,1.0,2,37,55,36796
46,1.0,4,5,55,36797
45,1.0,17,3,65,36798
3,1.0,27,1,31,36799
17,1.0,1,22,40,36800
9,-1.0,18,16,43,36801
3,-1.0,23,9,35,36802
8,-1.0,14,12,34,36803
60,-1.0,4,6,70,36804
4,-1.0,33,1,38,36805
63,-1.0,16,17,96,36806
15,1.0,11,23,49,36807
64,1.0,1,7,72,36808
33,-1.0,29,0,62,36809
49,1.0,11,7,67,36810
23,1.0,2,20,45,36811
2,1.0,10,19,31,36812
4,-1.0,7,30,41,36813
42,1.0,6,4,52,36814
8,-1.0,17,8,33,36815
1,1.0,23,15,39,36816
22,1.0,9,7,38,36817
36,-1.0,19,21,76,36818
4,-1.0,9,15,28,36819
15,1.0,15,2,32,36820
27,1.0,0,22,49,36821
40,1.0,0,9,49,36822
13,-1.0,4,14,31,36823
33,1.0,1,5,39,36824
43,-1.0,0,26,69,36825
2,1.0,15,11,28,36826
18,1.0,6,19,43,36827
25,-1.0,12,8,45,36828
41,-1.0,5,12,58,36829
74,-1.0,14,2,90,36830
81,1.0,11,4,96,36831
43,-1.0,6,37,86,36832
66,-1.0,10,27,103,36833
28,-1.0,22,0,50,36834
38,-1.0,6,1,45,36835
19,1.0,6,9,34,36836
58,-1.0,5,12,75,36837
2,1.0,17,13,32,36838
7,-1.0,10,6,23,36839
84,-1.0,5,14,103,36840
32,1.0,10,11,53,36841
32,-1.0,4,24,60,36842
4,-1.0,11,12,27,36843
37,-1.0,4,7,48,36844
101,-1.0,3,4,108,36845
61,1.0,14,9,84,36846
42,-1.0,9,4,55,36847
61,-1.0,6,23,90,36848
39,-1.0,10,14,63,36849
34,-1.0,17,4,55,36850
15,-1.0,7,20,42,36851
39,-1.0,11,13,63,36852
15,-1.0,24,3,42,36853
27,1.0,19,34,80,36854
35,1.0,1,8,44,36855
27,1.0,12,13,52,36856
51,-1.0,3,4,58,36857
78,1.0,7,2,87,36858
28,-1.0,7,9,44,36859
43,1.0,5,27,75,36860
6,1.0,2,24,32,36861
14,-1.0,24,5,43,36862
88,1.0,0,3,91,36863
6,-1.0,54,21,81,36864
22,1.0,2,33,57,36865
28,1.0,29,11,68,36866
57,1.0,20,0,77,36867
5,-1.0,16,13,34,36868
4,-1.0,44,0,48,36869
8,-1.0,17,17,42,36870
14,1.0,24,11,49,36871
2,1.0,24,11,37,36872
29,-1.0,3,41,73,36873
51,-1.0,21,1,73,36874
4,-1.0,35,1,40,36875
22,1.0,19,4,45,36876
74,-1.0,17,17,108,36877
15,1.0,23,21,59,36878
85,1.0,4,0,89,36879
0,-1.0,17,18,35,36880
7,1.0,6,28,41,36881
9,1.0,22,16,47,36882
58,-1.0,2,2,62,36883
1,-1.0,13,16,30,36884
4,-1.0,40,4,48,36885
43,1.0,13,14,70,36886
33,-1.0,28,0,61,36887
1,-1.0,25,15,41,36888
27,-1.0,11,14,52,36889
41,-1.0,8,1,50,36890
53,1.0,8,1,62,36891
1,-1.0,25,7,33,36892
57,1.0,1,3,61,36893
27,-1.0,17,7,51,36894
5,1.0,27,3,35,36895
18,-1.0,13,12,43,36896
40,-1.0,0,8,48,36897
14,1.0,23,1,38,36898
18,-1.0,23,3,44,36899
55,1.0,6,0,61,36900
6,-1.0,0,48,54,36901
27,-1.0,0,83,110,36902
40,1.0,34,1,75,36903
12,-1.0,35,14,61,36904
27,-1.0,10,40,77,36905
32,-1.0,20,7,59,36906
2,1.0,17,23,42,36907
46,-1.0,3,2,51,36908
30,1.0,22,4,56,36909
25,1.0,1,29,55,36910
3,-1.0,14,11,28,36911
53,1.0,37,0,90,36912
37,-1.0,9,9,55,36913
33,1.0,2,5,40,36914
6,-1.0,29,7,42,36915
13,-1.0,8,14,35,36916
2,-1.0,38,5,45,36917
0,-1.0,16,33,49,36918
27,1.0,24,5,56,36919
16,-1.0,12,20,48,36920
18,-1.0,37,8,63,36921
0,1.0,22,5,27,36922
0,1.0,20,7,27,36923
38,1.0,12,3,53,36924
72,-1.0,16,0,88,36925
17,1.0,8,9,34,36926
16,1.0,11,10,37,36927
18,-1.0,33,11,62,36928
28,-1.0,1,21,50,36929
10,-1.0,13,7,30,36930
4,1.0,13,11,28,36931
28,1.0,14,4,46,36932
14,1.0,4,36,54,36933
13,-1.0,19,10,42,36934
42,1.0,2,6,50,36935
47,1.0,10,1,58,36936
14,1.0,4,17,35,36937
27,1.0,10,6,43,36938
9,-1.0,1,17,27,36939
7,1.0,19,7,33,36940
70,-1.0,0,10,80,36941
1,-1.0,18,10,29,36942
29,1.0,14,6,49,36943
9,-1.0,27,6,42,36944
61,-1.0,0,13,74,36945
26,1.0,8,10,44,36946
1,-1.0,24,12,37,36947
2,1.0,26,1,29,36948
40,1.0,24,0,64,36949
3,-1.0,23,11,37,36950
45,-1.0,1,11,57,36951
19,1.0,36,0,55,36952
19,1.0,11,5,35,36953
4,-1.0,28,5,37,36954
12,-1.0,18,4,34,36955
134,-1.0,5,8,147,36956
0,-1.0,41,5,46,36957
42,-1.0,4,2,48,36958
7,-1.0,22,3,32,36959
4,-1.0,15,4,23,36960
33,-1.0,17,5,55,36961
15,-1.0,20,1,36,36962
37,-1.0,6,12,55,36963
80,-1.0,1,8,89,36964
15,1.0,2,20,37,36965
61,-1.0,6,3,70,36966
50,-1.0,3,6,59,36967
30,-1.0,5,12,47,36968
56,1.0,5,6,67,36969
43,-1.0,4,8,55,36970
18,1.0,7,14,39,36971
7,1.0,13,20,40,36972
28,-1.0,3,18,49,36973
26,-1.0,5,8,39,36974
5,1.0,29,17,51,36975
62,1.0,10,1,73,36976
27,1.0,7,9,43,36977
27,1.0,3,13,43,36978
7,-1.0,24,5,36,36979
22,1.0,0,29,51,36980
70,1.0,17,0,87,36981
46,1.0,0,16,62,36982
18,1.0,14,9,41,36983
34,1.0,14,3,51,36984
23,1.0,6,7,36,36985
53,-1.0,8,15,76,36986
75,-1.0,15,9,99,36987
6,-1.0,16,14,36,36988
61,-1.0,9,8,78,36989
0,-1.0,22,14,36,36990
5,1.0,22,9,36,36991
69,-1.0,16,7,92,36992
56,1.0,1,7,64,36993
11,1.0,37,14,62,36994
31,-1.0,6,8,45,36995
1,-1.0,21,21,43,36996
30,1.0,47,0,77,36997
67,-1.0,0,2,69,36998
27,-1.0,18,21,66,36999
15,1.0,3,21,39,37000
57,1.0,13,47,117,37001
57,1.0,0,3,60,37002
87,-1.0,0,0,87,37003
13,1.0,17,8,38,37004
14,1.0,13,10,37,37005
0,-1.0,15,0,15,37006
47,1.0,1,38,86,37007
35,1.0,1,7,43,37008
3,-1.0,13,16,32,37009
11,-1.0,19,2,32,37010
2,-1.0,39,31,72,37011
12,1.0,17,22,51,37012
14,1.0,25,21,60,37013
3,-1.0,21,39,63,37014
22,-1.0,15,12,49,37015
40,1.0,9,11,60,37016
8,1.0,20,4,32,37017
32,1.0,4,4,40,37018
8,-1.0,35,1,44,37019
13,-1.0,1,27,41,37020
21,1.0,5,25,51,37021
45,-1.0,6,4,55,37022
8,-1.0,19,7,34,37023
13,1.0,4,19,36,37024
63,-1.0,4,9,76,37025
3,-1.0,15,26,44,37026
3,-1.0,9,19,31,37027
51,-1.0,3,1,55,37028
132,1.0,0,0,132,37029
11,-1.0,9,18,38,37030
2,1.0,1,29,32,37031
42,-1.0,6,12,60,37032
47,1.0,0,6,53,37033
38,1.0,11,5,54,37034
1,1.0,5,19,25,37035
6,-1.0,3,51,60,37036
27,-1.0,5,7,39,37037
43,1.0,1,3,47,37038
6,1.0,0,29,35,37039
40,1.0,12,6,58,37040
29,1.0,3,37,69,37041
38,-1.0,3,11,52,37042
6,1.0,12,16,34,37043
6,1.0,1,32,39,37044
35,1.0,17,7,59,37045
5,1.0,20,4,29,37046
41,1.0,2,20,63,37047
30,1.0,18,21,69,37048
46,-1.0,0,33,79,37049
26,1.0,8,27,61,37050
16,-1.0,1,47,64,37051
12,-1.0,28,4,44,37052
12,1.0,11,13,36,37053
36,1.0,0,16,52,37054
34,1.0,0,8,42,37055
3,1.0,8,36,47,37056
24,-1.0,14,12,50,37057
17,-1.0,16,9,42,37058
25,-1.0,15,2,42,37059
4,1.0,2,26,32,37060
5,1.0,5,20,30,37061
17,-1.0,24,2,43,37062
12,1.0,20,2,34,37063
7,-1.0,4,30,41,37064
72,1.0,0,25,97,37065
0,-1.0,29,25,54,37066
39,1.0,13,19,71,37067
7,-1.0,22,5,34,37068
0,0.0,4,7,11,37069
1,1.0,21,30,52,37070
3,1.0,1,21,25,37071
16,1.0,38,8,62,37072
1,-1.0,22,31,54,37073
42,-1.0,12,1,55,37074
69,1.0,1,1,71,37075
44,1.0,3,4,51,37076
13,-1.0,12,5,30,37077
72,1.0,32,10,114,37078
21,1.0,31,7,59,37079
39,1.0,11,8,58,37080
1,-1.0,9,24,34,37081
18,-1.0,2,27,47,37082
36,-1.0,10,14,60,37083
112,-1.0,4,0,116,37084
70,-1.0,8,10,88,37085
4,1.0,5,19,28,37086
65,-1.0,5,7,77,37087
8,-1.0,10,17,35,37088
10,1.0,0,18,28,37089
7,-1.0,33,13,53,37090
32,-1.0,1,16,49,37091
74,1.0,4,1,79,37092
11,-1.0,14,21,46,37093
40,-1.0,10,1,51,37094
31,-1.0,1,11,43,37095
2,-1.0,4,21,27,37096
45,1.0,6,3,54,37097
11,1.0,7,15,33,37098
8,-1.0,11,10,29,37099
20,-1.0,6,9,35,37100
33,1.0,11,2,46,37101
64,1.0,7,0,71,37102
24,1.0,15,4,43,37103
16,1.0,3,41,60,37104
122,-1.0,3,0,125,37105
64,-1.0,3,6,73,37106
45,1.0,4,1,50,37107
44,1.0,5,32,81,37108
1,1.0,16,25,42,37109
66,-1.0,2,1,69,37110
7,1.0,19,2,28,37111
28,-1.0,15,3,46,37112
17,1.0,12,22,51,37113
8,-1.0,9,9,26,37114
16,-1.0,18,0,34,37115
32,1.0,3,6,41,37116
8,1.0,15,7,30,37117
8,-1.0,7,18,33,37118
6,-1.0,0,23,29,37119
73,1.0,230,7,310,37120
155,1.0,54,25,234,37121
7,1.0,39,26,72,37122
109,1.0,51,4,164,37123
116,-1.0,8,3,127,37124
17,-1.0,19,49,85,37125
1,-1.0,15,69,85,37126
0,-1.0,34,25,59,37127
61,-1.0,16,3,80,37128
26,1.0,30,0,56,37129
2,-1.0,17,30,49,37130
7,1.0,18,19,44,37131
65,1.0,1,25,91,37132
48,-1.0,5,8,61,37133
53,1.0,16,10,79,37134
36,1.0,0,36,72,37135
16,-1.0,46,13,75,37136
10,1.0,29,0,39,37137
7,-1.0,22,15,44,37138
5,1.0,41,2,48,37139
23,-1.0,1,18,42,37140
12,-1.0,9,18,39,37141
41,-1.0,8,5,54,37142
16,-1.0,21,0,37,37143
3,-1.0,34,7,44,37144
32,-1.0,19,22,73,37145
36,1.0,17,0,53,37146
42,-1.0,7,12,61,37147
23,-1.0,9,6,38,37148
22,-1.0,8,20,50,37149
55,1.0,9,12,76,37150
25,1.0,23,3,51,37151
41,1.0,20,14,75,37152
30,1.0,15,12,57,37153
4,-1.0,65,6,75,37154
25,1.0,2,22,49,37155
24,-1.0,2,18,44,37156
18,1.0,3,28,49,37157
10,1.0,18,22,50,37158
27,1.0,40,15,82,37159
70,1.0,18,6,94,37160
85,1.0,4,14,103,37161
1,1.0,28,45,74,37162
12,-1.0,5,43,60,37163
58,1.0,55,2,115,37164
11,-1.0,34,23,68,37165
41,-1.0,5,20,66,37166
4,-1.0,48,11,63,37167
39,-1.0,0,21,60,37168
5,1.0,20,10,35,37169
8,-1.0,46,2,56,37170
54,-1.0,8,3,65,37171
90,-1.0,4,12,106,37172
6,-1.0,23,19,48,37173
2,-1.0,18,19,39,37174
101,1.0,3,5,109,37175
10,-1.0,32,25,67,37176
16,1.0,36,0,52,37177
104,1.0,10,0,114,37178
51,-1.0,7,0,58,37179
57,-1.0,21,2,80,37180
31,-1.0,4,45,80,37181
23,-1.0,2,29,54,37182
54,1.0,15,19,88,37183
5,1.0,4,42,51,37184
8,1.0,9,22,39,37185
23,1.0,16,12,51,37186
73,1.0,0,0,73,37187
47,-1.0,4,7,58,37188
60,1.0,18,23,101,37189
11,-1.0,30,6,47,37190
16,1.0,4,19,39,37191
35,-1.0,1,27,63,37192
18,-1.0,11,12,41,37193
5,1.0,13,35,53,37194
110,-1.0,6,18,134,37195
32,1.0,44,35,111,37196
57,-1.0,14,7,78,37197
59,-1.0,19,29,107,37198
66,1.0,0,15,81,37199
4,1.0,63,1,68,37200
28,1.0,5,43,76,37201
25,1.0,14,11,50,37202
32,1.0,14,2,48,37203
4,1.0,12,35,51,37204
62,-1.0,2,29,93,37205
39,-1.0,5,12,56,37206
4,1.0,16,12,32,37207
17,-1.0,39,10,66,37208
4,-1.0,4,28,36,37209
47,-1.0,3,53,103,37210
18,1.0,33,14,65,37211
49,-1.0,12,18,79,37212
31,1.0,2,23,56,37213
22,-1.0,10,23,55,37214
86,1.0,0,18,104,37215
82,-1.0,0,2,84,37216
25,1.0,26,2,53,37217
2,-1.0,28,24,54,37218
51,1.0,10,4,65,37219
42,1.0,18,19,79,37220
56,-1.0,9,4,69,37221
55,1.0,4,5,64,37222
9,1.0,27,0,36,37223
28,-1.0,3,10,41,37224
16,1.0,24,1,41,37225
79,-1.0,0,8,87,37226
0,-1.0,9,26,35,37227
17,1.0,12,12,41,37228
16,1.0,7,15,38,37229
74,-1.0,0,74,148,37230
3,-1.0,16,19,38,37231
33,-1.0,8,3,44,37232
28,1.0,6,7,41,37233
22,1.0,21,1,44,37234
42,-1.0,4,10,56,37235
10,-1.0,14,11,35,37236
11,1.0,15,8,34,37237
56,1.0,6,2,64,37238
27,1.0,10,3,40,37239
7,1.0,19,5,31,37240
24,1.0,0,19,43,37241
31,-1.0,8,9,48,37242
41,1.0,20,7,68,37243
0,-1.0,36,4,40,37244
1,1.0,3,35,39,37245
16,1.0,9,12,37,37246
33,1.0,7,4,44,37247
24,-1.0,19,4,47,37248
1,-1.0,15,47,63,37249
40,1.0,44,0,84,37250
9,1.0,7,58,74,37251
10,-1.0,6,34,50,37252
111,-1.0,0,3,114,37253
20,1.0,13,8,41,37254
38,-1.0,3,29,70,37255
33,-1.0,12,10,55,37256
30,-1.0,12,2,44,37257
48,-1.0,3,1,52,37258
8,-1.0,10,13,31,37259
23,1.0,1,10,34,37260
26,-1.0,28,4,58,37261
41,1.0,3,3,47,37262
52,1.0,40,0,92,37263
24,-1.0,13,8,45,37264
15,1.0,28,10,53,37265
40,-1.0,9,8,57,37266
51,-1.0,2,1,54,37267
48,-1.0,5,13,66,37268
123,-1.0,0,0,123,37269
33,1.0,37,11,81,37270
0,1.0,11,31,42,37271
9,-1.0,11,27,47,37272
99,-1.0,4,4,107,37273
9,1.0,33,21,63,37274
4,-1.0,30,14,48,37275
11,1.0,12,11,34,37276
33,1.0,13,3,49,37277
45,1.0,9,3,57,37278
12,1.0,12,18,42,37279
34,1.0,1,8,43,37280
46,1.0,7,7,60,37281
2,1.0,22,12,36,37282
15,1.0,19,6,40,37283
22,-1.0,6,7,35,37284
41,1.0,9,1,51,37285
11,-1.0,24,10,45,37286
60,-1.0,8,1,69,37287
40,-1.0,3,8,51,37288
11,-1.0,13,5,29,37289
15,-1.0,12,7,34,37290
62,1.0,21,13,96,37291
41,-1.0,8,9,58,37292
30,1.0,19,7,56,37293
70,1.0,1,9,80,37294
48,-1.0,4,3,55,37295
13,1.0,30,0,43,37296
33,1.0,2,15,50,37297
31,-1.0,5,8,44,37298
9,-1.0,18,8,35,37299
15,1.0,11,5,31,37300
38,-1.0,3,4,45,37301
23,1.0,13,25,61,37302
73,-1.0,2,9,84,37303
55,-1.0,17,12,84,37304
2,-1.0,48,8,58,37305
13,1.0,11,26,50,37306
62,1.0,5,4,71,37307
24,-1.0,0,50,74,37308
10,-1.0,15,10,35,37309
15,1.0,3,29,47,37310
26,1.0,1,19,46,37311
28,1.0,15,0,43,37312
0,1.0,16,0,16,37313
3,1.0,26,2,31,37314
50,-1.0,1,14,65,37315
93,1.0,34,8,135,37316
7,-1.0,20,18,45,37317
88,1.0,1,3,92,37318
39,1.0,7,2,48,37319
8,-1.0,13,16,37,37320
18,1.0,8,14,40,37321
3,-1.0,18,10,31,37322
29,1.0,6,25,60,37323
59,-1.0,8,1,68,37324
5,1.0,16,17,38,37325
16,-1.0,19,1,36,37326
10,-1.0,22,4,36,37327
61,-1.0,0,4,65,37328
17,1.0,0,26,43,37329
2,1.0,17,17,36,37330
49,1.0,8,1,58,37331
16,1.0,0,19,35,37332
18,-1.0,10,15,43,37333
26,-1.0,9,5,40,37334
20,-1.0,25,0,45,37335
37,-1.0,3,7,47,37336
3,-1.0,32,14,49,37337
29,-1.0,10,11,50,37338
9,1.0,24,1,34,37339
23,-1.0,3,11,37,37340
38,1.0,3,9,50,37341
145,1.0,21,0,166,37342
19,1.0,1,16,36,37343
44,-1.0,3,8,55,37344
47,-1.0,3,22,72,37345
32,-1.0,6,6,44,37346
33,1.0,18,1,52,37347
3,-1.0,11,20,34,37348
59,1.0,5,6,70,37349
33,-1.0,15,4,52,37350
21,1.0,4,14,39,37351
18,1.0,9,21,48,37352
43,-1.0,3,1,47,37353
53,-1.0,2,0,55,37354
161,1.0,41,0,202,37355
24,-1.0,47,31,102,37356
10,-1.0,75,11,96,37357
38,-1.0,15,8,61,37358
4,1.0,33,3,40,37359
36,-1.0,4,5,45,37360
13,-1.0,26,4,43,37361
12,-1.0,34,2,48,37362
29,-1.0,9,2,40,37363
14,1.0,6,12,32,37364
0,1.0,29,11,40,37365
39,-1.0,5,5,49,37366
2,1.0,22,2,26,37367
166,1.0,1,15,182,37368
12,-1.0,15,5,32,37369
17,-1.0,14,9,40,37370
51,1.0,13,5,69,37371
28,-1.0,6,8,42,37372
4,1.0,104,27,135,37373
86,-1.0,8,2,96,37374
14,-1.0,39,14,67,37375
25,-1.0,0,66,91,37376
95,1.0,9,0,104,37377
88,-1.0,4,3,95,37378
53,-1.0,10,15,78,37379
46,1.0,19,14,79,37380
4,-1.0,13,29,46,37381
20,-1.0,27,0,47,37382
88,-1.0,10,0,98,37383
7,1.0,22,22,51,37384
26,1.0,3,20,49,37385
43,1.0,36,18,97,37386
28,-1.0,2,24,54,37387
66,1.0,2,1,69,37388
52,1.0,13,1,66,37389
0,-1.0,21,28,49,37390
17,-1.0,29,2,48,37391
7,-1.0,23,10,40,37392
4,1.0,9,17,30,37393
4,-1.0,15,24,43,37394
32,1.0,16,3,51,37395
5,-1.0,9,15,29,37396
0,1.0,13,25,38,37397
28,1.0,11,2,41,37398
9,-1.0,18,10,37,37399
12,1.0,24,1,37,37400
0,-1.0,14,24,38,37401
45,1.0,8,32,85,37402
52,-1.0,4,2,58,37403
46,-1.0,0,8,54,37404
35,-1.0,1,12,48,37405
28,-1.0,0,39,67,37406
8,1.0,2,20,30,37407
39,1.0,14,3,56,37408
24,-1.0,9,9,42,37409
41,1.0,41,0,82,37410
58,-1.0,0,8,66,37411
2,-1.0,20,17,39,37412
24,-1.0,36,1,61,37413
12,1.0,22,22,56,37414
30,-1.0,18,3,51,37415
21,1.0,21,37,79,37416
19,1.0,24,1,44,37417
29,-1.0,5,8,42,37418
10,1.0,2,15,27,37419
0,1.0,21,18,39,37420
25,-1.0,8,10,43,37421
20,1.0,20,1,41,37422
29,-1.0,4,6,39,37423
27,-1.0,15,22,64,37424
17,-1.0,30,1,48,37425
32,1.0,8,14,54,37426
34,1.0,4,16,54,37427
34,1.0,10,1,45,37428
24,1.0,1,21,46,37429
40,-1.0,5,1,46,37430
12,1.0,3,18,33,37431
46,-1.0,2,6,54,37432
22,-1.0,1,28,51,37433
47,1.0,7,4,58,37434
18,-1.0,2,26,46,37435
30,1.0,13,3,46,37436
9,-1.0,5,20,34,37437
16,-1.0,13,18,47,37438
90,-1.0,0,15,105,37439
10,1.0,24,6,40,37440
27,1.0,29,7,63,37441
15,1.0,26,11,52,37442
14,-1.0,3,20,37,37443
33,-1.0,2,9,44,37444
56,1.0,20,0,76,37445
19,1.0,4,45,68,37446
51,1.0,23,4,78,37447
94,1.0,2,1,97,37448
33,1.0,5,18,56,37449
32,1.0,3,4,39,37450
0,-1.0,15,18,33,37451
0,-1.0,8,20,28,37452
1,1.0,21,6,28,37453
64,1.0,2,6,72,37454
11,1.0,20,1,32,37455
28,-1.0,5,9,42,37456
85,1.0,11,11,107,37457
12,1.0,22,0,34,37458
25,1.0,8,9,42,37459
45,-1.0,1,37,83,37460
11,-1.0,1,35,47,37461
8,-1.0,22,11,41,37462
84,-1.0,12,9,105,37463
86,-1.0,0,20,106,37464
19,1.0,28,26,73,37465
5,-1.0,7,22,34,37466
44,-1.0,1,1,46,37467
25,-1.0,18,9,52,37468
1,-1.0,22,8,31,37469
1,1.0,24,8,33,37470
93,1.0,0,7,100,37471
8,-1.0,84,43,135,37472
7,1.0,10,28,45,37473
33,1.0,17,0,50,37474
33,1.0,0,25,58,37475
70,1.0,0,0,70,37476
8,1.0,41,12,61,37477
46,-1.0,6,51,103,37478
6,-1.0,4,29,39,37479
38,-1.0,8,17,63,37480
6,1.0,17,22,45,37481
23,-1.0,5,11,39,37482
41,-1.0,5,13,59,37483
40,-1.0,13,21,74,37484
1,-1.0,8,25,34,37485
4,-1.0,15,8,27,37486
7,1.0,15,17,39,37487
29,-1.0,0,49,78,37488
14,-1.0,46,9,69,37489
36,-1.0,9,4,49,37490
3,1.0,32,23,58,37491
3,1.0,41,6,50,37492
42,-1.0,26,10,78,37493
6,1.0,5,23,34,37494
0,1.0,6,15,21,37495
52,-1.0,8,2,62,37496
2,-1.0,5,17,24,37497
25,-1.0,13,26,64,37498
53,1.0,2,2,57,37499
18,-1.0,15,13,46,37500
27,-1.0,18,10,55,37501
102,-1.0,31,9,142,37502
15,1.0,23,6,44,37503
80,-1.0,69,26,175,37504
23,-1.0,14,14,51,37505
21,-1.0,0,26,47,37506
48,1.0,18,5,71,37507
13,-1.0,25,1,39,37508
19,-1.0,15,7,41,37509
27,-1.0,13,3,43,37510
87,-1.0,2,12,101,37511
2,-1.0,5,31,38,37512
36,-1.0,20,2,58,37513
37,1.0,9,5,51,37514
67,-1.0,2,24,93,37515
0,-1.0,22,9,31,37516
4,1.0,40,3,47,37517
10,-1.0,29,0,39,37518
42,1.0,0,12,54,37519
0,0.0,13,8,21,37520
57,1.0,6,0,63,37521
51,1.0,4,4,59,37522
33,-1.0,0,20,53,37523
21,-1.0,10,16,47,37524
19,1.0,15,4,38,37525
109,1.0,23,5,137,37526
44,-1.0,6,27,77,37527
34,1.0,4,18,56,37528
28,1.0,8,3,39,37529
64,-1.0,0,4,68,37530
49,-1.0,11,3,63,37531
28,1.0,4,32,64,37532
6,1.0,2,38,46,37533
7,1.0,7,39,53,37534
38,-1.0,7,4,49,37535
16,-1.0,3,12,31,37536
48,-1.0,9,3,60,37537
20,-1.0,8,3,31,37538
46,1.0,3,0,49,37539
94,1.0,20,0,114,37540
9,-1.0,15,18,42,37541
56,1.0,16,29,101,37542
15,-1.0,16,5,36,37543
13,1.0,19,6,38,37544
70,-1.0,10,4,84,37545
7,-1.0,12,21,40,37546
9,1.0,18,7,34,37547
18,-1.0,2,17,37,37548
47,-1.0,12,4,63,37549
55,1.0,1,17,73,37550
36,-1.0,1,11,48,37551
3,-1.0,13,15,31,37552
46,-1.0,8,3,57,37553
52,1.0,15,24,91,37554
13,1.0,16,15,44,37555
38,-1.0,1,19,58,37556
27,1.0,17,4,48,37557
2,-1.0,13,22,37,37558
13,1.0,3,30,46,37559
2,-1.0,25,7,34,37560
39,-1.0,0,18,57,37561
67,-1.0,0,37,104,37562
58,1.0,0,16,74,37563
21,-1.0,2,23,46,37564
2,-1.0,19,17,38,37565
61,-1.0,10,0,71,37566
37,-1.0,22,10,69,37567
40,-1.0,2,25,67,37568
12,-1.0,35,6,53,37569
2,1.0,2,30,34,37570
53,-1.0,10,0,63,37571
11,-1.0,8,20,39,37572
15,1.0,20,5,40,37573
8,1.0,4,27,39,37574
63,-1.0,1,3,67,37575
26,1.0,20,1,47,37576
48,-1.0,4,19,71,37577
20,-1.0,8,24,52,37578
19,-1.0,2,12,33,37579
4,1.0,7,15,26,37580
57,-1.0,14,5,76,37581
29,-1.0,13,5,47,37582
2,1.0,31,5,38,37583
14,1.0,6,15,35,37584
5,-1.0,3,22,30,37585
6,-1.0,3,21,30,37586
11,-1.0,39,2,52,37587
5,-1.0,9,38,52,37588
5,-1.0,2,26,33,37589
24,1.0,24,0,48,37590
19,-1.0,3,20,42,37591
24,1.0,21,4,49,37592
57,-1.0,0,3,60,37593
56,-1.0,0,3,59,37594
3,1.0,37,2,42,37595
10,1.0,34,1,45,37596
11,-1.0,14,9,34,37597
57,1.0,2,9,68,37598
10,-1.0,4,24,38,37599
3,-1.0,0,32,35,37600
2,-1.0,9,18,29,37601
28,-1.0,2,8,38,37602
1,1.0,8,18,27,37603
59,1.0,1,7,67,37604
10,-1.0,34,5,49,37605
14,-1.0,2,22,38,37606
5,-1.0,9,21,35,37607
61,1.0,9,0,70,37608
14,-1.0,18,2,34,37609
5,-1.0,7,28,40,37610
67,1.0,6,11,84,37611
7,-1.0,17,5,29,37612
5,-1.0,13,14,32,37613
24,1.0,1,23,48,37614
0,-1.0,18,49,67,37615
5,1.0,5,27,37,37616
26,1.0,19,15,60,37617
39,1.0,10,11,60,37618
9,-1.0,7,16,32,37619
20,1.0,9,5,34,37620
0,1.0,17,6,23,37621
10,1.0,10,20,40,37622
10,-1.0,23,25,58,37623
29,1.0,25,13,67,37624
10,1.0,16,4,30,37625
14,-1.0,14,1,29,37626
31,1.0,2,12,45,37627
5,-1.0,33,3,41,37628
37,-1.0,2,21,60,37629
14,-1.0,10,23,47,37630
40,1.0,3,35,78,37631
6,1.0,1,43,50,37632
1,1.0,40,9,50,37633
19,-1.0,2,21,42,37634
20,-1.0,1,25,46,37635
18,1.0,15,1,34,37636
20,-1.0,7,17,44,37637
14,-1.0,3,19,36,37638
17,-1.0,6,15,38,37639
24,-1.0,22,16,62,37640
10,-1.0,1,32,43,37641
54,1.0,10,0,64,37642
7,-1.0,17,7,31,37643
13,-1.0,48,2,63,37644
16,1.0,14,9,39,37645
35,-1.0,7,7,49,37646
31,1.0,3,22,56,37647
18,1.0,2,40,60,37648
5,1.0,25,2,32,37649
11,-1.0,20,8,39,37650
32,-1.0,0,20,52,37651
4,-1.0,8,18,30,37652
16,-1.0,13,3,32,37653
2,1.0,10,20,32,37654
1,1.0,4,18,23,37655
2,1.0,7,30,39,37656
20,1.0,7,39,66,37657
5,1.0,2,25,32,37658
0,1.0,0,21,21,37659
0,0.0,8,0,8,37660
48,-1.0,9,1,58,37661
25,-1.0,8,8,41,37662
44,-1.0,23,1,68,37663
6,1.0,2,19,27,37664
26,1.0,2,18,46,37665
123,-1.0,0,5,128,37666
54,-1.0,4,1,59,37667
8,1.0,14,6,28,37668
28,1.0,12,1,41,37669
21,1.0,8,8,37,37670
18,-1.0,1,28,47,37671
5,1.0,58,11,74,37672
18,1.0,8,20,46,37673
7,1.0,29,5,41,37674
52,-1.0,3,4,59,37675
48,1.0,5,9,62,37676
44,-1.0,1,5,50,37677
32,-1.0,5,4,41,37678
27,-1.0,6,8,41,37679
6,1.0,10,22,38,37680
15,-1.0,38,2,55,37681
1,1.0,26,3,30,37682
84,-1.0,0,8,92,37683
108,-1.0,0,6,114,37684
9,1.0,9,17,35,37685
23,1.0,4,12,39,37686
6,1.0,13,16,35,37687
28,1.0,14,2,44,37688
41,1.0,8,2,51,37689
9,1.0,33,0,42,37690
14,1.0,0,23,37,37691
78,-1.0,0,4,82,37692
24,1.0,2,19,45,37693
46,1.0,16,7,69,37694
15,-1.0,29,2,46,37695
22,-1.0,20,8,50,37696
95,-1.0,1,9,105,37697
7,-1.0,0,22,29,37698
3,1.0,1,0,4,37699
34,-1.0,12,1,47,37700
32,-1.0,0,22,54,37701
16,1.0,19,1,36,37702
6,1.0,19,9,34,37703
9,-1.0,15,6,30,37704
43,-1.0,0,22,65,37705
5,-1.0,15,11,31,37706
3,1.0,4,43,50,37707
12,1.0,19,7,38,37708
1,1.0,5,27,33,37709
14,1.0,11,4,29,37710
23,-1.0,12,1,36,37711
5,1.0,9,27,41,37712
0,0.0,29,10,39,37713
50,-1.0,4,4,58,37714
13,1.0,0,37,50,37715
0,1.0,27,4,31,37716
4,-1.0,35,6,45,37717
22,-1.0,13,1,36,37718
29,-1.0,16,0,45,37719
48,-1.0,16,6,70,37720
2,-1.0,26,1,29,37721
20,-1.0,1,31,52,37722
24,1.0,14,3,41,37723
8,1.0,12,15,35,37724
20,1.0,12,13,45,37725
14,-1.0,14,23,51,37726
2,1.0,54,21,77,37727
4,-1.0,4,32,40,37728
3,1.0,14,18,35,37729
6,1.0,1,31,38,37730
20,1.0,19,3,42,37731
3,-1.0,47,1,51,37732
8,1.0,8,17,33,37733
54,-1.0,7,0,61,37734
15,-1.0,11,20,46,37735
45,1.0,2,0,47,37736
6,1.0,7,19,32,37737
44,1.0,1,20,65,37738
31,1.0,26,6,63,37739
38,1.0,2,9,49,37740
23,1.0,7,10,40,37741
11,-1.0,23,9,43,37742
17,-1.0,14,7,38,37743
1,1.0,28,3,32,37744
14,-1.0,15,29,58,37745
58,1.0,8,18,84,37746
9,1.0,13,26,48,37747
12,1.0,10,32,54,37748
11,-1.0,0,30,41,37749
19,-1.0,12,19,50,37750
28,-1.0,13,3,44,37751
9,-1.0,6,14,29,37752
29,1.0,2,7,38,37753
84,1.0,12,0,96,37754
43,-1.0,21,0,64,37755
18,1.0,2,30,50,37756
20,-1.0,9,14,43,37757
20,-1.0,5,31,56,37758
0,1.0,25,16,41,37759
27,1.0,6,11,44,37760
7,-1.0,8,20,35,37761
16,-1.0,23,5,44,37762
53,-1.0,0,10,63,37763
3,-1.0,12,16,31,37764
0,1.0,7,26,33,37765
19,-1.0,18,3,40,37766
47,1.0,9,0,56,37767
9,1.0,16,23,48,37768
30,1.0,35,0,65,37769
3,1.0,27,15,45,37770
5,-1.0,15,12,32,37771
1,1.0,11,23,35,37772
3,1.0,19,9,31,37773
24,-1.0,17,0,41,37774
17,-1.0,4,22,43,37775
16,1.0,14,3,33,37776
25,1.0,6,4,35,37777
